"time","measured","base","rf","lstm","site"
2025-06-09 09:00:00,36,36.1729561586497,36.3569575823914,36.456081201565,"Ashkelon 10 m"
2025-06-09 10:00:00,39.6,40.1880234641324,39.2789276019477,39.660698072363,"Ashkelon 10 m"
2025-06-09 11:00:00,41.1,48.4639728546529,41.1055874605875,42.566373634377,"Ashkelon 10 m"
2025-06-09 12:00:00,41.3,49.7061884502996,41.3652444280784,40.864085445844,"Ashkelon 10 m"
2025-06-09 13:00:00,40.1,46.1728217519254,40.2468629323736,39.4182846463651,"Ashkelon 10 m"
2025-06-09 14:00:00,38.4,40.1854084988507,38.1503676027341,37.816657449809,"Ashkelon 10 m"
2025-06-09 15:00:00,35.7,33.778187629007,35.517792172225,35.7413781845795,"Ashkelon 10 m"
2025-06-09 16:00:00,32.4,26.1624460301565,31.7087645346163,32.1844854436087,"Ashkelon 10 m"
2025-06-09 17:00:00,29.8,22.7668415153033,28.6097829343247,27.5827919089801,"Ashkelon 10 m"
2025-06-09 18:00:00,27.9,22.0938819079996,26.6977276180515,25.640736880839,"Ashkelon 10 m"
2025-06-09 19:00:00,26.7,21.8828841965166,25.9054231000084,24.8454818050829,"Ashkelon 10 m"
2025-06-09 20:00:00,25.7,21.7714023483363,25.1020447399529,24.390441168603,"Ashkelon 10 m"
2025-06-09 21:00:00,25.1,21.693785120851,24.6070518441264,24.1566564339461,"Ashkelon 10 m"
2025-06-09 22:00:00,25.4,21.6977973016621,24.9544459257321,24.0103855165364,"Ashkelon 10 m"
2025-06-09 23:00:00,25.5,21.6497694746962,25.1856015674472,23.9463843600264,"Ashkelon 10 m"
2025-06-10,24.9,21.6146639642534,24.8311751294918,24.0094131288347,"Ashkelon 10 m"
2025-06-10 01:00:00,25,21.4685248582789,24.6128158101537,23.7548889368006,"Ashkelon 10 m"
2025-06-10 02:00:00,25,21.4087859309595,24.5739357372336,23.4797803080957,"Ashkelon 10 m"
2025-06-10 03:00:00,24.1,21.5539177613326,24.0310842254588,23.2080670552321,"Ashkelon 10 m"
2025-06-10 04:00:00,24.7,24.9777105788969,24.6225683656139,24.4636350612425,"Ashkelon 10 m"
2025-06-10 05:00:00,27.1,28.9428749893906,26.9392476717617,26.6987109993698,"Ashkelon 10 m"
2025-06-10 06:00:00,29.8,33.2842595062591,29.3194879003342,28.5768458328582,"Ashkelon 10 m"
2025-06-10 07:00:00,33.3,35.6523602651282,33.2666933244317,32.3783641503974,"Ashkelon 10 m"
2025-06-10 08:00:00,36.4,36.6450019971052,36.3048992918772,35.2862521306196,"Ashkelon 10 m"
2025-06-10 09:00:00,38.1,36.4708008774371,37.5263631799126,37.0476771601291,"Ashkelon 10 m"
2025-06-10 10:00:00,38.8,38.5049677509418,39.1795030795277,39.2706642765155,"Ashkelon 10 m"
2025-06-10 11:00:00,41.6,47.2909246691562,41.1958403798475,43.0652109392978,"Ashkelon 10 m"
2025-06-10 12:00:00,41.8,49.3420065758724,41.5288140228,41.2366446373958,"Ashkelon 10 m"
2025-06-10 13:00:00,40.5,45.8042131685574,40.4183683089832,39.9424430155117,"Ashkelon 10 m"
2025-06-10 14:00:00,37.8,39.6552703335226,37.9531610928746,38.33048319363,"Ashkelon 10 m"
2025-06-10 15:00:00,34.1,33.3371084973097,34.4329229704745,36.1677032753706,"Ashkelon 10 m"
2025-06-10 16:00:00,31.4,26.1271109864885,31.3183222181123,32.2239537522966,"Ashkelon 10 m"
2025-06-10 17:00:00,29.5,23.0525054118662,28.8363540264296,27.6256403110056,"Ashkelon 10 m"
2025-06-10 18:00:00,28,22.5152649430091,27.117172395469,26.0270504502112,"Ashkelon 10 m"
2025-06-10 19:00:00,26.8,22.2737202202076,26.5092084001942,25.2951271091694,"Ashkelon 10 m"
2025-06-10 20:00:00,25.3,22.1298723585367,25.4524349212386,24.832048929429,"Ashkelon 10 m"
2025-06-10 21:00:00,24.4,21.9080099824681,24.336774421312,24.448348737122,"Ashkelon 10 m"
2025-06-10 22:00:00,23.8,21.4660942106972,23.8531221369429,23.9642025976906,"Ashkelon 10 m"
2025-06-10 23:00:00,23.9,21.1594573018629,23.813663244907,23.6982639787275,"Ashkelon 10 m"
2025-06-11,23.9,21.0733447771796,23.7361457848318,23.5714216929206,"Ashkelon 10 m"
2025-06-11 01:00:00,23.7,21.0210002213117,23.578181165996,23.3750341683027,"Ashkelon 10 m"
2025-06-11 02:00:00,23.7,20.908222283087,23.4460020675449,23.1893921744444,"Ashkelon 10 m"
2025-06-11 03:00:00,24,21.2744376493325,23.6097324241325,22.9096281362405,"Ashkelon 10 m"
2025-06-11 04:00:00,24.8,24.6928907370045,24.5856625977904,24.467705581136,"Ashkelon 10 m"
2025-06-11 05:00:00,26.7,28.2810948057197,26.4482077045099,26.6434729261421,"Ashkelon 10 m"
2025-06-11 06:00:00,29.6,32.025727360943,29.4854219066705,29.0322812492639,"Ashkelon 10 m"
2025-06-11 07:00:00,33.1,34.5445378707179,32.6518130557032,32.2446857379207,"Ashkelon 10 m"
2025-06-11 08:00:00,36.2,36.3905482409582,36.1520545231508,35.1092021582708,"Ashkelon 10 m"
2025-06-11 09:00:00,36.7,37.2076244322039,37.0046356320665,37.3552963701464,"Ashkelon 10 m"
2025-06-11 10:00:00,39.4,46.2454358420653,39.3113152978615,41.4687835059447,"Ashkelon 10 m"
2025-06-11 11:00:00,41.1,53.4733229215922,40.6388959554605,42.4186306532206,"Ashkelon 10 m"
2025-06-11 12:00:00,42,53.4455428461943,41.8652387664691,41.0878463129912,"Ashkelon 10 m"
2025-06-11 13:00:00,41.5,49.0857922295965,41.6763209316043,40.2978417138494,"Ashkelon 10 m"
2025-06-11 14:00:00,39.2,42.6029053944546,38.864656384799,38.7145546692807,"Ashkelon 10 m"
2025-06-11 15:00:00,36.2,35.9923161965132,36.1979240388952,36.6984190445662,"Ashkelon 10 m"
2025-06-11 16:00:00,32.8,27.9830091587729,32.8022394881509,33.3648317448325,"Ashkelon 10 m"
2025-06-11 17:00:00,29.7,24.1532082131726,29.5937643435842,28.9720301202161,"Ashkelon 10 m"
2025-06-11 18:00:00,27.8,23.2505959279217,27.6111488128977,26.7160969979443,"Ashkelon 10 m"
2025-06-11 19:00:00,26.2,22.9139635726644,26.1618069132875,25.6992712184621,"Ashkelon 10 m"
2025-06-11 20:00:00,25.5,22.5642280262426,25.4871520867271,25.1148202103094,"Ashkelon 10 m"
2025-06-11 21:00:00,24.8,22.0606499708345,24.8463054926529,24.6108630693605,"Ashkelon 10 m"
2025-06-11 22:00:00,23.9,21.6282497065681,24.2064406902512,24.1064530032295,"Ashkelon 10 m"
2025-06-11 23:00:00,24.6,21.368644241546,24.2222109619368,23.8153622190698,"Ashkelon 10 m"
2025-06-12,24.2,21.2729797831381,24.1015471866617,23.6376891604269,"Ashkelon 10 m"
2025-06-12 01:00:00,24,21.264492219284,23.7174174561834,23.5307428296356,"Ashkelon 10 m"
2025-06-12 02:00:00,23,21.0655883954868,22.9193837732649,23.2260393308506,"Ashkelon 10 m"
2025-06-12 03:00:00,22.2,21.1595672377326,22.6463889573898,22.6341379889228,"Ashkelon 10 m"
2025-06-12 04:00:00,23.7,25.4017236430136,23.7541259745325,24.2683408457724,"Ashkelon 10 m"
2025-06-12 05:00:00,26,30.0562920935855,25.8474717723131,26.8180971511111,"Ashkelon 10 m"
2025-06-12 06:00:00,29.9,34.3242828801214,29.4617037902874,29.7064621403753,"Ashkelon 10 m"
2025-06-12 07:00:00,33.5,37.299252562834,33.5636224759871,33.2410259774458,"Ashkelon 10 m"
2025-06-12 08:00:00,37.5,38.6601467420183,36.409160511025,35.501771001967,"Ashkelon 10 m"
2025-06-12 09:00:00,37.5,41.7321204451427,37.9207296772335,38.5004431513652,"Ashkelon 10 m"
2025-06-12 10:00:00,40.2,57.6471358820995,39.8073696340184,43.6823321864208,"Ashkelon 10 m"
2025-06-12 11:00:00,41.8,60.520824671595,41.4951120735123,41.4257414349007,"Ashkelon 10 m"
2025-06-12 12:00:00,42,56.7498864790679,42.420985649453,40.9403066298247,"Ashkelon 10 m"
2025-06-12 13:00:00,41.2,50.7811688948832,41.5084783870468,40.4040135909281,"Ashkelon 10 m"
2025-06-12 14:00:00,39.1,43.3834479726746,39.0919869835566,38.7325147069886,"Ashkelon 10 m"
2025-06-12 15:00:00,36.3,36.9630828575777,36.3557986267503,36.6766191200899,"Ashkelon 10 m"
2025-06-12 16:00:00,33,28.7235796101904,33.1557489653454,33.4396230824804,"Ashkelon 10 m"
2025-06-12 17:00:00,29.7,24.3605775875854,29.4840837283042,29.2352752728271,"Ashkelon 10 m"
2025-06-12 18:00:00,27.9,22.8392737550024,27.4395501946584,26.7454474610571,"Ashkelon 10 m"
2025-06-12 19:00:00,26.4,22.2004021305785,26.2454138040805,25.333776821588,"Ashkelon 10 m"
2025-06-12 20:00:00,25,21.566332899816,25.2013338262772,24.5049780242514,"Ashkelon 10 m"
2025-06-12 21:00:00,23.7,21.0061199303106,23.928039898903,23.8360404606298,"Ashkelon 10 m"
2025-06-12 22:00:00,24.2,20.5683019458298,24.1681635479266,23.3472464381699,"Ashkelon 10 m"
2025-06-12 23:00:00,25.2,20.3162838209863,24.78783713914,23.034017204165,"Ashkelon 10 m"
2025-06-13,24.7,20.2210019270708,24.2247455495467,22.8758638541033,"Ashkelon 10 m"
2025-06-13 01:00:00,23.2,20.1024554612948,23.4359560166885,22.6301883104159,"Ashkelon 10 m"
2025-06-13 02:00:00,23.5,20.261548679573,23.1481098437663,22.3900729830093,"Ashkelon 10 m"
2025-06-13 03:00:00,23.5,20.5858647186053,23.0059961017413,22.314742501427,"Ashkelon 10 m"
2025-06-13 04:00:00,23.2,24.4861381212719,23.2667963248377,23.8535628477581,"Ashkelon 10 m"
2025-06-13 05:00:00,25.8,28.8227241252034,25.5657733376279,25.9379976008504,"Ashkelon 10 m"
2025-06-13 06:00:00,29.7,33.3523361424758,29.1239847180914,28.3725259045913,"Ashkelon 10 m"
2025-06-13 07:00:00,33.3,36.5862784851358,33.1641371985628,32.5360637176797,"Ashkelon 10 m"
2025-06-13 08:00:00,37,38.3026725451604,36.8955708808837,35.7279075781957,"Ashkelon 10 m"
2025-06-13 09:00:00,37.3,49.3935428441306,37.8574921611937,41.0238529027244,"Ashkelon 10 m"
2025-06-13 10:00:00,39.7999999999999,60.9942645620799,39.6706537813933,41.8174914907908,"Ashkelon 10 m"
2025-06-13 11:00:00,41.6,59.8360173723239,41.806532916932,40.6621530076999,"Ashkelon 10 m"
2025-06-13 12:00:00,42.1,55.6365156934814,42.2671961709237,40.9693690107421,"Ashkelon 10 m"
2025-06-13 13:00:00,40.9,50.2946419644817,41.2774331885953,40.6681189465984,"Ashkelon 10 m"
2025-06-13 14:00:00,39,43.6336163031772,39.0348680218668,39.0383094298557,"Ashkelon 10 m"
2025-06-13 15:00:00,36.5,37.3445151518091,36.5743014479372,37.1141238878473,"Ashkelon 10 m"
2025-06-13 16:00:00,33.2,29.2865391534959,33.205313392813,33.8169518274461,"Ashkelon 10 m"
2025-06-13 17:00:00,30,24.9536154615981,29.7973140349666,29.9128296721084,"Ashkelon 10 m"
2025-06-13 18:00:00,28.4,23.8542401710674,28.2838999963607,27.633222333543,"Ashkelon 10 m"
2025-06-13 19:00:00,27.3,23.3274748815651,27.1502346283504,26.3989623083229,"Ashkelon 10 m"
2025-06-13 20:00:00,26.2,22.9604196961477,26.0843210395804,25.6306958611562,"Ashkelon 10 m"
2025-06-13 21:00:00,24.9,22.7457362581301,25.008158160311,25.17302431355,"Ashkelon 10 m"
2025-06-13 22:00:00,24.2,22.4916794369135,24.5638751013533,24.8010237286005,"Ashkelon 10 m"
2025-06-13 23:00:00,24.6,22.0845084904474,24.975144120974,24.4617176770014,"Ashkelon 10 m"
2025-06-14,24.2,21.940115949286,24.4137683298354,24.4414584843049,"Ashkelon 10 m"
2025-06-14 01:00:00,23.3,21.6893326422144,23.879064388134,24.1585380217005,"Ashkelon 10 m"
2025-06-14 02:00:00,23.5,21.5150262385282,23.859973332043,23.811032441226,"Ashkelon 10 m"
2025-06-14 03:00:00,23.6,21.7163323074117,23.8106584632412,23.6862229018941,"Ashkelon 10 m"
2025-06-14 04:00:00,23.8,24.4583070681287,24.0157063748704,24.838033954878,"Ashkelon 10 m"
2025-06-14 05:00:00,26.4,27.1428707874288,26.0007693760951,25.740950349616,"Ashkelon 10 m"
2025-06-14 06:00:00,30.1,31.7542423887972,29.6569737918662,27.42824789722,"Ashkelon 10 m"
2025-06-14 07:00:00,33.3,35.9995174949861,33.0849509712062,32.4267843311525,"Ashkelon 10 m"
2025-06-14 08:00:00,36.5,39.6066984794657,36.870452829269,36.6747417114298,"Ashkelon 10 m"
2025-06-14 09:00:00,37.1,53.9766239197825,36.7880323833576,41.7214225800608,"Ashkelon 10 m"
2025-06-14 10:00:00,40.1,61.5103676733733,40.0315226406804,40.5043232855559,"Ashkelon 10 m"
2025-06-14 11:00:00,42.2,59.8412764616536,42.0532763398363,40.789667422347,"Ashkelon 10 m"
2025-06-14 12:00:00,42.3,55.6402977362123,42.39629763777,41.1633566275087,"Ashkelon 10 m"
2025-06-14 13:00:00,40.9,50.4329242211063,41.1920014384963,40.5910739403446,"Ashkelon 10 m"
2025-06-14 14:00:00,39.3,43.8910872073446,39.3562888206659,38.7454625697408,"Ashkelon 10 m"
2025-06-14 15:00:00,36.6,37.6149056859988,36.7088396554541,36.8158732362765,"Ashkelon 10 m"
2025-06-14 16:00:00,32.9,29.3677779304448,33.0480916613267,33.7117220031682,"Ashkelon 10 m"
2025-06-14 17:00:00,30.1,24.9702533412538,29.8791074899607,29.7402146983705,"Ashkelon 10 m"
2025-06-14 18:00:00,28.5,23.9678994327643,28.3141813300597,27.6195689350226,"Ashkelon 10 m"
2025-06-14 19:00:00,27.5,23.494258491088,27.2732324165299,26.4422326961051,"Ashkelon 10 m"
2025-06-14 20:00:00,26.7,23.3997846707268,26.7976153370109,25.8875371083184,"Ashkelon 10 m"
2025-06-14 21:00:00,26,23.0006817881221,25.7549428957003,25.4177111689204,"Ashkelon 10 m"
2025-06-14 22:00:00,25.1,22.4739608177929,25.5292513118082,24.8488861927776,"Ashkelon 10 m"
2025-06-14 23:00:00,25.2,21.7743297580871,25.3156059256054,24.4033995632324,"Ashkelon 10 m"
2025-08-17 01:00:00,28.6,25.3303999951838,28.4816778500362,27.9005405953883,"Ashkelon 10 m"
2025-08-17 02:00:00,27.4,25.1861255187892,27.7720697677047,27.2720878143214,"Ashkelon 10 m"
2025-08-17 03:00:00,29.2,25.1501188753129,28.5326109864026,26.0686288354875,"Ashkelon 10 m"
2025-08-17 04:00:00,27.4,26.217349810654,27.5425427183571,25.0685027075351,"Ashkelon 10 m"
2025-08-17 05:00:00,27.9,36.477835365873,28.1244420752232,27.8513113943154,"Ashkelon 10 m"
2025-08-17 06:00:00,31.1,42.0325839385462,30.4708409595036,30.2127940520716,"Ashkelon 10 m"
2025-08-17 07:00:00,34.2,52.2308693949962,33.8832682513937,32.4103528086925,"Ashkelon 10 m"
2025-08-17 08:00:00,34.8,60.0427258850219,34.8307253408538,33.7710069061401,"Ashkelon 10 m"
2025-08-17 09:00:00,37.2,64.5474083715178,37.4462721228439,37.4114201360442,"Ashkelon 10 m"
2025-08-17 10:00:00,39.7,63.9266285572138,39.7992189999379,39.4585404071894,"Ashkelon 10 m"
2025-08-17 11:00:00,41.5,62.0884622892329,41.2824491297585,40.9843973478267,"Ashkelon 10 m"
2025-08-17 12:00:00,41.8,57.7383403834529,41.3777171096376,41.2960224208064,"Ashkelon 10 m"
2025-08-17 13:00:00,41,52.1953465773245,39.9098701761872,40.8203379942557,"Ashkelon 10 m"
2025-08-17 14:00:00,40,45.5336360913757,39.4955023362655,39.5613903981689,"Ashkelon 10 m"
2025-08-17 15:00:00,36,38.6849580594161,36.7921945146345,37.4981087037185,"Ashkelon 10 m"
2025-08-17 16:00:00,33.2,31.9694495310349,34.1551493924849,35.0566420664353,"Ashkelon 10 m"
2025-08-17 17:00:00,31.2,29.0454688608621,31.5645583861546,32.9285955965494,"Ashkelon 10 m"
2025-08-17 18:00:00,30.2,28.520759890842,30.7265660818907,31.9534695847507,"Ashkelon 10 m"
2025-08-17 19:00:00,29.4,28.2069393489707,29.8926692159822,31.2391401622642,"Ashkelon 10 m"
2025-08-17 20:00:00,29.1,27.810371159239,29.590988934281,30.5679428564741,"Ashkelon 10 m"
2025-08-17 21:00:00,28.4,27.4951802872186,28.9323374839522,29.8279303692346,"Ashkelon 10 m"
2025-08-17 22:00:00,28,26.9888811244236,28.2090018986954,29.3775310649143,"Ashkelon 10 m"
2025-08-17 23:00:00,27.7,26.5510234664676,27.8434369555692,29.0823499988315,"Ashkelon 10 m"
2025-08-18,27.6,26.4808676408301,27.7574081300291,28.941393391944,"Ashkelon 10 m"
2025-08-18 01:00:00,27.3,26.0162867087675,27.5388332723364,28.6162398833586,"Ashkelon 10 m"
2025-08-18 02:00:00,27.1,25.9029502324151,27.3956419912943,28.0091900280999,"Ashkelon 10 m"
2025-08-18 03:00:00,27.1,25.6992681008743,27.3681802630936,26.8100259286331,"Ashkelon 10 m"
2025-08-18 04:00:00,27.1,26.2530879620581,27.3806097938748,25.2458443287878,"Ashkelon 10 m"
2025-08-18 05:00:00,27.5,33.7495664630202,27.6438538778126,26.549081233528,"Ashkelon 10 m"
2025-08-18 06:00:00,29.5,41.9319233025024,29.566943325956,29.5245536888549,"Ashkelon 10 m"
2025-08-18 07:00:00,33.3,52.4389454194889,33.3375329298683,32.4012657472477,"Ashkelon 10 m"
2025-08-18 08:00:00,36.3,59.6896031469384,35.9634833471513,33.8673165411034,"Ashkelon 10 m"
2025-08-18 09:00:00,38.7,64.2272989658905,38.4626900801124,37.4574720768524,"Ashkelon 10 m"
2025-08-18 10:00:00,40.8,64.9144656299089,40.3971143846087,39.5067851184343,"Ashkelon 10 m"
2025-08-18 11:00:00,42.5,63.0541135514934,42.3640934130831,40.7307550157268,"Ashkelon 10 m"
2025-08-18 12:00:00,42.8,59.0214380305489,43.0864293249815,41.5492986720284,"Ashkelon 10 m"
2025-08-18 13:00:00,42.3,52.9559718135647,41.0897435153132,41.1824141506008,"Ashkelon 10 m"
2025-08-18 14:00:00,40.9,45.6157428487898,39.6418941785616,39.7211696371199,"Ashkelon 10 m"
2025-08-18 15:00:00,38.7,38.2995158613382,38.1171354150444,37.4827450693308,"Ashkelon 10 m"
2025-08-18 16:00:00,36.1,31.4810578309525,35.5254698700375,34.7239829980362,"Ashkelon 10 m"
2025-08-18 17:00:00,33.6,28.3570276646128,32.8282623324946,32.3515497593394,"Ashkelon 10 m"
2025-08-18 18:00:00,32.2,27.5386865312268,31.8527329982525,31.0706832582165,"Ashkelon 10 m"
2025-08-18 19:00:00,31.1,26.9589502195031,30.8373501495844,29.9549710134179,"Ashkelon 10 m"
2025-08-18 20:00:00,30.2,26.3893937060348,29.9214910483974,28.9079503008834,"Ashkelon 10 m"
2025-08-18 21:00:00,29.4,25.8366152108,29.1145885981344,27.9645716011809,"Ashkelon 10 m"
2025-08-18 22:00:00,28.3,25.2673201500618,28.1146178737222,27.7053420483315,"Ashkelon 10 m"
2025-08-18 23:00:00,27.5,24.7496838473132,27.4009346783383,27.1605391405871,"Ashkelon 10 m"
2025-08-19,26.9,24.4721109806251,26.880170059621,26.8144714771461,"Ashkelon 10 m"
2025-08-19 01:00:00,26.4,23.8449893838349,26.3085375024966,26.081544006485,"Ashkelon 10 m"
2025-08-19 02:00:00,26,23.7181163872764,25.9920468489116,25.5419672574088,"Ashkelon 10 m"
2025-08-19 03:00:00,25.5,23.3563438161333,25.5436390264182,24.7455309136827,"Ashkelon 10 m"
2025-08-19 04:00:00,25.4,24.3235173440154,25.3930587729134,23.8065743661101,"Ashkelon 10 m"
2025-08-19 05:00:00,26,34.6987246460319,26.1417101302609,26.4755200333,"Ashkelon 10 m"
2025-08-19 06:00:00,29.1,44.2169524903393,28.5755093729357,30.1432611222363,"Ashkelon 10 m"
2025-08-19 07:00:00,32.6,56.4704485161233,32.4410019924711,33.2363882286477,"Ashkelon 10 m"
2025-08-19 08:00:00,35.4,65.7328878720823,35.7050414907188,36.3079058011594,"Ashkelon 10 m"
2025-08-19 09:00:00,38.1,68.2566531746922,38.079605048407,38.7305091469822,"Ashkelon 10 m"
2025-08-19 10:00:00,40.4,67.7732506881938,41.1908717378823,40.232187379478,"Ashkelon 10 m"
2025-08-19 11:00:00,41.9,65.5106854316916,41.9825454936586,41.180376517507,"Ashkelon 10 m"
2025-08-19 12:00:00,42.4,61.6032238595715,42.2200292110455,41.2003536813488,"Ashkelon 10 m"
2025-08-19 13:00:00,41.9,55.5146966929959,41.7752275737484,40.5713144298123,"Ashkelon 10 m"
2025-08-19 14:00:00,40.7,48.1387872760818,40.7213582823876,39.1340313022659,"Ashkelon 10 m"
2025-08-19 15:00:00,38.7,40.3819722070158,38.6906502303681,37.1528033151091,"Ashkelon 10 m"
2025-08-19 16:00:00,36.4,32.8937521703927,36.3836204752308,34.9449759252755,"Ashkelon 10 m"
2025-08-19 17:00:00,34.1,29.4915630090805,33.8241603268112,33.0844227541061,"Ashkelon 10 m"
2025-08-19 18:00:00,32.6,28.4321488730756,32.308731931652,31.9251598708478,"Ashkelon 10 m"
2025-08-19 19:00:00,31.2,27.7444975873524,31.0211827108448,30.5008605023915,"Ashkelon 10 m"
2025-08-19 20:00:00,30.1,26.9973865440589,29.8624024915694,29.5947247436744,"Ashkelon 10 m"
2025-08-19 21:00:00,29.1,26.1298749067053,28.8636235381736,28.7058708287939,"Ashkelon 10 m"
2025-08-19 22:00:00,28.3,25.4048135002734,28.2155234491062,27.9329704960467,"Ashkelon 10 m"
2025-08-19 23:00:00,27.8,24.7625028298857,27.5470338502602,27.1832794354918,"Ashkelon 10 m"
2025-08-20,27.2,24.3986414107201,26.9880196201636,26.8536024721978,"Ashkelon 10 m"
2025-08-20 01:00:00,26.7,23.5577241261639,26.3403092664044,25.9730302174725,"Ashkelon 10 m"
2025-08-20 02:00:00,26.2,23.0849900145325,25.8384210522519,25.3218855757508,"Ashkelon 10 m"
2025-08-20 03:00:00,25.8,22.7369233202087,25.3973600914867,24.2057522367584,"Ashkelon 10 m"
2025-08-20 04:00:00,25.6,23.5949040011347,25.355894211594,23.174892480749,"Ashkelon 10 m"
2025-08-20 05:00:00,26.2,35.2362308613378,26.2955351213123,26.5960331074316,"Ashkelon 10 m"
2025-08-20 06:00:00,29.7,45.3372297597702,29.0308618006806,30.680466682988,"Ashkelon 10 m"
2025-08-20 07:00:00,33.3,59.7206324475407,33.2527201377198,35.0372141736149,"Ashkelon 10 m"
2025-08-20 08:00:00,36.3,67.0821918612162,36.6277863500495,37.050486004893,"Ashkelon 10 m"
2025-08-20 09:00:00,38.8,68.6689416407476,38.7671943969782,38.9400998591314,"Ashkelon 10 m"
2025-08-20 10:00:00,40.9,68.5064127978548,40.9310384062533,40.6529868182405,"Ashkelon 10 m"
2025-08-20 11:00:00,42.3,65.4339660743501,41.9381297690764,41.129549417856,"Ashkelon 10 m"
2025-08-20 12:00:00,42.9,60.894618245927,42.4217444219361,41.2295505731975,"Ashkelon 10 m"
2025-08-20 13:00:00,42.6,54.9095456593516,41.6640327902416,40.719150304127,"Ashkelon 10 m"
2025-08-20 14:00:00,41.4,47.8554755224769,41.0112962084228,39.3000937475746,"Ashkelon 10 m"
2025-08-20 15:00:00,39.5,40.3505009064663,39.0088629162053,37.2598608384121,"Ashkelon 10 m"
2025-08-20 16:00:00,37.1,32.9844405834499,36.6939818127147,34.9860952083889,"Ashkelon 10 m"
2025-08-20 17:00:00,34.6,29.4655382552711,34.1015212278963,32.8987557807533,"Ashkelon 10 m"
2025-08-20 18:00:00,33,28.5192790179917,32.6242881820308,31.4551403670975,"Ashkelon 10 m"
2025-08-20 19:00:00,32,27.9459519406363,31.5484506249796,30.4885544796988,"Ashkelon 10 m"
2025-08-20 20:00:00,31.1,27.3272443205059,30.7951348187265,29.7180583864391,"Ashkelon 10 m"
2025-08-20 21:00:00,30.6,26.711879643383,30.1605939522794,28.8976520623588,"Ashkelon 10 m"
2025-08-20 22:00:00,30.2,26.2369831060638,29.8935741085852,28.5911548589935,"Ashkelon 10 m"
2025-08-20 23:00:00,29.8,25.906548116112,29.6203300216048,28.2169424032214,"Ashkelon 10 m"
2025-08-21,29.4,25.7304947650736,29.2315021079082,27.99449947241,"Ashkelon 10 m"
2025-08-21 01:00:00,28.7,25.8241290485047,28.5742373445047,28.1269592677735,"Ashkelon 10 m"
2025-08-21 02:00:00,28.3,25.6685072160789,28.1161174130503,27.7014836050102,"Ashkelon 10 m"
2025-08-21 03:00:00,27.6,25.6204727114892,27.42573157291,26.946478170321,"Ashkelon 10 m"
2025-08-21 04:00:00,27.4,26.2256039215693,27.1874268722075,26.3692840172419,"Ashkelon 10 m"
2025-08-21 05:00:00,27.9,32.3366109457229,27.5592986788281,27.681274565718,"Ashkelon 10 m"
2025-08-21 06:00:00,30.1,37.4554371636976,29.7999897280346,28.7589859765638,"Ashkelon 10 m"
2025-08-21 07:00:00,31.1,46.6480780104123,31.3193452374092,30.7215948561154,"Ashkelon 10 m"
2025-08-21 08:00:00,32.8,57.7064369611181,34.1175001634284,33.7172287396826,"Ashkelon 10 m"
2025-08-21 09:00:00,35.5,62.0916618998518,36.0535930853842,37.2569756205549,"Ashkelon 10 m"
2025-08-21 10:00:00,37,65.7437861089122,38.0906797239189,39.908743155421,"Ashkelon 10 m"
2025-08-21 11:00:00,39.3,64.1245868654157,40.1477018551216,41.2633331270124,"Ashkelon 10 m"
2025-08-21 12:00:00,40.5,59.6501133950912,41.2727533809319,41.5311272653305,"Ashkelon 10 m"
2025-08-21 13:00:00,40.5,54.1116655265007,40.7104548287002,41.0875518714104,"Ashkelon 10 m"
2025-08-21 14:00:00,39.6,46.8733532447767,39.7900025019672,39.7390048522901,"Ashkelon 10 m"
2025-08-21 15:00:00,37.7,39.4138529554047,37.754049038454,37.4696762815155,"Ashkelon 10 m"
2025-08-21 16:00:00,35.2,32.2645996601346,35.5377862666929,34.9734917671445,"Ashkelon 10 m"
2025-08-21 17:00:00,33.1,28.9381139004567,33.245599945516,32.7008521283009,"Ashkelon 10 m"
2025-08-21 18:00:00,31.8,28.1910513628597,31.9364952538191,31.3704720724697,"Ashkelon 10 m"
2025-08-21 19:00:00,30.8,27.8031533853465,30.9846541859465,30.1512497560435,"Ashkelon 10 m"
2025-08-21 20:00:00,29.9,27.3055500332924,29.9966736611195,29.3149189297768,"Ashkelon 10 m"
2025-08-21 21:00:00,28.6,26.6910784155672,28.8710033736016,28.4803764731234,"Ashkelon 10 m"
2025-08-21 22:00:00,28,26.4179161425576,28.173132515677,28.2910393115029,"Ashkelon 10 m"
2025-08-21 23:00:00,27.4,26.1319791261691,27.5344978262537,28.1210612241763,"Ashkelon 10 m"
2025-08-22,26.9,25.939454003283,27.2899188534226,27.9047004422631,"Ashkelon 10 m"
2025-08-22 01:00:00,26.5,25.410642396696,26.817711313142,27.3322322480754,"Ashkelon 10 m"
2025-08-22 02:00:00,26.1,25.1046314974725,26.3644139710527,26.7991870184839,"Ashkelon 10 m"
2025-08-22 03:00:00,25.8,24.7420753873986,25.9661429940317,25.7491650022668,"Ashkelon 10 m"
2025-08-22 04:00:00,25.9,25.2369792100754,25.9531307559415,24.6253032323685,"Ashkelon 10 m"
2025-08-22 05:00:00,26.4,33.1678970938144,26.6638435319123,26.7318147306857,"Ashkelon 10 m"
2025-08-22 06:00:00,29.1,39.1335946040995,28.9230574833018,28.4977007823832,"Ashkelon 10 m"
2025-08-22 07:00:00,32.4,51.7214763657607,31.8406010028452,32.5408142106093,"Ashkelon 10 m"
2025-08-22 08:00:00,35.3,63.285244145005,35.3561698038239,36.0102674146583,"Ashkelon 10 m"
2025-08-22 09:00:00,37.8,67.8566298870047,38.0529423236824,38.4980445293387,"Ashkelon 10 m"
2025-08-22 10:00:00,40,69.2321797838191,40.0275606965472,40.8461724748591,"Ashkelon 10 m"
2025-08-22 11:00:00,41.5,65.5442576749772,41.4709787021851,41.4062018735856,"Ashkelon 10 m"
2025-08-22 12:00:00,42,60.1881359978305,42.147826096958,41.6846493645297,"Ashkelon 10 m"
2025-08-22 13:00:00,41.9,54.0642208757769,41.3103669164763,41.1346792879473,"Ashkelon 10 m"
2025-08-22 14:00:00,40.6,47.0649650912601,40.305318317529,39.684430919202,"Ashkelon 10 m"
2025-08-22 15:00:00,38.6,39.7450394942871,38.3306839892711,37.5726523711792,"Ashkelon 10 m"
2025-08-22 16:00:00,36.2,32.5298447613273,36.0560885481919,35.2218179707084,"Ashkelon 10 m"
2025-08-22 17:00:00,34.2,29.3160780763865,33.9510410369992,33.0600499010325,"Ashkelon 10 m"
2025-08-22 18:00:00,32.9,28.4039663705449,32.6580114738513,31.8117730054479,"Ashkelon 10 m"
2025-08-22 19:00:00,32,27.8679981127816,31.7983915775721,30.8249304190713,"Ashkelon 10 m"
2025-08-22 20:00:00,31.2,27.4421876057236,31.0033507647593,29.898685036525,"Ashkelon 10 m"
2025-08-22 21:00:00,30.6,27.0710416156458,30.2460851400798,29.1182489711451,"Ashkelon 10 m"
2025-08-22 22:00:00,29.3,26.6372430210296,29.1489395394685,28.3245622997466,"Ashkelon 10 m"
2025-08-22 23:00:00,28.6,26.091150282779,28.5446201594851,27.9564585675385,"Ashkelon 10 m"
2025-08-23,28,25.8601697202904,28.0598531033069,27.9779513593895,"Ashkelon 10 m"
2025-08-23 01:00:00,27.5,25.3039656659033,27.4220222511148,27.419294216242,"Ashkelon 10 m"
2025-08-23 02:00:00,27,24.936475050038,26.8144616386273,26.8351078148543,"Ashkelon 10 m"
2025-08-23 03:00:00,26.6,24.6522738281072,26.3454018649814,25.702863151151,"Ashkelon 10 m"
2025-08-23 04:00:00,26.6,25.5159462467862,26.3709793697457,24.7718964592648,"Ashkelon 10 m"
2025-08-23 05:00:00,26.9,35.6499070604059,26.9861401710201,28.1980308969232,"Ashkelon 10 m"
2025-08-23 06:00:00,29.3,41.9253624125417,29.2452916391954,29.7802303477224,"Ashkelon 10 m"
2025-08-23 07:00:00,32.8,54.5322581871437,32.1475076411477,34.3475524528908,"Ashkelon 10 m"
2025-08-23 08:00:00,35.4,63.644151769829,35.7928113797946,36.6136990415575,"Ashkelon 10 m"
2025-08-23 09:00:00,37.6,67.2824915436027,38.2393648881326,38.7949522522209,"Ashkelon 10 m"
2025-08-23 10:00:00,39.5,66.8693013812948,40.1389008074215,40.7407174732137,"Ashkelon 10 m"
2025-08-23 11:00:00,41.1,64.3950381106152,41.8796989694928,41.9726595705761,"Ashkelon 10 m"
2025-08-23 12:00:00,41.6,60.1202589275758,41.9742635587877,42.311071992151,"Ashkelon 10 m"
2025-08-23 13:00:00,41.6,54.2902808595874,41.7214911057798,41.575800459502,"Ashkelon 10 m"
2025-08-23 14:00:00,40.8,47.951740876839,40.6569218172717,40.0813828865741,"Ashkelon 10 m"
2025-08-23 15:00:00,39.2,41.0513876701858,38.5889717638376,38.0192850853469,"Ashkelon 10 m"
2025-08-23 16:00:00,37.1,33.8399476131319,36.9628784508108,35.8674377521395,"Ashkelon 10 m"
2025-08-23 17:00:00,34.7,30.5706425202103,34.3305974592172,33.9842453491898,"Ashkelon 10 m"
2025-08-23 18:00:00,33.3,29.3580490563959,33.1193451372923,32.5915638421625,"Ashkelon 10 m"
2025-08-23 19:00:00,32.1,28.7843841636001,31.9910980501142,31.037420424205,"Ashkelon 10 m"
2025-08-23 20:00:00,30.9,28.347724284655,30.7075261004447,30.2279580493034,"Ashkelon 10 m"
2025-08-23 21:00:00,29.8,27.9404243114149,29.79063575695,29.7590354564344,"Ashkelon 10 m"
2025-08-23 22:00:00,29.1,27.1189259449792,28.98456915349,29.2360743443322,"Ashkelon 10 m"
2025-08-23 23:00:00,28.4,26.4373502488579,28.2843273128764,28.4862105603661,"Ashkelon 10 m"
2025-08-24,27.9,26.1535738702173,27.7777852399924,28.1057461495752,"Ashkelon 10 m"
2025-08-24 01:00:00,27.4,25.8392370564551,27.3057112951804,27.7606099469275,"Ashkelon 10 m"
2025-08-24 02:00:00,26.9,25.7180543459739,26.9330926923821,27.5446911372031,"Ashkelon 10 m"
2025-08-24 03:00:00,26.5,25.6491331407137,26.67552444221,26.874891693265,"Ashkelon 10 m"
2025-08-24 04:00:00,26.2,25.852167970035,26.2241648311761,25.8862131894564,"Ashkelon 10 m"
2025-08-24 05:00:00,26.6,32.5288030892476,26.6039916066566,27.3222543984517,"Ashkelon 10 m"
2025-08-24 06:00:00,29.3,38.9377734937697,29.0922076758425,29.6629169263869,"Ashkelon 10 m"
2025-08-24 07:00:00,32.4,51.1147330091856,31.948351968486,33.8799898908995,"Ashkelon 10 m"
2025-08-24 08:00:00,34.2,60.4154552829438,34.9980340470028,34.9283451450044,"Ashkelon 10 m"
2025-08-24 09:00:00,37.4,65.7826423227963,37.785733576474,38.3554668009457,"Ashkelon 10 m"
2025-08-24 10:00:00,39.5,67.9314419015409,39.8095172111364,41.1667648538114,"Ashkelon 10 m"
2025-08-24 11:00:00,40.9,66.3351009869786,41.4358877865416,41.9177711987706,"Ashkelon 10 m"
2025-08-24 12:00:00,41.5,62.1956198101588,41.7445309101904,41.8673307781764,"Ashkelon 10 m"
2025-08-24 13:00:00,41.1,55.8523046939831,41.570061118924,41.0785973041516,"Ashkelon 10 m"
2025-08-24 14:00:00,40.1,47.7514625954342,40.2877321888342,39.5985065865231,"Ashkelon 10 m"
2025-08-24 15:00:00,38.4,39.9005124396274,38.1864913053139,37.6423575705478,"Ashkelon 10 m"
2025-08-24 16:00:00,36.3,32.704739228383,36.1131013548944,35.3477550898942,"Ashkelon 10 m"
2025-08-24 17:00:00,34.2,29.5409369954844,33.8996841987721,33.3945546636363,"Ashkelon 10 m"
2025-08-24 18:00:00,32.8,28.7058583409919,32.6709244407953,32.2082835347785,"Ashkelon 10 m"
2025-08-24 19:00:00,31.9,28.2136898777511,31.7179129349074,31.1605211041,"Ashkelon 10 m"
2025-08-24 20:00:00,31.1,27.8302169225882,31.0240362502578,30.3149366758536,"Ashkelon 10 m"
2025-08-24 21:00:00,30.6,27.4344739192367,30.4655579446201,29.6263436549545,"Ashkelon 10 m"
2025-08-24 22:00:00,30.3,26.8632679267151,30.0686473209428,28.9449498934967,"Ashkelon 10 m"
2025-08-24 23:00:00,29.8,26.1827046849107,29.6271414396386,28.4522199608659,"Ashkelon 10 m"
2025-08-25,28.8,26.1199838789835,28.7112799234673,28.4715711745157,"Ashkelon 10 m"
2025-08-25 01:00:00,28.2,25.6433583184232,28.0579187881116,28.0414014740934,"Ashkelon 10 m"
2025-08-25 02:00:00,27.7,25.3746896327531,27.4567804388041,27.6280384601152,"Ashkelon 10 m"
2025-08-25 03:00:00,27.1,25.3772504213571,26.8958225184577,26.9906027200937,"Ashkelon 10 m"
2025-08-25 04:00:00,26.9,25.9741656236962,26.7023718280066,26.4138636045769,"Ashkelon 10 m"
2025-08-25 05:00:00,27.1,33.6894350581554,27.0972021059878,28.3281245761303,"Ashkelon 10 m"
2025-08-25 06:00:00,29.2,39.3591042875934,29.0261243428418,29.954851281612,"Ashkelon 10 m"
2025-08-25 07:00:00,31.1,48.1848076055794,31.0983685598636,31.9603279302864,"Ashkelon 10 m"
2025-08-25 08:00:00,32.4,55.6366738025748,33.1725943034523,32.6400860492789,"Ashkelon 10 m"
2025-08-25 09:00:00,34.4,59.9757393388787,35.2310087696017,36.2122295885125,"Ashkelon 10 m"
2025-08-25 10:00:00,33.8,63.4960199223445,35.4383514881072,39.0653615818904,"Ashkelon 10 m"
2025-08-25 11:00:00,34.5,62.9554491493415,36.6373137711915,40.6274786445808,"Ashkelon 10 m"
2025-08-25 12:00:00,35.2,59.3155588387164,37.4015629138808,41.2417406319293,"Ashkelon 10 m"
2025-08-25 13:00:00,35.3,54.007740043763,37.3693514707291,40.7890377274788,"Ashkelon 10 m"
2025-08-25 14:00:00,35.4,47.1622206658291,37.0646123414308,39.3111645668911,"Ashkelon 10 m"
2025-08-25 15:00:00,35.1,39.6195599279141,35.8504087013587,37.1119195661282,"Ashkelon 10 m"
2025-08-25 16:00:00,34.4,32.3295090443102,34.7202395158625,34.765861535689,"Ashkelon 10 m"
2025-08-25 17:00:00,33.3,29.0807733842797,33.258533657313,32.6991033861107,"Ashkelon 10 m"
2025-08-25 18:00:00,32.4,28.1927916659754,32.1943736822271,31.2726568831843,"Ashkelon 10 m"
2025-08-25 19:00:00,31.7,27.7016173579839,31.447617863028,30.2319058158544,"Ashkelon 10 m"
2025-08-25 20:00:00,30.4,27.1346452817364,30.3598582212745,29.4731393441601,"Ashkelon 10 m"
2025-08-25 21:00:00,30.5,26.7143086296483,30.0555851634121,28.838465343134,"Ashkelon 10 m"
2025-08-25 22:00:00,30.3,26.296670459842,29.9065271428503,28.6179857483857,"Ashkelon 10 m"
2025-08-25 23:00:00,30.2,25.7841575268309,29.646941882099,28.4165194157164,"Ashkelon 10 m"
2025-08-26,30,25.4896611233264,29.4376387276008,28.071453001073,"Ashkelon 10 m"
2025-08-26 01:00:00,29.4,25.2305743294934,28.7896732712022,27.8608641225079,"Ashkelon 10 m"
2025-08-26 02:00:00,29.2,25.0379710273719,28.6122900370759,27.6317167358375,"Ashkelon 10 m"
2025-08-26 03:00:00,29,24.8805029144205,28.3563022754312,26.955341075889,"Ashkelon 10 m"
2025-08-26 04:00:00,28.9,25.2775567455737,27.8942622839995,26.09255918698,"Ashkelon 10 m"
2025-08-26 05:00:00,28.6,31.1002934489225,27.6852864056477,27.232155135629,"Ashkelon 10 m"
2025-08-26 06:00:00,28.5,37.9336114054345,28.1887572558652,29.7155747538232,"Ashkelon 10 m"
2025-08-26 07:00:00,28.4,45.9203162605428,28.4445563234507,30.1256366188192,"Ashkelon 10 m"
2025-08-26 08:00:00,30.2,51.9171616659009,30.7668182321305,30.472108565315,"Ashkelon 10 m"
2025-08-26 09:00:00,33.2,57.6040790179851,34.3785283877466,33.842194328654,"Ashkelon 10 m"
2025-08-26 10:00:00,33.2,61.8160414633288,34.429276929264,37.137864583446,"Ashkelon 10 m"
2025-08-26 11:00:00,34.4,61.5503634980126,35.9874504706301,39.3414573243065,"Ashkelon 10 m"
2025-08-26 12:00:00,34.8,57.6319951871708,36.8065266877216,40.1815748075321,"Ashkelon 10 m"
2025-08-26 13:00:00,35.1,52.1220467979712,36.3231765806969,40.0179122383399,"Ashkelon 10 m"
2025-08-26 14:00:00,34.6,45.6508740370877,36.0328469455497,38.8035572951443,"Ashkelon 10 m"
2025-08-26 15:00:00,32.6,38.3811867080088,33.9897945196278,36.6136886916514,"Ashkelon 10 m"
2025-08-26 16:00:00,31.1,31.4107091567248,32.5668116988443,34.1891901633471,"Ashkelon 10 m"
2025-08-26 17:00:00,29.9,28.4977686696474,31.0642330754129,32.0338890843813,"Ashkelon 10 m"
2025-08-26 18:00:00,29.3,27.7070356083946,30.1891954543255,30.8422544671135,"Ashkelon 10 m"
2025-08-26 19:00:00,28.9,27.1707554642576,29.6837261314595,29.7848468605894,"Ashkelon 10 m"
2025-08-26 20:00:00,29.1,26.6946083195949,29.1710290571165,28.8267182000423,"Ashkelon 10 m"
2025-08-26 21:00:00,28.7,26.3520764697263,28.9524462109889,28.452271162338,"Ashkelon 10 m"
2025-08-26 22:00:00,28.6,26.0687707980691,29.0469889431279,28.3745950778543,"Ashkelon 10 m"
2025-08-26 23:00:00,28.7,25.8042608180619,28.987986040811,28.3227024951554,"Ashkelon 10 m"
2025-08-27,27.4,25.6538848318353,27.9662479107946,28.316416922976,"Ashkelon 10 m"
2025-08-27 01:00:00,26.3,25.2337769545281,27.1845981143209,27.9220437086785,"Ashkelon 10 m"
2025-08-27 02:00:00,25.9,25.0150373180345,26.580156647268,27.4205589492753,"Ashkelon 10 m"
2025-08-27 03:00:00,25.6,24.8229217060955,25.9919973022298,26.6067275532635,"Ashkelon 10 m"
2025-08-27 04:00:00,25.4,25.3291376552882,25.886208211514,25.6948870144191,"Ashkelon 10 m"
2025-08-27 05:00:00,25.8,32.3180282642868,26.4200890778504,27.8307388355759,"Ashkelon 10 m"
2025-08-27 06:00:00,27.6,37.5874648668077,28.0571788345631,29.4080205537584,"Ashkelon 10 m"
2025-08-27 07:00:00,28,45.180613546485,28.7015077478551,30.7143926907721,"Ashkelon 10 m"
2025-08-27 08:00:00,30.1,50.8095238132308,30.7948108309904,30.6230385227035,"Ashkelon 10 m"
2025-08-27 09:00:00,33.6,55.0353642104574,33.5642772552577,32.9598847030111,"Ashkelon 10 m"
2025-08-27 10:00:00,35.6,57.2168220288014,35.1079705291994,35.04104268615,"Ashkelon 10 m"
2025-08-27 11:00:00,36.8,57.8408193461941,36.3557479135981,37.505490290408,"Ashkelon 10 m"
2025-08-27 12:00:00,37.2,55.8525107522615,37.6521102793673,39.3455813546785,"Ashkelon 10 m"
2025-08-27 13:00:00,36.6,51.3650188471672,37.5045984945141,39.6570749308464,"Ashkelon 10 m"
2025-08-27 14:00:00,35.8,45.1997775988383,36.5472652860862,38.6565885500712,"Ashkelon 10 m"
2025-08-27 15:00:00,34.4,37.8901788726851,34.687510028582,36.4972428813979,"Ashkelon 10 m"
2025-08-27 16:00:00,32.9,30.963750335039,33.6003759216007,34.0371861184252,"Ashkelon 10 m"
2025-08-27 17:00:00,31.4,28.1640417343231,31.7299691967708,31.7240984207245,"Ashkelon 10 m"
2025-08-27 18:00:00,30.6,27.2527355945176,30.6166375605488,30.3990137374467,"Ashkelon 10 m"
2025-08-27 19:00:00,29.9,26.6945615796205,29.963138488017,29.2985330609437,"Ashkelon 10 m"
2025-08-27 20:00:00,29.4,26.1915739483673,29.3479846391966,28.5214603848297,"Ashkelon 10 m"
2025-08-27 21:00:00,29.1,25.8056776706405,29.1301097854633,28.0857799236007,"Ashkelon 10 m"
2025-08-27 22:00:00,28.8,24.7488923200082,28.7432288913226,27.3776192792367,"Ashkelon 10 m"
2025-08-27 23:00:00,28.5,24.2435591276547,28.3603798403742,26.9740512426755,"Ashkelon 10 m"
2025-08-28,28.2,24.0662068205379,28.2564657378165,26.6362630205654,"Ashkelon 10 m"
2025-08-28 01:00:00,27.4,23.9605545316941,27.38791840038,26.7254463945634,"Ashkelon 10 m"
2025-08-28 02:00:00,26.9,23.7939316659949,26.8808300784197,26.2772571474097,"Ashkelon 10 m"
2025-08-28 03:00:00,26,23.6310289907855,26.2835191419024,25.6216925192279,"Ashkelon 10 m"
2025-08-28 04:00:00,25.6,23.8225738994549,25.8769778359338,24.8309769622753,"Ashkelon 10 m"
2025-08-28 05:00:00,26.1,28.0931512064313,26.3085533356268,25.0474582857465,"Ashkelon 10 m"
2025-08-28 06:00:00,27.6,30.7065157038927,27.7859221131867,29.1518632514238,"Ashkelon 10 m"
2025-08-28 07:00:00,28.7,33.1056751714525,29.1391329759192,30.4956411824999,"Ashkelon 10 m"
2025-08-28 08:00:00,31.0000000000001,35.2264994919836,32.1147417247699,32.4990329087316,"Ashkelon 10 m"
2025-08-28 09:00:00,33.4,36.5216979376091,34.4523812354021,35.1154493681206,"Ashkelon 10 m"
2025-08-28 10:00:00,34.5,42.6335511381415,35.7950987415426,39.1967270548133,"Ashkelon 10 m"
2025-08-28 11:00:00,34,57.0043917368695,34.257781939902,44.0823574732587,"Ashkelon 10 m"
2025-08-28 12:00:00,33.9,54.1131715824841,34.3876506399441,39.5113515904187,"Ashkelon 10 m"
2025-08-28 13:00:00,33.3,49.8910629569192,34.8848757189591,39.0011474906106,"Ashkelon 10 m"
2025-08-28 14:00:00,32.6,42.7482339040111,34.3823415384369,38.2107440129589,"Ashkelon 10 m"
2025-08-28 15:00:00,32.2,35.4379462128433,33.8763394582945,35.387301099852,"Ashkelon 10 m"
2025-08-28 16:00:00,31.1,29.040461533112,32.0161631573093,32.561599247498,"Ashkelon 10 m"
2025-08-28 17:00:00,29.8,26.4162281180309,30.4903503637332,30.3845856810497,"Ashkelon 10 m"
2025-08-28 18:00:00,29,25.7271390325936,29.4533529038522,29.4710135824593,"Ashkelon 10 m"
2025-08-28 19:00:00,28.5,25.1612395301265,28.9779225409573,28.5316092029018,"Ashkelon 10 m"
2025-08-28 20:00:00,28.2,24.6919874266824,28.6010416932214,27.6872750834665,"Ashkelon 10 m"
2025-08-28 21:00:00,27.9,24.1350339036612,28.1006299442236,26.7675035577445,"Ashkelon 10 m"
2025-08-28 22:00:00,27.6,23.8792030480401,27.0628729411266,26.4822032120721,"Ashkelon 10 m"
2025-08-28 23:00:00,27.1,23.2835054685852,26.5724208407218,25.8151905824921,"Ashkelon 10 m"
2025-08-29,26.2,22.9742279187926,25.9216689732808,25.4463296071776,"Ashkelon 10 m"
2025-08-29 01:00:00,25.5,22.4054547775255,25.421104409719,24.7566381919847,"Ashkelon 10 m"
2025-08-29 02:00:00,25.1,22.1047968407504,25.0968771818439,24.1957587738864,"Ashkelon 10 m"
2025-08-29 03:00:00,24.6,21.704416957409,24.6090148792707,23.3997318415948,"Ashkelon 10 m"
2025-08-29 04:00:00,24.3,21.9267013757251,24.2716493354539,22.315511533501,"Ashkelon 10 m"
2025-08-29 05:00:00,24.7,27.7677351493281,24.7957398904431,23.0589944381159,"Ashkelon 10 m"
2025-08-29 06:00:00,27.3,34.8915883415758,27.1486114263047,28.2711182945787,"Ashkelon 10 m"
2025-08-29 07:00:00,30.3,40.2592240911821,31.8280611758377,30.9098312002519,"Ashkelon 10 m"
2025-08-29 08:00:00,32.9,43.0851663223958,33.6118763682949,32.079804765389,"Ashkelon 10 m"
2025-08-29 09:00:00,34.6,41.8126426235333,35.6046621136982,33.8758578792706,"Ashkelon 10 m"
2025-08-29 10:00:00,35.6,40.6765392947952,37.4670511703179,36.239876620845,"Ashkelon 10 m"
2025-08-29 11:00:00,36.1,52.2651891787083,34.8449935306362,43.0519361574681,"Ashkelon 10 m"
2025-08-29 12:00:00,35.7,56.5270480170562,36.2628995585222,42.1337355628326,"Ashkelon 10 m"
2025-08-29 13:00:00,34.9,51.0227151261999,35.3676096354492,39.7925935136511,"Ashkelon 10 m"
2025-08-29 14:00:00,34.2,43.6467335271539,34.5460619080285,37.798920874566,"Ashkelon 10 m"
2025-08-29 15:00:00,33.6,36.0778968229164,34.5660526634355,35.2299578084816,"Ashkelon 10 m"
2025-08-29 16:00:00,32.4,29.4436113859338,32.7020239008397,32.7813174749536,"Ashkelon 10 m"
2025-08-29 17:00:00,30.9,26.7527955299767,31.4550165472136,30.6802857643517,"Ashkelon 10 m"
2025-08-29 18:00:00,30,25.8046978738299,30.3550186242559,30.344336393117,"Ashkelon 10 m"
2025-08-29 19:00:00,29.1,24.9605696903236,29.4096499670069,28.8707612262733,"Ashkelon 10 m"
2025-08-29 20:00:00,28.5,24.1250314993514,28.6384104511768,27.6627750677718,"Ashkelon 10 m"
2025-08-29 21:00:00,28,23.3954681819588,27.7866490128004,26.684597439161,"Ashkelon 10 m"
2025-08-29 22:00:00,27.3,22.699607584992,27.0126499258392,25.9923732023626,"Ashkelon 10 m"
2025-08-29 23:00:00,26.7,22.2005116448798,26.4763420663457,25.3322340951361,"Ashkelon 10 m"
2025-08-30,26.2,21.9291047306414,25.9304637804664,25.007287189519,"Ashkelon 10 m"
2025-08-30 01:00:00,25.7,21.1464826912827,25.3861604231405,24.1300043911881,"Ashkelon 10 m"
2025-08-30 02:00:00,25.3,20.6402188072677,24.9407560507516,23.5102229843612,"Ashkelon 10 m"
2025-08-30 03:00:00,24.9,20.2275699501873,24.444615073947,22.3853610878826,"Ashkelon 10 m"
2025-08-30 04:00:00,24.7,20.9470421898873,24.5375185225256,21.6354754794152,"Ashkelon 10 m"
2025-08-30 05:00:00,25,32.0518286572857,24.5714227461134,24.7308266507549,"Ashkelon 10 m"
2025-08-30 06:00:00,27.6,43.3130694594509,26.9501696461309,27.6043082442409,"Ashkelon 10 m"
2025-08-30 07:00:00,31,55.206163899753,30.7594820177382,31.3419518636202,"Ashkelon 10 m"
2025-08-30 08:00:00,34,63.4407767701368,33.9703105245592,34.6619166779737,"Ashkelon 10 m"
2025-08-30 09:00:00,35.9,65.7470459693513,36.0049052546431,37.0395512336335,"Ashkelon 10 m"
2025-08-30 10:00:00,36.7000000000001,67.3495665871663,37.3069424464984,39.6975642525716,"Ashkelon 10 m"
2025-08-30 11:00:00,36.9,63.7568432023807,37.6886981527246,40.1897026231571,"Ashkelon 10 m"
2025-08-30 12:00:00,36.5,58.5105208481812,37.2169670461559,40.4065455521607,"Ashkelon 10 m"
2025-08-30 13:00:00,35.6,52.5188158485111,36.3238991857756,39.7852838966068,"Ashkelon 10 m"
2025-08-30 14:00:00,34.8,45.6807525798193,35.3846527635646,38.074981515061,"Ashkelon 10 m"
2025-08-30 15:00:00,34.2,38.0040661986744,34.7697237277984,35.6882314380085,"Ashkelon 10 m"
2025-08-30 16:00:00,33.1,30.829611026583,33.5131208333677,33.5412885778525,"Ashkelon 10 m"
2025-08-30 17:00:00,31.7,27.8593387289448,32.0292821779782,31.7301902456684,"Ashkelon 10 m"
2025-08-30 18:00:00,30.9,27.0611331185797,31.097780286497,30.3680984696844,"Ashkelon 10 m"
2025-08-30 19:00:00,30.2,26.3354402602042,30.472400762744,29.5174783289756,"Ashkelon 10 m"
2025-08-30 20:00:00,29.6,25.6265203028971,29.6337855487178,28.3833061724955,"Ashkelon 10 m"
2025-08-30 21:00:00,29,24.986277852208,28.7423714247231,27.3790114261216,"Ashkelon 10 m"
2025-08-30 22:00:00,28.6,24.3977962832319,27.9429324541435,26.7611993651258,"Ashkelon 10 m"
2025-08-30 23:00:00,28.2,23.9029939021058,27.5197519314314,26.0356290186829,"Ashkelon 10 m"
2025-09-07 01:00:00,28.4,23.7228977027188,27.6800968170914,26.3527089896451,"Ashkelon 10 m"
2025-09-07 02:00:00,27.8,23.4371496111733,27.1194145248934,25.9077225596291,"Ashkelon 10 m"
2025-09-07 03:00:00,27.3,23.181954897023,26.8231081560162,25.0977285271652,"Ashkelon 10 m"
2025-09-07 04:00:00,26.8,23.2028572562074,26.3848472203049,23.9316895010804,"Ashkelon 10 m"
2025-09-07 05:00:00,27.4,26.636342113089,27.0379387076129,24.061005179953,"Ashkelon 10 m"
2025-09-07 06:00:00,28.3,29.6152871951,27.9794354017553,27.2138365610973,"Ashkelon 10 m"
2025-09-07 07:00:00,31.1,31.3267410939322,30.4580230031221,29.5338660424338,"Ashkelon 10 m"
2025-09-07 08:00:00,34.1,32.9132214056027,33.4339640025953,31.242820428468,"Ashkelon 10 m"
2025-09-07 09:00:00,36.5,34.5957774893057,35.9021892775333,32.7661657110464,"Ashkelon 10 m"
2025-09-07 10:00:00,37.8,35.5126243179472,37.0413062362277,35.3724344318541,"Ashkelon 10 m"
2025-09-07 11:00:00,38.6,38.9885223738054,38.3613608149156,38.1033254495958,"Ashkelon 10 m"
2025-09-07 12:00:00,38.8,49.332628051087,38.1160704130475,41.625003138825,"Ashkelon 10 m"
2025-09-07 13:00:00,38.5,47.5929969251257,37.7188245861902,39.0245593488318,"Ashkelon 10 m"
2025-09-07 14:00:00,37.6,41.5008560178748,37.2132913071871,36.2180710790625,"Ashkelon 10 m"
2025-09-07 15:00:00,36.2,34.1491787854414,35.6602876864345,33.9937916222792,"Ashkelon 10 m"
2025-09-07 16:00:00,34.4,27.9469990479526,33.8514799597865,31.6909098374423,"Ashkelon 10 m"
2025-09-07 17:00:00,32.8,26.0706667515255,32.132240826022,29.9797505947567,"Ashkelon 10 m"
2025-09-07 18:00:00,31.7,25.2701400123354,31.0979735167562,29.0102365813967,"Ashkelon 10 m"
2025-09-07 19:00:00,30.8,24.6810051944942,30.2056513769417,27.9279326942653,"Ashkelon 10 m"
2025-09-07 20:00:00,30.1,24.0603717518577,29.3153142927503,27.0090168667564,"Ashkelon 10 m"
2025-09-07 21:00:00,29.5,23.5353039154148,28.7585897925532,26.2564810165501,"Ashkelon 10 m"
2025-09-07 22:00:00,28.9,23.5794049639963,28.1485450661945,26.2117561240457,"Ashkelon 10 m"
2025-09-07 23:00:00,28.3,23.0977772230825,27.3868815494513,25.6621104235372,"Ashkelon 10 m"
2025-09-08,27.6,22.8653600531914,26.9857003837389,25.321359427581,"Ashkelon 10 m"
2025-09-08 01:00:00,27.1,22.4288674265824,26.4016724398814,24.8825004965745,"Ashkelon 10 m"
2025-09-08 02:00:00,26.8,22.0922433827188,26.1957206869146,24.4139573071268,"Ashkelon 10 m"
2025-09-08 03:00:00,26.4,21.8173555739058,25.9309004201933,23.7256812460555,"Ashkelon 10 m"
2025-09-08 04:00:00,26.2,22.0052773450165,25.6925992353512,23.0545448754578,"Ashkelon 10 m"
2025-09-08 05:00:00,26.4,26.5181383056393,26.0121378158392,23.8116845054379,"Ashkelon 10 m"
2025-09-08 06:00:00,27.8,30.0717182141153,27.6443764732949,27.0617523175089,"Ashkelon 10 m"
2025-09-08 07:00:00,30.3,31.2840563893246,29.4422332086637,29.3557127356457,"Ashkelon 10 m"
2025-09-08 08:00:00,33.2,33.7160772095999,33.2691429004797,29.3977922211966,"Ashkelon 10 m"
2025-09-08 09:00:00,35.3,34.9261445092057,35.1708794438603,32.9510243224,"Ashkelon 10 m"
2025-09-08 10:00:00,36.6,37.386801267056,36.6410575797122,35.8927378896756,"Ashkelon 10 m"
2025-09-08 11:00:00,37.6,36.3943783575105,37.8179280889387,37.4795706802415,"Ashkelon 10 m"
2025-09-08 12:00:00,38.1,37.8376063148896,38.6129358780941,39.8379093449036,"Ashkelon 10 m"
2025-09-08 13:00:00,38,40.5270545397763,38.6961568785741,40.3538668070798,"Ashkelon 10 m"
2025-09-08 14:00:00,37.1,37.1487820862247,37.0479244385356,35.7730170010044,"Ashkelon 10 m"
2025-09-08 15:00:00,35.6999999999999,31.4172925358764,34.929358520725,34.012363136386,"Ashkelon 10 m"
2025-09-08 16:00:00,34,26.3330239703025,32.9557011652546,31.1487712313499,"Ashkelon 10 m"
2025-09-08 17:00:00,32.3,24.45514797629,31.3169400296375,28.8807175105918,"Ashkelon 10 m"
2025-09-08 18:00:00,31.3,23.7021315190974,30.4701284385499,27.7890341375056,"Ashkelon 10 m"
2025-09-08 19:00:00,30.7,23.1130936697997,29.5267924723275,26.8321693495788,"Ashkelon 10 m"
2025-09-08 20:00:00,30.1,22.6755053019081,28.9739100791641,25.9543975805794,"Ashkelon 10 m"
2025-09-08 21:00:00,29.6,22.4780141284913,28.5817346383393,25.2589622905702,"Ashkelon 10 m"
2025-09-08 22:00:00,27.8,22.3401579375108,27.207620485511,24.9974803442796,"Ashkelon 10 m"
2025-09-08 23:00:00,27.1,22.109868640689,26.5433804032806,24.6833072850982,"Ashkelon 10 m"
2025-09-09,26.5,21.9883294787822,26.1936839332028,24.4259634700237,"Ashkelon 10 m"
2025-09-09 01:00:00,25.9,21.5839889953005,25.4983092346088,24.0997708747256,"Ashkelon 10 m"
2025-09-09 02:00:00,25,21.1350465754602,24.2807735002115,23.5666700343225,"Ashkelon 10 m"
2025-09-09 03:00:00,24.3,20.954500931904,24.2076511663913,22.7228617850992,"Ashkelon 10 m"
2025-09-09 04:00:00,23.7,21.2911774656058,23.9097368798163,22.1791660329581,"Ashkelon 10 m"
2025-09-09 05:00:00,23.8,28.0484796915301,24.4898816046461,23.6749884042987,"Ashkelon 10 m"
2025-09-09 06:00:00,25.6,35.2064144202904,26.0626200023047,26.8464004584984,"Ashkelon 10 m"
2025-09-09 07:00:00,28.5,39.7309475120086,29.7080397105193,30.0456409629363,"Ashkelon 10 m"
2025-09-09 08:00:00,31.5,51.0377517595236,32.0722494067058,34.849589909548,"Ashkelon 10 m"
2025-09-09 09:00:00,34.1,61.6944945841739,33.6698651531118,37.2915233164737,"Ashkelon 10 m"
2025-09-09 10:00:00,36.4,62.874706153717,36.1640246778235,37.404397849884,"Ashkelon 10 m"
2025-09-09 11:00:00,38,60.5860361287946,38.0584058074364,38.6718649099225,"Ashkelon 10 m"
2025-09-09 12:00:00,37.9,55.5544007511739,37.8648873215026,39.3284562321309,"Ashkelon 10 m"
2025-09-09 13:00:00,37.6,49.0877864144344,37.8732287259325,38.8505999825496,"Ashkelon 10 m"
2025-09-09 14:00:00,36.4,40.8911007758033,36.9586665302906,37.0174282904517,"Ashkelon 10 m"
2025-09-09 15:00:00,34.4,33.5031652281711,34.4170964576364,33.8890197108219,"Ashkelon 10 m"
2025-09-09 16:00:00,32.1,27.6488617081352,32.3285949675845,31.5019505638786,"Ashkelon 10 m"
2025-09-09 17:00:00,30.3,25.8077389582673,30.540847222683,29.611581502823,"Ashkelon 10 m"
2025-09-09 18:00:00,29.2,25.0862628694322,29.4175862160007,28.9148246522691,"Ashkelon 10 m"
2025-09-09 19:00:00,28.6,24.5569140402565,28.7617175731511,27.9841739622841,"Ashkelon 10 m"
2025-09-09 20:00:00,28.1,23.9710647777965,28.1823506011778,27.1239034847667,"Ashkelon 10 m"
2025-09-09 21:00:00,27.6,23.3858275102602,27.6203955119253,26.272260873221,"Ashkelon 10 m"
2025-09-09 22:00:00,26.9,23.2531872562293,27.0776729908665,25.7640448383216,"Ashkelon 10 m"
2025-09-09 23:00:00,26.3,22.5788613683701,26.1901999088798,25.280242336464,"Ashkelon 10 m"
2025-09-10,25.6,22.3147899141552,25.6031509262219,24.8767627706768,"Ashkelon 10 m"
2025-09-10 01:00:00,24.9,21.6635846939391,24.9445654303381,24.1537866440123,"Ashkelon 10 m"
2025-09-10 02:00:00,24.3,21.3084510524952,24.1772200153237,23.4837423523151,"Ashkelon 10 m"
2025-09-10 03:00:00,23.6,21.6114519622881,23.9406257321441,22.8018631723482,"Ashkelon 10 m"
2025-09-10 04:00:00,23.3,22.0437594701032,23.7293729237659,22.552937512515,"Ashkelon 10 m"
2025-09-10 05:00:00,23.5,30.0448943717697,23.9486784582463,24.5413543327072,"Ashkelon 10 m"
2025-09-10 06:00:00,25.5,40.3341983460273,26.0331123736721,27.546563496479,"Ashkelon 10 m"
2025-09-10 07:00:00,28.5,47.565981641196,28.860220952916,29.3430488256442,"Ashkelon 10 m"
2025-09-10 08:00:00,32.2,57.250676154087,32.1500287610326,32.2504644383888,"Ashkelon 10 m"
2025-09-10 09:00:00,35.1,64.964104587656,35.2340637063461,36.2464112587986,"Ashkelon 10 m"
2025-09-10 10:00:00,37.2999999999999,68.9293717754504,37.8426338060812,39.5007619274279,"Ashkelon 10 m"
2025-09-10 11:00:00,38.4,63.9609129671584,37.6506036140992,38.3422739748488,"Ashkelon 10 m"
2025-09-10 12:00:00,38.6,57.7206166802339,38.3966390441113,38.5579846917085,"Ashkelon 10 m"
2025-09-10 13:00:00,37.9,48.9168223422,37.9636284210308,38.4420241396854,"Ashkelon 10 m"
2025-09-10 14:00:00,36.5,41.1921502843705,36.6377775438016,36.1120235219804,"Ashkelon 10 m"
2025-09-10 15:00:00,34.4,33.6021459410188,34.1720383829937,33.6111936876771,"Ashkelon 10 m"
2025-09-10 16:00:00,32.1,27.7900528857179,32.5160853239257,31.2683124491639,"Ashkelon 10 m"
2025-09-10 17:00:00,30.3,25.6929477459255,30.4710259621206,29.5648368603054,"Ashkelon 10 m"
2025-09-10 18:00:00,29.2,24.9616836421086,29.2704575248117,28.6516836993291,"Ashkelon 10 m"
2025-09-10 19:00:00,28.5,24.3550041090633,28.5815584208803,27.9641483198787,"Ashkelon 10 m"
2025-09-10 20:00:00,27.9,23.8555362251246,27.7427977727205,27.2097227600062,"Ashkelon 10 m"
2025-09-10 21:00:00,27.5,23.4111577471399,27.4915911014111,26.4796837767267,"Ashkelon 10 m"
2025-09-10 22:00:00,26.5,23.1378972770618,26.8078718666904,25.7722215892719,"Ashkelon 10 m"
2025-09-10 23:00:00,25.8,22.9368218669766,26.1597557489095,25.4733471164578,"Ashkelon 10 m"
2025-09-11,25.2,22.1887935618558,25.7267981134307,24.8324796179929,"Ashkelon 10 m"
2025-09-11 01:00:00,24.8,22.2064920258239,25.2693591510952,24.6473699402526,"Ashkelon 10 m"
2025-09-11 02:00:00,24.1,22.088075512557,24.7369413012786,24.2471188246298,"Ashkelon 10 m"
2025-09-11 03:00:00,23.8,21.8702790332832,24.3088667580466,23.5724470211067,"Ashkelon 10 m"
2025-09-11 04:00:00,23.4,22.0388973823449,23.7887627956618,22.4892715087792,"Ashkelon 10 m"
2025-09-11 05:00:00,23.6,31.2243576286143,24.034234380648,24.8698382613963,"Ashkelon 10 m"
2025-09-11 06:00:00,25.9,39.2614779835506,26.2150101768178,27.2570720082088,"Ashkelon 10 m"
2025-09-11 07:00:00,29.3,49.8709840077907,30.1112110646514,30.9862698812038,"Ashkelon 10 m"
2025-09-11 08:00:00,32.6,59.7525732108112,32.8531470933844,34.0424348898883,"Ashkelon 10 m"
2025-09-11 09:00:00,35.4,63.8415054734502,35.2930793290444,36.4534115250859,"Ashkelon 10 m"
2025-09-11 10:00:00,37.5,62.9469869196501,37.3317672245739,37.9664533197966,"Ashkelon 10 m"
2025-09-11 11:00:00,38.6,60.7003173050287,38.5444460203179,39.4961070236566,"Ashkelon 10 m"
2025-09-11 12:00:00,38.9,56.0071443087824,38.546071747357,39.701201773382,"Ashkelon 10 m"
2025-09-11 13:00:00,38.4,49.3412986331653,38.1209276663602,39.0352120929431,"Ashkelon 10 m"
2025-09-11 14:00:00,37.2,41.9237077904767,37.33967983192,37.5296667290753,"Ashkelon 10 m"
2025-09-11 15:00:00,35.1,34.5248708126337,36.3217321777542,34.9610053894312,"Ashkelon 10 m"
2025-09-11 16:00:00,32.9,28.9475308196589,33.1255039533697,32.6351328628108,"Ashkelon 10 m"
2025-09-11 17:00:00,31.4,27.1416350872654,31.5799303832281,30.7185546429295,"Ashkelon 10 m"
2025-09-11 18:00:00,30.4,26.5361580048923,30.610663670696,30.051818290842,"Ashkelon 10 m"
2025-09-11 19:00:00,29.5,25.8252033011889,29.6885446917565,29.0511893050646,"Ashkelon 10 m"
2025-09-11 20:00:00,28.6,25.0173965205173,28.6138392457507,27.9883843173007,"Ashkelon 10 m"
2025-09-11 21:00:00,28.1,24.5030515776473,28.0241627467542,27.0892801867324,"Ashkelon 10 m"
2025-09-11 22:00:00,27.5,24.0742457736117,27.2264858000596,26.358265005408,"Ashkelon 10 m"
2025-09-11 23:00:00,26.6,23.6221058283421,26.5036372675686,25.9220545206639,"Ashkelon 10 m"
2025-09-12,26,23.4227370252354,25.8310841462657,25.5784031381352,"Ashkelon 10 m"
2025-09-12 01:00:00,25.4,22.9438715578155,25.1588068592645,24.9283407331542,"Ashkelon 10 m"
2025-09-12 02:00:00,25,22.5751076688234,24.7940040409157,24.2907286633913,"Ashkelon 10 m"
2025-09-12 03:00:00,24.6,22.5411564194994,24.4912370279937,23.4244107091265,"Ashkelon 10 m"
2025-09-12 04:00:00,24.5,23.2367849621673,24.7103008620699,22.9535534653564,"Ashkelon 10 m"
2025-09-12 05:00:00,24.6,32.0154820604197,24.849677015936,25.3941327257029,"Ashkelon 10 m"
2025-09-12 06:00:00,26.4,42.2846457278637,27.180819919607,27.840648344746,"Ashkelon 10 m"
2025-09-12 07:00:00,29.9,47.6148166553147,30.0657327054477,28.8209743396409,"Ashkelon 10 m"
2025-09-12 08:00:00,32.9,59.952794123943,32.8616019455263,34.9169817460133,"Ashkelon 10 m"
2025-09-12 09:00:00,35.7,65.742947371113,35.5331250885825,37.5782993150827,"Ashkelon 10 m"
2025-09-12 10:00:00,37.8,65.1168226342396,37.6490725276196,38.6856226067738,"Ashkelon 10 m"
2025-09-12 11:00:00,39,62.1526184077797,38.6451558911554,39.7586193080483,"Ashkelon 10 m"
2025-09-12 12:00:00,39.2,57.174208398049,38.778768133964,39.9535472347189,"Ashkelon 10 m"
2025-09-12 13:00:00,38.6,50.4711486403669,38.294048882296,39.1986009185041,"Ashkelon 10 m"
2025-09-12 14:00:00,37.3,42.9095570810584,37.1971317979148,37.3260833986548,"Ashkelon 10 m"
2025-09-12 15:00:00,35.5,35.2770365728894,35.5619917353133,34.9747671141186,"Ashkelon 10 m"
2025-09-12 16:00:00,33.3,29.4654536892509,33.4095975008689,32.8783064533805,"Ashkelon 10 m"
2025-09-12 17:00:00,31.7,27.4267965942957,31.8111318348275,31.2437798172571,"Ashkelon 10 m"
2025-09-12 18:00:00,30.7,26.7425524582607,30.680604460217,30.1636700024349,"Ashkelon 10 m"
2025-09-12 19:00:00,29.9,26.1497469718205,29.7810777422017,29.1348977858769,"Ashkelon 10 m"
2025-09-12 20:00:00,29.2,25.4374944351976,28.9968336162486,28.2458235405748,"Ashkelon 10 m"
2025-09-12 21:00:00,28.2,24.9447152219216,27.8638427715479,27.2853145203988,"Ashkelon 10 m"
2025-09-12 22:00:00,27.3,24.7518584092142,27.1431557101535,26.6953582127573,"Ashkelon 10 m"
2025-09-12 23:00:00,26.7,24.5496693374905,26.6432234798171,26.4274144890103,"Ashkelon 10 m"
2025-09-13,26.2,24.3483791192923,26.2574497623124,26.122020705596,"Ashkelon 10 m"
2025-09-13 01:00:00,25.6,23.6766242125405,25.6207429458812,25.5193311312569,"Ashkelon 10 m"
2025-09-13 02:00:00,25.1,23.1484838124435,25.1590253616674,24.6556857224624,"Ashkelon 10 m"
2025-09-13 03:00:00,24.6,22.8238207100872,24.7975054295832,23.5804609059338,"Ashkelon 10 m"
2025-09-13 04:00:00,24.4,23.0563860622263,24.6196516707922,22.5959838119364,"Ashkelon 10 m"
2025-09-13 05:00:00,24.6,30.6765841679421,24.8680184727303,24.6432146267739,"Ashkelon 10 m"
2025-09-13 06:00:00,26.6,38.5984112339307,27.5382646761954,26.901336343794,"Ashkelon 10 m"
2025-09-13 07:00:00,29.9,46.6391808607717,29.8704825294613,29.6554715254446,"Ashkelon 10 m"
2025-09-13 08:00:00,32.4,60.6746644997382,32.86425303022,35.8080682778144,"Ashkelon 10 m"
2025-09-13 09:00:00,34.6,65.4667676159325,34.9661039213772,37.4375298687401,"Ashkelon 10 m"
2025-09-13 10:00:00,36.5,64.7830119587058,37.1458570919005,38.3439193225974,"Ashkelon 10 m"
2025-09-13 11:00:00,37.9,61.7811847914712,38.2239127334212,39.8389374007241,"Ashkelon 10 m"
2025-09-13 12:00:00,38.4,57.0053938406949,38.5820653857138,40.0335463065152,"Ashkelon 10 m"
2025-09-13 13:00:00,38.2,50.8268389129303,38.1460754223056,39.1620840453766,"Ashkelon 10 m"
2025-09-13 14:00:00,37.3,43.5887269652268,37.2222038335617,37.3359656012436,"Ashkelon 10 m"
2025-09-13 15:00:00,35.6,36.0129447492179,35.4397764496325,34.9246006520804,"Ashkelon 10 m"
2025-09-13 16:00:00,33.6,30.0032724213547,33.7671110660377,33.1437610459275,"Ashkelon 10 m"
2025-09-13 17:00:00,31.8,27.8770129107249,32.0797644974213,31.5002495669139,"Ashkelon 10 m"
2025-09-13 18:00:00,30.4,27.0169857127964,30.6145517242261,30.1397202594578,"Ashkelon 10 m"
2025-09-13 19:00:00,29.3,26.3204232272762,29.6196385963456,29.0091787395138,"Ashkelon 10 m"
2025-09-13 20:00:00,28.3,25.5200246618337,28.270495527862,27.9623547838277,"Ashkelon 10 m"
2025-09-13 21:00:00,27.4,24.7145346759248,27.4216732090461,27.0001114962983,"Ashkelon 10 m"
2025-09-13 22:00:00,26.7,23.9839376454166,26.4978784619557,26.2970386986545,"Ashkelon 10 m"
2025-09-13 23:00:00,26.3,23.4373069076404,25.8295597242171,25.6665630607471,"Ashkelon 10 m"
2025-09-21 01:00:00,24.9,20.3293709500031,23.1919233994074,23.3186588032441,"Ashkelon 10 m"
2025-09-21 02:00:00,24.6,20.2454189159057,23.3685864701518,23.1826084949157,"Ashkelon 10 m"
2025-09-21 03:00:00,24.2,20.306798147363,23.6685564930302,22.65875546853,"Ashkelon 10 m"
2025-09-21 04:00:00,24,20.5085740051336,23.7412013038765,22.0943255386419,"Ashkelon 10 m"
2025-09-21 05:00:00,24.1,27.1739936778061,24.9494811492092,23.3867553183548,"Ashkelon 10 m"
2025-09-21 06:00:00,24.8,35.3618423105855,27.5197314101545,25.4673644663472,"Ashkelon 10 m"
2025-09-21 07:00:00,27.2,46.0750793098826,29.4064638088726,30.3655170082469,"Ashkelon 10 m"
2025-09-21 08:00:00,29.9,56.811897562095,32.5630195805227,31.9996588688577,"Ashkelon 10 m"
2025-09-21 09:00:00,32.6,60.7516235046919,34.5396466073835,34.3766254120405,"Ashkelon 10 m"
2025-09-21 10:00:00,34.8,59.4134712183692,36.313831448492,35.9250564539649,"Ashkelon 10 m"
2025-09-21 11:00:00,36.3,56.5451801797661,35.728239332065,37.7080181619438,"Ashkelon 10 m"
2025-09-21 12:00:00,37,51.5236398516494,34.4042438848468,38.2875377474624,"Ashkelon 10 m"
2025-09-21 13:00:00,36.8,45.2840481399417,36.0985221099833,37.2986517547488,"Ashkelon 10 m"
2025-09-21 14:00:00,35.9,38.8900645539149,39.2924215084853,35.3942669197901,"Ashkelon 10 m"
2025-09-21 15:00:00,34.5,32.0484262728842,34.9764332626617,32.8564788127096,"Ashkelon 10 m"
2025-09-21 16:00:00,32.7,27.9450768616672,32.901356176379,31.1451772835727,"Ashkelon 10 m"
2025-09-21 17:00:00,31.3,26.411037941904,30.9527707097093,30.3173618516635,"Ashkelon 10 m"
2025-09-21 18:00:00,30.4,25.7992579738997,29.9436376068753,29.4366514484786,"Ashkelon 10 m"
2025-09-21 19:00:00,29.6,25.3015855561164,29.466267266741,28.735702396479,"Ashkelon 10 m"
2025-09-21 20:00:00,29.1,24.8337566110997,28.6401789777406,27.931559965363,"Ashkelon 10 m"
2025-09-21 21:00:00,28.6,24.4151735741003,28.1843027346347,27.3194523292883,"Ashkelon 10 m"
2025-09-21 22:00:00,28.2,24.3189186536183,28.2128322250715,27.1634387456288,"Ashkelon 10 m"
2025-09-21 23:00:00,27.8,24.2878617561732,28.0640858639633,26.9462794578944,"Ashkelon 10 m"
2025-09-22,27.5,24.1169251776322,27.7494109428645,26.6272968626603,"Ashkelon 10 m"
2025-09-22 01:00:00,27.4,23.879652724483,26.8382999442167,26.0502681591296,"Ashkelon 10 m"
2025-09-22 02:00:00,26.9,23.4946446090769,25.9638822186984,25.4202165275644,"Ashkelon 10 m"
2025-09-22 03:00:00,26.5,23.0713688607554,25.3530967137794,24.4570690865855,"Ashkelon 10 m"
2025-09-22 04:00:00,26.1,23.1168724870638,25.3637602233477,23.3973161554293,"Ashkelon 10 m"
2025-09-22 05:00:00,26,31.1854194434499,25.4473538263765,25.4253691466665,"Ashkelon 10 m"
2025-09-22 06:00:00,26.6,40.4961694818817,28.2515993588344,27.9093069177948,"Ashkelon 10 m"
2025-09-22 07:00:00,28.1,45.2615980445408,28.6580451358079,28.9094023047947,"Ashkelon 10 m"
2025-09-22 08:00:00,30.7,58.1098649950061,32.1056128516748,34.4618566484485,"Ashkelon 10 m"
2025-09-22 09:00:00,33.6,64.3415730459845,34.4577884492242,36.3401329977667,"Ashkelon 10 m"
2025-09-22 10:00:00,35.7,64.8838873260931,35.3663775545113,37.8150492065863,"Ashkelon 10 m"
2025-09-22 11:00:00,37.2,60.6370349427555,37.1859542393265,38.0305991669987,"Ashkelon 10 m"
2025-09-22 12:00:00,37.8,54.3336380888189,36.8289797580675,38.4251011778082,"Ashkelon 10 m"
2025-09-22 13:00:00,37.7,46.9030808661319,36.4061243910543,37.8325690481998,"Ashkelon 10 m"
2025-09-22 14:00:00,36.9,39.7527475177695,38.4672257113154,36.1348712264945,"Ashkelon 10 m"
2025-09-22 15:00:00,35.6,32.5651187802199,35.0989046538095,33.5509209538344,"Ashkelon 10 m"
2025-09-22 16:00:00,33.8,28.3911616173352,32.883196378186,31.6320564117993,"Ashkelon 10 m"
2025-09-22 17:00:00,32.4,26.8795934379002,31.4414913381206,30.258658951511,"Ashkelon 10 m"
2025-09-22 18:00:00,31.5,26.2346911359058,30.5018824252941,29.5230796265827,"Ashkelon 10 m"
2025-09-22 19:00:00,30.5,25.6220836750352,29.7810813624343,28.5111479870164,"Ashkelon 10 m"
2025-09-22 20:00:00,29.5,24.9896933216662,28.2941276892346,27.5512310642809,"Ashkelon 10 m"
2025-09-22 21:00:00,28.9,24.4172847785491,27.9956011587548,26.9183791198272,"Ashkelon 10 m"
2025-09-22 22:00:00,28.5,23.9681001659036,27.0905158335483,26.5794023032785,"Ashkelon 10 m"
2025-09-22 23:00:00,28.1,23.489527128739,26.5521700590685,26.0172308907934,"Ashkelon 10 m"
2025-09-23,27.8,23.221727753245,26.2024807235486,25.667439604365,"Ashkelon 10 m"
2025-09-23 01:00:00,27.5,22.7442863943626,25.6662502449521,24.9656935694267,"Ashkelon 10 m"
2025-09-23 02:00:00,26.9,22.5790603671002,25.1258760441116,24.5192807230877,"Ashkelon 10 m"
2025-09-23 03:00:00,26.4,22.7195164269467,24.9957678804379,23.9380539959927,"Ashkelon 10 m"
2025-09-23 04:00:00,26,23.2854253090257,25.341785427763,23.2928673065538,"Ashkelon 10 m"
2025-09-23 05:00:00,25.9,30.7508068768364,25.060900858462,25.205476829229,"Ashkelon 10 m"
2025-09-23 06:00:00,26.4,36.8334780419591,27.4705510265974,27.2852745736363,"Ashkelon 10 m"
2025-09-23 07:00:00,28.3,44.586335673565,28.8031252590868,30.9246583130303,"Ashkelon 10 m"
2025-09-23 08:00:00,31.1,54.4861845482133,31.6514181414324,31.5061830986283,"Ashkelon 10 m"
2025-09-23 09:00:00,33.7,60.6127767837266,35.8131437336951,34.6991606033067,"Ashkelon 10 m"
2025-09-23 10:00:00,36.1000000000001,62.5314746307208,35.4699365315263,37.3107180999591,"Ashkelon 10 m"
2025-09-23 11:00:00,37.5,60.3881090683367,35.6622614468058,37.8658159775164,"Ashkelon 10 m"
2025-09-23 12:00:00,37.9,55.2576124404578,36.0991463543322,38.2411730025916,"Ashkelon 10 m"
2025-09-23 13:00:00,37.5,48.1803277118543,36.3446165093533,37.5386870487073,"Ashkelon 10 m"
2025-09-23 14:00:00,36.3,41.0491426449246,36.8303516319314,35.9226935368008,"Ashkelon 10 m"
2025-09-23 15:00:00,34.6,33.3147767500028,35.284514690041,33.492641301547,"Ashkelon 10 m"
2025-09-23 16:00:00,32.6,28.6473080854462,33.0230652369333,31.7038032751129,"Ashkelon 10 m"
2025-09-23 17:00:00,31.3,27.211778575424,31.5560976095825,30.447294408325,"Ashkelon 10 m"
2025-09-23 18:00:00,30.4,26.6490799854727,31.0162301063179,29.6534277866812,"Ashkelon 10 m"
2025-09-23 19:00:00,29.5,26.1982755143786,30.309353286095,28.8725966890002,"Ashkelon 10 m"
2025-09-23 20:00:00,28.8,25.3458551780554,28.4799668455801,28.1057423965307,"Ashkelon 10 m"
2025-09-23 21:00:00,28.4,24.5752044410613,27.2630738387735,27.1068015785125,"Ashkelon 10 m"
2025-09-23 22:00:00,27.7,24.1296749580753,26.3667504675414,26.5190115440738,"Ashkelon 10 m"
2025-09-23 23:00:00,27,23.8256945734386,26.0324643370828,26.0345938330059,"Ashkelon 10 m"
2025-09-24,26.6,23.6433453197705,26.1581907214408,25.9261943931805,"Ashkelon 10 m"
2025-09-24 01:00:00,26.2,23.6643082905181,25.9195589546061,25.800651531256,"Ashkelon 10 m"
2025-09-24 02:00:00,25.6,23.6068686195341,25.6871186416241,25.3936184593168,"Ashkelon 10 m"
2025-09-24 03:00:00,25.3,23.5383449824402,25.387994019886,24.6029537947724,"Ashkelon 10 m"
2025-09-24 04:00:00,25,23.8558833402583,25.5573095583441,23.674677352328,"Ashkelon 10 m"
2025-09-24 05:00:00,25.1,29.8998246156468,25.3282676085169,25.5217041932835,"Ashkelon 10 m"
2025-09-24 06:00:00,26.2,35.6511058460168,27.875494435886,26.9978694568566,"Ashkelon 10 m"
2025-09-24 07:00:00,28.8,44.2039075612683,27.562146532528,31.3175359487195,"Ashkelon 10 m"
2025-09-24 08:00:00,31.7,55.246676921777,31.7210501948934,33.8023962973874,"Ashkelon 10 m"
2025-09-24 09:00:00,33.8,58.6329080221481,34.3192188545125,34.0125943777389,"Ashkelon 10 m"
2025-09-24 10:00:00,35.1,60.2166327218901,35.263881716204,35.5559061746489,"Ashkelon 10 m"
2025-09-24 11:00:00,35.6,57.5074074060979,35.0685760663627,36.6048157007756,"Ashkelon 10 m"
2025-09-24 12:00:00,35.8,50.7242016606289,32.8485459818695,35.9267744831997,"Ashkelon 10 m"
2025-09-24 13:00:00,35.4,42.1089657625015,35.766539708741,34.4687455972488,"Ashkelon 10 m"
2025-09-24 14:00:00,34.5,37.1394362650087,36.1106820092007,33.586711903589,"Ashkelon 10 m"
2025-09-24 15:00:00,33.2,30.4279332174961,33.3361229380546,32.475290299863,"Ashkelon 10 m"
2025-09-24 16:00:00,31.9,27.1672438375876,32.0255466193985,30.5170930616782,"Ashkelon 10 m"
2025-09-24 17:00:00,30.8,26.0220134455393,31.0372945656145,29.6218784052561,"Ashkelon 10 m"
2025-09-24 18:00:00,29.9,25.0747499407761,29.4297776817386,28.7431511820786,"Ashkelon 10 m"
2025-09-24 19:00:00,29.3,24.5684644000222,28.9858271768176,27.8436220900704,"Ashkelon 10 m"
2025-09-24 20:00:00,28.8,23.9952485196657,28.0623126903814,27.2111012570925,"Ashkelon 10 m"
2025-09-24 21:00:00,28.4,23.114221955478,26.7491982327905,26.3814515125154,"Ashkelon 10 m"
2025-09-24 22:00:00,28.1,21.8351623395855,25.6787187791327,24.8180906156475,"Ashkelon 10 m"
2025-09-24 23:00:00,28,21.7325436165433,25.8785907864113,24.4548498680692,"Ashkelon 10 m"
2025-09-25,27.6,21.6567611129802,25.7753996857495,24.3153414161723,"Ashkelon 10 m"
2025-09-25 01:00:00,27.2999999999999,21.9348301710433,25.8547447471505,24.5130443395919,"Ashkelon 10 m"
2025-09-25 02:00:00,27,21.7641403238775,25.2546224296303,24.4071557085516,"Ashkelon 10 m"
2025-09-25 03:00:00,26.7,21.4909181821852,24.6443546987336,23.5974045026808,"Ashkelon 10 m"
2025-09-25 04:00:00,26.8,21.4002814877493,24.1533795465528,22.3347433197958,"Ashkelon 10 m"
2025-09-25 05:00:00,26.9,24.7610520974897,22.9564912215661,22.0398203984998,"Ashkelon 10 m"
2025-09-25 06:00:00,27.4,28.3399004284139,23.9693733823935,24.3722462002034,"Ashkelon 10 m"
2025-09-25 07:00:00,28.8,30.083366338681,27.3728129144459,27.579526369046,"Ashkelon 10 m"
2025-09-25 08:00:00,30.3,30.9696704720631,29.2207317530889,28.9541184281483,"Ashkelon 10 m"
2025-09-25 09:00:00,31.9,30.1126317320701,30.0961624665368,30.1451544104453,"Ashkelon 10 m"
2025-09-25 10:00:00,33.2,30.1084610360449,30.4534976751242,28.8272706406897,"Ashkelon 10 m"
2025-09-25 11:00:00,34,30.3045174829457,31.6372536602953,31.254248117635,"Ashkelon 10 m"
2025-09-25 12:00:00,34.3,34.0471241196557,33.8748838769379,34.7855219563409,"Ashkelon 10 m"
2025-09-25 13:00:00,34.2,36.6032847917477,30.849089028095,34.1147775209347,"Ashkelon 10 m"
2025-09-25 14:00:00,33.7,34.1109124313368,31.73230651127,32.429917443849,"Ashkelon 10 m"
2025-09-25 15:00:00,32.5,28.9361517965033,31.1844004107604,31.3312388002112,"Ashkelon 10 m"
2025-09-25 16:00:00,31.2,25.3599599109674,30.3726864991325,29.1661198841119,"Ashkelon 10 m"
2025-09-25 17:00:00,30.2,23.9940219292509,28.9513077719239,27.8986163506376,"Ashkelon 10 m"
2025-09-25 18:00:00,29.5,23.1615964588272,28.1323526913887,26.8005167659866,"Ashkelon 10 m"
2025-09-25 19:00:00,28.8,22.2980672366199,26.2136259116238,25.7820784098682,"Ashkelon 10 m"
2025-09-25 20:00:00,28.6,21.6030446946602,25.3612076781387,24.8681127488594,"Ashkelon 10 m"
2025-09-25 21:00:00,28.1,21.2013474597937,24.6974110472973,24.2873707904822,"Ashkelon 10 m"
2025-09-25 22:00:00,27.7,21.6031954070758,25.6709138946923,24.3398477813434,"Ashkelon 10 m"
2025-09-25 23:00:00,27.5,21.3686172707151,25.118414591869,24.2427408440183,"Ashkelon 10 m"
2025-09-26,27.2,21.2115660250193,24.8580461745211,24.0555780470377,"Ashkelon 10 m"
2025-09-26 01:00:00,26.6,20.8123902824694,23.6101402070727,23.6751446274096,"Ashkelon 10 m"
2025-09-26 02:00:00,25.8,20.563218945663,23.4342504226991,23.1589068118739,"Ashkelon 10 m"
2025-09-26 03:00:00,25.4,20.3647623666256,23.3898898574746,22.5076015599697,"Ashkelon 10 m"
2025-09-26 04:00:00,25,20.1996940385435,22.8738047601394,21.6951768409346,"Ashkelon 10 m"
2025-09-26 05:00:00,24.9,23.9319950649842,22.4701727279757,21.9218622753724,"Ashkelon 10 m"
2025-09-26 06:00:00,25.6,28.5690211160579,23.9835435431364,24.2541474206844,"Ashkelon 10 m"
2025-09-26 07:00:00,27.7,32.730886932877,29.5691039887682,28.1666102376255,"Ashkelon 10 m"
2025-09-26 08:00:00,29.9,35.710313710912,33.6302742729726,31.8988544080098,"Ashkelon 10 m"
2025-09-26 09:00:00,31.8,36.4739025283566,36.4605510336571,34.8137243438473,"Ashkelon 10 m"
2025-09-26 10:00:00,33.2,35.3703449949377,35.8491463611008,35.9384922966116,"Ashkelon 10 m"
2025-09-26 11:00:00,34,34.3295192379126,35.9721316214075,36.0728287357459,"Ashkelon 10 m"
2025-09-26 12:00:00,34.1,35.4443258442962,36.7997268803866,37.3751012482726,"Ashkelon 10 m"
2025-09-26 13:00:00,34.3,38.6624372054912,37.0061786781343,38.3031876136638,"Ashkelon 10 m"
2025-09-26 14:00:00,33.7,34.8801597881098,34.1559185987998,35.218308620431,"Ashkelon 10 m"
2025-09-26 15:00:00,32.6,28.3150540207229,30.7841282067508,32.0413986061416,"Ashkelon 10 m"
2025-09-26 16:00:00,31.2,24.4431715522637,30.2274287048366,29.1987572227349,"Ashkelon 10 m"
2025-09-26 17:00:00,30.1,23.2656608280135,28.7481112071216,27.5263753589583,"Ashkelon 10 m"
2025-09-26 18:00:00,29.3,22.7250419276478,28.2126311036102,26.5599203723194,"Ashkelon 10 m"
2025-09-26 19:00:00,28.7,22.3075505369059,26.5011423384217,25.6872540586344,"Ashkelon 10 m"
2025-09-26 20:00:00,28.1,21.9230126238842,25.1871343111094,24.864008317091,"Ashkelon 10 m"
2025-09-26 21:00:00,27.2,21.6386499889906,24.5272606614461,24.236967612129,"Ashkelon 10 m"
2025-09-26 22:00:00,26.5,21.859833192399,25.6333107373395,24.2501680369882,"Ashkelon 10 m"
2025-09-26 23:00:00,25.9,21.6767247339783,25.0014704150103,24.1013577601013,"Ashkelon 10 m"
2025-09-27,25.5,21.5820598881558,24.3211232003164,23.9891414921597,"Ashkelon 10 m"
2025-09-27 01:00:00,25,21.0076649353326,23.0360370269175,23.3523378536523,"Ashkelon 10 m"
2025-09-27 02:00:00,24.6,20.7585237230345,22.0734227546659,22.9243705476805,"Ashkelon 10 m"
2025-09-27 03:00:00,24.2,20.3931667773976,21.477108918054,22.2956397502675,"Ashkelon 10 m"
2025-09-27 04:00:00,23.8,20.3041570182735,21.5689510395933,21.3952081199581,"Ashkelon 10 m"
2025-09-27 05:00:00,23.8,25.4388715178245,24.2765988905874,22.4803272635215,"Ashkelon 10 m"
2025-09-27 06:00:00,24.6,30.9740282404194,27.185415650852,25.0804668771992,"Ashkelon 10 m"
2025-09-27 07:00:00,27.1,36.4626410507488,27.5023736958231,29.20877151721,"Ashkelon 10 m"
2025-09-27 08:00:00,29.6,42.4344862317806,33.2120968612955,31.3091839170223,"Ashkelon 10 m"
2025-09-27 09:00:00,31.7,57.303942415648,34.821366843737,36.3713958000474,"Ashkelon 10 m"
2025-09-27 10:00:00,33.2,61.4729212817726,33.6690444893435,36.7695235309181,"Ashkelon 10 m"
2025-09-27 11:00:00,34.2,59.8191201232448,34.1565850363089,37.2672974608913,"Ashkelon 10 m"
2025-09-27 12:00:00,34.7,55.0148723649515,34.8066928710756,37.2218597459329,"Ashkelon 10 m"
2025-09-27 13:00:00,34.5,47.5246309289012,35.6811431690829,36.3233827599559,"Ashkelon 10 m"
2025-09-27 14:00:00,33.6,39.0037888334882,37.1992928806489,34.8005489157331,"Ashkelon 10 m"
2025-09-27 15:00:00,32.3,30.9300440114132,33.8128761360086,32.5399781029812,"Ashkelon 10 m"
2025-09-27 16:00:00,30.9,26.8582975529672,31.5307993718352,30.8712193631173,"Ashkelon 10 m"
2025-09-27 17:00:00,29.9,25.476028911859,30.0185396172477,29.6861567423644,"Ashkelon 10 m"
2025-09-27 18:00:00,29.2,24.9744395566517,29.1626117433469,28.6363410306507,"Ashkelon 10 m"
2025-09-27 19:00:00,28.6,24.4825235401181,28.6104924858838,28.0767823253659,"Ashkelon 10 m"
2025-09-27 20:00:00,28,23.9902369953629,27.747931784772,27.1188309170243,"Ashkelon 10 m"
2025-09-27 21:00:00,27.1,23.6002858734351,26.9261323231394,26.2246626472693,"Ashkelon 10 m"
2025-09-27 22:00:00,26.4,23.2215855967134,25.8004209727329,25.6647256266206,"Ashkelon 10 m"
2025-09-27 23:00:00,25.7,22.7694112119591,24.7140956290551,25.1154290494835,"Ashkelon 10 m"
2025-09-28,25.1,22.5067252861892,23.9359547576856,24.6925358521377,"Ashkelon 10 m"
2025-09-28 01:00:00,24.7,22.5724630666236,23.8918087859445,24.6991305661658,"Ashkelon 10 m"
2025-09-28 02:00:00,24.3,22.394957475704,23.535224215949,24.2521547604025,"Ashkelon 10 m"
2025-09-28 03:00:00,24,22.2200637429591,23.2389310937884,23.5611754029628,"Ashkelon 10 m"
2025-09-28 04:00:00,23.7,22.0955515072777,23.087054686512,22.6284876034691,"Ashkelon 10 m"
2025-09-28 05:00:00,23.9,27.8980797743954,25.6745265563154,24.4539543605007,"Ashkelon 10 m"
2025-09-28 06:00:00,24.6,30.3455729761519,26.9119562048096,24.7927718439498,"Ashkelon 10 m"
2025-09-28 07:00:00,27.2999999999999,36.5295169424789,29.1928689334356,28.3261048865097,"Ashkelon 10 m"
2025-09-28 08:00:00,30,49.5091005143392,32.9182171389223,32.0882001694906,"Ashkelon 10 m"
2025-09-28 09:00:00,32.3,55.9938186424958,32.9239651740774,33.4756244438874,"Ashkelon 10 m"
2025-09-28 10:00:00,33.7,58.4615995111162,35.8219185701572,35.1415178003008,"Ashkelon 10 m"
2025-09-28 11:00:00,34.4,56.6922312636035,34.4448211957964,37.4543906111377,"Ashkelon 10 m"
2025-09-28 12:00:00,34.3,52.1958904778729,33.4975163736163,37.6354809319745,"Ashkelon 10 m"
2025-09-28 13:00:00,34.1,45.7199236565617,35.2540494372706,36.8841177636174,"Ashkelon 10 m"
2025-09-28 14:00:00,33.3,38.3195667700984,38.223403079931,35.1529455619075,"Ashkelon 10 m"
2025-09-28 15:00:00,32.1,30.8305054633243,33.4871533740743,32.7643543212039,"Ashkelon 10 m"
2025-09-28 16:00:00,30.7,26.9618342477475,31.9195713902146,30.9573796350156,"Ashkelon 10 m"
2025-09-28 17:00:00,29.8,25.645387856102,30.0985339256372,29.794560639,"Ashkelon 10 m"
2025-09-28 18:00:00,29.1,25.1753356221006,29.1595997093629,28.9946815731809,"Ashkelon 10 m"
2025-09-28 19:00:00,28.6,24.9192362457335,28.7044784207632,28.2863481670439,"Ashkelon 10 m"
2025-09-28 20:00:00,28.2,24.7362296111922,28.6628253630364,27.8005105979781,"Ashkelon 10 m"
2025-09-28 21:00:00,27.9,24.6103586116769,28.5709565531292,27.456208364103,"Ashkelon 10 m"
2025-09-28 22:00:00,27.6,23.7326872477558,27.9775706565253,26.3556420931843,"Ashkelon 10 m"
2025-09-28 23:00:00,27.3,23.3692471846687,27.5093398293144,26.1732647284614,"Ashkelon 10 m"
2025-09-29,26.9,23.2334406033122,27.0620706175583,25.9031936779582,"Ashkelon 10 m"
2025-09-29 01:00:00,26.2,22.8798186915338,26.7970312454878,25.6557691233575,"Ashkelon 10 m"
2025-09-29 02:00:00,25.6,22.6472645008885,26.2201440170724,25.1790151799046,"Ashkelon 10 m"
2025-09-29 03:00:00,25.3,22.4599129925302,25.6136844817686,24.5448043118051,"Ashkelon 10 m"
2025-09-29 04:00:00,25.1,22.3544967052698,25.0689841178402,23.5956892845392,"Ashkelon 10 m"
2025-09-29 05:00:00,25.1,25.6797955471101,25.8774248081834,23.4437702137056,"Ashkelon 10 m"
2025-09-29 06:00:00,25.8,28.601308796378,26.3372550879435,26.0567431187352,"Ashkelon 10 m"
2025-09-29 07:00:00,28.1,29.8506684508043,28.4704941843601,28.0855328049379,"Ashkelon 10 m"
2025-09-29 08:00:00,30.5,32.0617891901631,32.6680868626263,29.1184131258626,"Ashkelon 10 m"
2025-09-29 09:00:00,32.3,33.2685855267345,34.440734266839,33.006892525941,"Ashkelon 10 m"
2025-09-29 10:00:00,33.5,33.3694358317694,36.0853418536674,34.8633223025641,"Ashkelon 10 m"
2025-09-29 11:00:00,34.2,33.5618519970797,37.8038013288777,36.2873854824923,"Ashkelon 10 m"
2025-09-29 12:00:00,34.4,34.6276625496962,38.4808082648962,37.6946333748915,"Ashkelon 10 m"
2025-09-29 13:00:00,34.1,37.704240622855,37.6191852680954,39.1430023339756,"Ashkelon 10 m"
2025-09-29 14:00:00,33.3,33.8658503164591,35.3917750271727,35.4822510351481,"Ashkelon 10 m"
2025-09-29 15:00:00,31.9,27.7013665663126,30.8452636167903,31.6920658575418,"Ashkelon 10 m"
2025-09-29 16:00:00,30.6,24.4104582668728,29.6502885137085,28.9253804089016,"Ashkelon 10 m"
2025-09-29 17:00:00,29.5,23.5284451248687,28.891405633041,27.6678670647186,"Ashkelon 10 m"
2025-09-29 18:00:00,28.7,22.8859764689363,27.2528607269046,26.5384294146455,"Ashkelon 10 m"
2025-09-29 19:00:00,28.2,22.381860460993,26.3756818066284,25.7105071208441,"Ashkelon 10 m"
2025-09-29 20:00:00,27.7,21.9182094398009,25.7751142752302,24.9599725070464,"Ashkelon 10 m"
2025-09-29 21:00:00,27.1,21.6186989421341,25.3357895509109,24.4733961696121,"Ashkelon 10 m"
2025-09-29 22:00:00,26.2,21.8088917424181,25.1410372184532,24.1762029816607,"Ashkelon 10 m"
2025-09-29 23:00:00,25.5999999999999,21.7225833158996,24.7322728045366,24.0066223364379,"Ashkelon 10 m"
2025-09-30,25,21.5465077361249,24.2344774842054,23.8068324526929,"Ashkelon 10 m"
2025-09-30 01:00:00,24.6,21.3949618089085,24.3704667017554,23.5250603902226,"Ashkelon 10 m"
2025-09-30 02:00:00,24.3,21.0456240286635,24.1578510017762,23.2897112479018,"Ashkelon 10 m"
2025-09-30 03:00:00,23.9,21.0612227821873,24.3189421609811,22.6614553833531,"Ashkelon 10 m"
2025-09-30 04:00:00,23.7,21.2482533264498,24.0293760086728,22.0855722236971,"Ashkelon 10 m"
2025-09-30 05:00:00,23.8,26.5946027425004,25.2036270790605,23.3093725827409,"Ashkelon 10 m"
2025-09-30 06:00:00,24.5,32.488880008088,26.2538984454229,25.9597147401437,"Ashkelon 10 m"
2025-09-30 07:00:00,27.2,33.9664497241568,27.434429985222,27.3993863925528,"Ashkelon 10 m"
2025-09-30 08:00:00,29.7,38.4113892291739,34.2923160650831,28.3855503772452,"Ashkelon 10 m"
2025-09-30 09:00:00,32,49.5388070710648,35.98660909735,35.1664306291092,"Ashkelon 10 m"
2025-09-30 10:00:00,33.5,57.858651546995,34.3124709100527,36.9890188260477,"Ashkelon 10 m"
2025-09-30 11:00:00,34.6,56.0656946493399,34.0055024615648,36.2040880514395,"Ashkelon 10 m"
2025-09-30 12:00:00,34.9,51.1895277762145,32.8177846636181,36.0113804602355,"Ashkelon 10 m"
2025-09-30 13:00:00,34.6,44.568068331572,33.2963316830708,34.9749763668503,"Ashkelon 10 m"
2025-09-30 14:00:00,33.8,37.6296779684245,35.8516180123488,33.5155255369365,"Ashkelon 10 m"
2025-09-30 15:00:00,32.5,30.2265507816921,32.6901744682314,31.8101997017513,"Ashkelon 10 m"
2025-09-30 16:00:00,31.1,26.5792498273122,31.6672884697549,30.2867149991262,"Ashkelon 10 m"
2025-09-30 17:00:00,30,25.2648862129437,30.1034688818427,29.2817519432293,"Ashkelon 10 m"
2025-09-30 18:00:00,29.3,24.5007636152042,28.8873996263416,28.1687600217594,"Ashkelon 10 m"
2025-09-30 19:00:00,28.6,24.3425401129938,28.7406237203665,27.4621046462274,"Ashkelon 10 m"
2025-09-30 20:00:00,28,23.7872859258351,27.2942608348262,26.7916647214589,"Ashkelon 10 m"
2025-09-30 21:00:00,27.3,23.0605085289638,27.3167991637275,25.9357149994533,"Ashkelon 10 m"
2025-09-30 22:00:00,27.1,22.4941448536949,26.4214245919832,25.2133943406181,"Ashkelon 10 m"
2025-09-30 23:00:00,26.9000000000001,21.9158886932423,25.8458170120015,24.6635808013966,"Ashkelon 10 m"
2025-10-01,26.6,21.6574759399072,25.6190609804451,24.2292041694299,"Ashkelon 10 m"
2025-10-01 01:00:00,26.3,21.2664765294662,23.7601466949215,23.779255765306,"Ashkelon 10 m"
2025-10-01 02:00:00,25.9,21.112900689553,23.8890876643138,23.2599153074729,"Ashkelon 10 m"
2025-10-01 03:00:00,25.2,20.8638187987306,23.9078647874819,22.662425194452,"Ashkelon 10 m"
2025-10-01 04:00:00,24.6,20.7279797141738,23.5780634470707,21.079685980577,"Ashkelon 10 m"
2025-10-01 05:00:00,24.6,24.5515599706945,22.9914577689648,21.0998719194707,"Ashkelon 10 m"
2025-10-01 06:00:00,24.9,29.3977024221921,24.3981253634468,23.6289074087644,"Ashkelon 10 m"
2025-10-01 07:00:00,27.8,32.2541546953283,28.5790522024539,26.6129384172521,"Ashkelon 10 m"
2025-10-01 08:00:00,30.5000000000001,33.3561961523445,30.991690414239,29.091757046357,"Ashkelon 10 m"
2025-10-01 09:00:00,32.6,32.6194027299067,31.3807389723794,31.0075362557551,"Ashkelon 10 m"
2025-10-01 10:00:00,34,33.2802658811534,32.3134022257122,32.5183952585185,"Ashkelon 10 m"
2025-10-01 11:00:00,34.8,31.9596930123377,32.4198891713812,34.1903758622217,"Ashkelon 10 m"
2025-10-01 12:00:00,35,30.7820831553084,31.8504997695279,34.3958321825606,"Ashkelon 10 m"
2025-10-01 13:00:00,34.8,32.7955828419628,32.8675164689544,35.591264795393,"Ashkelon 10 m"
2025-10-01 14:00:00,33.9,32.0143424278725,29.9201449994972,34.2617405659188,"Ashkelon 10 m"
2025-10-01 15:00:00,32.5,26.5868675932285,29.0367538087576,30.3018076643345,"Ashkelon 10 m"
2025-10-01 16:00:00,30.9,23.2136432349417,28.2566108570691,27.5858413398001,"Ashkelon 10 m"
2025-10-01 17:00:00,29.7,22.0177941689998,25.826942182932,26.1298709283382,"Ashkelon 10 m"
2025-10-01 18:00:00,28.8,21.4814142359363,25.4956638147171,25.0585207117664,"Ashkelon 10 m"
2025-10-01 19:00:00,28.3,21.4396105849889,25.2005052324127,24.5220566833165,"Ashkelon 10 m"
2025-10-01 20:00:00,27.7,21.211360527048,24.3419094406499,24.1093679199313,"Ashkelon 10 m"
2025-10-01 21:00:00,27.2,20.5753211900515,24.309476794755,23.4091849252505,"Ashkelon 10 m"
2025-10-01 22:00:00,26.5,20.6810755346686,23.6715299885111,23.4636635397345,"Ashkelon 10 m"
2025-10-01 23:00:00,25.9,20.2858759307736,23.3502469619433,22.9204224490994,"Ashkelon 10 m"
2025-10-02,25.3,20.0857200940909,23.2427256771788,22.7669248899283,"Ashkelon 10 m"
2025-10-02 01:00:00,24.8,19.4398152612042,22.7291847798715,22.0848059438061,"Ashkelon 10 m"
2025-10-02 02:00:00,24.5,19.1398823059756,22.2567160212371,21.5511114395816,"Ashkelon 10 m"
2025-10-02 03:00:00,24.2,18.8501143866499,21.415376268362,21.0409892016371,"Ashkelon 10 m"
2025-10-02 04:00:00,23.8,18.6201585795728,21.1972961903575,20.1574603583661,"Ashkelon 10 m"
2025-10-02 05:00:00,23.8,22.194772925539,21.1397706262361,20.517703857584,"Ashkelon 10 m"
2025-10-02 06:00:00,24.3,27.2939925190743,22.3858483961125,22.4506144520577,"Ashkelon 10 m"
2025-10-02 07:00:00,26.9,32.2521491569637,27.6702782883447,26.8761525673031,"Ashkelon 10 m"
2025-10-02 08:00:00,29.5,36.9363103968777,32.1647685713142,29.5780111415066,"Ashkelon 10 m"
2025-10-02 09:00:00,31.7,40.6072990350713,33.3921750492455,31.8833734445562,"Ashkelon 10 m"
2025-10-02 10:00:00,33.3,40.3870177663436,33.8821779668758,32.7041197217574,"Ashkelon 10 m"
2025-10-02 11:00:00,34.1,35.8407265689577,34.4679900893418,33.7221314456667,"Ashkelon 10 m"
2025-10-02 12:00:00,34.3,32.4898211363172,33.2149490698017,34.4709090593671,"Ashkelon 10 m"
2025-10-02 13:00:00,33.9,29.6057135608809,31.2776754602085,34.1182472255843,"Ashkelon 10 m"
2025-10-02 14:00:00,33,26.6169622263804,28.4445939814912,32.7371661982432,"Ashkelon 10 m"
2025-10-02 15:00:00,31.7,23.2224024256557,25.3523802448007,30.0819395502895,"Ashkelon 10 m"
2025-10-02 16:00:00,30.3,21.7727333679294,27.6233644238787,26.9489676132297,"Ashkelon 10 m"
2025-10-02 17:00:00,29.2,21.2164803182931,26.4277580426333,26.343384805903,"Ashkelon 10 m"
2025-10-02 18:00:00,28.5,21.0063865266339,25.2581057489817,25.3186709962384,"Ashkelon 10 m"
2025-10-02 19:00:00,28,20.7307719871094,25.2741474730021,24.6096629783203,"Ashkelon 10 m"
2025-10-02 20:00:00,27.2,20.1757558000647,24.8260352144365,23.8166549814307,"Ashkelon 10 m"
2025-10-02 21:00:00,26.3,19.9071416292144,24.0612939159888,23.2107476625396,"Ashkelon 10 m"
2025-10-02 22:00:00,25.5999999999999,19.8819886921705,23.4012869033062,23.1654249905409,"Ashkelon 10 m"
2025-10-02 23:00:00,25,19.7040866634969,23.5837144963227,22.7697104237203,"Ashkelon 10 m"
2025-10-03,24.5,19.6481817299158,22.7251734685495,22.9662442737848,"Ashkelon 10 m"
2025-10-03 01:00:00,23.9,18.7107727893949,21.7134509343447,21.7992489704252,"Ashkelon 10 m"
2025-10-03 02:00:00,23.4,18.4781223144919,21.4885307817562,21.6216476765067,"Ashkelon 10 m"
2025-10-03 03:00:00,23,18.3299336266086,21.8673930643656,21.0767993759677,"Ashkelon 10 m"
2025-10-03 04:00:00,22.4,18.3459039796303,21.458129558236,20.3510700334023,"Ashkelon 10 m"
2025-10-03 05:00:00,22.6,22.8008776662132,21.0201676234747,20.9367154595634,"Ashkelon 10 m"
2025-10-03 06:00:00,23.3,28.6632539357419,23.2363697194925,22.6578780736203,"Ashkelon 10 m"
2025-10-03 07:00:00,26.3,33.7420474472655,28.7685441259842,27.1135426941527,"Ashkelon 10 m"
2025-10-03 08:00:00,29.1,37.9755873354463,33.442115730341,30.9778895052461,"Ashkelon 10 m"
2025-10-03 09:00:00,31.6,49.6848800889511,38.0278702584924,35.7705114594955,"Ashkelon 10 m"
2025-10-03 10:00:00,33.3,64.0968480900059,34.259045459103,39.5952058628331,"Ashkelon 10 m"
2025-10-03 11:00:00,34.2,63.8915917708656,35.9007304026943,37.981246693351,"Ashkelon 10 m"
2025-10-03 12:00:00,34.6,57.2740578160433,36.6885386651002,36.7720932469515,"Ashkelon 10 m"
2025-10-03 13:00:00,34.3,48.9097407199573,36.4708863856665,35.9175064899158,"Ashkelon 10 m"
2025-10-03 14:00:00,33.6,39.9426942395626,36.8767042199384,34.0203776883541,"Ashkelon 10 m"
2025-10-03 15:00:00,32.3,31.6107227726248,33.2847452901121,31.7476389332083,"Ashkelon 10 m"
2025-10-03 16:00:00,30.6,27.383901961038,32.5650824541632,30.4171689822172,"Ashkelon 10 m"
2025-10-03 17:00:00,29.1,25.4472600022904,30.8689998176982,29.3570958177201,"Ashkelon 10 m"
2025-10-03 18:00:00,28.1,24.2139278222599,29.968557257095,27.7776580621281,"Ashkelon 10 m"
2025-10-03 19:00:00,27.4,23.5965202779698,29.2808180961692,26.9374922246861,"Ashkelon 10 m"
2025-10-03 20:00:00,26.9,22.8247353983564,28.7553007649498,26.4811956835432,"Ashkelon 10 m"
2025-10-03 21:00:00,26.6,22.5090836335748,27.3453033221208,25.8959034730523,"Ashkelon 10 m"
2025-10-03 22:00:00,26.3,22.4292547010456,26.7832212960813,25.6097671293293,"Ashkelon 10 m"
2025-10-03 23:00:00,26,22.3855117601244,26.9245550597596,25.4731034082262,"Ashkelon 10 m"
2025-10-04,25.8,22.3248632883476,26.6349370646206,25.2515006994652,"Ashkelon 10 m"
2025-10-04 01:00:00,25.7,22.5066137141274,26.5768093351671,25.5212402171181,"Ashkelon 10 m"
2025-10-04 02:00:00,26.1,22.497130750485,25.9592932966082,25.2055090654569,"Ashkelon 10 m"
2025-10-04 03:00:00,26.1,22.4316454985491,25.471019127066,24.4933158018938,"Ashkelon 10 m"
2025-10-04 04:00:00,25.5,22.3789639508185,24.5431840079372,23.133516792005,"Ashkelon 10 m"
2025-10-04 05:00:00,25.5,28.6720615223522,25.6734289602851,24.5143247440929,"Ashkelon 10 m"
2025-10-04 06:00:00,26.0999999999999,33.118137491978,27.8145388317322,26.6680814159282,"Ashkelon 10 m"
2025-10-04 07:00:00,27.9,37.7376998066002,29.3271942201139,30.0962069629723,"Ashkelon 10 m"
2025-10-04 08:00:00,30.4,48.7446459885915,33.386694259875,34.2086581345876,"Ashkelon 10 m"
2025-10-04 09:00:00,32.3,56.7898111179999,34.2929481095319,35.6663141087226,"Ashkelon 10 m"
2025-10-04 10:00:00,33.8,55.9818163303575,34.6403568658951,35.561003723546,"Ashkelon 10 m"
2025-10-04 11:00:00,34.6,52.5465603869275,33.897767747481,36.4818440478162,"Ashkelon 10 m"
2025-10-04 12:00:00,34.8,47.6670750197797,34.6348999474474,36.3408306655317,"Ashkelon 10 m"
2025-10-04 13:00:00,34.3,40.7460530827436,38.0591918608759,35.3121961186323,"Ashkelon 10 m"
2025-10-04 14:00:00,33.3,33.8337020389165,32.5681585845646,32.9205016604985,"Ashkelon 10 m"
2025-10-04 15:00:00,32,27.920152728078,31.1540541577881,30.255116526601,"Ashkelon 10 m"
2025-10-04 16:00:00,30.5,25.098583797363,29.4541183951113,28.6952706374204,"Ashkelon 10 m"
2025-10-04 17:00:00,29.5,24.4403301239672,29.205562019178,28.5277791977587,"Ashkelon 10 m"
2025-10-04 18:00:00,28.9,23.9758445888295,28.3204427582566,27.9218499332204,"Ashkelon 10 m"
2025-10-04 19:00:00,28.4,23.5159104412149,27.3425461813778,27.2781489437173,"Ashkelon 10 m"
2025-10-04 20:00:00,28,23.0822483358016,26.6216561186357,26.625088816606,"Ashkelon 10 m"
2025-10-04 21:00:00,27.7000000000001,22.6874045496772,26.7508235139793,25.9703802233527,"Ashkelon 10 m"
2025-10-04 22:00:00,27.4,22.6892440739412,26.9830887983838,25.5253127041597,"Ashkelon 10 m"
2025-10-04 23:00:00,27.1,22.5222511079045,26.8130599868248,25.4408070828648,"Ashkelon 10 m"
2025-06-09 09:00:00,36.5,36.1729561586497,36.4566257669706,37.6603335638163,"Ashkelon 15 m"
2025-06-09 10:00:00,39.4,40.1880234641324,39.6883502245325,42.1883996886502,"Ashkelon 15 m"
2025-06-09 11:00:00,41.1,48.4639728546529,41.2427608344212,46.1787844181447,"Ashkelon 15 m"
2025-06-09 12:00:00,41.9,49.7061884502996,41.9164261358263,44.9560186962713,"Ashkelon 15 m"
2025-06-09 13:00:00,40.9,46.1728217519254,41.1734879752677,43.4224030889005,"Ashkelon 15 m"
2025-06-09 14:00:00,39.6,40.1854084988507,39.306388402986,41.3881140013608,"Ashkelon 15 m"
2025-06-09 15:00:00,37.4,33.778187629007,36.6463552765217,38.6327275002228,"Ashkelon 15 m"
2025-06-09 16:00:00,34.6,26.1624460301565,34.1732830219602,33.9847955784963,"Ashkelon 15 m"
2025-06-09 17:00:00,31.8,22.7668415153033,31.3626692070778,29.4583774650103,"Ashkelon 15 m"
2025-06-09 18:00:00,29.9,22.0938819079996,29.5562045415855,27.8365038066507,"Ashkelon 15 m"
2025-06-09 19:00:00,28.5,21.8828841965166,28.1335254197381,26.8995043556658,"Ashkelon 15 m"
2025-06-09 20:00:00,27.5,21.7714023483363,27.2247661766325,26.1399350059596,"Ashkelon 15 m"
2025-06-09 21:00:00,26.7,21.693785120851,26.2998922676285,25.6237725514235,"Ashkelon 15 m"
2025-06-09 22:00:00,26.7,21.6977973016621,26.4169732625183,25.2588105234028,"Ashkelon 15 m"
2025-06-09 23:00:00,26.7,21.6497694746962,26.4497704356492,24.9249381319991,"Ashkelon 15 m"
2025-06-10,26.2,21.6146639642534,26.0630744543151,24.690676337224,"Ashkelon 15 m"
2025-06-10 01:00:00,26.2,21.4685248582789,25.8917112581528,24.137300178332,"Ashkelon 15 m"
2025-06-10 02:00:00,26.1,21.4087859309595,25.6787428375162,23.5346804774683,"Ashkelon 15 m"
2025-06-10 03:00:00,25.3,21.5539177613326,24.9707667497277,23.0794786171981,"Ashkelon 15 m"
2025-06-10 04:00:00,25.6,24.9777105788969,25.1718667315278,24.2117749194883,"Ashkelon 15 m"
2025-06-10 05:00:00,27.1,28.9428749893906,26.8272411228987,26.2058769081833,"Ashkelon 15 m"
2025-06-10 06:00:00,28.5,33.2842595062591,28.230472587382,27.7406584701873,"Ashkelon 15 m"
2025-06-10 07:00:00,32.2,35.6523602651282,32.4705136141346,31.4055178807898,"Ashkelon 15 m"
2025-06-10 08:00:00,35,36.6450019971052,35.3990519620162,35.1268917218366,"Ashkelon 15 m"
2025-06-10 09:00:00,36.7,36.4708008774371,36.9337832258761,38.2355811604113,"Ashkelon 15 m"
2025-06-10 10:00:00,39.8,38.5049677509418,40.0472669484881,41.6450281757465,"Ashkelon 15 m"
2025-06-10 11:00:00,41.5,47.2909246691562,41.2652607904902,46.5642377146579,"Ashkelon 15 m"
2025-06-10 12:00:00,42.2,49.3420065758724,42.0396925764771,45.2489580033321,"Ashkelon 15 m"
2025-06-10 13:00:00,41.7,45.8042131685574,41.3839735603685,43.7912296079953,"Ashkelon 15 m"
2025-06-10 14:00:00,39.4,39.6552703335226,39.640686264581,41.7110495521963,"Ashkelon 15 m"
2025-06-10 15:00:00,35.8,33.3371084973097,35.9500677964309,38.9376696392775,"Ashkelon 15 m"
2025-06-10 16:00:00,33.2,26.1271109864885,33.4965853311076,34.1331839845354,"Ashkelon 15 m"
2025-06-10 17:00:00,31.1,23.0525054118662,31.2921581809858,29.7192448756724,"Ashkelon 15 m"
2025-06-10 18:00:00,29.6,22.5152649430091,29.5797713918216,28.2732862976844,"Ashkelon 15 m"
2025-06-10 19:00:00,28.4,22.2737202202076,28.1495227772687,27.3846702133411,"Ashkelon 15 m"
2025-06-10 20:00:00,26.9,22.1298723585367,27.0845548281368,26.6207943327188,"Ashkelon 15 m"
2025-06-10 21:00:00,26,21.9080099824681,25.7747387184529,26.0072593454137,"Ashkelon 15 m"
2025-06-10 22:00:00,25.2,21.4660942106972,25.2115372889711,25.3501884489785,"Ashkelon 15 m"
2025-06-10 23:00:00,25.2,21.1594573018629,25.0733695160607,24.8569875714857,"Ashkelon 15 m"
2025-06-11,25.2,21.0733447771796,24.9988554919915,24.4694548350104,"Ashkelon 15 m"
2025-06-11 01:00:00,24.9,21.0210002213117,24.8160790821685,23.8948431759473,"Ashkelon 15 m"
2025-06-11 02:00:00,24.8,20.908222283087,24.4677416382588,23.4079609763243,"Ashkelon 15 m"
2025-06-11 03:00:00,24.9,21.2744376493325,24.6539411597602,22.9585397077431,"Ashkelon 15 m"
2025-06-11 04:00:00,25.5,24.6928907370045,25.0502699451749,24.305007073827,"Ashkelon 15 m"
2025-06-11 05:00:00,26.7,28.2810948057197,26.1728291077288,26.183364169123,"Ashkelon 15 m"
2025-06-11 06:00:00,28.2,32.025727360943,28.0969824889528,28.2300883228571,"Ashkelon 15 m"
2025-06-11 07:00:00,31.9,34.5445378707179,31.7972664362401,31.383109896017,"Ashkelon 15 m"
2025-06-11 08:00:00,34.6,36.3905482409582,35.1142562519434,35.1581475852117,"Ashkelon 15 m"
2025-06-11 09:00:00,36.4,37.2076244322039,36.7884378099042,38.7518148390032,"Ashkelon 15 m"
2025-06-11 10:00:00,39.6,46.2454358420653,39.4845722998496,44.4298476062102,"Ashkelon 15 m"
2025-06-11 11:00:00,41.3,53.4733229215922,40.8669315154363,46.3344030912699,"Ashkelon 15 m"
2025-06-11 12:00:00,42.2,53.4455428461943,42.622170626072,45.4126162867461,"Ashkelon 15 m"
2025-06-11 13:00:00,42.4,49.0857922295965,42.5937569474819,44.4647928933538,"Ashkelon 15 m"
2025-06-11 14:00:00,41.2,42.6029053944546,41.1341158763176,42.4491041916806,"Ashkelon 15 m"
2025-06-11 15:00:00,38.3,35.9923161965132,38.1298829658669,39.749471138072,"Ashkelon 15 m"
2025-06-11 16:00:00,34.8,27.9830091587729,34.47154709244,35.2156541935629,"Ashkelon 15 m"
2025-06-11 17:00:00,31.6,24.1532082131726,31.7662315721196,30.3473181298596,"Ashkelon 15 m"
2025-06-11 18:00:00,29.7,23.2505959279217,29.7761192014342,28.413206458775,"Ashkelon 15 m"
2025-06-11 19:00:00,28,22.9139635726644,27.9418506268062,27.1568243667318,"Ashkelon 15 m"
2025-06-11 20:00:00,26.9,22.5642280262426,26.7606878797256,26.3353733700231,"Ashkelon 15 m"
2025-06-11 21:00:00,26.4,22.0606499708345,25.9349230857445,25.6473332441499,"Ashkelon 15 m"
2025-06-11 22:00:00,25.4,21.6282497065681,25.2149464248411,25.1137643473762,"Ashkelon 15 m"
2025-06-11 23:00:00,25.7,21.368644241546,25.3374139395977,24.591359380935,"Ashkelon 15 m"
2025-06-12,25.4,21.2729797831381,25.2821452863432,24.1441197863424,"Ashkelon 15 m"
2025-06-12 01:00:00,25.2,21.264492219284,24.9899764832774,23.745474761322,"Ashkelon 15 m"
2025-06-12 02:00:00,24.2,21.0655883954868,24.1677181367391,23.2718404935703,"Ashkelon 15 m"
2025-06-12 03:00:00,23.5,21.1595672377326,23.8245258786999,22.6099082239844,"Ashkelon 15 m"
2025-06-12 04:00:00,24.4,25.4017236430136,24.2821336730417,24.085409780213,"Ashkelon 15 m"
2025-06-12 05:00:00,25.2,30.0562920935855,25.3556590942956,26.3110773928866,"Ashkelon 15 m"
2025-06-12 06:00:00,27.8,34.3242828801214,27.9955087781667,28.8089330151617,"Ashkelon 15 m"
2025-06-12 07:00:00,32.1,37.299252562834,32.5347967700612,32.3998003533613,"Ashkelon 15 m"
2025-06-12 08:00:00,35.5,38.6601467420183,35.7132004124036,35.7220080186449,"Ashkelon 15 m"
2025-06-12 09:00:00,37.5,41.7321204451427,38.217422062871,40.2097083834514,"Ashkelon 15 m"
2025-06-12 10:00:00,41.4,57.6471358820995,40.3202338191699,47.146655230244,"Ashkelon 15 m"
2025-06-12 11:00:00,42.9,60.520824671595,42.534115013999,45.5399849422859,"Ashkelon 15 m"
2025-06-12 12:00:00,43.3,56.7498864790679,43.7633551491604,45.3177528044463,"Ashkelon 15 m"
2025-06-12 13:00:00,42.8,50.7811688948832,43.0858939863558,44.6806845236979,"Ashkelon 15 m"
2025-06-12 14:00:00,40.9,43.3834479726746,41.0018146933792,42.5654900945618,"Ashkelon 15 m"
2025-06-12 15:00:00,38.3,36.9630828575777,38.2636784729439,39.9527095036196,"Ashkelon 15 m"
2025-06-12 16:00:00,35.1,28.7235796101904,35.0015307797216,35.5067507871008,"Ashkelon 15 m"
2025-06-12 17:00:00,31.6,24.3605775875854,31.8753577379685,30.6626424832153,"Ashkelon 15 m"
2025-06-12 18:00:00,29.7,22.8392737550024,29.6114702070576,28.4878128213171,"Ashkelon 15 m"
2025-06-12 19:00:00,28.2,22.2004021305785,28.0442515218988,27.0840605396972,"Ashkelon 15 m"
2025-06-12 20:00:00,26.9,21.566332899816,26.9732608619527,26.1474934451651,"Ashkelon 15 m"
2025-06-12 21:00:00,25.4,21.0061199303106,24.7976820589747,25.3462550278143,"Ashkelon 15 m"
2025-06-12 22:00:00,25.4,20.5683019458298,24.6852066635911,24.6725752650742,"Ashkelon 15 m"
2025-06-12 23:00:00,26.2,20.3162838209863,25.4618262400587,24.1568838347192,"Ashkelon 15 m"
2025-06-13,25.8,20.2210019270708,25.012110262701,23.7253645102312,"Ashkelon 15 m"
2025-06-13 01:00:00,24.6,20.1024554612948,24.2592762856495,23.3090766313387,"Ashkelon 15 m"
2025-06-13 02:00:00,24.6,20.261548679573,24.1528876820069,22.7101461107559,"Ashkelon 15 m"
2025-06-13 03:00:00,24.6,20.5858647186053,24.1542715069337,22.3754987079394,"Ashkelon 15 m"
2025-06-13 04:00:00,24.2,24.4861381212719,23.8022145730281,23.7695453325756,"Ashkelon 15 m"
2025-06-13 05:00:00,24.7,28.8227241252034,24.9340885568075,25.4588091586201,"Ashkelon 15 m"
2025-06-13 06:00:00,27.2,33.3523361424758,27.4879219622123,27.554406855519,"Ashkelon 15 m"
2025-06-13 07:00:00,31.8,36.5862784851358,32.0302088004524,31.7974362839029,"Ashkelon 15 m"
2025-06-13 08:00:00,35.7,38.3026725451604,35.9641972905595,36.0539981524602,"Ashkelon 15 m"
2025-06-13 09:00:00,38,49.3935428441306,37.739401018555,43.0152488530417,"Ashkelon 15 m"
2025-06-13 10:00:00,39.9,60.9942645620799,39.9239072755314,45.3370437216258,"Ashkelon 15 m"
2025-06-13 11:00:00,42.1,59.8360173723239,42.2988876398347,44.6417806169528,"Ashkelon 15 m"
2025-06-13 12:00:00,43.1,55.6365156934814,43.2512861665802,45.2676497266845,"Ashkelon 15 m"
2025-06-13 13:00:00,42.6,50.2946419644817,42.7816988552609,44.8664121556743,"Ashkelon 15 m"
2025-06-13 14:00:00,40.9,43.6336163031772,41.2652363715123,42.8311387049869,"Ashkelon 15 m"
2025-06-13 15:00:00,38.4,37.3445151518091,38.6193244843967,40.273799962829,"Ashkelon 15 m"
2025-06-13 16:00:00,35.2,29.2865391534959,35.2196449354697,35.7747102541124,"Ashkelon 15 m"
2025-06-13 17:00:00,31.8,24.9536154615981,31.7510060353685,31.1503379690749,"Ashkelon 15 m"
2025-06-13 18:00:00,30,23.8542401710674,30.1673414167801,29.2638161102459,"Ashkelon 15 m"
2025-06-13 19:00:00,28.8,23.3274748815651,28.796052374698,28.0669696821327,"Ashkelon 15 m"
2025-06-13 20:00:00,27.8,22.9604196961477,27.7551856430642,27.0398188050344,"Ashkelon 15 m"
2025-06-13 21:00:00,26.4,22.7457362581301,26.3499503938652,26.3533731866885,"Ashkelon 15 m"
2025-06-13 22:00:00,25.6,22.4916794369135,25.5891591017329,25.6702525684748,"Ashkelon 15 m"
2025-06-13 23:00:00,25.8,22.0845084904474,25.7348538108869,25.0236392735285,"Ashkelon 15 m"
2025-06-14,25.4,21.940115949286,25.4818285568034,24.8526287285218,"Ashkelon 15 m"
2025-06-14 01:00:00,24.5,21.6893326422144,24.7755043778457,24.3720194479395,"Ashkelon 15 m"
2025-06-14 02:00:00,24.5,21.5150262385282,24.738147862028,23.8219844370756,"Ashkelon 15 m"
2025-06-14 03:00:00,24.6,21.7163323074117,24.5594600951933,23.5792583137288,"Ashkelon 15 m"
2025-06-14 04:00:00,24.6,24.4583070681287,24.4644052652423,24.6617900536252,"Ashkelon 15 m"
2025-06-14 05:00:00,25.1,27.1428707874288,25.3333852570622,25.2544559276571,"Ashkelon 15 m"
2025-06-14 06:00:00,27.6,31.7542423887972,27.8183172969165,26.7095431967501,"Ashkelon 15 m"
2025-06-14 07:00:00,32,35.9995174949861,32.1073602714972,31.7089338844514,"Ashkelon 15 m"
2025-06-14 08:00:00,35.3,39.6066984794657,36.5214776804768,36.9141652248423,"Ashkelon 15 m"
2025-06-14 09:00:00,37.4,53.9766239197825,36.8244812664113,43.8549808533762,"Ashkelon 15 m"
2025-06-14 10:00:00,40.3,61.5103676733733,40.4630389695817,44.0966046271087,"Ashkelon 15 m"
2025-06-14 11:00:00,42.2,59.8412764616536,42.3079552397265,44.8245738096761,"Ashkelon 15 m"
2025-06-14 12:00:00,43.5,55.6402977362123,43.5878267826699,45.4476660147157,"Ashkelon 15 m"
2025-06-14 13:00:00,42.8,50.4329242211063,43.0203768751555,44.8210367661197,"Ashkelon 15 m"
2025-06-14 14:00:00,41.3,43.8910872073446,41.4847147417062,42.6496876807485,"Ashkelon 15 m"
2025-06-14 15:00:00,38.7,37.6149056859988,38.7496937272199,40.1221486040133,"Ashkelon 15 m"
2025-06-14 16:00:00,35.1,29.3677779304448,35.2353864920777,35.7666779624883,"Ashkelon 15 m"
2025-06-14 17:00:00,31.8,24.9702533412538,31.7962483099948,31.0410150218568,"Ashkelon 15 m"
2025-06-14 18:00:00,30,23.9678994327643,30.0554182707322,29.2393876224616,"Ashkelon 15 m"
2025-06-14 19:00:00,28.9,23.494258491088,28.8731269434599,28.0938611903678,"Ashkelon 15 m"
2025-06-14 20:00:00,28.1,23.3997846707268,28.2803376760356,27.2691856488152,"Ashkelon 15 m"
2025-06-14 21:00:00,27.3,23.0006817881221,27.0187019596427,26.6183766428584,"Ashkelon 15 m"
2025-06-14 22:00:00,26.4,22.4739608177929,26.2040050491145,25.8905953774242,"Ashkelon 15 m"
2025-06-14 23:00:00,26.2,21.7743297580871,26.0015503243393,25.1782430175933,"Ashkelon 15 m"
2025-07-27 01:00:00,25.5,23.1449147550214,25.59548274291,25.8534160939801,"Ashkelon 15 m"
2025-07-27 02:00:00,24.9,22.7959893408309,24.8093239880629,25.2803643408309,"Ashkelon 15 m"
2025-07-27 03:00:00,24.4,22.3036262937294,24.3856673279637,24.4213077970253,"Ashkelon 15 m"
2025-07-27 04:00:00,24.7,27.235227690939,24.8943341295773,25.0332740414181,"Ashkelon 15 m"
2025-07-27 05:00:00,25.6,36.888507110776,26.2973650313176,26.0077993699923,"Ashkelon 15 m"
2025-07-27 06:00:00,27.3,49.5343329809307,27.9024309887462,29.8148410223125,"Ashkelon 15 m"
2025-07-27 07:00:00,33.9,59.449153523839,34.28446274815,34.7732444814806,"Ashkelon 15 m"
2025-07-27 08:00:00,37.8,65.927796916083,38.4677577164793,39.2141032973086,"Ashkelon 15 m"
2025-07-27 09:00:00,38.9,68.9682509038144,40.4020649044881,42.7737909886533,"Ashkelon 15 m"
2025-07-27 10:00:00,45.5,70.3753710369352,45.312383871174,45.436251697946,"Ashkelon 15 m"
2025-07-27 11:00:00,48.8,68.1914984321218,47.921861391204,46.9245611762624,"Ashkelon 15 m"
2025-07-27 12:00:00,49,64.2209695869709,48.0689851905872,47.7909196907307,"Ashkelon 15 m"
2025-07-27 13:00:00,46.9,59.0557952200037,47.2462509517546,47.3735747610193,"Ashkelon 15 m"
2025-07-27 14:00:00,45.1,52.9935308547017,45.7014922618513,45.578755006313,"Ashkelon 15 m"
2025-07-27 15:00:00,42.7,46.2876257331272,42.5483399386491,42.8906552226444,"Ashkelon 15 m"
2025-07-27 16:00:00,39,37.6141512428442,39.21546524346,39.1320385967413,"Ashkelon 15 m"
2025-07-27 17:00:00,35.3,31.9950718866689,35.2828034265217,35.7422776209218,"Ashkelon 15 m"
2025-07-27 18:00:00,32.7,29.9258246556237,32.7907644614178,33.1334080830529,"Ashkelon 15 m"
2025-07-27 19:00:00,30.7,28.9341820633721,30.9454455659455,30.9479502594781,"Ashkelon 15 m"
2025-07-27 20:00:00,29.3,28.2617283283024,29.6695764285034,29.5100894389897,"Ashkelon 15 m"
2025-07-27 21:00:00,28.2,27.4017478846505,28.4984869367125,28.5446080588296,"Ashkelon 15 m"
2025-07-27 22:00:00,27.5,26.6344729693981,28.0141443529046,27.9782902034374,"Ashkelon 15 m"
2025-07-27 23:00:00,28.8,25.8215993722361,28.5458234291864,27.4380978425425,"Ashkelon 15 m"
2025-07-28,28.6,25.6001147711698,28.3949062189744,27.1801688158933,"Ashkelon 15 m"
2025-07-28 01:00:00,27.7,25.4023708339385,27.7100242164042,27.0234161849669,"Ashkelon 15 m"
2025-07-28 02:00:00,26.8,25.2716305125246,26.9503076435609,26.3065962660799,"Ashkelon 15 m"
2025-07-28 03:00:00,26.1,25.2497042508401,26.3118525369433,25.9086943955697,"Ashkelon 15 m"
2025-07-28 04:00:00,26.4,30.0956342325615,26.7468400381781,27.5668184862541,"Ashkelon 15 m"
2025-07-28 05:00:00,27.4,35.2522735941186,27.875057847698,28.0268507349267,"Ashkelon 15 m"
2025-07-28 06:00:00,28.6,43.9542112966692,29.2308850603465,30.9280043264544,"Ashkelon 15 m"
2025-07-28 07:00:00,34.3,56.6571499555994,34.984409108546,35.337234184115,"Ashkelon 15 m"
2025-07-28 08:00:00,37.4,64.8779409035232,38.1235522490305,39.1975228889968,"Ashkelon 15 m"
2025-07-28 09:00:00,39.1,69.2684425483057,40.2896159007118,42.7642482886621,"Ashkelon 15 m"
2025-07-28 10:00:00,44.8,70.5427578114125,44.3245232024395,45.4119651936146,"Ashkelon 15 m"
2025-07-28 11:00:00,48.1,67.2609405551437,47.1696929099608,46.1961593661789,"Ashkelon 15 m"
2025-07-28 12:00:00,48.7,62.314149334331,47.4620208031758,47.1654829524951,"Ashkelon 15 m"
2025-07-28 13:00:00,48,55.985544675009,47.3305371989207,46.5156292849944,"Ashkelon 15 m"
2025-07-28 14:00:00,45.9,48.9129092134597,45.5569040029308,44.8088108934524,"Ashkelon 15 m"
2025-07-28 15:00:00,42.2,41.8871811530563,41.949888692632,42.3930426738235,"Ashkelon 15 m"
2025-07-28 16:00:00,38.8,34.2649720227843,38.4214520215388,38.3677518880492,"Ashkelon 15 m"
2025-07-28 17:00:00,34.8,29.8819236029318,34.5125943866974,33.7475327719381,"Ashkelon 15 m"
2025-07-28 18:00:00,32.3,28.6979953715583,32.0358163346535,30.9019572207709,"Ashkelon 15 m"
2025-07-28 19:00:00,30.5,28.2361900643908,30.2664535756036,29.7513294057452,"Ashkelon 15 m"
2025-07-28 20:00:00,29,27.6465411220831,29.400991414196,28.9840588604254,"Ashkelon 15 m"
2025-07-28 21:00:00,28.4,26.8515170476512,28.6287196039346,28.2596755883769,"Ashkelon 15 m"
2025-07-28 22:00:00,27.8,26.0785167193261,28.2019794584316,27.9375550722924,"Ashkelon 15 m"
2025-07-28 23:00:00,27.4,25.6623758730855,27.7368682007812,27.742788499352,"Ashkelon 15 m"
2025-07-29,27.2,25.4500092598033,27.4593016407493,27.6343039604259,"Ashkelon 15 m"
2025-07-29 01:00:00,27.1,25.3423192514989,26.9563337250806,27.4653413309667,"Ashkelon 15 m"
2025-07-29 02:00:00,26.4,25.4636702811426,26.4698142184092,27.2615213668054,"Ashkelon 15 m"
2025-07-29 03:00:00,25.9,25.5533178029943,26.0208786288492,26.5753050027776,"Ashkelon 15 m"
2025-07-29 04:00:00,26.1,29.5675614489841,27.4892066512476,27.7045140876102,"Ashkelon 15 m"
2025-07-29 05:00:00,27.6,33.2790146961331,27.603507506916,27.5645390644192,"Ashkelon 15 m"
2025-07-29 06:00:00,28.7,40.7408135756532,29.2943076883677,30.6344025954286,"Ashkelon 15 m"
2025-07-29 07:00:00,33.8,49.6063871837196,33.6005967934471,32.4049902415809,"Ashkelon 15 m"
2025-07-29 08:00:00,37.7,57.5857851537223,37.4753461319106,35.2977182897086,"Ashkelon 15 m"
2025-07-29 09:00:00,39.9,63.9540124987254,39.9790046683496,40.4970422838816,"Ashkelon 15 m"
2025-07-29 10:00:00,43.4,66.2707666880407,43.8796150215014,44.2819303995885,"Ashkelon 15 m"
2025-07-29 11:00:00,45.4,64.8212744735241,45.7634129980649,46.244770719862,"Ashkelon 15 m"
2025-07-29 12:00:00,46.4,60.3697480964577,46.7444440736703,46.9363002586281,"Ashkelon 15 m"
2025-07-29 13:00:00,44.7,54.671069951419,45.2275780120286,46.4945715383331,"Ashkelon 15 m"
2025-07-29 14:00:00,43.6,47.9278480194212,43.8846593168194,44.7833806656004,"Ashkelon 15 m"
2025-07-29 15:00:00,40.7,40.9826232764999,40.9420931936808,42.06714457014,"Ashkelon 15 m"
2025-07-29 16:00:00,36.8,33.2910434853405,36.9951677275279,38.139002526936,"Ashkelon 15 m"
2025-07-29 17:00:00,33.7,29.3410421023089,33.8204965236488,33.8553066858966,"Ashkelon 15 m"
2025-07-29 18:00:00,32.1,28.535370809546,32.1751968648574,31.6839334793,"Ashkelon 15 m"
2025-07-29 19:00:00,31,28.0813408550333,30.9426888970462,30.5565715488504,"Ashkelon 15 m"
2025-07-29 20:00:00,30.4,27.6562108694721,30.4214469892645,29.5035490690876,"Ashkelon 15 m"
2025-07-29 21:00:00,29.9,27.3732821889723,29.688161380886,28.8688733526076,"Ashkelon 15 m"
2025-07-29 22:00:00,29.5,26.9157075975122,29.3357772860935,28.5115971658411,"Ashkelon 15 m"
2025-07-29 23:00:00,29.4,26.1863845238313,29.0548934812305,27.8977309116945,"Ashkelon 15 m"
2025-07-30,28.7,26.0827551606418,28.664857747676,27.7760430100681,"Ashkelon 15 m"
2025-07-30 01:00:00,28.3,25.7819610703336,28.1678690416044,27.4188562500821,"Ashkelon 15 m"
2025-07-30 02:00:00,27.9,25.7922041801291,27.8767912100946,27.1617436794119,"Ashkelon 15 m"
2025-07-30 03:00:00,26.9,25.6654837851174,27.0709479341945,26.5905116324074,"Ashkelon 15 m"
2025-07-30 04:00:00,27.3,28.6806693866619,27.7752529291311,26.8338790729412,"Ashkelon 15 m"
2025-07-30 05:00:00,28.7,32.9557186345296,28.1667304893245,27.495999930306,"Ashkelon 15 m"
2025-07-30 06:00:00,29.6,41.0503704460751,29.4029943771422,30.1586553963314,"Ashkelon 15 m"
2025-07-30 07:00:00,34.6,51.1411650831435,33.5956770983263,33.1890109235976,"Ashkelon 15 m"
2025-07-30 08:00:00,38.7,58.0223713758581,38.1198151162375,35.1934700849645,"Ashkelon 15 m"
2025-07-30 09:00:00,41.4,63.4970594434063,40.4576453456896,39.640932658128,"Ashkelon 15 m"
2025-07-30 10:00:00,42.6,69.0685052709373,42.6531807966209,44.6347265081199,"Ashkelon 15 m"
2025-07-30 11:00:00,43.7,66.1048876013386,44.9939401009179,45.5176416601765,"Ashkelon 15 m"
2025-07-30 12:00:00,45.5,59.8497391746391,45.9178270775793,46.1474715278495,"Ashkelon 15 m"
2025-07-30 13:00:00,45.8,53.9138442196847,46.0173319715546,45.9972726025582,"Ashkelon 15 m"
2025-07-30 14:00:00,43.6,47.4638464585767,43.754698749609,44.2323172227369,"Ashkelon 15 m"
2025-07-30 15:00:00,40.8,40.769969555155,40.9380188068943,41.5682800734198,"Ashkelon 15 m"
2025-07-30 16:00:00,37.6,32.9727573975449,37.5014166682261,37.5535054787522,"Ashkelon 15 m"
2025-07-30 17:00:00,33.9,28.5405720102674,33.5184862529048,33.3364733087903,"Ashkelon 15 m"
2025-07-30 18:00:00,31.7,27.3294450929393,31.4610920084235,31.1866514375438,"Ashkelon 15 m"
2025-07-30 19:00:00,30.3,26.7161128049148,30.1338899085093,30.0068408971084,"Ashkelon 15 m"
2025-07-30 20:00:00,29.5,26.3879236699348,29.6225438278901,28.9905404568916,"Ashkelon 15 m"
2025-07-30 21:00:00,29.1,26.0634747402044,28.8357682454239,28.1546944038244,"Ashkelon 15 m"
2025-07-30 22:00:00,28.4,25.0418314284276,28.3512833134867,27.4194285220098,"Ashkelon 15 m"
2025-07-30 23:00:00,28.1,24.4245642057517,28.2025758347823,26.9890969625571,"Ashkelon 15 m"
2025-07-31,27.7,24.229851665323,27.8660980243881,26.78879493696,"Ashkelon 15 m"
2025-07-31 01:00:00,26.9,23.8355159711785,27.24381944202,26.3314838361687,"Ashkelon 15 m"
2025-07-31 02:00:00,26.3,23.6760461443532,26.6395642311186,25.8429339045156,"Ashkelon 15 m"
2025-07-31 03:00:00,25.8,23.6546621624199,26.2764909247075,25.2157025638786,"Ashkelon 15 m"
2025-07-31 04:00:00,26.8,25.5350171422633,26.4318892963375,25.5021151399287,"Ashkelon 15 m"
2025-07-31 05:00:00,28.3,27.9231339262503,27.3710573116042,26.1284800337332,"Ashkelon 15 m"
2025-07-31 06:00:00,30,29.9418882275355,28.9614308351456,27.9811411047709,"Ashkelon 15 m"
2025-07-31 07:00:00,31.2,32.3092233359756,30.7033286062748,30.1641847312393,"Ashkelon 15 m"
2025-07-31 08:00:00,36.7,34.779863799307,36.6622625809714,34.0073591119977,"Ashkelon 15 m"
2025-07-31 09:00:00,40.3,36.1056278868021,39.6127622276184,37.6421135587992,"Ashkelon 15 m"
2025-07-31 10:00:00,44.3,36.634860276911,42.4506676827587,40.0810458657477,"Ashkelon 15 m"
2025-07-31 11:00:00,46.3,47.2487330726739,43.949156363012,46.8444743446466,"Ashkelon 15 m"
2025-07-31 12:00:00,47.3,53.1442736606411,45.5098010653131,47.7647313098721,"Ashkelon 15 m"
2025-07-31 13:00:00,47.1,50.3285254521858,45.9433153722293,45.3384598775398,"Ashkelon 15 m"
2025-07-31 14:00:00,45.4,44.9054538270158,44.6423350246978,43.6622199078721,"Ashkelon 15 m"
2025-07-31 15:00:00,42.5,38.322380302434,41.8751664950582,41.0564980487871,"Ashkelon 15 m"
2025-07-31 16:00:00,38.6,31.0847373858216,37.939878792016,36.9520593539002,"Ashkelon 15 m"
2025-07-31 17:00:00,34.7,27.3081658634604,34.4278122907959,32.7922447475852,"Ashkelon 15 m"
2025-07-31 18:00:00,32.5,26.2553228037668,31.9317462516477,30.8595307963205,"Ashkelon 15 m"
2025-07-31 19:00:00,31.3,25.6732719846666,30.6306480473169,29.4919365354478,"Ashkelon 15 m"
2025-07-31 20:00:00,30.2,25.2983520317515,29.8987382754234,28.3336105633219,"Ashkelon 15 m"
2025-07-31 21:00:00,29.3,24.7878868969128,29.081309171161,27.5117686184094,"Ashkelon 15 m"
2025-07-31 22:00:00,28.7,24.2565179571725,28.5704574070444,27.1753168806649,"Ashkelon 15 m"
2025-07-31 23:00:00,28.7,24.010008148311,28.4709613560005,26.9842906514391,"Ashkelon 15 m"
2025-08-01,28.3,23.913654239639,28.1978046581896,26.6376499252164,"Ashkelon 15 m"
2025-08-01 01:00:00,27.9,23.651989239396,27.7617401400175,26.2347760378732,"Ashkelon 15 m"
2025-08-01 02:00:00,27.9,23.5624277230477,27.5616141209074,25.8536879655099,"Ashkelon 15 m"
2025-08-01 03:00:00,27.8,23.6977735224537,27.1568180955273,25.238790101128,"Ashkelon 15 m"
2025-08-01 04:00:00,28,26.3124180812173,27.4553360077411,25.8658197898202,"Ashkelon 15 m"
2025-08-01 05:00:00,28.5,29.4734560831085,27.7045101867315,26.7576352937713,"Ashkelon 15 m"
2025-08-01 06:00:00,30,36.4018321249279,29.7264699123397,29.2285814497265,"Ashkelon 15 m"
2025-08-01 07:00:00,32.3,44.8497210270255,31.2312528727378,31.9834118610709,"Ashkelon 15 m"
2025-08-01 08:00:00,35.5,50.994478227369,34.222241659376,31.8012886063973,"Ashkelon 15 m"
2025-08-01 09:00:00,38.9,57.1366438790234,38.157663475578,36.9778666420849,"Ashkelon 15 m"
2025-08-01 10:00:00,43.1,61.2794446355098,42.330510915003,41.7332009679073,"Ashkelon 15 m"
2025-08-01 11:00:00,45.3,61.1268935769089,44.3018807801236,44.4484706490525,"Ashkelon 15 m"
2025-08-01 12:00:00,46,58.1391772298266,46.0615336039073,45.6700371770312,"Ashkelon 15 m"
2025-08-01 13:00:00,45.7,52.9634245197979,46.1246080286013,45.7116392414776,"Ashkelon 15 m"
2025-08-01 14:00:00,44.3,46.7420574008391,44.3481544264031,43.6666959105895,"Ashkelon 15 m"
2025-08-01 15:00:00,41.8,39.9543501348647,41.5092223394206,40.7928122491988,"Ashkelon 15 m"
2025-08-01 16:00:00,38.3,32.2789749610917,38.0371657116874,36.8578743446366,"Ashkelon 15 m"
2025-08-01 17:00:00,34.3,28.1607829959265,34.1109031440821,33.0918304355017,"Ashkelon 15 m"
2025-08-01 18:00:00,32.1,26.8738366972529,31.889103049632,30.6872884642207,"Ashkelon 15 m"
2025-08-01 19:00:00,30.9,26.2796889535178,30.6021207144447,29.1843079320182,"Ashkelon 15 m"
2025-08-01 20:00:00,29.9,25.7740014575241,29.6331659486487,28.2529157183884,"Ashkelon 15 m"
2025-08-01 21:00:00,29.3,25.3696101352475,29.1073149728964,27.7725651904843,"Ashkelon 15 m"
2025-08-01 22:00:00,28.8,24.7560703657191,28.6868000067233,27.2068867586177,"Ashkelon 15 m"
2025-08-01 23:00:00,28.1,24.1367030875076,28.0667786811781,26.5876575247635,"Ashkelon 15 m"
2025-08-02,27.7,23.8856678334417,27.5909742151259,26.1991963711919,"Ashkelon 15 m"
2025-08-02 01:00:00,26.9,23.786616142858,27.0758644064668,25.8653376661429,"Ashkelon 15 m"
2025-08-02 02:00:00,26.5,23.6339883907359,26.6591675352639,25.4970221622508,"Ashkelon 15 m"
2025-08-02 03:00:00,25.9,23.5353477117876,26.0571322644261,24.8362360117296,"Ashkelon 15 m"
2025-08-02 04:00:00,26,25.6318166364743,25.729547411299,24.9212839712216,"Ashkelon 15 m"
2025-08-02 05:00:00,26.7,28.8311026355991,26.548583172247,25.8710592052707,"Ashkelon 15 m"
2025-08-02 06:00:00,28.3,32.1194965822906,28.2915323603008,28.2610070688934,"Ashkelon 15 m"
2025-08-02 07:00:00,33.6,35.7119185871629,33.351061156191,31.5891578144578,"Ashkelon 15 m"
2025-08-02 08:00:00,38.1,37.7623490517258,38.1518679868558,35.8141532366394,"Ashkelon 15 m"
2025-08-02 09:00:00,40.2,37.6629153894446,39.9617585739916,39.4125515626929,"Ashkelon 15 m"
2025-08-02 10:00:00,43.7,38.4644304335886,42.7115245542426,41.0372959197336,"Ashkelon 15 m"
2025-08-02 11:00:00,46,39.2405586283256,44.8442587938179,43.5127697031547,"Ashkelon 15 m"
2025-08-02 12:00:00,46.8,46.4361482125704,43.7372626895734,47.7269213658755,"Ashkelon 15 m"
2025-08-02 13:00:00,46.4,46.2284694276147,43.5229897413005,44.8209753594689,"Ashkelon 15 m"
2025-08-02 14:00:00,44.3,43.2785797451079,43.4762399204083,43.3536930416167,"Ashkelon 15 m"
2025-08-02 15:00:00,41,37.5774440866338,40.5153492210977,41.2675566774236,"Ashkelon 15 m"
2025-08-02 16:00:00,37.6,30.8058044160962,36.9631625955309,36.8961350168347,"Ashkelon 15 m"
2025-08-02 17:00:00,34.1,27.0365252195271,33.8703591612407,32.8421668706807,"Ashkelon 15 m"
2025-08-02 18:00:00,32.2,25.9316981301613,32.2493167114861,30.8446906075783,"Ashkelon 15 m"
2025-08-02 19:00:00,31,25.5008757099693,30.7091931011512,29.6843979343956,"Ashkelon 15 m"
2025-08-02 20:00:00,30.2,25.2212615038185,29.9720946868728,28.7472367311745,"Ashkelon 15 m"
2025-08-02 21:00:00,29.6,24.9701539664435,29.1397660968886,27.9541784911322,"Ashkelon 15 m"
2025-08-02 22:00:00,29.1,24.7602897770893,28.8984131962358,27.1562591679584,"Ashkelon 15 m"
2025-08-02 23:00:00,28.7,24.5009969271071,28.5583862187806,26.604863265837,"Ashkelon 15 m"
2025-08-17 01:00:00,28,25.3303999951838,28.0550201470239,27.0500867417811,"Ashkelon 15 m"
2025-08-17 02:00:00,27.8,25.1861255187892,27.6947689534177,26.4961047191524,"Ashkelon 15 m"
2025-08-17 03:00:00,27.7,25.1501188753129,27.7796767077301,25.3735886095048,"Ashkelon 15 m"
2025-08-17 04:00:00,27.6,26.217349810654,27.5142638630797,24.4072394800723,"Ashkelon 15 m"
2025-08-17 05:00:00,28.6,36.477835365873,28.1816602109119,27.1530215230996,"Ashkelon 15 m"
2025-08-17 06:00:00,28.8,42.0325839385462,29.327506918604,29.2673385009241,"Ashkelon 15 m"
2025-08-17 07:00:00,34.6,52.2308693949962,34.2737676769368,32.7277051036144,"Ashkelon 15 m"
2025-08-17 08:00:00,40,60.0427258850219,38.8189857292111,35.7098382354858,"Ashkelon 15 m"
2025-08-17 09:00:00,41.6,64.5474083715178,41.2004626962825,40.2087681585051,"Ashkelon 15 m"
2025-08-17 10:00:00,46.1,63.9266285572138,44.6295876855682,43.0006756458368,"Ashkelon 15 m"
2025-08-17 11:00:00,47.7,62.0884622892329,46.0382503076737,45.1863111814448,"Ashkelon 15 m"
2025-08-17 12:00:00,47.6,57.7383403834529,46.4513407549078,45.7006845530696,"Ashkelon 15 m"
2025-08-17 13:00:00,45.9,52.1953465773245,45.4698902144487,45.0123278929373,"Ashkelon 15 m"
2025-08-17 14:00:00,43.7,45.5336360913757,43.55366411312,43.2631258946899,"Ashkelon 15 m"
2025-08-17 15:00:00,40.7,38.6849580594161,40.35006617873,40.4965515919784,"Ashkelon 15 m"
2025-08-17 16:00:00,37.1,31.9694495310349,36.4706848056281,36.9263091196579,"Ashkelon 15 m"
2025-08-17 17:00:00,33.9,29.0454688608621,33.5436882136229,33.626357609031,"Ashkelon 15 m"
2025-08-17 18:00:00,32.2,28.520759890842,32.0098938190064,32.2665713532443,"Ashkelon 15 m"
2025-08-17 19:00:00,30.9,28.2069393489707,30.708383936665,31.2196351383079,"Ashkelon 15 m"
2025-08-17 20:00:00,30.5,27.810371159239,30.194723755365,30.2065982805922,"Ashkelon 15 m"
2025-08-17 21:00:00,29.5,27.4951802872186,29.3515654866608,29.2441743992334,"Ashkelon 15 m"
2025-08-17 22:00:00,28.9,26.9888811244236,28.8325602640994,28.5942225589024,"Ashkelon 15 m"
2025-08-17 23:00:00,28.6,26.5510234664676,28.5064343407213,28.2784395049808,"Ashkelon 15 m"
2025-08-18,28.5,26.4808676408301,28.3959113669205,28.1156807111273,"Ashkelon 15 m"
2025-08-18 01:00:00,28.1,26.0162867087675,28.0295556239389,27.7380822676969,"Ashkelon 15 m"
2025-08-18 02:00:00,27.8,25.9029502324151,27.7812596060785,27.2178072384881,"Ashkelon 15 m"
2025-08-18 03:00:00,28,25.6992681008743,27.7325753747919,26.0902321320938,"Ashkelon 15 m"
2025-08-18 04:00:00,27.8,26.2530879620581,27.5894631331599,24.5243228320151,"Ashkelon 15 m"
2025-08-18 05:00:00,28.4,33.7495664630202,27.8461489214351,25.7549556765822,"Ashkelon 15 m"
2025-08-18 06:00:00,29.2,41.9319233025024,29.0874316194482,28.6082176292846,"Ashkelon 15 m"
2025-08-18 07:00:00,34.2,52.4389454194889,33.8891619824251,32.6869045564518,"Ashkelon 15 m"
2025-08-18 08:00:00,39.8,59.6896031469384,38.8177318654688,35.8703721136132,"Ashkelon 15 m"
2025-08-18 09:00:00,42.7,64.2272989658905,41.5855467190354,40.2950804142548,"Ashkelon 15 m"
2025-08-18 10:00:00,41,64.9144656299089,41.9739948905169,43.0720927356218,"Ashkelon 15 m"
2025-08-18 11:00:00,44.1,63.0541135514934,44.2971650964333,44.9403516496379,"Ashkelon 15 m"
2025-08-18 12:00:00,46.1,59.0214380305489,45.8191409785178,45.9914983790596,"Ashkelon 15 m"
2025-08-18 13:00:00,45.4,52.9559718135647,45.1659602682622,45.4138790134243,"Ashkelon 15 m"
2025-08-18 14:00:00,43.5,45.6157428487898,43.4292281354739,43.4687763914229,"Ashkelon 15 m"
2025-08-18 15:00:00,40.5,38.2995158613382,40.3296461540737,40.5142091692148,"Ashkelon 15 m"
2025-08-18 16:00:00,36.8,31.4810578309525,36.4769067706011,36.6575800858963,"Ashkelon 15 m"
2025-08-18 17:00:00,33.5,28.3570276646128,33.3725754325746,33.1619521526804,"Ashkelon 15 m"
2025-08-18 18:00:00,31.6,27.5386865312268,31.6493167156543,31.6111571962048,"Ashkelon 15 m"
2025-08-18 19:00:00,30.5,26.9589502195031,30.3585880809852,30.2100247720391,"Ashkelon 15 m"
2025-08-18 20:00:00,29.4,26.3893937060348,29.1973275776835,28.8307391592971,"Ashkelon 15 m"
2025-08-18 21:00:00,28.5,25.8366152108,28.228069364962,27.5741523564146,"Ashkelon 15 m"
2025-08-18 22:00:00,27,25.2673201500618,27.2356145244334,27.1484970986092,"Ashkelon 15 m"
2025-08-18 23:00:00,26.2,24.7496838473132,26.816616797851,26.7706544302752,"Ashkelon 15 m"
2025-08-19,25.7,24.4721109806251,26.3497217145562,26.4144074855995,"Ashkelon 15 m"
2025-08-19 01:00:00,25.3,23.8449893838349,25.8143883605589,25.6147120839539,"Ashkelon 15 m"
2025-08-19 02:00:00,24.8,23.7181163872764,25.3508583385895,25.0656386460349,"Ashkelon 15 m"
2025-08-19 03:00:00,24.4,23.3563438161333,25.0381212060684,24.291446755739,"Ashkelon 15 m"
2025-08-19 04:00:00,24.5,24.3235173440154,24.9861809962367,23.3123591160949,"Ashkelon 15 m"
2025-08-19 05:00:00,25.6,34.6987246460319,25.7165527392447,25.8225535339714,"Ashkelon 15 m"
2025-08-19 06:00:00,27.1,44.2169524903393,27.6340091548443,29.2782718415356,"Ashkelon 15 m"
2025-08-19 07:00:00,31.6,56.4704485161233,32.2489537756349,33.6038179619241,"Ashkelon 15 m"
2025-08-19 08:00:00,37.4,65.7328878720823,38.4920279804371,38.1428476651731,"Ashkelon 15 m"
2025-08-19 09:00:00,39.4,68.2566531746922,40.4019158463735,41.3419974892674,"Ashkelon 15 m"
2025-08-19 10:00:00,44.6,67.7732506881938,43.8645732652316,43.5933953415141,"Ashkelon 15 m"
2025-08-19 11:00:00,46.6,65.5106854316916,46.1680082611543,45.2894368049826,"Ashkelon 15 m"
2025-08-19 12:00:00,47.2,61.6032238595715,46.7152879606885,45.7947998635998,"Ashkelon 15 m"
2025-08-19 13:00:00,46.3,55.5146966929959,46.1302671402736,45.1143308635281,"Ashkelon 15 m"
2025-08-19 14:00:00,44.1,48.1387872760818,44.3897526032157,43.248322493367,"Ashkelon 15 m"
2025-08-19 15:00:00,40.8,40.3819722070158,40.9409757809685,40.4839309586943,"Ashkelon 15 m"
2025-08-19 16:00:00,37.1,32.8937521703927,37.1066241739342,36.9947014578073,"Ashkelon 15 m"
2025-08-19 17:00:00,33.9,29.4915630090805,33.9136383800082,33.5964724290939,"Ashkelon 15 m"
2025-08-19 18:00:00,31.8,28.4321488730756,31.9549348347974,31.7640735499707,"Ashkelon 15 m"
2025-08-19 19:00:00,30.2,27.7444975873524,30.1643724710364,30.126192142635,"Ashkelon 15 m"
2025-08-19 20:00:00,28.8,26.9973865440589,29.0136968051391,29.025407164405,"Ashkelon 15 m"
2025-08-19 21:00:00,27.6,26.1298749067053,27.8099525267363,28.1150419332251,"Ashkelon 15 m"
2025-08-19 22:00:00,26.9,25.4048135002734,27.1002663586607,27.3318757732989,"Ashkelon 15 m"
2025-08-19 23:00:00,26.3,24.7625028298857,26.7138839740631,26.4964548753264,"Ashkelon 15 m"
2025-08-20,25.8,24.3986414107201,26.1830606707628,26.0800343188164,"Ashkelon 15 m"
2025-08-20 01:00:00,25.3,23.5577241261639,25.6865997573912,25.2450412591137,"Ashkelon 15 m"
2025-08-20 02:00:00,24.8,23.0849900145325,25.1184064737211,24.7015032667908,"Ashkelon 15 m"
2025-08-20 03:00:00,24.4,22.7369233202087,24.8001466780691,23.6564440559494,"Ashkelon 15 m"
2025-08-20 04:00:00,24.4,23.5949040011347,24.7952172590791,22.6180288151682,"Ashkelon 15 m"
2025-08-20 05:00:00,25.6,35.2362308613378,25.9657251017142,25.9864864460546,"Ashkelon 15 m"
2025-08-20 06:00:00,27,45.3372297597702,27.9802893754913,29.9900255513962,"Ashkelon 15 m"
2025-08-20 07:00:00,31.8,59.7206324475407,33.4360779584546,35.7699736493229,"Ashkelon 15 m"
2025-08-20 08:00:00,39,67.0821918612162,39.1567852224055,39.0462745791117,"Ashkelon 15 m"
2025-08-20 09:00:00,41.7,68.6689416407476,41.2074056030531,41.5883256434332,"Ashkelon 15 m"
2025-08-20 10:00:00,40.9,68.5064127978548,41.8795088237606,44.0038893756136,"Ashkelon 15 m"
2025-08-20 11:00:00,44.6,65.4339660743501,44.8852023752082,45.2147411445405,"Ashkelon 15 m"
2025-08-20 12:00:00,47.1,60.894618245927,46.8946015385587,45.7808544367229,"Ashkelon 15 m"
2025-08-20 13:00:00,46.9,54.9095456593516,46.3532239013233,45.204969167042,"Ashkelon 15 m"
2025-08-20 14:00:00,44.9,47.8554755224769,44.4652085647864,43.3843966497962,"Ashkelon 15 m"
2025-08-20 15:00:00,41.7,40.3505009064663,41.335874825775,40.5659335503567,"Ashkelon 15 m"
2025-08-20 16:00:00,37.8,32.9844405834499,37.4944072085224,36.9899108593288,"Ashkelon 15 m"
2025-08-20 17:00:00,34.2,29.4655382552711,34.090181481879,33.3434879699317,"Ashkelon 15 m"
2025-08-20 18:00:00,32.2,28.5192790179917,32.0017588153874,31.16406895215,"Ashkelon 15 m"
2025-08-20 19:00:00,30.8,27.9459519406363,30.5879153193702,29.866264822106,"Ashkelon 15 m"
2025-08-20 20:00:00,29.9,27.3272443205059,29.900362788857,28.9898374468029,"Ashkelon 15 m"
2025-08-20 21:00:00,29.3,26.711879643383,29.0543621400398,28.2312275494957,"Ashkelon 15 m"
2025-08-20 22:00:00,29.2,26.2369831060638,29.0546714987744,27.9762115930786,"Ashkelon 15 m"
2025-08-20 23:00:00,28.8,25.906548116112,28.6287982101578,27.6948522066119,"Ashkelon 15 m"
2025-08-21,28.6,25.7304947650736,28.430037779615,27.3469805991953,"Ashkelon 15 m"
2025-08-21 01:00:00,27.4,25.8241290485047,27.423877252379,27.3610653316163,"Ashkelon 15 m"
2025-08-21 02:00:00,26.9,25.6685072160789,26.9654580437485,26.9400879121849,"Ashkelon 15 m"
2025-08-21 03:00:00,26.3,25.6204727114892,26.3815458015861,26.2580709876275,"Ashkelon 15 m"
2025-08-21 04:00:00,26.3,26.2256039215693,26.4833806903574,25.6836067272791,"Ashkelon 15 m"
2025-08-21 05:00:00,27.2,32.3366109457229,27.2763120431265,26.8115827169631,"Ashkelon 15 m"
2025-08-21 06:00:00,28.7,37.4554371636976,29.0558581995074,27.5701107781996,"Ashkelon 15 m"
2025-08-21 07:00:00,31.9,46.6480780104123,31.5869263168609,30.3877954939328,"Ashkelon 15 m"
2025-08-21 08:00:00,37.3,57.7064369611181,36.9523495371607,35.3391216687597,"Ashkelon 15 m"
2025-08-21 09:00:00,39.1,62.0916618998518,39.2724193439358,40.1503567393293,"Ashkelon 15 m"
2025-08-21 10:00:00,43,65.7437861089122,42.9943256207248,43.4628622655284,"Ashkelon 15 m"
2025-08-21 11:00:00,45.6,64.1245868654157,45.7228861498037,45.3654849977399,"Ashkelon 15 m"
2025-08-21 12:00:00,46.8,59.6501133950912,46.5543930348513,45.9677947076522,"Ashkelon 15 m"
2025-08-21 13:00:00,46.1,54.1116655265007,45.9548925643523,45.3999917899284,"Ashkelon 15 m"
2025-08-21 14:00:00,44.1,46.8733532447767,44.1617897490295,43.4883005638075,"Ashkelon 15 m"
2025-08-21 15:00:00,40.9,39.4138529554047,40.9297525321094,40.4443309560456,"Ashkelon 15 m"
2025-08-21 16:00:00,37.1,32.2645996601346,36.7500664837151,36.7155016453031,"Ashkelon 15 m"
2025-08-21 17:00:00,34,28.9381139004567,33.7341191510825,33.1093270504811,"Ashkelon 15 m"
2025-08-21 18:00:00,32,28.1910513628597,31.9070508003206,31.3051584948177,"Ashkelon 15 m"
2025-08-21 19:00:00,30.9,27.8031533853465,30.7070680364234,29.9195064203196,"Ashkelon 15 m"
2025-08-21 20:00:00,29.6,27.3055500332924,29.5409717970893,28.7734765355202,"Ashkelon 15 m"
2025-08-21 21:00:00,27.9,26.6910784155672,28.0726801495185,27.8180372626131,"Ashkelon 15 m"
2025-08-21 22:00:00,27.3,26.4179161425576,27.654289752158,27.522421681498,"Ashkelon 15 m"
2025-08-21 23:00:00,26.6,26.1319791261691,27.1202502291402,27.3966340009707,"Ashkelon 15 m"
2025-08-22,26.2,25.939454003283,26.6239971024714,27.1618913850274,"Ashkelon 15 m"
2025-08-22 01:00:00,25.9,25.410642396696,26.1030384434493,26.5620262734965,"Ashkelon 15 m"
2025-08-22 02:00:00,25.5,25.1046314974725,25.7440906789442,26.0943940421045,"Ashkelon 15 m"
2025-08-22 03:00:00,25.2,24.7420753873986,25.4499005608932,25.1344284452599,"Ashkelon 15 m"
2025-08-22 04:00:00,25.4,25.2369792100754,25.5282651540518,24.0258302327957,"Ashkelon 15 m"
2025-08-22 05:00:00,26.5,33.1678970938144,26.5661666138582,26.0358465795932,"Ashkelon 15 m"
2025-08-22 06:00:00,27.6,39.1335946040995,27.7764478175853,27.4595261531718,"Ashkelon 15 m"
2025-08-22 07:00:00,30.8,51.7214763657607,31.3947716238457,32.2932689682998,"Ashkelon 15 m"
2025-08-22 08:00:00,37.4,63.285244145005,37.4737848120711,37.6239492078712,"Ashkelon 15 m"
2025-08-22 09:00:00,39.4,67.8566298870047,40.1578126875804,41.0505786327322,"Ashkelon 15 m"
2025-08-22 10:00:00,44.3,69.2321797838191,43.6354989796321,44.0304566850642,"Ashkelon 15 m"
2025-08-22 11:00:00,46.7,65.5442576749772,46.440416606088,45.3685107572526,"Ashkelon 15 m"
2025-08-22 12:00:00,47.2,60.1881359978305,47.1400819997422,46.0841683312045,"Ashkelon 15 m"
2025-08-22 13:00:00,46.6,54.0642208757769,46.2989120125491,45.4423374834429,"Ashkelon 15 m"
2025-08-22 14:00:00,44,47.0649650912601,43.8080591636566,43.5093272548038,"Ashkelon 15 m"
2025-08-22 15:00:00,40.5,39.7450394942871,40.4889727326664,40.5421200111023,"Ashkelon 15 m"
2025-08-22 16:00:00,36.7,32.5298447613273,36.7088365594508,36.8929066662345,"Ashkelon 15 m"
2025-08-22 17:00:00,33.9,29.3160780763865,33.8454093988217,33.3962763643504,"Ashkelon 15 m"
2025-08-22 18:00:00,32.4,28.4039663705449,32.2776251671367,31.7277526292424,"Ashkelon 15 m"
2025-08-22 19:00:00,31.4,27.8679981127816,31.2275481305575,30.632222642048,"Ashkelon 15 m"
2025-08-22 20:00:00,30.5,27.4421876057236,30.3596073527739,29.6058536156266,"Ashkelon 15 m"
2025-08-22 21:00:00,29.6,27.0710416156458,29.4487640559021,28.6146126109766,"Ashkelon 15 m"
2025-08-22 22:00:00,27.9,26.6372430210296,28.0230456589393,27.5940129642669,"Ashkelon 15 m"
2025-08-22 23:00:00,27.2,26.091150282779,27.3722159969827,27.0121219147828,"Ashkelon 15 m"
2025-08-23,26.6,25.8601697202904,26.8914471195944,27.0545604940636,"Ashkelon 15 m"
2025-08-23 01:00:00,26.2,25.3039656659033,26.35015011512,26.5750802536871,"Ashkelon 15 m"
2025-08-23 02:00:00,25.7,24.936475050038,25.9877926743354,26.0976836796462,"Ashkelon 15 m"
2025-08-23 03:00:00,25.4,24.6522738281072,25.5773264007026,25.0713569465459,"Ashkelon 15 m"
2025-08-23 04:00:00,25.7,25.5159462467862,25.7293259752575,24.1777683273984,"Ashkelon 15 m"
2025-08-23 05:00:00,26.6,35.6499070604059,26.7629810731519,27.5435189683649,"Ashkelon 15 m"
2025-08-23 06:00:00,27.8,41.9253624125417,28.4006918255052,28.7230117960866,"Ashkelon 15 m"
2025-08-23 07:00:00,31.1,54.5322581871437,31.7393752897399,34.2601081474708,"Ashkelon 15 m"
2025-08-23 08:00:00,37.8,63.644151769829,37.8739069901472,38.3695450651171,"Ashkelon 15 m"
2025-08-23 09:00:00,40.1,67.2824915436027,40.8949749850415,41.4145697143791,"Ashkelon 15 m"
2025-08-23 10:00:00,44.7,66.8693013812948,44.0917274822177,44.1389737750936,"Ashkelon 15 m"
2025-08-23 11:00:00,47.2,64.3950381106152,45.9902920897954,46.0845904177441,"Ashkelon 15 m"
2025-08-23 12:00:00,47.8,60.1202589275758,47.1674070604226,46.740027070276,"Ashkelon 15 m"
2025-08-23 13:00:00,47,54.2902808595874,46.3214073052198,45.902647535918,"Ashkelon 15 m"
2025-08-23 14:00:00,44.7,47.951740876839,44.4184155274204,44.0215019146655,"Ashkelon 15 m"
2025-08-23 15:00:00,41.6,41.0513876701858,41.2574128478796,41.13652408376,"Ashkelon 15 m"
2025-08-23 16:00:00,37.9,33.8399476131319,37.5375036800035,37.6044105609774,"Ashkelon 15 m"
2025-08-23 17:00:00,34.4,30.5706425202103,34.3469609850264,34.147476722023,"Ashkelon 15 m"
2025-08-23 18:00:00,32.5,29.3580490563959,32.5404436757859,32.0406402562708,"Ashkelon 15 m"
2025-08-23 19:00:00,30.9,28.7843841636001,31.0558984764541,30.285140427333,"Ashkelon 15 m"
2025-08-23 20:00:00,29.3,28.347724284655,29.7248407259339,29.3079970736565,"Ashkelon 15 m"
2025-08-23 21:00:00,28.1,27.9404243114149,28.5786430391946,28.7308884742414,"Ashkelon 15 m"
2025-08-23 22:00:00,27.4,27.1189259449792,27.6782440226182,28.2934824387384,"Ashkelon 15 m"
2025-08-23 23:00:00,26.8,26.4373502488579,26.9529090057968,27.7154137845482,"Ashkelon 15 m"
2025-08-24,26.3,26.1535738702173,26.3695685368276,27.360028624093,"Ashkelon 15 m"
2025-08-24 01:00:00,25.8,25.8392370564551,25.9338308229121,26.9984482152075,"Ashkelon 15 m"
2025-08-24 02:00:00,25.2,25.7180543459739,25.5590259713053,26.8267384089317,"Ashkelon 15 m"
2025-08-24 03:00:00,24.9,25.6491331407137,25.2290859923121,26.223197633893,"Ashkelon 15 m"
2025-08-24 04:00:00,25,25.852167970035,25.326000113985,25.2429157556032,"Ashkelon 15 m"
2025-08-24 05:00:00,25.8,32.5288030892476,26.2529147468776,26.5428654938802,"Ashkelon 15 m"
2025-08-24 06:00:00,27.1,38.9377734937697,27.6455743492767,28.5237939634352,"Ashkelon 15 m"
2025-08-24 07:00:00,30.2,51.1147330091856,31.4376977559054,33.5257151411436,"Ashkelon 15 m"
2025-08-24 08:00:00,36,60.4154552829438,36.8136765320956,36.6323227298432,"Ashkelon 15 m"
2025-08-24 09:00:00,39,65.7826423227963,39.8394915189828,41.0597266733822,"Ashkelon 15 m"
2025-08-24 10:00:00,43.4,67.9314419015409,43.0384968104188,44.6216064675809,"Ashkelon 15 m"
2025-08-24 11:00:00,45.5,66.3351009869786,45.8468691038967,45.9506157422276,"Ashkelon 15 m"
2025-08-24 12:00:00,46.4,62.1956198101588,46.1853279727013,46.3633253460475,"Ashkelon 15 m"
2025-08-24 13:00:00,45.5,55.8523046939831,45.8142187324899,45.5168096988659,"Ashkelon 15 m"
2025-08-24 14:00:00,43.5,47.7514625954342,43.7069947726975,43.5047098564816,"Ashkelon 15 m"
2025-08-24 15:00:00,40.5,39.9005124396274,40.4650977800374,40.7327506369541,"Ashkelon 15 m"
2025-08-24 16:00:00,36.8,32.704739228383,36.6707350710223,37.1607238208207,"Ashkelon 15 m"
2025-08-24 17:00:00,33.5,29.5409369954844,33.6644391628469,33.8077841291209,"Ashkelon 15 m"
2025-08-24 18:00:00,31.7,28.7058583409919,31.9823651051246,32.1126366765632,"Ashkelon 15 m"
2025-08-24 19:00:00,30.7,28.2136898777511,31.021800269951,30.8873515865829,"Ashkelon 15 m"
2025-08-24 20:00:00,29.9,27.8302169225882,30.2145112225147,29.8568749807547,"Ashkelon 15 m"
2025-08-24 21:00:00,29.6,27.4344739192367,29.7851157878236,28.977537082994,"Ashkelon 15 m"
2025-08-24 22:00:00,29.1,26.8632679267151,29.09785491847,28.1749103350861,"Ashkelon 15 m"
2025-08-24 23:00:00,28.4,26.1827046849107,28.5540005338718,27.5590760685777,"Ashkelon 15 m"
2025-08-25,27.2,26.1199838789835,27.4624949353307,27.6068505915537,"Ashkelon 15 m"
2025-08-25 01:00:00,26.5,25.6433583184232,26.7086795370954,27.2224584504117,"Ashkelon 15 m"
2025-08-25 02:00:00,26,25.3746896327531,26.2436466769446,26.9084001124894,"Ashkelon 15 m"
2025-08-25 03:00:00,25.6,25.3772504213571,25.7636707467337,26.3600039366006,"Ashkelon 15 m"
2025-08-25 04:00:00,25.6,25.9741656236962,25.811634280547,25.7883915357903,"Ashkelon 15 m"
2025-08-25 05:00:00,26.3,33.6894350581554,26.6677953394713,27.4920549922374,"Ashkelon 15 m"
2025-08-25 06:00:00,27.7,39.3591042875934,28.0028587079406,28.7415772795368,"Ashkelon 15 m"
2025-08-25 07:00:00,30.2,48.1848076055794,30.885392522567,31.8530300329476,"Ashkelon 15 m"
2025-08-25 08:00:00,36.2,55.6366738025748,35.8213007350102,34.367770070275,"Ashkelon 15 m"
2025-08-25 09:00:00,38.5,59.9757393388787,38.484981732772,39.1260517625848,"Ashkelon 15 m"
2025-08-25 10:00:00,42.2,63.4960199223445,42.0817835452073,42.7461953984187,"Ashkelon 15 m"
2025-08-25 11:00:00,43.7,62.9554491493415,44.0165902580974,44.7901487800788,"Ashkelon 15 m"
2025-08-25 12:00:00,44.3,59.3155588387164,44.2962921597354,45.7279295204791,"Ashkelon 15 m"
2025-08-25 13:00:00,43.9,54.007740043763,44.8182823167525,45.1309232941902,"Ashkelon 15 m"
2025-08-25 14:00:00,42.3,47.1622206658291,42.6679796350441,43.1849696129727,"Ashkelon 15 m"
2025-08-25 15:00:00,39.6,39.6195599279141,39.7484714710772,40.1664745053982,"Ashkelon 15 m"
2025-08-25 16:00:00,36,32.3295090443102,35.9809112007803,36.5380623585192,"Ashkelon 15 m"
2025-08-25 17:00:00,32.8,29.0807733842797,33.1764249634739,33.0585313150353,"Ashkelon 15 m"
2025-08-25 18:00:00,31.1,28.1927916659754,31.3673624697485,31.0551437987726,"Ashkelon 15 m"
2025-08-25 19:00:00,30.4,27.7016173579839,30.400281403774,29.7339884021428,"Ashkelon 15 m"
2025-08-25 20:00:00,29.9,27.1346452817364,29.82954663287,28.8283813580914,"Ashkelon 15 m"
2025-08-25 21:00:00,29.3,26.7143086296483,29.1615777273803,28.2370528084203,"Ashkelon 15 m"
2025-08-25 22:00:00,28.2,26.296670459842,28.4671161965235,28.0699084034913,"Ashkelon 15 m"
2025-08-25 23:00:00,27.4,25.7841575268309,27.5187105244536,27.92257953916,"Ashkelon 15 m"
2025-08-26,27.1,25.4896611233264,27.2143836969015,27.6242288609057,"Ashkelon 15 m"
2025-08-26 01:00:00,26.8,25.2305743294934,27.0911133629227,27.3021218377331,"Ashkelon 15 m"
2025-08-26 02:00:00,26.6,25.0379710273719,26.7000663385337,27.055052288053,"Ashkelon 15 m"
2025-08-26 03:00:00,26.1,24.8805029144205,26.4148150284614,26.4303521861948,"Ashkelon 15 m"
2025-08-26 04:00:00,25.5,25.2775567455737,26.3517247365242,25.5463591499774,"Ashkelon 15 m"
2025-08-26 05:00:00,26.3,31.1002934489225,26.8082304776065,26.4335034403776,"Ashkelon 15 m"
2025-08-26 06:00:00,26.6,37.9336114054345,27.1381118260548,28.6969771509789,"Ashkelon 15 m"
2025-08-26 07:00:00,28.2,45.9203162605428,28.7106950913802,30.1213126594686,"Ashkelon 15 m"
2025-08-26 08:00:00,31.9,51.9171616659009,31.9732530694577,32.1227757558667,"Ashkelon 15 m"
2025-05-25 07:00:00,31.2,31.015782329782,30.8301905154314,30.1868949863753,"Range_24 25 m"
2025-05-25 08:00:00,32.9,32.7991872999779,33.4806879081465,33.4583697292916,"Range_24 25 m"
2025-05-25 09:00:00,35.5,34.6713018875251,36.7040796809589,36.6162853698859,"Range_24 25 m"
2025-05-25 10:00:00,39,45.7236412761711,39.7126726266922,40.2111357448601,"Range_24 25 m"
2025-05-25 11:00:00,41.8,52.4993625127442,42.0188667194769,40.4361167394288,"Range_24 25 m"
2025-05-25 12:00:00,41.4,51.3712937794395,42.0107228057733,41.1328208409019,"Range_24 25 m"
2025-05-25 13:00:00,40.5,47.5860888085091,41.1842892258962,40.309462221595,"Range_24 25 m"
2025-05-25 14:00:00,37.8,40.6271588727815,38.2386897896141,37.6275954171998,"Range_24 25 m"
2025-05-25 15:00:00,34.6,33.2448949711792,34.5012352596288,34.4790910380356,"Range_24 25 m"
2025-05-25 16:00:00,30.7,25.5031966354411,30.5356648976606,30.3746532585185,"Range_24 25 m"
2025-05-25 17:00:00,27.4,22.1074545088407,27.4000382821447,27.648455828726,"Range_24 25 m"
2025-05-25 18:00:00,25.9,21.3121295444128,25.8399377309604,25.9878225795385,"Range_24 25 m"
2025-05-25 19:00:00,24.7,20.9376092976851,24.6556911504219,25.4835125035567,"Range_24 25 m"
2025-05-25 20:00:00,23.8,20.387661484423,23.6059674135175,24.1113989626792,"Range_24 25 m"
2025-05-25 21:00:00,22.8,20.1823527668386,22.6433810417428,23.0559139107137,"Range_24 25 m"
2025-05-25 22:00:00,21.8,19.7664827865875,21.9899010634065,22.5273162884033,"Range_24 25 m"
2025-05-25 23:00:00,20.7,19.2172316036349,21.2170396845246,21.553701492322,"Range_24 25 m"
2025-05-26,19.9,18.9676785861033,19.9470999125206,20.8246720229167,"Range_24 25 m"
2025-05-26 01:00:00,19.3,18.6784067522341,19.6141964536036,20.0418646704012,"Range_24 25 m"
2025-05-26 02:00:00,18.8,18.5802856350843,19.0601496564375,20.8843255902235,"Range_24 25 m"
2025-05-26 03:00:00,18.7,19.0781372583622,19.2285448978004,21.1223021543736,"Range_24 25 m"
2025-05-26 04:00:00,20.2000000000001,23.8767615163053,20.2942715198066,22.4255398118223,"Range_24 25 m"
2025-05-26 05:00:00,24.3,29.1680978643244,24.51892366548,24.5055888997858,"Range_24 25 m"
2025-05-26 06:00:00,29,34.650955713904,29.3977946157349,30.1538992296816,"Range_24 25 m"
2025-05-26 07:00:00,33.9,39.6842728329813,33.5846612141851,33.4596877766764,"Range_24 25 m"
2025-05-26 08:00:00,37,41.3136029841218,37.0261121500548,35.5008149744782,"Range_24 25 m"
2025-05-26 09:00:00,38,38.37790894921,38.5502361905572,37.7231558602589,"Range_24 25 m"
2025-05-26 10:00:00,39.3,41.2790974107158,40.2997514625616,41.1270401951444,"Range_24 25 m"
2025-05-26 11:00:00,37.8,52.2166826391343,38.4957135459016,43.8499061727647,"Range_24 25 m"
2025-05-26 12:00:00,40.9,52.8082001062148,41.3638044619517,42.5657694192641,"Range_24 25 m"
2025-05-26 13:00:00,39.7,48.3831610275492,39.7357207364545,40.6936969352946,"Range_24 25 m"
2025-05-26 14:00:00,36.4,41.5095465842258,36.6010627913931,37.3336165610324,"Range_24 25 m"
2025-05-26 15:00:00,32.9,34.2706298002345,33.2501904371395,33.903958357249,"Range_24 25 m"
2025-05-26 16:00:00,30,27.0077613420544,30.0152755791269,29.8374262876568,"Range_24 25 m"
2025-05-26 17:00:00,27.3,22.945733612372,27.3766961815387,27.4741373713747,"Range_24 25 m"
2025-05-26 18:00:00,26.1,21.6337424528569,26.0832905530161,26.8583971273869,"Range_24 25 m"
2025-05-26 19:00:00,24.7,21.3153467981957,24.568273414799,26.2916775553368,"Range_24 25 m"
2025-05-26 20:00:00,25.3,20.0013976261504,25.0261913950313,26.7085733578093,"Range_24 25 m"
2025-05-26 21:00:00,25.2,20.3346413089186,24.9495664205927,25.8961595012099,"Range_24 25 m"
2025-05-26 22:00:00,25.6,20.6719204254528,25.2235687588155,25.1150180168529,"Range_24 25 m"
2025-05-26 23:00:00,25.2,20.8339944173187,25.0693456043961,25.1892252255768,"Range_24 25 m"
2025-05-27,25,21.0297140376372,24.7711173807138,24.6751105086608,"Range_24 25 m"
2025-05-27 01:00:00,24.8,21.1362486238978,24.702734898948,25.4502368326686,"Range_24 25 m"
2025-05-27 02:00:00,24.6,20.7487822350652,24.5158466874871,24.6175144490392,"Range_24 25 m"
2025-05-27 03:00:00,24.4,20.5097589642582,24.27838152555,23.7692833096561,"Range_24 25 m"
2025-05-27 04:00:00,24.5,22.5973146769062,24.2453180438513,24.215255102779,"Range_24 25 m"
2025-05-27 05:00:00,26.6,24.4825844788666,26.3433389045874,25.6723479056473,"Range_24 25 m"
2025-05-27 06:00:00,29.3,27.1719186688143,28.9104507269437,28.3716110373217,"Range_24 25 m"
2025-05-27 07:00:00,32,29.3915615445332,31.4766342166204,31.131293571587,"Range_24 25 m"
2025-05-27 08:00:00,33.9,31.1829946538288,34.3252306918348,34.5706096192676,"Range_24 25 m"
2025-05-27 09:00:00,36.3,38.1353313940732,37.1234663131465,37.4344811457364,"Range_24 25 m"
2025-05-27 10:00:00,38.9,47.2120456606537,39.6249785415815,37.848503103891,"Range_24 25 m"
2025-05-27 11:00:00,40,47.8601201946106,40.8946244708908,37.8398145610657,"Range_24 25 m"
2025-05-27 12:00:00,39.1,45.7266508573439,39.6273835978066,37.4950558179762,"Range_24 25 m"
2025-05-27 13:00:00,37.9,41.9625717623015,38.8589792217893,36.398626468875,"Range_24 25 m"
2025-05-27 14:00:00,35.4,36.4019941713141,36.0190473933654,34.0059945012854,"Range_24 25 m"
2025-05-27 15:00:00,32.2,29.9489504408785,33.1132827819295,31.3506530833193,"Range_24 25 m"
2025-05-27 16:00:00,28.8,22.395202688765,28.9637661663325,27.3662453218216,"Range_24 25 m"
2025-05-27 17:00:00,26,19.2777687876362,25.9745236937016,24.9391900866169,"Range_24 25 m"
2025-05-27 18:00:00,25,18.6175273439309,24.8918353595213,24.2581041833779,"Range_24 25 m"
2025-05-27 19:00:00,24.4,18.4562734009129,24.3036715855161,24.0938404442173,"Range_24 25 m"
2025-05-27 20:00:00,24.2,18.3488022832843,24.1391964079612,24.142315581319,"Range_24 25 m"
2025-05-27 21:00:00,24,18.1218735559372,23.8948730548894,23.9259588106064,"Range_24 25 m"
2025-05-27 22:00:00,23.6,17.9900883993982,23.2160545646548,23.4414667448877,"Range_24 25 m"
2025-05-27 23:00:00,23,17.6662816105802,22.9447328428565,22.2070311604459,"Range_24 25 m"
2025-05-28,23,17.5418644683211,22.9404239370655,22.298172547087,"Range_24 25 m"
2025-05-28 01:00:00,22.7,17.3421129374715,22.6984540942202,21.9893159060689,"Range_24 25 m"
2025-05-28 02:00:00,22.8,17.2389844946051,22.6414696920479,21.1892677835608,"Range_24 25 m"
2025-05-28 03:00:00,22.5,17.4297998158544,22.5704172473593,20.9395933358282,"Range_24 25 m"
2025-05-28 04:00:00,23,20.0940535902842,22.4683658964759,22.1823762297495,"Range_24 25 m"
2025-05-28 05:00:00,24.9,22.5524039651163,24.8695299197221,24.0286329175241,"Range_24 25 m"
2025-05-28 06:00:00,27.7,25.1837150053579,27.6754509890434,26.6813231901724,"Range_24 25 m"
2025-05-28 07:00:00,30.9,27.3474503631073,30.1188159045512,29.1573585147339,"Range_24 25 m"
2025-05-28 08:00:00,32.3,28.7174972376174,32.3380458544276,32.1162415823287,"Range_24 25 m"
2025-05-28 09:00:00,34.9,29.9558614306483,35.2649992318912,33.3107205443415,"Range_24 25 m"
2025-05-28 10:00:00,36.3000000000001,30.8404883562605,37.1280579046116,35.549564760832,"Range_24 25 m"
2025-05-28 11:00:00,38.8,30.3239983203336,39.1854656346779,37.4988177897855,"Range_24 25 m"
2025-05-28 12:00:00,37.4,28.4647956509885,37.6492872564206,36.5345903058347,"Range_24 25 m"
2025-05-28 13:00:00,36.4,27.0036945498507,36.387893839798,35.5744142687838,"Range_24 25 m"
2025-05-28 14:00:00,34.2,24.7944956375163,34.0253276015007,34.1711245132487,"Range_24 25 m"
2025-05-28 15:00:00,30.8,22.5229140919472,30.7333573544511,31.5239898365761,"Range_24 25 m"
2025-05-28 16:00:00,28,19.4689350276112,27.879672284962,27.8453025965809,"Range_24 25 m"
2025-05-28 17:00:00,25.9,18.4068319952049,25.8002744309966,25.2913444196739,"Range_24 25 m"
2025-05-28 18:00:00,24.8,18.2177503484222,24.6940214651354,24.2928402799102,"Range_24 25 m"
2025-05-28 19:00:00,24.2,18.0711965142972,23.9469458363055,23.4412493287808,"Range_24 25 m"
2025-05-28 20:00:00,23.7,18.0057731094018,23.643769833841,22.961319011654,"Range_24 25 m"
2025-05-28 21:00:00,23.5,17.9706389275565,23.4800202970456,22.9263173905387,"Range_24 25 m"
2025-05-28 22:00:00,23.1,18.0406801693869,23.1447040958869,23.0137341015768,"Range_24 25 m"
2025-05-28 23:00:00,23,17.9018833940924,23.018126943399,22.6255767649115,"Range_24 25 m"
2025-05-29,22.8,17.8351110548392,22.8353508775968,22.3503083319083,"Range_24 25 m"
2025-05-29 01:00:00,22.4,17.5877848435686,22.4637700607444,21.584511118059,"Range_24 25 m"
2025-05-29 02:00:00,21.2,17.3950649859622,21.2970910445927,20.7484614016726,"Range_24 25 m"
2025-05-29 03:00:00,20.7,17.4257329679669,20.910477184371,20.3001962877453,"Range_24 25 m"
2025-05-29 04:00:00,21.4,20.5269825663986,21.2633292498412,21.3636412826004,"Range_24 25 m"
2025-05-29 05:00:00,23.9,24.0884645789412,23.9974279335943,23.5230844825057,"Range_24 25 m"
2025-05-29 06:00:00,27.9,26.9771296614033,27.8334493460384,26.7591157638651,"Range_24 25 m"
2025-05-29 07:00:00,31.8,28.763657263904,30.8397499099202,29.6862462083391,"Range_24 25 m"
2025-05-29 08:00:00,33.9,30.8970275894537,33.9039601965952,31.4831305519476,"Range_24 25 m"
2025-05-29 09:00:00,35.6,31.3781152001609,35.731542396582,34.0209126702537,"Range_24 25 m"
2025-05-29 10:00:00,38.8,33.1534501488869,39.4378408556523,35.5782205041115,"Range_24 25 m"
2025-05-29 11:00:00,40.8,32.8645117289515,41.1201965986634,37.9808380610438,"Range_24 25 m"
2025-05-29 12:00:00,39.9,30.7529635693007,39.9769798404934,38.6703224445754,"Range_24 25 m"
2025-05-29 13:00:00,38,28.6282241991574,37.9932770855928,37.9358089617306,"Range_24 25 m"
2025-05-29 14:00:00,35.6,25.8736042030114,35.3072646419651,36.1964162833947,"Range_24 25 m"
2025-05-29 15:00:00,32.6,23.0196937633647,32.5568935698956,33.1897596431865,"Range_24 25 m"
2025-05-29 16:00:00,28.9,20.1452203048458,28.8743692776311,29.2051730407467,"Range_24 25 m"
2025-05-29 17:00:00,26.3,18.8229186683385,26.169322916501,25.6527073531835,"Range_24 25 m"
2025-05-29 18:00:00,24.6,18.6511756817168,24.5520515080515,24.0260073582,"Range_24 25 m"
2025-05-29 19:00:00,23.6,18.4399905604861,23.5566198170411,22.645216028168,"Range_24 25 m"
2025-05-29 20:00:00,22.7,18.2465447530085,22.4877956227091,21.7429958924586,"Range_24 25 m"
2025-05-29 21:00:00,22.2,17.9150765912552,21.9594672332609,21.1808444039841,"Range_24 25 m"
2025-05-29 22:00:00,21.6,17.5365659751555,21.4282832415499,21.0507025279662,"Range_24 25 m"
2025-05-29 23:00:00,20.9,17.1372848273016,20.85946636589,20.7497380495764,"Range_24 25 m"
2025-05-30,20.0999999999999,16.9228499042449,20.3084363274601,20.2464265930114,"Range_24 25 m"
2025-05-30 01:00:00,20.1,16.2867372382831,20.0255238358943,19.2090077747058,"Range_24 25 m"
2025-05-30 02:00:00,19.4,15.8366027156742,19.4672796746603,18.6384229938419,"Range_24 25 m"
2025-05-30 03:00:00,19.5,15.6461297092505,19.3557004592492,18.2882231292792,"Range_24 25 m"
2025-05-30 04:00:00,20.7,19.5632974696247,20.4249544277216,20.1481487345783,"Range_24 25 m"
2025-05-30 05:00:00,24.4,24.2376033956805,24.3160017999102,23.002024381856,"Range_24 25 m"
2025-05-30 06:00:00,29,28.6354330023502,28.4481026206966,26.7897019823764,"Range_24 25 m"
2025-05-30 07:00:00,32.8,32.3467681615996,31.6439561943839,29.6689934938597,"Range_24 25 m"
2025-05-30 08:00:00,35.5,34.3029697360978,35.3173578255427,32.2221577587113,"Range_24 25 m"
2025-05-30 09:00:00,36.5,34.3943353579659,37.272367462689,34.2481092349906,"Range_24 25 m"
2025-05-30 10:00:00,39.9,35.2314603438868,40.4597086447952,36.4835546126856,"Range_24 25 m"
2025-05-30 11:00:00,40.8,34.0004028165565,40.6820151948521,38.6611675107704,"Range_24 25 m"
2025-05-30 12:00:00,40.8,33.5422242731886,40.492950531894,39.6555040926771,"Range_24 25 m"
2025-05-30 13:00:00,39.2,35.524377774624,39.239246632846,40.4747204298059,"Range_24 25 m"
2025-05-30 14:00:00,37.1,33.6085977884026,37.4460626847418,36.834740910122,"Range_24 25 m"
2025-05-30 15:00:00,34,28.1015945179148,33.8858700161727,32.6444407207651,"Range_24 25 m"
2025-05-30 16:00:00,29.8,21.572598944973,29.6574799571025,28.1136999238243,"Range_24 25 m"
2025-05-30 17:00:00,26.5,18.6830165622824,26.4705676246343,25.4900439022177,"Range_24 25 m"
2025-05-30 18:00:00,24.5,17.9040672746984,24.3928641808714,24.4171006647436,"Range_24 25 m"
2025-05-30 19:00:00,23.2,17.4942819059675,23.2325156509372,23.6313268125837,"Range_24 25 m"
2025-05-30 20:00:00,22.7,17.2313042098855,22.7574222304033,22.9945989066934,"Range_24 25 m"
2025-05-30 21:00:00,23,17.0839518829228,22.8364288989933,22.6199693008305,"Range_24 25 m"
2025-05-30 22:00:00,22.5,16.9242904736336,22.368240446955,22.3547070576485,"Range_24 25 m"
2025-05-30 23:00:00,21.7,16.801000845466,21.8319305622259,21.7100904107431,"Range_24 25 m"
2025-05-31,20.8,16.7911490064424,20.6391480512617,21.1613534551424,"Range_24 25 m"
2025-05-31 01:00:00,19.9,15.8366597882133,19.7717183007137,19.3606802216392,"Range_24 25 m"
2025-05-31 02:00:00,19.2,15.4566742415168,19.1920798116556,18.7656492228248,"Range_24 25 m"
2025-05-31 03:00:00,18.7,15.4210368304094,18.8064431002317,18.3897641806444,"Range_24 25 m"
2025-05-31 04:00:00,20.4,20.3358758161487,20.2388736385859,20.1881992141427,"Range_24 25 m"
2025-05-31 05:00:00,24.4,28.4803739389846,24.3687102419267,24.090973933644,"Range_24 25 m"
2025-05-31 06:00:00,29.3,35.9472427705833,29.7334333164,28.6942196230003,"Range_24 25 m"
2025-05-31 07:00:00,32.8,35.4642265916641,33.1833535180546,30.6227663636978,"Range_24 25 m"
2025-05-31 08:00:00,35.9,34.8798684383721,35.828384224207,33.3922472502083,"Range_24 25 m"
2025-05-31 09:00:00,37.3,34.3102822423829,37.3609447578784,35.7460372568025,"Range_24 25 m"
2025-05-31 10:00:00,34.5,41.712698698871,36.1683384704225,39.2923631676363,"Range_24 25 m"
2025-05-31 11:00:00,38.4,48.618206343862,38.588780101557,39.2401479103293,"Range_24 25 m"
2025-05-31 12:00:00,39.6,46.685901828559,39.3328017214252,38.1716749151068,"Range_24 25 m"
2025-05-31 13:00:00,37.9,43.2454335456275,37.594388267945,36.9031173949622,"Range_24 25 m"
2025-05-31 14:00:00,35.9,38.0054283445608,35.7691560467162,35.0831709211599,"Range_24 25 m"
2025-05-31 15:00:00,33.3,32.1927551845373,33.0064396471011,32.7620722869695,"Range_24 25 m"
2025-05-31 16:00:00,29.9,24.4792828265362,29.7554745424722,29.1302718821697,"Range_24 25 m"
2025-05-31 17:00:00,27,21.2199580273,26.869305306728,26.4754006466237,"Range_24 25 m"
2025-05-31 18:00:00,25.9,20.2475235537256,25.6892635897163,25.4962289408411,"Range_24 25 m"
2025-05-31 19:00:00,25.2,19.8565722178058,24.9378145397842,24.8506665896015,"Range_24 25 m"
2025-05-31 20:00:00,24.7,19.6986206460795,24.3836186031338,24.2609275270304,"Range_24 25 m"
2025-05-31 21:00:00,24.2,19.5762808439404,23.7590267302456,23.6175024625927,"Range_24 25 m"
2025-05-31 22:00:00,23.9,19.3002521110999,23.0498315869017,22.7233885838019,"Range_24 25 m"
2025-05-31 23:00:00,23.3,19.0725039431117,22.6252632800086,21.9162451216243,"Range_24 25 m"
2025-06-08 01:00:00,21,19.7029822490709,21.6226597595605,22.0001218936937,"Range_24 25 m"
2025-06-08 02:00:00,20.3,19.1438811598037,20.7024211135926,21.4453922090743,"Range_24 25 m"
2025-06-08 03:00:00,20.4,19.2836300722049,20.4705879085742,20.8704778543399,"Range_24 25 m"
2025-06-08 04:00:00,21.3,23.2693670732201,21.4799809791749,22.1272780639351,"Range_24 25 m"
2025-06-08 05:00:00,24.7,26.6903380912905,24.7351518022575,24.6879112285738,"Range_24 25 m"
2025-06-08 06:00:00,28.1,30.1680068525071,28.222561377655,27.9378046544785,"Range_24 25 m"
2025-06-08 07:00:00,32.3,35.4185599514032,32.3230715343282,31.1848963924432,"Range_24 25 m"
2025-06-08 08:00:00,34.9,49.716989575733,34.9760106592527,34.8455143560064,"Range_24 25 m"
2025-06-08 09:00:00,36.4,56.1337058009903,36.6049691498238,37.6399695339005,"Range_24 25 m"
2025-06-08 10:00:00,39,58.382580927819,39.4233911767786,40.8595496930778,"Range_24 25 m"
2025-06-08 11:00:00,41.1,56.6917145356423,41.8547104324297,41.9529821976906,"Range_24 25 m"
2025-06-08 12:00:00,41.9,53.0827986402517,42.4283041735912,41.5668827695852,"Range_24 25 m"
2025-06-08 13:00:00,40.4,49.5088569999557,40.9865896745594,40.7622892738204,"Range_24 25 m"
2025-06-08 14:00:00,38.1,43.9899216408848,38.3517826051442,38.9405766244053,"Range_24 25 m"
2025-06-08 15:00:00,34.2,37.1553448352004,34.4832499639136,35.9660935315276,"Range_24 25 m"
2025-06-08 16:00:00,31,28.6259157833426,31.13808895142,31.54580284923,"Range_24 25 m"
2025-06-08 17:00:00,28.0999999999999,24.0054467341317,28.1672387532549,28.2788856646432,"Range_24 25 m"
2025-06-08 18:00:00,26.5,22.9459336098924,26.4421754837567,26.5874233540788,"Range_24 25 m"
2025-06-08 19:00:00,25.1,22.4820871759619,25.1108409237042,25.3489897657599,"Range_24 25 m"
2025-06-08 20:00:00,24.1,21.6325857028204,24.1536278327248,24.5709766730505,"Range_24 25 m"
2025-06-08 21:00:00,23.7,21.342026092216,23.8368986505531,24.1104892269816,"Range_24 25 m"
2025-06-08 22:00:00,24,21.0790472011607,24.0432225122014,24.0092635135691,"Range_24 25 m"
2025-06-08 23:00:00,24.5,20.7621315463082,24.2593904402253,23.8602395995156,"Range_24 25 m"
2025-06-09,24.4,20.6437051354366,24.2180010109038,23.4647378979641,"Range_24 25 m"
2025-06-09 01:00:00,24.5,20.5998434321587,24.3611405591006,22.912107636184,"Range_24 25 m"
2025-06-09 02:00:00,24.3,20.3564180941631,23.990240195707,22.6919867606212,"Range_24 25 m"
2025-06-09 03:00:00,24.1,20.5468214286953,23.8801126544843,22.2977622284084,"Range_24 25 m"
2025-06-09 04:00:00,24.6,23.9337523097527,24.2935098789177,23.4317076320183,"Range_24 25 m"
2025-06-09 05:00:00,26.4,27.2957438905145,26.3151984551624,25.4486743886377,"Range_24 25 m"
2025-06-09 06:00:00,28.9,32.1981458434008,28.9998002255646,28.5249821909808,"Range_24 25 m"
2025-06-09 07:00:00,32.8,41.0110423349005,32.5083824459942,32.8566863320929,"Range_24 25 m"
2025-06-09 08:00:00,35.7,52.7637289505157,35.9513314522752,35.2280024032745,"Range_24 25 m"
2025-06-09 09:00:00,37.1,57.8998393796178,37.5958853378703,38.5439986966344,"Range_24 25 m"
2025-06-09 10:00:00,41,60.3362161800499,41.4496159383316,41.7165319606896,"Range_24 25 m"
2025-06-09 11:00:00,42.9,58.7214421058413,43.0254049334239,42.9556721473452,"Range_24 25 m"
2025-06-09 12:00:00,41.8,54.3423075458283,42.2277701176443,42.2386803409333,"Range_24 25 m"
2025-06-09 13:00:00,40.6,49.9145626960738,40.5896945295975,41.02448701248,"Range_24 25 m"
2025-06-09 14:00:00,37.9,43.9013950220367,37.9691588127408,38.9105297914764,"Range_24 25 m"
2025-06-09 15:00:00,34.7,36.9690993671124,34.5829804012348,35.9548849706357,"Range_24 25 m"
2025-06-09 16:00:00,31.2,28.3865570708557,31.1437507595459,31.4188234492584,"Range_24 25 m"
2025-06-09 17:00:00,28.1,24.0857165253419,28.0632283836006,28.157500067975,"Range_24 25 m"
2025-06-09 18:00:00,26.7,22.9423944470268,26.5902095709191,26.643365096746,"Range_24 25 m"
2025-06-09 19:00:00,25.5,22.4977858134818,25.3160356484469,25.2869229384971,"Range_24 25 m"
2025-06-09 20:00:00,24.7,21.7732055102792,24.5060412308619,24.3530125533548,"Range_24 25 m"
2025-06-09 21:00:00,24.5,21.5195886545897,24.0884926290679,23.5577687674284,"Range_24 25 m"
2025-06-09 22:00:00,24.7,21.2554092248809,24.1234682298204,23.2852098783385,"Range_24 25 m"
2025-06-09 23:00:00,25,20.8987266768518,24.355082942495,23.1544899691644,"Range_24 25 m"
2025-06-10,24.7,20.7626385852936,24.0793139090926,23.096857802594,"Range_24 25 m"
2025-06-10 01:00:00,24.7,20.3050545712755,23.8351077612152,22.1920413037584,"Range_24 25 m"
2025-06-10 02:00:00,24.4,20.1321634959003,23.5736868591703,21.5381416987201,"Range_24 25 m"
2025-06-10 03:00:00,23.9,20.3027496187792,23.2838752920088,21.147904261838,"Range_24 25 m"
2025-06-10 04:00:00,24.7,25.9184445511779,24.4096267583315,23.1868435513457,"Range_24 25 m"
2025-06-10 05:00:00,27,30.4967772206462,27.0462859241303,26.0013953885234,"Range_24 25 m"
2025-06-10 06:00:00,30.1,33.9975852391169,30.0145049451861,28.7816762349055,"Range_24 25 m"
2025-06-10 07:00:00,33.8,39.6921583047408,33.021349335042,32.7723055711287,"Range_24 25 m"
2025-06-10 08:00:00,36.4,52.5446262777439,36.2060852652409,36.4821052969089,"Range_24 25 m"
2025-06-10 09:00:00,37.5,57.4468649483465,37.562469925889,38.6878222084783,"Range_24 25 m"
2025-06-10 10:00:00,41.1,59.3918297801145,41.2602102367447,41.5012848887571,"Range_24 25 m"
2025-06-10 11:00:00,43,58.9429646321225,43.5029955250692,43.1998272725034,"Range_24 25 m"
2025-06-10 12:00:00,42.2,55.1855499214306,42.9729205170851,42.9978448814526,"Range_24 25 m"
2025-06-10 13:00:00,39.6,50.5085166057242,40.1463746305427,41.9193127711905,"Range_24 25 m"
2025-06-10 14:00:00,37.3,43.3368892787438,37.6450679646132,39.0073642848473,"Range_24 25 m"
2025-06-10 15:00:00,33.7,36.0604125323431,34.1691076556634,35.8065549197332,"Range_24 25 m"
2025-06-10 16:00:00,31,28.4894358611606,31.1573685719479,31.6532325244449,"Range_24 25 m"
2025-06-10 17:00:00,29,24.5662050248784,28.8936829462764,28.5004551412267,"Range_24 25 m"
2025-06-10 18:00:00,27.2,23.6310087230739,27.1654795999452,27.2244361427364,"Range_24 25 m"
2025-06-10 19:00:00,25.7,23.1138944463166,25.7666124176016,25.9529063538941,"Range_24 25 m"
2025-06-10 20:00:00,24.8,22.4952074493686,24.918010102624,25.0272165741245,"Range_24 25 m"
2025-06-10 21:00:00,24.2,22.1712814215899,24.3895512387742,24.3487244490862,"Range_24 25 m"
2025-06-10 22:00:00,23.8,21.5220437821853,23.7901865088385,23.7313917455184,"Range_24 25 m"
2025-06-10 23:00:00,23.7,21.1764469026966,23.6016181351973,23.2911233782215,"Range_24 25 m"
2025-06-11,23.8,21.0430402748864,23.5773817243683,23.0461988442223,"Range_24 25 m"
2025-06-11 01:00:00,23.4,20.9625369377575,23.419434187619,22.6250176496944,"Range_24 25 m"
2025-06-11 02:00:00,23.5,20.8773513936562,23.3261197113658,22.2010991477532,"Range_24 25 m"
2025-06-11 03:00:00,23.3,21.0720564559662,23.3179065757269,21.9944979385101,"Range_24 25 m"
2025-06-11 04:00:00,24.1,25.1838958143396,24.039688903594,23.2870827793283,"Range_24 25 m"
2025-06-11 05:00:00,26.3,28.9721687369148,26.3638022730456,25.4469857744972,"Range_24 25 m"
2025-06-11 06:00:00,30.1,32.5656764468268,29.9110340895826,28.9064216574744,"Range_24 25 m"
2025-06-11 07:00:00,33.1,40.4585108423479,32.5347236708097,33.2512640619524,"Range_24 25 m"
2025-06-11 08:00:00,35.8,53.1180887451094,36.1046500792572,36.1567449798506,"Range_24 25 m"
2025-06-11 09:00:00,37.2,58.3543997247124,37.4507724197177,38.8820505578423,"Range_24 25 m"
2025-06-11 10:00:00,40.8,59.8168744088781,41.0760032838569,41.7399453164709,"Range_24 25 m"
2025-06-11 11:00:00,43.5,57.9102925939197,43.8747881069586,42.9377784413928,"Range_24 25 m"
2025-06-11 12:00:00,43.9,54.5944896509325,43.7802651747974,42.6830163767015,"Range_24 25 m"
2025-06-11 13:00:00,42,49.74666203295,42.5719976918669,41.303959739554,"Range_24 25 m"
2025-06-11 14:00:00,38.8,43.7745630091933,38.9730866751459,39.0683461970595,"Range_24 25 m"
2025-06-11 15:00:00,35.4,38.1419526458977,35.5039627263277,36.5869535328148,"Range_24 25 m"
2025-06-11 16:00:00,31.9,29.7747795567756,32.0159181484427,32.3078179345374,"Range_24 25 m"
2025-06-11 17:00:00,28.6,25.0710367287667,28.6868547680024,28.9859458531411,"Range_24 25 m"
2025-06-11 18:00:00,26.7,24.1779535476191,26.7339629518025,27.2788696948512,"Range_24 25 m"
2025-06-11 19:00:00,25.7,23.1029110107101,25.6630031955815,26.0268314037002,"Range_24 25 m"
2025-06-11 20:00:00,24.9,22.4737748342093,24.9030465209122,24.8274292188223,"Range_24 25 m"
2025-06-11 21:00:00,24.2,22.0562113091461,24.3206748809138,23.8200261160843,"Range_24 25 m"
2025-06-11 22:00:00,23.2,21.6030312172728,23.6375405844671,23.5967476956206,"Range_24 25 m"
2025-06-11 23:00:00,22.7,21.4282898644299,23.4119532046345,23.3747682312817,"Range_24 25 m"
2025-06-12,24.1,21.2388359917052,23.70990833998,23.0902947796233,"Range_24 25 m"
2025-06-12 01:00:00,23.6,20.8756600435265,23.4476941011506,22.4961156661995,"Range_24 25 m"
2025-06-12 02:00:00,23.6,20.6880949881026,23.24086340737,22.0047190334746,"Range_24 25 m"
2025-06-12 03:00:00,22.6,21.0216607963112,22.8390616620386,21.4510046755341,"Range_24 25 m"
2025-06-12 04:00:00,23.3,27.4169939531728,23.2242181335749,23.7242489828511,"Range_24 25 m"
2025-06-12 05:00:00,26.1,31.2111478715243,26.1212026024732,26.1591235070529,"Range_24 25 m"
2025-06-12 06:00:00,29.5,34.3688355395579,29.7298428179979,29.5525642344737,"Range_24 25 m"
2025-06-12 07:00:00,34,43.6771680577908,33.7572331098344,33.8135263188992,"Range_24 25 m"
2025-06-12 08:00:00,37.1,57.3444681275653,37.3459184974996,37.5000505555438,"Range_24 25 m"
2025-06-12 09:00:00,38.1,60.7586410711147,38.7015889910733,40.5017002294399,"Range_24 25 m"
2025-06-12 10:00:00,42.6,62.3483949702268,42.5153314450984,43.2241655390745,"Range_24 25 m"
2025-06-12 11:00:00,44.6,59.9936227308777,44.5593985611489,44.1458262907532,"Range_24 25 m"
2025-06-12 12:00:00,43.9,56.4128028636837,44.1912261664448,43.7449361568356,"Range_24 25 m"
2025-06-12 13:00:00,41.7,51.4470008397585,41.7029597802992,42.2006009603029,"Range_24 25 m"
2025-06-12 14:00:00,39.1,44.7752324832539,39.0243997568321,39.3708740962605,"Range_24 25 m"
2025-06-12 15:00:00,36.4,38.0595686599514,36.0630043776519,36.3590634032986,"Range_24 25 m"
2025-06-12 16:00:00,32.5,29.6280219940981,32.2945752474267,31.9807923226198,"Range_24 25 m"
2025-06-12 17:00:00,28.8,24.9918345069658,28.8095412100143,28.7259203052294,"Range_24 25 m"
2025-06-12 18:00:00,26.9,23.9132805613077,26.865177352149,27.0851875093973,"Range_24 25 m"
2025-06-12 19:00:00,25.8,22.5286150221522,25.5766391679577,25.5036909823115,"Range_24 25 m"
2025-06-12 20:00:00,24.9,21.9322553526013,24.7824515030058,24.2676828752606,"Range_24 25 m"
2025-06-12 21:00:00,24.7,21.2434264521381,24.2996014129782,23.2397364477893,"Range_24 25 m"
2025-06-12 22:00:00,24.4,20.7007140431864,23.8840150448294,22.5227710519297,"Range_24 25 m"
2025-06-12 23:00:00,24.2,20.2609478422538,23.6127732286932,22.0572108217612,"Range_24 25 m"
2025-06-13,24.2,19.9725911320743,23.4108236730014,21.6418273152408,"Range_24 25 m"
2025-06-13 01:00:00,24.1,19.9455525071746,23.3953833456231,21.8727814347869,"Range_24 25 m"
2025-06-13 02:00:00,22.5,19.6015573046891,22.1834397641622,21.5807269118516,"Range_24 25 m"
2025-06-13 03:00:00,22.1,19.7422360796357,22.0622655361471,20.7604911941911,"Range_24 25 m"
2025-06-13 04:00:00,23.9,24.8984948800918,23.5498388033311,22.4993874238845,"Range_24 25 m"
2025-06-13 05:00:00,26.6,29.1432782226287,26.5504735779425,24.930050950595,"Range_24 25 m"
2025-06-13 06:00:00,30.6,35.3783641615993,30.8658818951883,29.2405215064174,"Range_24 25 m"
2025-06-13 07:00:00,34.1,48.0659408758065,34.4489739970815,33.9876775930306,"Range_24 25 m"
2025-06-13 08:00:00,37.1,56.9841268605066,37.1871582299037,36.5136068409753,"Range_24 25 m"
2025-06-13 09:00:00,37.8,60.8520883951789,38.5197379013451,40.2643656168586,"Range_24 25 m"
2025-06-13 10:00:00,42.1,62.9042724836574,42.4147311545262,43.2468075025783,"Range_24 25 m"
2025-06-13 11:00:00,43.7,59.7678992613328,43.9463560688549,44.1627347334397,"Range_24 25 m"
2025-06-13 12:00:00,43.1,56.589365730938,43.2336094696487,43.9328591925469,"Range_24 25 m"
2025-06-13 13:00:00,41.6,51.5883723609187,41.4772262459639,42.5216828696467,"Range_24 25 m"
2025-06-13 14:00:00,39.2,45.7230260644367,39.2094960106846,40.2799432549885,"Range_24 25 m"
2025-06-13 15:00:00,36.5,39.0552987985042,36.4199670500085,37.3764873675731,"Range_24 25 m"
2025-06-13 16:00:00,32.8,30.5629954821257,32.7282042812005,32.8590355402617,"Range_24 25 m"
2025-06-13 17:00:00,29.4,25.8512455646074,29.3884745884811,29.4647738162553,"Range_24 25 m"
2025-06-13 18:00:00,27.6,24.609961529703,27.5499046628989,28.0375962457369,"Range_24 25 m"
2025-06-13 19:00:00,26.6,24.1384494954442,26.5533588839478,26.6390810662602,"Range_24 25 m"
2025-06-13 20:00:00,25.5,23.1529570503857,25.4911146601904,25.4400733395245,"Range_24 25 m"
2025-06-13 21:00:00,24.3,22.804481087189,24.6781644811203,24.5971804241946,"Range_24 25 m"
2025-06-13 22:00:00,23.5999999999999,22.2006307053904,24.1483101271997,24.1842358517985,"Range_24 25 m"
2025-06-13 23:00:00,24.1,21.8060775557829,24.1885588378276,23.684321002133,"Range_24 25 m"
2025-06-14,24.2,21.6273053309575,24.1577605047417,23.2390108725682,"Range_24 25 m"
2025-06-14 01:00:00,23.3,21.2556702573557,23.5483470333451,22.6796020944376,"Range_24 25 m"
2025-06-14 02:00:00,23.2,20.9814745958688,23.2875846132658,22.0123095091226,"Range_24 25 m"
2025-06-14 03:00:00,23.6,21.1508259463713,23.4215231073251,21.7773617196486,"Range_24 25 m"
2025-06-14 04:00:00,24.5,25.2347721209237,24.2863630605067,23.1004966845223,"Range_24 25 m"
2025-06-14 05:00:00,26.4,27.7876329147462,26.2834445896863,25.2504541599397,"Range_24 25 m"
2025-06-14 06:00:00,30.5,32.9490450773593,30.4529133368046,29.0984996710177,"Range_24 25 m"
2025-06-14 07:00:00,33.9,46.1460542691981,33.9210453271051,33.9409713758265,"Range_24 25 m"
2025-06-14 08:00:00,36.6,56.6461663526477,36.8821261746387,36.8475423139514,"Range_24 25 m"
2025-06-14 09:00:00,37.9,60.103316186105,38.5111280021983,40.1196583491909,"Range_24 25 m"
2025-06-14 10:00:00,42.2,62.4361229295539,42.3556114706738,43.309221302967,"Range_24 25 m"
2025-06-14 11:00:00,44.9,59.3564924690828,44.628900734713,44.0015501473055,"Range_24 25 m"
2025-06-14 12:00:00,43.4,56.1096148813174,43.68553546295,43.679820569794,"Range_24 25 m"
2025-06-14 13:00:00,42.2,51.2188343828002,42.0492957104999,42.0984377687255,"Range_24 25 m"
2025-06-14 14:00:00,39.8,45.5220987385715,39.6034903310417,39.8610117024387,"Range_24 25 m"
2025-06-14 15:00:00,36.3,39.1680664276269,36.299105921053,37.1583239292291,"Range_24 25 m"
2025-06-14 16:00:00,32.4,30.6368536092829,32.4742524405828,32.7039510347437,"Range_24 25 m"
2025-06-14 17:00:00,29.3,25.5215365288808,29.2338559064446,29.1689853070333,"Range_24 25 m"
2025-06-14 18:00:00,27.4,24.1917947121802,27.3191561510666,27.469124395484,"Range_24 25 m"
2025-06-14 19:00:00,26.3,23.8347029632622,26.3568232738233,26.2953944152886,"Range_24 25 m"
2025-06-14 20:00:00,26.6,23.1757329881394,26.2228395379342,25.6019984662736,"Range_24 25 m"
2025-06-14 21:00:00,26.1,22.939972124069,25.7211987474561,24.9110040282896,"Range_24 25 m"
2025-06-14 22:00:00,25.3,22.919260811557,24.9743572157624,24.7094879863159,"Range_24 25 m"
2025-06-14 23:00:00,24.7,22.2437300301581,24.5919282294058,23.9234559155493,"Range_24 25 m"
2025-07-27 01:00:00,24.7,23.5802916429835,24.6567937260407,24.6332763574916,"Range_24 25 m"
2025-07-27 02:00:00,24.2,23.3154764678405,24.2714485747135,24.081777086489,"Range_24 25 m"
2025-07-27 03:00:00,23.6,22.8834173971163,23.7438763327578,23.7673981481539,"Range_24 25 m"
2025-07-27 04:00:00,24.2,27.3426741841534,24.0332094481287,24.7826372864941,"Range_24 25 m"
2025-07-27 05:00:00,27.5,35.5286243642459,27.7820321891439,27.2856281484256,"Range_24 25 m"
2025-07-27 06:00:00,31.9,46.1852312198989,32.6874634648154,31.1985168568008,"Range_24 25 m"
2025-07-27 07:00:00,37,55.4146749840743,35.9791331409743,35.1064894066817,"Range_24 25 m"
2025-07-27 08:00:00,40.8,61.594341975032,40.264599245022,39.8264682109939,"Range_24 25 m"
2025-07-27 09:00:00,42.2,64.7028349757046,42.7229392622846,43.7558764338345,"Range_24 25 m"
2025-07-27 10:00:00,46.7,66.2910063024771,46.7937460342987,46.7087633367789,"Range_24 25 m"
2025-07-27 11:00:00,49.1,64.9550282942689,48.7429745514781,48.1838376509584,"Range_24 25 m"
2025-07-27 12:00:00,49.1,61.9646120497389,48.9239534549263,48.3562336393995,"Range_24 25 m"
2025-07-27 13:00:00,47.9,57.5089179535833,47.7110794038488,47.3718902131048,"Range_24 25 m"
2025-07-27 14:00:00,45.8,51.8512612684908,45.6114445335664,45.2548028334322,"Range_24 25 m"
2025-07-27 15:00:00,41.8,45.4671232032331,42.0390065465391,42.1652659701856,"Range_24 25 m"
2025-07-27 16:00:00,36.6,37.3401989672206,37.1859780971575,37.5711532417558,"Range_24 25 m"
2025-07-27 17:00:00,32.2,31.3659951070605,32.4819158089463,33.2873536924182,"Range_24 25 m"
2025-07-27 18:00:00,30.4,29.4919776253709,30.6149449698172,30.3962148957261,"Range_24 25 m"
2025-07-27 19:00:00,29,28.356208170836,29.230858684683,29.8284467114854,"Range_24 25 m"
2025-07-27 20:00:00,27.4,27.4550944954439,27.8694411047882,28.0227267533823,"Range_24 25 m"
2025-07-27 21:00:00,27.3,26.8061125832777,27.5751753698431,26.957874994276,"Range_24 25 m"
2025-07-27 22:00:00,27.2,26.1104903552851,27.2985448114403,26.7438258264384,"Range_24 25 m"
2025-07-27 23:00:00,27.8,25.0817726630605,27.4118284175194,25.749820866052,"Range_24 25 m"
2025-07-28,27.1,24.6059881558288,27.0944710257469,25.3125971665252,"Range_24 25 m"
2025-07-28 01:00:00,26.6,24.2599163758961,26.5213789653636,25.412748764774,"Range_24 25 m"
2025-07-28 02:00:00,25.9,24.141376179386,25.8578852124732,24.6852283298262,"Range_24 25 m"
2025-07-28 03:00:00,25.1,24.0859958088716,25.3345576949798,24.4449680602869,"Range_24 25 m"
2025-07-28 04:00:00,25.9,28.1347159130998,25.9101178141537,26.1377898438402,"Range_24 25 m"
2025-07-28 05:00:00,28.7,34.1431508463251,28.7518061496447,28.1294718187677,"Range_24 25 m"
2025-07-28 06:00:00,31.9,43.7802849716128,32.5345596361349,31.86285027923,"Range_24 25 m"
2025-07-28 07:00:00,36.3,53.8179167475453,36.4103254230028,35.3319452967396,"Range_24 25 m"
2025-07-28 08:00:00,39.6,59.9344073496699,39.5000651459276,39.1820975504756,"Range_24 25 m"
2025-07-28 09:00:00,41.4,63.8627633142438,42.1101742205006,43.2243527460065,"Range_24 25 m"
2025-07-28 10:00:00,45.3,65.8892504010859,45.739564213411,46.1715360913935,"Range_24 25 m"
2025-07-28 11:00:00,46.7,62.6126283866372,47.3371105569562,46.8158535224404,"Range_24 25 m"
2025-07-28 12:00:00,46.7,58.7893699089032,47.196025977327,46.5967019477826,"Range_24 25 m"
2025-07-28 13:00:00,45.5,53.4546205608013,45.7741957962845,44.9063779918316,"Range_24 25 m"
2025-07-28 14:00:00,42.6,47.3374527394678,43.0256036789538,42.4636329114344,"Range_24 25 m"
2025-07-28 15:00:00,39,41.0101895031136,39.4176030667686,39.4751010831994,"Range_24 25 m"
2025-07-28 16:00:00,34.8,34.4682254570138,35.2033063355185,35.5568073766839,"Range_24 25 m"
2025-07-28 17:00:00,31.4,29.8942135298715,31.7054440160566,31.839429470347,"Range_24 25 m"
2025-07-28 18:00:00,29.9,28.5051454681179,30.0794074370292,29.6458000320217,"Range_24 25 m"
2025-07-28 19:00:00,29.1,27.6155011502512,28.976397597977,29.1026360837229,"Range_24 25 m"
2025-07-28 20:00:00,28.3,27.0326973306812,28.331924664014,27.8108843671955,"Range_24 25 m"
2025-07-28 21:00:00,27.6,26.4810190276214,27.9010646781925,27.344594486148,"Range_24 25 m"
2025-07-28 22:00:00,28,25.699514534308,27.8582735598461,27.1076228879228,"Range_24 25 m"
2025-07-28 23:00:00,27.6,25.1689125876314,27.4838683710273,26.7325214724428,"Range_24 25 m"
2025-07-29,27.2000000000001,24.8261529366031,27.1376344712596,26.3006307045474,"Range_24 25 m"
2025-07-29 01:00:00,27,24.859794565617,26.9873559899384,26.1689187969555,"Range_24 25 m"
2025-07-29 02:00:00,26.3,24.9298819673022,26.2334616793526,25.5163475644549,"Range_24 25 m"
2025-07-29 03:00:00,25.4,24.78224767172,25.7001125010641,25.0004181208577,"Range_24 25 m"
2025-07-29 04:00:00,26,28.4079717970561,26.2481192062497,26.207312045164,"Range_24 25 m"
2025-07-29 05:00:00,28.8,33.5574875800797,28.8909376539337,28.1105791061112,"Range_24 25 m"
2025-07-29 06:00:00,32.4,41.7696620681398,32.3124055445643,31.5961171844118,"Range_24 25 m"
2025-07-29 07:00:00,35.8999999999999,48.6592769057835,35.6911944424982,33.7807111175145,"Range_24 25 m"
2025-07-29 08:00:00,39.3,55.671421162363,38.8058359935396,37.4771100203952,"Range_24 25 m"
2025-07-29 09:00:00,41,61.5124990705828,41.6022178255089,42.0030328993181,"Range_24 25 m"
2025-07-29 10:00:00,44.7,63.2153939798086,44.9515155258347,45.1654347970693,"Range_24 25 m"
2025-07-29 11:00:00,46.3,61.5548989655852,46.9899403622683,46.2352502229094,"Range_24 25 m"
2025-07-29 12:00:00,46.4,57.6759834339267,46.6793865742993,45.8316183139926,"Range_24 25 m"
2025-07-29 13:00:00,44.2,52.6855941622491,44.6737651269861,44.4758640139337,"Range_24 25 m"
2025-07-29 14:00:00,41.4,46.7601545611914,41.8222679193093,42.2520297328528,"Range_24 25 m"
2025-07-29 15:00:00,37.9,40.1779390093128,38.3426836897467,39.1407546516697,"Range_24 25 m"
2025-07-29 16:00:00,34.1,33.4388596453966,34.6278408801044,35.1027578749956,"Range_24 25 m"
2025-07-29 17:00:00,31.4,28.9496456003584,31.5615017039351,31.5805645800032,"Range_24 25 m"
2025-07-29 18:00:00,30.1,27.8392050368984,30.225182813453,29.8614354236324,"Range_24 25 m"
2025-07-29 19:00:00,29.4,27.4954843058007,29.4212120254583,28.9662534727471,"Range_24 25 m"
2025-07-29 20:00:00,29,27.0597068251688,28.9406800976461,28.3970515908319,"Range_24 25 m"
2025-07-29 21:00:00,28.5,26.743674294276,28.4963594029307,27.8376441162059,"Range_24 25 m"
2025-07-29 22:00:00,28.6,25.5896246459055,28.2510755003041,27.2405685212183,"Range_24 25 m"
2025-07-29 23:00:00,28,25.1001436277,27.83263504058,26.8956415219871,"Range_24 25 m"
2025-07-30,27.7,24.9362183249508,27.5696831088629,26.7107809222256,"Range_24 25 m"
2025-07-30 01:00:00,27.7,24.708005964784,27.5758482365077,26.5537574887556,"Range_24 25 m"
2025-07-30 02:00:00,27.2999999999999,24.6247373288372,27.2290776486224,26.020239300082,"Range_24 25 m"
2025-07-30 03:00:00,26.6,24.4994406766998,26.6181330376306,25.8984278507339,"Range_24 25 m"
2025-07-30 04:00:00,27,25.8769665105716,26.7506088236172,26.2668429954425,"Range_24 25 m"
2025-07-30 05:00:00,30.5,28.064755486572,29.8821854178965,27.9433384260776,"Range_24 25 m"
2025-07-30 06:00:00,32.5,30.994473467195,32.0316559490097,31.0739818760991,"Range_24 25 m"
2025-07-30 07:00:00,36,32.4920082735392,34.7106666071073,35.0183385061594,"Range_24 25 m"
2025-07-30 08:00:00,40.1,33.5964580524492,39.5042546865514,38.2678476322221,"Range_24 25 m"
2025-07-30 09:00:00,42.4,35.4801409251991,42.5291627781014,40.5690600879493,"Range_24 25 m"
2025-07-30 10:00:00,45.7,38.0084433669596,45.4627540597363,43.2592477912455,"Range_24 25 m"
2025-07-30 11:00:00,46.8,44.295746791002,46.6960023330494,46.1866433497636,"Range_24 25 m"
2025-07-30 12:00:00,47.3,50.8827983840215,46.5666097632716,45.3848397238958,"Range_24 25 m"
2025-07-30 13:00:00,45.9,49.7857050832007,45.8548240610626,43.1490688260291,"Range_24 25 m"
2025-07-30 14:00:00,43.1,44.9959765192005,42.9145243370901,40.8934527154896,"Range_24 25 m"
2025-07-30 15:00:00,39.2,38.9509091808556,39.2822759040939,38.017119212365,"Range_24 25 m"
2025-07-30 16:00:00,34.7,31.5016554487729,34.9671575309945,33.9470254076505,"Range_24 25 m"
2025-07-30 17:00:00,30.5,26.6839504867979,30.8625632804242,30.2554081112333,"Range_24 25 m"
2025-07-30 18:00:00,28.9,25.4278757499544,29.2592184810254,28.6612067149965,"Range_24 25 m"
2025-07-30 19:00:00,28.1,24.9444386802879,28.2774894158977,27.7843577705589,"Range_24 25 m"
2025-07-30 20:00:00,27.8,24.5968363174143,27.95657032698,27.1028795131388,"Range_24 25 m"
2025-07-30 21:00:00,27.7,24.232267925146,27.7095612968956,26.7603429049281,"Range_24 25 m"
2025-07-30 22:00:00,27.6,23.6714865808382,27.6149437991584,26.434077227582,"Range_24 25 m"
2025-07-30 23:00:00,27.7,23.2721714293567,27.5969349847721,25.8227128302661,"Range_24 25 m"
2025-07-31,27.5,23.1347022251275,27.3708251881838,25.7333004669335,"Range_24 25 m"
2025-07-31 01:00:00,27.5,22.6180381548799,27.3434617160027,25.1755962145723,"Range_24 25 m"
2025-07-31 02:00:00,27.6,22.4321780978815,27.4527134315252,24.6142814933435,"Range_24 25 m"
2025-07-31 03:00:00,26.9,22.4602690775853,26.9179775186299,24.5668057044011,"Range_24 25 m"
2025-07-31 04:00:00,27,24.2089503382215,26.9556922625836,25.6205894325742,"Range_24 25 m"
2025-07-31 05:00:00,29.5,26.623373307499,29.2329025017758,27.4980153220025,"Range_24 25 m"
2025-07-31 06:00:00,31.8,29.3282650251571,31.7259075497389,31.1273411054794,"Range_24 25 m"
2025-07-31 07:00:00,36.9,30.6116783436122,35.6007338721328,34.3196091469111,"Range_24 25 m"
2025-07-31 08:00:00,39.3,33.8118229983238,38.7422407052203,37.1411853907493,"Range_24 25 m"
2025-07-31 09:00:00,41.3,34.8136285306163,41.3104551653146,40.2398365498729,"Range_24 25 m"
2025-07-31 10:00:00,44.9,34.1681927247899,44.7731461583831,41.7799719377416,"Range_24 25 m"
2025-07-31 11:00:00,45.6,34.5449663030849,45.4331912135273,42.7130094396816,"Range_24 25 m"
2025-07-31 12:00:00,46.1,42.1130190120217,46.2131126979851,44.9344046340462,"Range_24 25 m"
2025-07-31 13:00:00,45.3,44.6555638497949,45.4746074793937,42.2146728223443,"Range_24 25 m"
2025-07-31 14:00:00,42.5,41.8060399054063,42.6189256135431,40.198027944423,"Range_24 25 m"
2025-07-31 15:00:00,37.4,36.2429092908299,37.8579624420023,37.4979865336812,"Range_24 25 m"
2025-07-31 16:00:00,33.7,30.0934918063802,34.087508229855,33.6242556708974,"Range_24 25 m"
2025-07-31 17:00:00,30.5,26.0540587360769,30.7894274530073,30.4836179668813,"Range_24 25 m"
2025-07-31 18:00:00,29.3,24.8908836793044,29.5335385871157,28.7224225949386,"Range_24 25 m"
2025-07-31 19:00:00,28.6,24.2714853631141,28.7788542219955,27.8277495251777,"Range_24 25 m"
2025-07-31 20:00:00,28,23.8502882983283,28.0995930509023,26.987411644657,"Range_24 25 m"
2025-07-31 21:00:00,27.5,23.4422715940523,27.5563332593132,26.5105358400392,"Range_24 25 m"
2025-07-31 22:00:00,27.6,23.2464602457417,27.5313202891547,26.655627297057,"Range_24 25 m"
2025-07-31 23:00:00,27.1,22.926330089089,27.065644774041,26.1775047774282,"Range_24 25 m"
2025-08-01,27.1,22.8446931625255,27.0301856335538,25.816859700764,"Range_24 25 m"
2025-08-01 01:00:00,26.6,22.4536166077078,26.6275417906911,25.162398088497,"Range_24 25 m"
2025-08-01 02:00:00,26.6,22.2782738033245,26.6849092112469,24.9880890670727,"Range_24 25 m"
2025-08-01 03:00:00,26.2,22.2500722492853,26.3044016978459,24.618217238299,"Range_24 25 m"
2025-08-01 04:00:00,26.8,23.7631483730926,26.7134585438441,25.256968444313,"Range_24 25 m"
2025-08-01 05:00:00,29,26.0166478887227,28.7048003967947,27.2952366605428,"Range_24 25 m"
2025-08-01 06:00:00,32.2,28.7660414375425,31.9433838737698,30.3935126461149,"Range_24 25 m"
2025-08-01 07:00:00,36.6,29.8936667517073,35.4156332049523,33.9461097792036,"Range_24 25 m"
2025-08-01 08:00:00,39.6,31.1408387912799,38.7518785837941,36.8302613987018,"Range_24 25 m"
2025-08-01 09:00:00,41.6,32.4174772781007,40.8705780046816,39.7537519019715,"Range_24 25 m"
2025-08-01 10:00:00,44.8,34.0981963927708,44.5340203403104,42.0679615790806,"Range_24 25 m"
2025-08-01 11:00:00,45.8,33.9742071312372,45.3149905105226,43.4115059059564,"Range_24 25 m"
2025-08-01 12:00:00,45.6,34.7563551103879,45.6499863036432,43.233252350073,"Range_24 25 m"
2025-08-01 13:00:00,44.4,40.0920831904145,44.4370598939196,44.5753733858796,"Range_24 25 m"
2025-08-01 14:00:00,41.5,40.4529584097306,41.8111476954606,40.996493225042,"Range_24 25 m"
2025-08-01 15:00:00,38.3,35.8911950199015,38.4808497920395,37.3296892253764,"Range_24 25 m"
2025-08-01 16:00:00,34.3,29.2569683543851,34.4016161246841,33.2088237754514,"Range_24 25 m"
2025-08-01 17:00:00,30.5,25.1142030279366,30.7765746119979,29.8881998579232,"Range_24 25 m"
2025-08-01 18:00:00,28.9,24.0052727687078,29.1105588139364,28.3689292895513,"Range_24 25 m"
2025-08-01 19:00:00,28.2,23.7560588662278,28.342761370496,27.589331084932,"Range_24 25 m"
2025-08-01 20:00:00,27.3,23.3978185039574,27.5232763743035,27.0048958641106,"Range_24 25 m"
2025-08-01 21:00:00,26.8,23.079468785482,26.9437394575196,26.6578174221092,"Range_24 25 m"
2025-08-01 22:00:00,26.6,23.0760350171,26.8121027402343,26.8992712441355,"Range_24 25 m"
2025-08-01 23:00:00,26,22.7868296865148,26.2532223418445,26.183150267951,"Range_24 25 m"
2025-08-02,25.5,22.6717185087175,25.8735366724028,26.0024935312242,"Range_24 25 m"
2025-08-02 01:00:00,25.1,22.5294758983756,25.5676868108829,25.3430037208701,"Range_24 25 m"
2025-08-02 02:00:00,24.9,22.5227206375641,25.0273594466937,24.8061378624481,"Range_24 25 m"
2025-08-02 03:00:00,25,22.5439752979574,25.0577342142775,24.5755624218282,"Range_24 25 m"
2025-08-02 04:00:00,25.5,24.0019355139521,25.4083353979421,25.0821698031214,"Range_24 25 m"
2025-08-02 05:00:00,28.3,26.6643045428496,28.3102399699028,27.0889463904601,"Range_24 25 m"
2025-08-02 06:00:00,32.2,29.3688826005563,31.8658964885636,30.3590387742624,"Range_24 25 m"
2025-08-02 07:00:00,35.6,33.3027132565781,34.9161610997517,34.1012151057526,"Range_24 25 m"
2025-08-02 08:00:00,39.3,35.3506454060858,38.7943664535651,38.0746813844031,"Range_24 25 m"
2025-08-02 09:00:00,41.4,35.7379686434684,41.542431154824,40.4480702479301,"Range_24 25 m"
2025-08-02 10:00:00,43.8,36.7047575304243,43.9439879803898,42.4884422609541,"Range_24 25 m"
2025-08-02 11:00:00,44.7,34.8380938425471,45.0877199920132,43.7978802576472,"Range_24 25 m"
2025-08-02 12:00:00,45.1,33.7866315011916,44.8331268982196,42.7313489084182,"Range_24 25 m"
2025-08-02 13:00:00,44.5,37.7577216879599,44.5344240272563,43.4005372778647,"Range_24 25 m"
2025-08-02 14:00:00,42,38.8109645997873,41.6852015191072,41.150718465983,"Range_24 25 m"
2025-08-02 15:00:00,38.6,34.6632662203099,38.0421974968638,37.5525887396123,"Range_24 25 m"
2025-08-02 16:00:00,34.3,29.0103943841727,34.1089386391692,33.3720376985343,"Range_24 25 m"
2025-08-02 17:00:00,30.8,25.3428805598015,30.9979221343888,30.188322854876,"Range_24 25 m"
2025-08-02 18:00:00,29.3,24.3968343657659,29.4145709835884,28.6438221854375,"Range_24 25 m"
2025-08-02 19:00:00,29.1,24.1264514843671,29.0323925679423,27.871352903053,"Range_24 25 m"
2025-08-02 20:00:00,28.3,23.9485538446915,28.3701567531293,27.0961153948319,"Range_24 25 m"
2025-08-02 21:00:00,28.1,23.6797122472933,28.0133771960499,26.6245378965548,"Range_24 25 m"
2025-08-02 22:00:00,27.4,23.6741966932011,27.4745219631954,26.3627011506749,"Range_24 25 m"
2025-08-02 23:00:00,27.3,23.3640860993076,27.2488627047565,26.3129908520389,"Range_24 25 m"
2025-08-17 01:00:00,27.2,24.8109527592806,27.0621856772394,25.3690864806322,"Range_24 25 m"
2025-08-17 02:00:00,26.9,24.4725525026444,26.7845739866456,25.1959712152604,"Range_24 25 m"
2025-08-17 03:00:00,26.1,24.4596144473117,26.2626915132464,24.9345837151569,"Range_24 25 m"
2025-08-17 04:00:00,26.6,24.5465169640218,26.4238630364958,24.9559657068883,"Range_24 25 m"
2025-08-17 05:00:00,28.7,32.6930939966073,28.6117973018615,27.9075796419015,"Range_24 25 m"
2025-08-17 06:00:00,33.3,40.837492414561,32.6955192863658,31.7823271237285,"Range_24 25 m"
2025-08-17 07:00:00,38.3,51.2623776294674,37.6460054839884,35.3475140430416,"Range_24 25 m"
2025-08-17 08:00:00,41.7,58.0763771906786,41.2759476979599,38.4346173182421,"Range_24 25 m"
2025-08-17 09:00:00,44.7,61.3929936087206,44.2724557020074,41.8565670645311,"Range_24 25 m"
2025-08-17 10:00:00,47.4,61.4613988420826,46.6496842088548,44.2775533220631,"Range_24 25 m"
2025-08-17 11:00:00,48.4,61.4516205180126,47.9816618986367,46.1709341395336,"Range_24 25 m"
2025-08-17 12:00:00,47.8,57.6570497414255,47.4718395227705,45.8512130638742,"Range_24 25 m"
2025-08-17 13:00:00,45.8,52.880857087971,45.4820309019196,44.7023502367747,"Range_24 25 m"
2025-08-17 14:00:00,41.6,46.3726896141699,41.6346084539905,42.2460330818823,"Range_24 25 m"
2025-08-17 15:00:00,37.4,38.9936883232001,37.6828952441489,38.7571166387204,"Range_24 25 m"
2025-08-17 16:00:00,33.4,31.9777468531314,33.765160798235,34.7084847777072,"Range_24 25 m"
2025-08-17 17:00:00,30.7,28.7817037577851,30.9819479068576,31.7757640357239,"Range_24 25 m"
2025-08-17 18:00:00,29.6,27.9260966851832,29.8419851277005,30.4224443509699,"Range_24 25 m"
2025-08-17 19:00:00,28.8,27.49863804727,28.9371228112343,29.8638516798536,"Range_24 25 m"
2025-08-17 20:00:00,28.2,27.3763333527422,28.4152636468145,29.2741454808092,"Range_24 25 m"
2025-08-17 21:00:00,27.6,27.0452205693952,27.865220147954,28.7603542363874,"Range_24 25 m"
2025-08-17 22:00:00,27.3,26.1169166984398,27.5491030992232,28.4376883926231,"Range_24 25 m"
2025-08-17 23:00:00,27.7,25.958434900754,27.7058629944273,27.9666713089876,"Range_24 25 m"
2025-08-18,27.6,25.6600010337084,27.5378227081124,27.2971578778475,"Range_24 25 m"
2025-08-18 01:00:00,26.7,25.6042668625314,26.8844626291906,26.8043651386697,"Range_24 25 m"
2025-08-18 02:00:00,26.4,25.359416815457,26.4820024148374,26.5363272158476,"Range_24 25 m"
2025-08-18 03:00:00,26.8,25.3669200352775,26.7165492104222,26.5486841611015,"Range_24 25 m"
2025-08-18 04:00:00,27.1,25.5326274210534,27.0218312070276,26.3905597502313,"Range_24 25 m"
2025-08-18 05:00:00,28.6,30.9421703478375,28.5172373161122,28.3578257223645,"Range_24 25 m"
2025-08-18 06:00:00,32.6,39.4800269772435,32.4165751908873,32.2365906407262,"Range_24 25 m"
2025-08-18 07:00:00,37.4,51.0362222381642,37.1091116623787,34.960866708379,"Range_24 25 m"
2025-08-18 08:00:00,41.3,57.1342001145786,40.5308451126731,37.6448087876743,"Range_24 25 m"
2025-08-18 09:00:00,44.2,61.3724114691632,43.5469969218841,41.2386624609845,"Range_24 25 m"
2025-08-18 10:00:00,47.7,63.8531304962607,46.9647230581174,44.4428693420859,"Range_24 25 m"
2025-08-18 11:00:00,49.1,62.6106464225674,48.5365970121969,46.0048572379971,"Range_24 25 m"
2025-08-18 12:00:00,48.4,58.669090681501,47.9869738355209,45.8847955994087,"Range_24 25 m"
2025-08-18 13:00:00,45.6,52.6836877152617,45.3206180307142,44.2154746339018,"Range_24 25 m"
2025-08-18 14:00:00,41.3,45.9414927008055,41.4224819553808,41.6113940718077,"Range_24 25 m"
2025-08-18 15:00:00,37.8,38.4150269887,37.8725629120763,37.8795145413428,"Range_24 25 m"
2025-08-18 16:00:00,33.8,31.4371019699426,33.7891326369027,33.6689986088128,"Range_24 25 m"
2025-08-18 17:00:00,30.4,28.2069613197475,30.7294975203096,30.717465327087,"Range_24 25 m"
2025-08-18 18:00:00,29.1,27.0538172609241,29.3833936456004,29.2197644597919,"Range_24 25 m"
2025-08-18 19:00:00,28.1,26.7201324304966,28.2782696836499,28.0876245102314,"Range_24 25 m"
2025-08-18 20:00:00,27.4,25.7999104330718,27.489599543814,27.2050737211883,"Range_24 25 m"
2025-08-18 21:00:00,27,25.2596708229003,26.8728290836295,26.3679405143676,"Range_24 25 m"
2025-08-18 22:00:00,26.5,24.6721917684676,26.4233791186907,25.7910474832656,"Range_24 25 m"
2025-08-18 23:00:00,25.4,24.1811900946706,25.6056245592162,25.3086903903096,"Range_24 25 m"
2025-08-19,24.5,23.9456449460178,24.9338082577884,24.8508792828708,"Range_24 25 m"
2025-08-19 01:00:00,24.2,23.4524310708781,24.4266423947407,24.0631095648547,"Range_24 25 m"
2025-08-19 02:00:00,23.9,23.297488469648,24.0990000612154,23.456287298369,"Range_24 25 m"
2025-08-19 03:00:00,23.5,23.0628358335396,23.7500973508824,23.3401016206642,"Range_24 25 m"
2025-08-19 04:00:00,24.1,22.9541492228277,23.9988263027204,22.9607220505245,"Range_24 25 m"
2025-08-19 05:00:00,26.9,32.5964898982353,27.0915296472944,26.7128481784172,"Range_24 25 m"
2025-08-19 06:00:00,31.1,40.2963423080397,31.3210216882482,30.763046676631,"Range_24 25 m"
2025-08-19 07:00:00,35.3999999999999,52.2680938909891,36.0506854105723,35.120222873533,"Range_24 25 m"
2025-08-19 08:00:00,38.9,60.4394985468903,39.3239250129641,38.6910549433747,"Range_24 25 m"
2025-08-19 09:00:00,42.8,63.7693477048277,43.2339256645325,42.4220252408384,"Range_24 25 m"
2025-08-19 10:00:00,47,66.1822329477266,46.9941527140904,45.6992464975313,"Range_24 25 m"
2025-08-19 11:00:00,48.7,64.4781768529396,48.4808449977912,46.9357059209328,"Range_24 25 m"
2025-08-19 12:00:00,47.7,60.5135023129572,47.4626171214154,46.6231433880915,"Range_24 25 m"
2025-08-19 13:00:00,45.7,54.7158406711054,45.7249031846984,44.9658654666376,"Range_24 25 m"
2025-08-19 14:00:00,42.5,47.7696466281509,42.6421764301112,42.3754424884414,"Range_24 25 m"
2025-08-19 15:00:00,38.4,40.5204658405142,38.6296105484848,39.0283458129721,"Range_24 25 m"
2025-08-19 16:00:00,33.9,32.9833049837932,34.1833685492857,34.7262530390605,"Range_24 25 m"
2025-08-19 17:00:00,30.8,29.0231475923609,31.0072993708857,31.3728993032526,"Range_24 25 m"
2025-08-19 18:00:00,29.1,28.1375628983605,29.4315173389421,29.5038301026452,"Range_24 25 m"
2025-08-19 19:00:00,28.1,27.25431686086,28.1860663242556,28.7239983622486,"Range_24 25 m"
2025-08-19 20:00:00,27,26.5774692294547,27.2298119876078,27.4902439114997,"Range_24 25 m"
2025-08-19 21:00:00,26.2,25.8784660322295,26.548174036248,26.5505690796004,"Range_24 25 m"
2025-08-19 22:00:00,25.5,25.2058546120967,25.8389871214634,25.9320507819499,"Range_24 25 m"
2025-08-19 23:00:00,25.1,24.6564206359672,25.4994376888637,25.1893072603034,"Range_24 25 m"
2025-08-20,25.2,24.4224955501976,25.334902808388,24.5953795525255,"Range_24 25 m"
2025-08-20 01:00:00,24.6,23.8548826183715,24.7569472138147,23.8298576231637,"Range_24 25 m"
2025-08-20 02:00:00,24,23.4868994004731,24.2239978440078,23.4892596251969,"Range_24 25 m"
2025-08-20 03:00:00,23.8,23.1985249248823,23.9784811844628,23.1337347207149,"Range_24 25 m"
2025-08-20 04:00:00,24.2,23.4422927512806,24.2283232215157,23.1714133634251,"Range_24 25 m"
2025-08-20 05:00:00,27.6,32.8203605545264,27.6324874034171,26.9419573677283,"Range_24 25 m"
2025-08-20 06:00:00,32.3,41.8072635315022,32.3386034490189,31.5413419387898,"Range_24 25 m"
2025-08-20 07:00:00,36.7,54.8047293116056,36.5971533192594,36.3309420038663,"Range_24 25 m"
2025-08-20 08:00:00,40.3,62.2457148761067,40.4105840370256,39.9074008197102,"Range_24 25 m"
2025-08-20 09:00:00,44.8,64.416213742389,44.6977502078747,43.0443532382386,"Range_24 25 m"
2025-08-20 10:00:00,48,65.0297465322513,47.5194469781514,45.4128642080325,"Range_24 25 m"
2025-08-20 11:00:00,49.1,62.4533115743592,48.7178297433156,46.1916595815613,"Range_24 25 m"
2025-08-20 12:00:00,48.8,58.4353358909681,48.4961606623388,45.6381242439344,"Range_24 25 m"
2025-08-20 13:00:00,46.6,53.1063821669302,46.3917298498264,44.0012767668448,"Range_24 25 m"
2025-08-20 14:00:00,43.4,46.7755422865507,43.2404379995272,41.7415943419096,"Range_24 25 m"
2025-08-20 15:00:00,39,40.0416107995834,39.0411802321676,38.7618587835159,"Range_24 25 m"
2025-08-20 16:00:00,34.2,32.5206906174885,34.2340337196581,34.5280663346516,"Range_24 25 m"
2025-08-20 17:00:00,30.7,28.7068445389746,30.8844841268854,31.0350708668707,"Range_24 25 m"
2025-08-20 18:00:00,29.3,27.5909687194539,29.4344929146641,29.4288874778462,"Range_24 25 m"
2025-08-20 19:00:00,28.6,26.9298164781693,28.7041022346127,28.5637950834397,"Range_24 25 m"
2025-08-20 20:00:00,28.1,26.5420002960201,28.317991670633,27.7938442253109,"Range_24 25 m"
2025-08-20 21:00:00,28,26.0696278189684,28.0756991367046,27.3351384972597,"Range_24 25 m"
2025-08-20 22:00:00,27.6,25.6989192411179,27.6749813098569,27.1078271314377,"Range_24 25 m"
2025-08-20 23:00:00,27.4,25.5212027711279,27.5110968510126,26.8859855813391,"Range_24 25 m"
2025-08-21,26.9,25.2005239489079,26.913754099598,26.3342197897435,"Range_24 25 m"
2025-08-21 01:00:00,26.2000000000001,25.0721831571125,26.3677914010623,25.9253955136799,"Range_24 25 m"
2025-08-21 02:00:00,25.5,24.9615438930139,25.6640468237984,25.4351021997079,"Range_24 25 m"
2025-08-21 03:00:00,25.4,24.9311720582772,25.4942032833561,25.3571696731377,"Range_24 25 m"
2025-08-21 04:00:00,25.9,25.0761041467903,25.8994307613425,25.7030395096062,"Range_24 25 m"
2025-08-21 05:00:00,27.8,32.2213054716501,27.7511230151559,27.9036441862497,"Range_24 25 m"
2025-08-21 06:00:00,31.4,38.8152283440807,31.3036515466712,30.6425837289074,"Range_24 25 m"
2025-08-21 07:00:00,36.1,44.7474948413612,35.4323408502604,32.9186793811561,"Range_24 25 m"
2025-08-21 08:00:00,38.3,53.7708689698998,37.888197593933,36.6529242524926,"Range_24 25 m"
2025-08-21 09:00:00,42.4,58.5738022098925,41.9142427518102,40.7598697910693,"Range_24 25 m"
2025-08-21 10:00:00,45.9,61.8813380997579,45.6469348577554,44.1253890793722,"Range_24 25 m"
2025-08-21 11:00:00,47.6,60.776354187483,47.2664639769433,45.8902457890455,"Range_24 25 m"
2025-08-21 12:00:00,46.9,57.5334730333558,46.8493038513026,45.8536997026673,"Range_24 25 m"
2025-08-21 13:00:00,45.7,52.3361871596029,45.630402186554,44.6047408934286,"Range_24 25 m"
2025-08-21 14:00:00,42.4,46.6548806098301,42.4271597863786,42.4959140685398,"Range_24 25 m"
2025-08-21 15:00:00,38,39.6098346415152,38.2950234818665,38.9038853350272,"Range_24 25 m"
2025-08-21 16:00:00,33.4,32.2420056069192,33.6831535396303,34.3401913845834,"Range_24 25 m"
2025-08-21 17:00:00,30.7,28.4540811339382,30.7745043034283,31.0685981074337,"Range_24 25 m"
2025-08-21 18:00:00,29.4,27.6074288350844,29.558911454377,29.5077107412123,"Range_24 25 m"
2025-08-21 19:00:00,28,26.8949865339957,28.2454129758348,28.5822822092734,"Range_24 25 m"
2025-08-21 20:00:00,27.2,26.2755378526495,27.3087186147289,27.4731763643072,"Range_24 25 m"
2025-08-21 21:00:00,27.1,25.7219009351815,27.0459567269789,26.3704003048028,"Range_24 25 m"
2025-08-21 22:00:00,26.3,25.508624889861,26.4765238767658,26.3063633227452,"Range_24 25 m"
2025-08-21 23:00:00,26,24.8946322203519,26.1536420690213,25.5287657976987,"Range_24 25 m"
2025-08-22,25.4,24.6610687693505,25.6669732694673,25.4157072624116,"Range_24 25 m"
2025-08-22 01:00:00,25.1,24.2035086738612,25.2468244606177,24.5011499511744,"Range_24 25 m"
2025-08-22 02:00:00,24.7,23.9300812500992,24.877670739972,24.1880282777825,"Range_24 25 m"
2025-08-22 03:00:00,24.3,23.6618693056703,24.5981153701527,23.8933305773139,"Range_24 25 m"
2025-08-22 04:00:00,24.9,23.5897859580513,24.8810362682588,23.859696472406,"Range_24 25 m"
2025-08-22 05:00:00,27.3,28.2677186483847,27.1027869520684,25.8987968916403,"Range_24 25 m"
2025-08-22 06:00:00,31.4,32.9467491729567,30.828528826692,31.1137754543135,"Range_24 25 m"
2025-08-22 07:00:00,35.9,35.8483269693723,35.0833673912868,35.019673812615,"Range_24 25 m"
2025-08-22 08:00:00,38.9,38.1777386491891,39.3410589640388,38.4328605359193,"Range_24 25 m"
2025-08-22 09:00:00,43.6,37.9274015416977,43.4147425273725,41.1843812456009,"Range_24 25 m"
2025-08-22 10:00:00,46.9,42.476434494733,46.3945612003152,44.2260160701267,"Range_24 25 m"
2025-08-22 11:00:00,48.1,57.2101853389836,47.0175312676065,49.002944280634,"Range_24 25 m"
2025-08-22 12:00:00,47.5,56.3165544051821,46.9700965818106,45.8052705306704,"Range_24 25 m"
2025-08-22 13:00:00,45.7,52.4275474070117,45.4960790883512,44.6203045366809,"Range_24 25 m"
2025-08-22 14:00:00,42.6,46.5025705080308,42.5054096853619,42.3440979700364,"Range_24 25 m"
2025-08-22 15:00:00,39.1,39.338423669171,38.9980392450271,38.9382801650282,"Range_24 25 m"
2025-08-22 16:00:00,34.3,32.0135552794981,34.2272136761895,34.601454487567,"Range_24 25 m"
2025-08-22 17:00:00,31.1,28.570345106972,31.0824950141901,31.482995453728,"Range_24 25 m"
2025-08-22 18:00:00,30.1,27.6626861517092,30.1315605395731,30.1321063463351,"Range_24 25 m"
2025-08-22 19:00:00,29,27.1321866194959,29.0630501933765,28.9731280486341,"Range_24 25 m"
2025-08-22 20:00:00,28,26.7793863622112,28.2007527037932,28.0695448724193,"Range_24 25 m"
2025-08-22 21:00:00,27.1,26.1355535116626,27.1464779333928,27.2520467367603,"Range_24 25 m"
2025-08-22 22:00:00,26.5,25.49261527039,26.5525325280093,26.3373177526135,"Range_24 25 m"
2025-08-22 23:00:00,25.9,24.9273257899213,25.9657637734264,25.5370484042096,"Range_24 25 m"
2025-08-23,25.8,24.6740986397352,25.8156232399918,25.3272074749555,"Range_24 25 m"
2025-08-23 01:00:00,25.4,24.2266529594883,25.4016862217877,24.437771434091,"Range_24 25 m"
2025-08-23 02:00:00,25.6,24.0551597837055,25.4354010280443,24.2034970733965,"Range_24 25 m"
2025-08-23 03:00:00,25.2,23.9233282115639,25.1260177145854,23.8330110665739,"Range_24 25 m"
2025-08-23 04:00:00,25.7,24.1092175921667,25.4344452615595,23.7948786100614,"Range_24 25 m"
2025-08-23 05:00:00,27.4,32.2418660882237,27.270077114485,26.9443020585301,"Range_24 25 m"
2025-08-23 06:00:00,31,37.8426302955391,30.8684118272968,30.200238613868,"Range_24 25 m"
2025-08-23 07:00:00,35.6000000000001,50.9974007541512,35.6561980720983,36.0552248889779,"Range_24 25 m"
2025-08-23 08:00:00,38.3,60.1374856003457,39.2808398375253,39.6529332169228,"Range_24 25 m"
2025-08-23 09:00:00,43.1,63.1660228998381,43.4144427220685,42.7675892145354,"Range_24 25 m"
2025-08-23 10:00:00,46,63.6930060727946,45.8743417690559,45.3110499723307,"Range_24 25 m"
2025-08-23 11:00:00,47.3,61.587765676139,47.5290630535349,46.5987949196082,"Range_24 25 m"
2025-08-23 12:00:00,47.8,57.8044097772833,47.6585973247207,46.3369958750006,"Range_24 25 m"
2025-08-23 13:00:00,46,53.6993957772777,45.9324782849202,45.4647375360057,"Range_24 25 m"
2025-08-23 14:00:00,43.2,47.7843233584047,43.1720519223983,43.269931936133,"Range_24 25 m"
2025-08-23 15:00:00,39.5,40.8470255167793,39.6350040151268,40.0000814230751,"Range_24 25 m"
2025-08-23 16:00:00,34.7,33.627217621093,34.9013766506505,35.638793081527,"Range_24 25 m"
2025-08-23 17:00:00,31.3,30.0020626774807,31.6544381481945,32.2586618653317,"Range_24 25 m"
2025-08-23 18:00:00,29.8,29.0192764108071,30.0887952332841,30.5168021027932,"Range_24 25 m"
2025-08-23 19:00:00,28.6,28.1205220581003,28.8258369949763,29.5491075874277,"Range_24 25 m"
2025-08-23 20:00:00,28.1,27.421197827889,28.1851907752099,28.2441057525411,"Range_24 25 m"
2025-08-23 21:00:00,27.2,26.8762553341107,27.4127608118081,27.6807592518048,"Range_24 25 m"
2025-08-23 22:00:00,26.7,26.3478972558868,26.8928500047124,27.4561488275421,"Range_24 25 m"
2025-08-23 23:00:00,26.2,25.8660578606037,26.2988972764861,26.9698414680866,"Range_24 25 m"
2025-08-24,25.7,25.6539815544514,25.7949184457662,26.5482448219685,"Range_24 25 m"
2025-08-24 01:00:00,25.1,25.1035854100855,25.2003752302148,25.6325607776316,"Range_24 25 m"
2025-08-24 02:00:00,24.7,24.9941788220377,24.7343403268037,25.2496709132166,"Range_24 25 m"
2025-08-24 03:00:00,24.3,24.9012872765371,24.5915011967855,24.8695907632419,"Range_24 25 m"
2025-08-24 04:00:00,24.5,24.7557405258807,24.6983471864633,24.8436364407929,"Range_24 25 m"
2025-08-24 05:00:00,26.6,32.2221448310855,26.7729121783845,27.5685002693179,"Range_24 25 m"
2025-08-24 06:00:00,30.9,39.0544571738608,30.993850581501,31.1141509871848,"Range_24 25 m"
2025-08-24 07:00:00,34.9,50.9103367315963,35.3153765104499,35.3493511664108,"Range_24 25 m"
2025-08-24 08:00:00,37.4,57.4224502646818,38.0095516691255,38.2416526877775,"Range_24 25 m"
2025-08-24 09:00:00,41.6,62.9209647014456,42.1279518931399,42.4999079540091,"Range_24 25 m"
2025-08-24 10:00:00,44.2,65.0028683458034,44.9030046667659,45.80913703782,"Range_24 25 m"
2025-08-24 11:00:00,45.9,63.8627761747713,46.7166454166902,47.3634532835359,"Range_24 25 m"
2025-08-24 12:00:00,46.2,59.9017200000162,46.7283227912914,47.0261945254679,"Range_24 25 m"
2025-08-24 13:00:00,45,53.5124107134116,45.4232089924352,44.8988767397177,"Range_24 25 m"
2025-08-24 14:00:00,42.2,46.0978679727124,42.4408904119071,41.8274006913708,"Range_24 25 m"
2025-08-24 15:00:00,38.1,38.87555282133,38.4837531509512,38.2111492635526,"Range_24 25 m"
2025-08-24 16:00:00,33.5,32.0134622880883,33.8006858226872,34.2144818136163,"Range_24 25 m"
2025-08-24 17:00:00,30.7,28.8152771176955,31.176462204178,31.4161904039046,"Range_24 25 m"
2025-08-24 18:00:00,29.7,28.0197874569357,29.9663339302979,30.1831795238913,"Range_24 25 m"
2025-08-24 19:00:00,29.1,27.4977273398378,29.1688023199148,29.1181748562791,"Range_24 25 m"
2025-08-24 20:00:00,28.4,26.6040312286374,28.5018093451255,28.1034804817197,"Range_24 25 m"
2025-08-24 21:00:00,28.2,26.3288530309224,28.1795916686623,27.372239490273,"Range_24 25 m"
2025-08-24 22:00:00,27.8,25.6678494149692,27.7652813907432,26.9117909604557,"Range_24 25 m"
2025-08-24 23:00:00,27.7,25.4549379534627,27.5805202252229,26.518547195902,"Range_24 25 m"
2025-08-25,26.2,25.2588597899491,26.5364862176668,26.1232259636933,"Range_24 25 m"
2025-08-25 01:00:00,25.9,24.9536929490822,26.0736983387249,25.7596793535011,"Range_24 25 m"
2025-08-25 02:00:00,25.5,25.0126629449846,25.642790030583,25.4497719385149,"Range_24 25 m"
2025-08-25 03:00:00,25.2,25.0653428038058,25.3930643690909,25.3522432049212,"Range_24 25 m"
2025-08-25 04:00:00,25.6,25.1157229142999,25.5304963426365,25.737770219407,"Range_24 25 m"
2025-08-25 05:00:00,27.8,32.3649144696541,27.8157434832002,27.824826769764,"Range_24 25 m"
2025-08-25 06:00:00,31.9,38.7560572116279,31.5753844689028,30.4136356799507,"Range_24 25 m"
2025-08-25 07:00:00,35.6,46.2390168101898,35.0392244090224,33.1895602138153,"Range_24 25 m"
2025-08-25 08:00:00,37.7,51.589842270954,37.3554348494583,35.9895109644965,"Range_24 25 m"
2025-08-25 09:00:00,41.4,56.4051564556182,40.8455461990443,39.6514542919219,"Range_24 25 m"
2025-08-25 10:00:00,43.8,61.1418293912905,43.9141784982215,43.5160511930483,"Range_24 25 m"
2025-08-25 11:00:00,44.4,60.8170623621163,45.567440696988,45.6572980722603,"Range_24 25 m"
2025-08-25 12:00:00,44.4,57.9867566095162,45.3310081773727,45.8059962259102,"Range_24 25 m"
2025-08-25 13:00:00,43.5,52.9901296750415,44.188162352768,44.3566238538135,"Range_24 25 m"
2025-08-25 14:00:00,41.1,46.3526769021637,41.7019417895065,41.6699147561676,"Range_24 25 m"
2025-08-25 15:00:00,37.1,38.9563363471479,37.790534188664,38.1241711059064,"Range_24 25 m"
2025-08-25 16:00:00,32.7,31.7166528079456,33.3541501951478,34.0012909743732,"Range_24 25 m"
2025-08-25 17:00:00,30.2,28.415023500476,30.6347055485754,31.1833495445586,"Range_24 25 m"
2025-08-25 18:00:00,29.2,27.3996904649203,29.5216071497795,29.8769093312686,"Range_24 25 m"
2025-08-25 19:00:00,28.7,26.9090719289748,28.7722372855132,28.7303953237502,"Range_24 25 m"
2025-08-25 20:00:00,28.6,26.537313020958,28.5481600945202,28.0959191687241,"Range_24 25 m"
2025-08-25 21:00:00,28.4,26.2482837676379,28.167579815019,27.708838844237,"Range_24 25 m"
2025-08-25 22:00:00,28,24.5949207382751,27.8797170807055,26.6467572289062,"Range_24 25 m"
2025-08-25 23:00:00,27.8,24.0913156388122,27.6118286120718,26.5397971985656,"Range_24 25 m"
2025-08-26,27.5,23.9677134589435,27.3263139715979,26.2146593169452,"Range_24 25 m"
2025-08-26 01:00:00,26.6,23.6654002058816,26.709191905652,25.8472864020181,"Range_24 25 m"
2025-08-26 02:00:00,25.5,23.4144261517069,25.5923808117772,25.5417056717417,"Range_24 25 m"
2025-08-26 03:00:00,25.1,23.3219645058235,25.2888092169783,24.9936749970039,"Range_24 25 m"
2025-08-26 04:00:00,25.8,23.2044169984744,25.5500466285708,24.7814951024936,"Range_24 25 m"
2025-08-26 05:00:00,28.5,25.793393281319,28.2278669693414,25.6211996199869,"Range_24 25 m"
2025-05-25 07:00:00,27,31.015782329782,28.3030135579586,29.2668970558486,"Range_24 45 m"
2025-05-25 08:00:00,33,32.7991872999779,33.4152141528398,33.8000736210457,"Range_24 45 m"
2025-05-25 09:00:00,38.4,34.6713018875251,38.8256905645088,37.9389155368934,"Range_24 45 m"
2025-05-25 10:00:00,42.1,45.7236412761711,41.1203655440351,42.2903939483665,"Range_24 45 m"
2025-05-25 11:00:00,45.2,52.4993625127442,43.6083289993282,42.3471084081299,"Range_24 45 m"
2025-05-25 12:00:00,45.2,51.3712937794395,43.6445547813118,42.228235002584,"Range_24 45 m"
2025-05-25 13:00:00,42.1,47.5860888085091,41.8627433383718,40.786075743171,"Range_24 45 m"
2025-05-25 14:00:00,38.6,40.6271588727815,38.3749291608057,37.4763631746156,"Range_24 45 m"
2025-05-25 15:00:00,34.5,33.2448949711792,34.3568951364757,34.3397649424545,"Range_24 45 m"
2025-05-25 16:00:00,30.7,25.5031966354411,30.5113728098954,30.6993307258647,"Range_24 45 m"
2025-05-25 17:00:00,27.3,22.1074545088407,27.3515244633621,27.8584377470609,"Range_24 45 m"
2025-05-25 18:00:00,25.5,21.3121295444128,25.6446904216552,25.693718957102,"Range_24 45 m"
2025-05-25 19:00:00,24.2,20.9376092976851,24.3395346473084,25.0958500928206,"Range_24 45 m"
2025-05-25 20:00:00,23.1,20.387661484423,23.118218415518,23.4649789606956,"Range_24 45 m"
2025-05-25 21:00:00,21.8,20.1823527668386,21.9551973750404,22.2307123993307,"Range_24 45 m"
2025-05-25 22:00:00,20.5,19.7664827865875,21.0637890906746,21.6425640148437,"Range_24 45 m"
2025-05-25 23:00:00,19.3,19.2172316036349,19.9048870927152,20.5356843195086,"Range_24 45 m"
2025-05-26,18.4,18.9676785861033,18.5991825555694,19.7522248421687,"Range_24 45 m"
2025-05-26 01:00:00,17.8,18.6784067522341,18.3101334905887,18.9288624297434,"Range_24 45 m"
2025-05-26 02:00:00,17.4,18.5802856350843,17.8007027996176,19.8825302983228,"Range_24 45 m"
2025-05-26 03:00:00,17.2,19.0781372583622,17.8624760896772,20.2282112634892,"Range_24 45 m"
2025-05-26 04:00:00,19.1,23.8767615163053,19.7235720086729,21.4528365933622,"Range_24 45 m"
2025-05-26 05:00:00,24,29.1680978643244,24.3751606425556,23.438288103277,"Range_24 45 m"
2025-05-26 06:00:00,28.6,34.650955713904,28.9969748052206,28.5533953081728,"Range_24 45 m"
2025-05-26 07:00:00,29.1,39.6842728329813,30.6688433779447,31.3032236767923,"Range_24 45 m"
2025-05-26 08:00:00,35.9,41.3136029841218,36.6965544083033,33.6287699343476,"Range_24 45 m"
2025-05-26 09:00:00,39.8,38.37790894921,39.278469121089,37.0186569731968,"Range_24 45 m"
2025-05-26 10:00:00,41.5,41.2790974107158,41.1726600481273,42.1716743436229,"Range_24 45 m"
2025-05-26 11:00:00,38.7,52.2166826391343,39.3543429090957,45.4147364759568,"Range_24 45 m"
2025-05-26 12:00:00,41.1,52.8082001062148,41.647405477628,43.7115604730361,"Range_24 45 m"
2025-05-26 13:00:00,38.7,48.3831610275492,39.2276473457755,41.3477553917155,"Range_24 45 m"
2025-05-26 14:00:00,35.8,41.5095465842258,36.2675268050421,37.4632194701206,"Range_24 45 m"
2025-05-26 15:00:00,32.4,34.2706298002345,32.9532999660472,33.8451196321589,"Range_24 45 m"
2025-05-26 16:00:00,29.6,27.0077613420544,29.9413023172238,29.9974723882733,"Range_24 45 m"
2025-05-26 17:00:00,27.1,22.945733612372,27.2626711020393,27.7910662349001,"Range_24 45 m"
2025-05-26 18:00:00,25.7,21.6337424528569,25.9285230338404,26.8450790655583,"Range_24 45 m"
2025-05-26 19:00:00,24.2,21.3153467981957,24.3180572712313,26.1026082842492,"Range_24 45 m"
2025-05-26 20:00:00,24.5,20.0013976261504,24.5474005537016,26.3590097591765,"Range_24 45 m"
2025-05-26 21:00:00,24.3,20.3346413089186,24.2133925821893,25.1687782718092,"Range_24 45 m"
2025-05-26 22:00:00,24.6,20.6719204254528,24.4661791225621,24.176972515144,"Range_24 45 m"
2025-05-26 23:00:00,24.4,20.8339944173187,24.3837851390719,24.2888377000183,"Range_24 45 m"
2025-05-27,24.3,21.0297140376372,24.2863934758895,23.7504300372405,"Range_24 45 m"
2025-05-27 01:00:00,24.1,21.1362486238978,24.1680340668136,24.7428944464228,"Range_24 45 m"
2025-05-27 02:00:00,23.9,20.7487822350652,23.9109491402799,23.8878591832311,"Range_24 45 m"
2025-05-27 03:00:00,23.8,20.5097589642582,23.693306089736,22.9387478978214,"Range_24 45 m"
2025-05-27 04:00:00,23.9,22.5973146769062,23.9274263784651,23.3283850165859,"Range_24 45 m"
2025-05-27 05:00:00,26.4,24.4825844788666,26.1594953647545,24.806330325615,"Range_24 45 m"
2025-05-27 06:00:00,28.5,27.1719186688143,28.4224070361433,27.407916747995,"Range_24 45 m"
2025-05-27 07:00:00,28.6,29.3915615445332,28.9499213255146,30.4171084529118,"Range_24 45 m"
2025-05-27 08:00:00,34.8,31.1829946538288,34.6332325546268,34.967185547002,"Range_24 45 m"
2025-05-27 09:00:00,39,38.1353313940732,38.3236721183705,38.7144610899655,"Range_24 45 m"
2025-05-27 10:00:00,42.2,47.2120456606537,41.2607101738092,39.9007820994049,"Range_24 45 m"
2025-05-27 11:00:00,43.3,47.8601201946106,42.3959953944074,39.7558092052307,"Range_24 45 m"
2025-05-27 12:00:00,42.1,45.7266508573439,41.0136272520791,39.0200935834792,"Range_24 45 m"
2025-05-27 13:00:00,40.7,41.9625717623015,39.8192566044189,37.3891049845,"Range_24 45 m"
2025-05-27 14:00:00,37.4,36.4019941713141,36.6066994409859,34.440367045574,"Range_24 45 m"
2025-05-27 15:00:00,33.5,29.9489504408785,33.321367288573,31.5217546534487,"Range_24 45 m"
2025-05-27 16:00:00,29.6,22.395202688765,29.1684168784142,27.6372209115738,"Range_24 45 m"
2025-05-27 17:00:00,26.1,19.2777687876362,26.0393240098651,24.9634992449421,"Range_24 45 m"
2025-05-27 18:00:00,24.7,18.6175273439309,24.6849791960288,23.9670899888894,"Range_24 45 m"
2025-05-27 19:00:00,23.9,18.4562734009129,23.863717259461,23.5580910087925,"Range_24 45 m"
2025-05-27 20:00:00,23.5,18.3488022832843,23.541297034885,23.4494411497089,"Range_24 45 m"
2025-05-27 21:00:00,23.4,18.1218735559372,23.3185565095269,23.0871021135239,"Range_24 45 m"
2025-05-27 22:00:00,22.8,17.9900883993982,22.4995894666335,22.4640726408838,"Range_24 45 m"
2025-05-27 23:00:00,22.3,17.6662816105802,22.248682159997,20.9452101288755,"Range_24 45 m"
2025-05-28,22.3,17.5418644683211,22.2064799004976,21.0287235514968,"Range_24 45 m"
2025-05-28 01:00:00,21.9,17.3421129374715,21.9382621272568,20.7193996100637,"Range_24 45 m"
2025-05-28 02:00:00,22,17.2389844946051,21.9024526222728,19.8517881921912,"Range_24 45 m"
2025-05-28 03:00:00,21.8,17.4297998158544,21.8766409392268,19.649873277387,"Range_24 45 m"
2025-05-28 04:00:00,22.6,20.0940535902842,22.2672994490519,20.888730847822,"Range_24 45 m"
2025-05-28 05:00:00,24.8,22.5524039651163,24.5822951694782,22.8096855069406,"Range_24 45 m"
2025-05-28 06:00:00,27.4,25.1837150053579,27.0727051511266,25.6005923943121,"Range_24 45 m"
2025-05-28 07:00:00,27,27.3474503631073,27.6729553585911,28.6509872550446,"Range_24 45 m"
2025-05-28 08:00:00,33.4,28.7174972376174,32.6452120758956,32.8898433527297,"Range_24 45 m"
2025-05-28 09:00:00,38.3,29.9558614306483,37.7002675417391,35.0222357325587,"Range_24 45 m"
2025-05-28 10:00:00,39.4,30.8404883562605,39.4225440386259,37.7712139307539,"Range_24 45 m"
2025-05-28 11:00:00,42,30.3239983203336,41.5454601348198,39.6803530337735,"Range_24 45 m"
2025-05-28 12:00:00,40.8,28.4647956509885,40.5153885071858,38.3307462354001,"Range_24 45 m"
2025-05-28 13:00:00,39.2,27.0036945498507,38.8297793541601,37.0758943713229,"Range_24 45 m"
2025-05-28 14:00:00,36.6,24.7944956375163,35.8499467427933,35.4347420288127,"Range_24 45 m"
2025-05-28 15:00:00,32.4,22.5229140919472,31.3467128822184,32.5719262760903,"Range_24 45 m"
2025-05-28 16:00:00,28.7,19.4689350276112,28.2002517690163,28.6818208842396,"Range_24 45 m"
2025-05-28 17:00:00,26.1,18.4068319952049,25.9102800105668,25.6490538274803,"Range_24 45 m"
2025-05-28 18:00:00,24.6,18.2177503484222,24.5084222031234,24.1313503163787,"Range_24 45 m"
2025-05-28 19:00:00,23.9,18.0711965142972,23.6256688017784,22.8451370774991,"Range_24 45 m"
2025-05-28 20:00:00,23.2,18.0057731094018,23.1690856030239,22.0665626945153,"Range_24 45 m"
2025-05-28 21:00:00,22.8,17.9706389275565,22.8885580338579,21.8963484135642,"Range_24 45 m"
2025-05-28 22:00:00,22.4,18.0406801693869,22.4061744687708,21.8886785500479,"Range_24 45 m"
2025-05-28 23:00:00,22.1,17.9018833940924,22.1924507347056,21.3924351042212,"Range_24 45 m"
2025-05-29,22,17.8351110548392,22.0515721236793,21.075034532012,"Range_24 45 m"
2025-05-29 01:00:00,21.7,17.5877848435686,21.782403782983,20.2928069402025,"Range_24 45 m"
2025-05-29 02:00:00,20.5,17.3950649859622,20.6372687347004,19.4571036460116,"Range_24 45 m"
2025-05-29 03:00:00,19.9,17.4257329679669,20.2309800075549,19.031130550021,"Range_24 45 m"
2025-05-29 04:00:00,21.1,20.5269825663986,21.0104420212102,19.9662112203064,"Range_24 45 m"
2025-05-29 05:00:00,24,24.0884645789412,23.887224357098,22.2374370902327,"Range_24 45 m"
2025-05-29 06:00:00,27.3,26.9771296614033,27.3445647999039,25.4993104570729,"Range_24 45 m"
2025-05-29 07:00:00,26.9,28.763657263904,27.8286101499522,28.8311477074913,"Range_24 45 m"
2025-05-29 08:00:00,34.9,30.8970275894537,34.2458866263593,31.7822141424551,"Range_24 45 m"
2025-05-29 09:00:00,39.2,31.3781152001609,38.3408315039776,35.6900043717612,"Range_24 45 m"
2025-05-29 10:00:00,42.2,33.1534501488869,41.2948223778618,38.0220619614784,"Range_24 45 m"
2025-05-29 11:00:00,44.1,32.8645117289515,42.8061527510958,40.263493300149,"Range_24 45 m"
2025-05-29 12:00:00,43.1,30.7529635693007,42.6684214016355,40.5366959835463,"Range_24 45 m"
2025-05-29 13:00:00,41.2,28.6282241991574,40.5800689817581,39.6152342012936,"Range_24 45 m"
2025-05-29 14:00:00,38.1,25.8736042030114,36.836384532532,37.7497343070763,"Range_24 45 m"
2025-05-29 15:00:00,34.4,23.0196937633647,33.2368822098326,34.618405730833,"Range_24 45 m"
2025-05-29 16:00:00,29.8,20.1452203048458,29.4131769512764,30.2693362487545,"Range_24 45 m"
2025-05-29 17:00:00,26.5,18.8229186683385,26.264889763642,25.8810212760655,"Range_24 45 m"
2025-05-29 18:00:00,24.5,18.6511756817168,24.4094302972799,23.6271292606658,"Range_24 45 m"
2025-05-29 19:00:00,23.2,18.4399905604861,23.2262750206899,21.8314021033786,"Range_24 45 m"
2025-05-29 20:00:00,22.3,18.2465447530085,22.0932286281563,20.7072641000086,"Range_24 45 m"
2025-05-29 21:00:00,21.5,17.9150765912552,21.3261062905067,20.0118962304611,"Range_24 45 m"
2025-05-29 22:00:00,20.8,17.5365659751555,20.6898507181056,19.8183309592864,"Range_24 45 m"
2025-05-29 23:00:00,19.9,17.1372848273016,19.9447665445549,19.4400101423956,"Range_24 45 m"
2025-05-30,19.2,16.9228499042449,19.4077511960144,18.872829924768,"Range_24 45 m"
2025-05-30 01:00:00,19.1,16.2867372382831,19.055335659578,17.8020927060794,"Range_24 45 m"
2025-05-30 02:00:00,18.4,15.8366027156742,18.4954142704043,17.2545146028431,"Range_24 45 m"
2025-05-30 03:00:00,18.5,15.6461297092505,18.3829753830399,16.9105711994238,"Range_24 45 m"
2025-05-30 04:00:00,20.1,19.5632974696247,20.0817510348286,18.5164943528263,"Range_24 45 m"
2025-05-30 05:00:00,24.3,24.2376033956805,24.1141576553571,21.5191840822497,"Range_24 45 m"
2025-05-30 06:00:00,28.6,28.6354330023502,28.2403792095121,25.3392575224613,"Range_24 45 m"
2025-05-30 07:00:00,27.6,32.3467681615996,28.4163072569794,28.3837504594969,"Range_24 45 m"
2025-05-30 08:00:00,35.3,34.3029697360978,34.8720014845791,32.0040762844071,"Range_24 45 m"
2025-05-30 09:00:00,40.1,34.3943353579659,39.5316058298463,35.4206731007714,"Range_24 45 m"
2025-05-30 10:00:00,41.9,35.2314603438868,41.5477452601766,38.6245885005488,"Range_24 45 m"
2025-05-30 11:00:00,40.1,34.0004028165565,40.7835574190262,40.5872496450172,"Range_24 45 m"
2025-05-30 12:00:00,39.7,33.5422242731886,40.4797372121756,41.5569661707716,"Range_24 45 m"
2025-05-30 13:00:00,38.1,35.524377774624,39.1777911312981,42.1218876356164,"Range_24 45 m"
2025-05-30 14:00:00,35.6,33.6085977884026,37.6000099552291,37.7057762475701,"Range_24 45 m"
2025-05-30 15:00:00,32.7,28.1015945179148,33.5390096829496,33.1775818569346,"Range_24 45 m"
2025-05-30 16:00:00,29.1,21.572598944973,29.5202100980826,28.7463522065392,"Range_24 45 m"
2025-05-30 17:00:00,26,18.6830165622824,26.281623528259,25.8669297931784,"Range_24 45 m"
2025-05-30 18:00:00,24.1,17.9040672746984,24.1579500222123,24.4514543978063,"Range_24 45 m"
2025-05-30 19:00:00,22.9,17.4942819059675,22.9660677393103,23.318483966667,"Range_24 45 m"
2025-05-30 20:00:00,22.2,17.2313042098855,22.3119511187644,22.3421178275918,"Range_24 45 m"
2025-05-30 21:00:00,22.4,17.0839518829228,22.2834938540533,21.6885799690129,"Range_24 45 m"
2025-05-30 22:00:00,21.8,16.9242904736336,21.681608938903,21.254113490754,"Range_24 45 m"
2025-05-30 23:00:00,20.8,16.801000845466,21.0776960729599,20.4262645364145,"Range_24 45 m"
2025-05-31,19.8,16.7911490064424,19.7037710735982,19.8191071611207,"Range_24 45 m"
2025-05-31 01:00:00,18.9,15.8366597882133,18.8175345200037,17.8886967888694,"Range_24 45 m"
2025-05-31 02:00:00,18.2,15.4566742415168,18.2068488395299,17.3122667307594,"Range_24 45 m"
2025-05-31 03:00:00,17.6,15.4210368304094,17.8634634459776,16.9652727751573,"Range_24 45 m"
2025-05-31 04:00:00,19.6,20.3358758161487,19.8490683331709,18.3999775121631,"Range_24 45 m"
2025-05-31 05:00:00,24,28.4803739389846,24.13119038747,22.482530196614,"Range_24 45 m"
2025-05-31 06:00:00,29.4,35.9472427705833,29.1607472161666,26.4742937425682,"Range_24 45 m"
2025-05-31 07:00:00,33.2,35.4642265916641,32.2283650949101,28.3966611505325,"Range_24 45 m"
2025-05-31 08:00:00,35.2,34.8798684383721,35.3921004117347,33.1006578708977,"Range_24 45 m"
2025-05-31 09:00:00,37.1,34.3102822423829,37.8925312935039,36.9694588304414,"Range_24 45 m"
2025-05-31 10:00:00,37.9,41.712698698871,37.2970076294006,41.6840520360397,"Range_24 45 m"
2025-05-31 11:00:00,39.4,48.618206343862,39.6192060320344,41.4785593368735,"Range_24 45 m"
2025-05-31 12:00:00,38.2,46.685901828559,39.1198834782664,39.6129281003791,"Range_24 45 m"
2025-05-31 13:00:00,36.7,43.2454335456275,37.4875263543535,37.8196756606483,"Range_24 45 m"
2025-05-31 14:00:00,34.5,38.0054283445608,35.2257371928176,35.3913274114858,"Range_24 45 m"
2025-05-31 15:00:00,32.2,32.1927551845373,32.562693693859,32.8635831693472,"Range_24 45 m"
2025-05-31 16:00:00,29.5,24.4792828265362,29.5741817582656,29.3866090480023,"Range_24 45 m"
2025-05-31 17:00:00,26.7,21.2199580273,26.6693036012977,26.5716669163076,"Range_24 45 m"
2025-05-31 18:00:00,25.3,20.2475235537256,25.3534924283365,25.1342408732141,"Range_24 45 m"
2025-05-31 19:00:00,24.5,19.8565722178058,24.5011541807013,24.2212067316608,"Range_24 45 m"
2025-05-31 20:00:00,24,19.6986206460795,23.8886669662479,23.43136963137,"Range_24 45 m"
2025-05-31 21:00:00,23.4,19.5762808439404,23.044015120856,22.6210651514203,"Range_24 45 m"
2025-05-31 22:00:00,22.9,19.3002521110999,22.093505006024,21.5850779129493,"Range_24 45 m"
2025-05-31 23:00:00,22.3,19.0725039431117,21.6625364302301,20.7360853144191,"Range_24 45 m"
2025-06-08 01:00:00,19.7,19.7029822490709,20.1936041605553,21.0773215911882,"Range_24 45 m"
2025-06-08 02:00:00,19,19.1438811598037,19.5246584273684,20.4616782245849,"Range_24 45 m"
2025-06-08 03:00:00,19.1,19.2836300722049,19.4634425853456,19.802994190781,"Range_24 45 m"
2025-06-08 04:00:00,20.3,23.2693670732201,20.701300237173,21.0141845685662,"Range_24 45 m"
2025-06-08 05:00:00,24.2,26.6903380912905,24.4748977650488,23.6756465000277,"Range_24 45 m"
2025-06-08 06:00:00,27.6,30.1680068525071,27.8913607557296,26.5813912900681,"Range_24 45 m"
2025-06-08 07:00:00,28.4,35.4185599514032,29.8190049039285,29.643009109118,"Range_24 45 m"
2025-06-08 08:00:00,35,49.716989575733,34.4163161516222,33.9188471425665,"Range_24 45 m"
2025-06-08 09:00:00,39.4,56.1337058009903,39.2373865479381,39.1024653377335,"Range_24 45 m"
2025-06-08 10:00:00,41.8,58.382580927819,42.1865532921828,42.9830648221671,"Range_24 45 m"
2025-06-08 11:00:00,44.4,56.6917145356423,44.4405402480402,43.8531420335061,"Range_24 45 m"
2025-06-08 12:00:00,45,53.0827986402517,43.7573177804292,43.037205378533,"Range_24 45 m"
2025-06-08 13:00:00,42.9,49.5088569999557,41.8582625432634,41.670509088121,"Range_24 45 m"
2025-06-08 14:00:00,39.7,43.9899216408848,38.8341564996297,39.0071273560642,"Range_24 45 m"
2025-06-08 15:00:00,35.1,37.1553448352004,34.7372197914682,35.6886609706069,"Range_24 45 m"
2025-06-08 16:00:00,31.4,28.6259157833426,31.2303525259797,31.4460227665274,"Range_24 45 m"
2025-06-08 17:00:00,28.3,24.0054467341317,28.1841294429366,28.3817232272042,"Range_24 45 m"
2025-06-08 18:00:00,26.3,22.9459336098924,26.2355862462166,26.2915582951799,"Range_24 45 m"
2025-06-08 19:00:00,24.7,22.4820871759619,24.7707095112807,24.8531954694952,"Range_24 45 m"
2025-06-08 20:00:00,23.5,21.6325857028204,23.6153471601584,23.9883488997656,"Range_24 45 m"
2025-06-08 21:00:00,22.9,21.342026092216,23.0670434198592,23.3190947548594,"Range_24 45 m"
2025-06-08 22:00:00,23.1,21.0790472011607,23.3551021273711,23.1655728797953,"Range_24 45 m"
2025-06-08 23:00:00,23.7,20.7621315463082,23.5602173641944,22.981257770826,"Range_24 45 m"
2025-06-09,23.7,20.6437051354366,23.5556993688318,22.5951957760769,"Range_24 45 m"
2025-06-09 01:00:00,23.8,20.5998434321587,23.6745685425756,22.0962276951973,"Range_24 45 m"
2025-06-09 02:00:00,23.6,20.3564180941631,23.3390512495227,21.9472376914074,"Range_24 45 m"
2025-06-09 03:00:00,23.5,20.5468214286953,23.155945249773,21.5361048711926,"Range_24 45 m"
2025-06-09 04:00:00,24.1,23.9337523097527,23.984380056986,22.6577420348656,"Range_24 45 m"
2025-06-09 05:00:00,26.2,27.2957438905145,26.1755723719483,24.5341138322259,"Range_24 45 m"
2025-06-09 06:00:00,28.7,32.1981458434008,28.7441516480857,27.1428494223498,"Range_24 45 m"
2025-06-09 07:00:00,29.4,41.0110423349005,30.0625742548164,31.0579468988043,"Range_24 45 m"
2025-06-09 08:00:00,35.6,52.7637289505157,35.8858456402785,34.7015951614532,"Range_24 45 m"
2025-06-09 09:00:00,40.8,57.8998393796178,40.3953767419575,39.8886222623082,"Range_24 45 m"
2025-06-09 10:00:00,44.2,60.3362161800499,44.0568221259868,43.4981023952599,"Range_24 45 m"
2025-06-09 11:00:00,45.9,58.7214421058413,44.793561221135,44.611930730414,"Range_24 45 m"
2025-06-09 12:00:00,44.4,54.3423075458283,43.6461923478434,43.5425095340485,"Range_24 45 m"
2025-06-09 13:00:00,40.5,49.9145626960738,40.5952507576521,41.8066735206588,"Range_24 45 m"
2025-06-09 14:00:00,37.6,43.9013950220367,37.9801996712778,38.9143669000885,"Range_24 45 m"
2025-06-09 15:00:00,34.5,36.9690993671124,34.5460091829201,35.6675381307309,"Range_24 45 m"
2025-06-09 16:00:00,31.1,28.3865570708557,31.1358465267624,31.3239221259399,"Range_24 45 m"
2025-06-09 17:00:00,27.9,24.0857165253419,27.974978923075,28.2332075035829,"Range_24 45 m"
2025-06-09 18:00:00,26.3,22.9423944470268,26.310609845,26.3418182846885,"Range_24 45 m"
2025-06-09 19:00:00,24.9,22.4977858134818,24.9073553454049,24.7546367713523,"Range_24 45 m"
2025-06-09 20:00:00,24,21.7732055102792,23.9066675806507,23.7460732375589,"Range_24 45 m"
2025-06-09 21:00:00,23.5,21.5195886545897,23.3483880134712,22.768025105548,"Range_24 45 m"
2025-06-09 22:00:00,23.9,21.2554092248809,23.2733991078657,22.4720845064056,"Range_24 45 m"
2025-06-09 23:00:00,24.1,20.8987266768518,23.502012198849,22.3299412478509,"Range_24 45 m"
2025-06-10,23.9,20.7626385852936,23.1919461059148,22.2598581478241,"Range_24 45 m"
2025-06-10 01:00:00,23.9,20.3050545712755,23.1377509094849,21.3592683335588,"Range_24 45 m"
2025-06-10 02:00:00,23.6,20.1321634959003,22.7891984879827,20.7183846544048,"Range_24 45 m"
2025-06-10 03:00:00,23.2,20.3027496187792,22.4933419766234,20.3648853598938,"Range_24 45 m"
2025-06-10 04:00:00,23.9,25.9184445511779,23.8696707656541,22.3721112381896,"Range_24 45 m"
2025-06-10 05:00:00,27,30.4967772206462,27.0040051693385,25.0096894940532,"Range_24 45 m"
2025-06-10 06:00:00,29.9,33.9975852391169,29.7979374785835,27.0600242039607,"Range_24 45 m"
2025-06-10 07:00:00,30.1,39.6921583047408,30.6215288082767,30.7050557961959,"Range_24 45 m"
2025-06-10 08:00:00,36.1,52.5446262777439,35.9950005931362,35.3977508962742,"Range_24 45 m"
2025-06-10 09:00:00,41.2,57.4468649483465,40.7663361137606,39.9794920540594,"Range_24 45 m"
2025-06-10 10:00:00,44.2,59.3918297801145,44.2239359177842,43.3779347453245,"Range_24 45 m"
2025-06-10 11:00:00,45.9,58.9429646321225,45.4104804765252,44.9401331730771,"Range_24 45 m"
2025-06-10 12:00:00,44.5,55.1855499214306,44.3204933176363,44.1766607231274,"Range_24 45 m"
2025-06-10 13:00:00,40.1,50.5085166057242,40.3141492718748,42.4673026164664,"Range_24 45 m"
2025-06-10 14:00:00,37.7,43.3368892787438,37.8660392516067,38.8457636950951,"Range_24 45 m"
2025-06-10 15:00:00,34.1,36.0604125323431,34.2710634908941,35.5341278376715,"Range_24 45 m"
2025-06-10 16:00:00,31.2,28.4894358611606,31.2207006455172,31.6635112262271,"Range_24 45 m"
2025-06-10 17:00:00,29.1,24.5662050248784,28.8786728868477,28.5671935083074,"Range_24 45 m"
2025-06-10 18:00:00,27,23.6310087230739,26.9858439474333,26.9681986358699,"Range_24 45 m"
2025-06-10 19:00:00,25.4,23.1138944463166,25.4889516420602,25.5457331971558,"Range_24 45 m"
2025-06-10 20:00:00,24.1,22.4952074493686,24.3404424627768,24.5319417919437,"Range_24 45 m"
2025-06-10 21:00:00,23.5,22.1712814215899,23.7336663288674,23.7124348525286,"Range_24 45 m"
2025-06-10 22:00:00,22.8,21.5220437821853,22.9187807907466,23.0391491231429,"Range_24 45 m"
2025-06-10 23:00:00,22.7,21.1764469026966,22.6933270580303,22.499196040575,"Range_24 45 m"
2025-06-11,22.8,21.0430402748864,22.6405059158721,22.2466907494347,"Range_24 45 m"
2025-06-11 01:00:00,22.4,20.9625369377575,22.4978161665421,21.8834501572094,"Range_24 45 m"
2025-06-11 02:00:00,22.6,20.8773513936562,22.434103352019,21.5119334363503,"Range_24 45 m"
2025-06-11 03:00:00,22.3,21.0720564559662,22.3629472115883,21.3185964808428,"Range_24 45 m"
2025-06-11 04:00:00,23.3,25.1838958143396,23.3875960957495,22.5996825575037,"Range_24 45 m"
2025-06-11 05:00:00,26.1,28.9721687369148,26.1880825543462,24.580398850898,"Range_24 45 m"
2025-06-11 06:00:00,29.9,32.5656764468268,29.732429712529,27.482364889057,"Range_24 45 m"
2025-06-11 07:00:00,29.7,40.4585108423479,30.2446790158144,31.4180931711443,"Range_24 45 m"
2025-06-11 08:00:00,35.9,53.1180887451094,36.036030671846,35.5821027984541,"Range_24 45 m"
2025-06-11 09:00:00,40.6,58.3543997247124,40.4645286369919,40.2588434655571,"Range_24 45 m"
2025-06-11 10:00:00,43.9,59.8168744088781,44.0308747595743,43.5326622964513,"Range_24 45 m"
2025-06-11 11:00:00,46.7,57.9102925939197,46.2739400174741,44.6165313405628,"Range_24 45 m"
2025-06-11 12:00:00,46.8,54.5944896509325,45.6466876779509,44.0616784860765,"Range_24 45 m"
2025-06-11 13:00:00,44.5,49.74666203295,43.7104217993985,42.0177205923677,"Range_24 45 m"
2025-06-11 14:00:00,39.7,43.7745630091933,39.3627193411007,39.0982105082778,"Range_24 45 m"
2025-06-11 15:00:00,35.6,38.1419526458977,35.4913523815999,36.3936915518044,"Range_24 45 m"
2025-06-11 16:00:00,32,29.7747795567756,31.9866282972655,32.1211476311927,"Range_24 45 m"
2025-06-11 17:00:00,28.5,25.0710367287667,28.5150709220914,29.1108655060799,"Range_24 45 m"
2025-06-11 18:00:00,26.4,24.1779535476191,26.5716973331322,27.1168609324915,"Range_24 45 m"
2025-06-11 19:00:00,25.0999999999999,23.1029110107101,25.2935557490266,25.7827990207351,"Range_24 45 m"
2025-06-11 20:00:00,24.1,22.4737748342093,24.311257075145,24.3621796804007,"Range_24 45 m"
2025-06-11 21:00:00,23.2,22.0562113091461,23.5841031664505,23.1857883498184,"Range_24 45 m"
2025-06-11 22:00:00,22.2,21.6030312172728,22.835774924955,22.9139904372054,"Range_24 45 m"
2025-06-11 23:00:00,21.8,21.4282898644299,22.5778475324869,22.6152698735089,"Range_24 45 m"
2025-06-12,23.1,21.2388359917052,22.7545552152566,22.3591687096007,"Range_24 45 m"
2025-06-12 01:00:00,22.6,20.8756600435265,22.420407169588,21.7991550977715,"Range_24 45 m"
2025-06-12 02:00:00,22.6,20.6880949881026,22.2604198201373,21.3125327970931,"Range_24 45 m"
2025-06-12 03:00:00,21.5,21.0216607963112,21.6963674858957,20.7710418616799,"Range_24 45 m"
2025-06-12 04:00:00,22.3,27.4169939531728,22.7230368885949,23.0225609316274,"Range_24 45 m"
2025-06-12 05:00:00,25.7,31.2111478715243,25.9737928732204,25.1199937730136,"Range_24 45 m"
2025-06-12 06:00:00,28.9,34.3688355395579,29.3681983536972,27.7927261302256,"Range_24 45 m"
2025-06-12 07:00:00,29.7,43.6771680577908,30.5649202999541,31.6707221730862,"Range_24 45 m"
2025-06-12 08:00:00,36.4,57.3444681275653,36.6569219900342,36.6575365174579,"Range_24 45 m"
2025-06-12 09:00:00,42.3,60.7586410711147,42.1337392895589,41.4762256811001,"Range_24 45 m"
2025-06-12 10:00:00,46,62.3483949702268,45.5727132885099,44.8521123927122,"Range_24 45 m"
2025-06-12 11:00:00,47.3,59.9936227308777,46.6999734939931,45.7258529173401,"Range_24 45 m"
2025-06-12 12:00:00,46.9,56.4128028636837,45.8468427598248,45.0920430904293,"Range_24 45 m"
2025-06-12 13:00:00,41.6,51.4470008397585,41.5338925394148,42.928697922278,"Range_24 45 m"
2025-06-12 14:00:00,38.5,44.7752324832539,38.7808603169546,39.3742238772969,"Range_24 45 m"
2025-06-12 15:00:00,35.4,38.0595686599514,35.6817084359237,36.093513505151,"Range_24 45 m"
2025-06-12 16:00:00,31.8,29.6280219940981,31.9975870782445,31.7945280461153,"Range_24 45 m"
2025-06-12 17:00:00,28.4,24.9918345069658,28.552879876195,28.844243154503,"Range_24 45 m"
2025-06-12 18:00:00,26.5,23.9132805613077,26.6585799534642,26.8642156866587,"Range_24 45 m"
2025-06-12 19:00:00,25.3,22.5286150221522,25.1631005421263,25.1760471110041,"Range_24 45 m"
2025-06-12 20:00:00,24.3,21.9322553526013,24.2711418918808,23.6605081211178,"Range_24 45 m"
2025-06-12 21:00:00,23.9,21.2434264521381,23.5982060052518,22.4713431696674,"Range_24 45 m"
2025-06-12 22:00:00,23.6,20.7007140431864,23.1327678598777,21.615682533787,"Range_24 45 m"
2025-06-12 23:00:00,23.2,20.2609478422538,22.6369717038766,21.0919728466407,"Range_24 45 m"
2025-06-13,23.1,19.9725911320743,22.4067960617201,20.6505680979785,"Range_24 45 m"
2025-06-13 01:00:00,23,19.9455525071746,22.3793963288868,20.9704147966033,"Range_24 45 m"
2025-06-13 02:00:00,21.3,19.6015573046891,21.1459004541,20.7402980826585,"Range_24 45 m"
2025-06-13 03:00:00,20.9,19.7422360796357,20.974231483691,19.8454205263282,"Range_24 45 m"
2025-06-13 04:00:00,23.1,24.8984948800918,22.9661868885656,21.4532438920852,"Range_24 45 m"
2025-06-13 05:00:00,26.4,29.1432782226287,26.3630341122566,23.8155923896514,"Range_24 45 m"
2025-06-13 06:00:00,30.2,35.3783641615993,30.2600648265522,27.5832377234584,"Range_24 45 m"
2025-06-13 07:00:00,29.9,48.0659408758065,30.4762284627062,31.8536682317635,"Range_24 45 m"
2025-06-13 08:00:00,36.4,56.9841268605066,36.8354577746411,36.2208002156091,"Range_24 45 m"
2025-06-13 09:00:00,41.6,60.8520883951789,41.8475254523791,41.417346421302,"Range_24 45 m"
2025-06-13 10:00:00,45.2,62.9042724836574,45.2127813198097,44.8626903761135,"Range_24 45 m"
2025-06-13 11:00:00,43.2,59.7678992613328,44.6324424854506,45.5970790251267,"Range_24 45 m"
2025-06-13 12:00:00,42.1,56.589365730938,43.5820485387963,45.256698380169,"Range_24 45 m"
2025-06-13 13:00:00,40.4,51.5883723609187,40.980998418196,43.1320487372615,"Range_24 45 m"
2025-06-13 14:00:00,38.2,45.7230260644367,38.7799953364725,40.2182486329487,"Range_24 45 m"
2025-06-13 15:00:00,35.6,39.0552987985042,35.9372007894362,36.9863181046871,"Range_24 45 m"
2025-06-13 16:00:00,32.2,30.5629954821257,32.5048372633607,32.5925229078917,"Range_24 45 m"
2025-06-13 17:00:00,29.1,25.8512455646074,29.2726206128164,29.572934550432,"Range_24 45 m"
2025-06-13 18:00:00,27.1,24.609961529703,27.3338511306633,27.9535434446047,"Range_24 45 m"
2025-06-13 19:00:00,25.9,24.1384494954442,26.1824763322423,26.3854146653508,"Range_24 45 m"
2025-06-13 20:00:00,24.6,23.1529570503857,24.9702877386056,25.1243079586651,"Range_24 45 m"
2025-06-13 21:00:00,23.3,22.804481087189,23.9765648487852,24.0940206627658,"Range_24 45 m"
2025-06-13 22:00:00,22.6,22.2006307053904,23.2299740919088,23.6198748755793,"Range_24 45 m"
2025-06-13 23:00:00,23.1,21.8060775557829,23.2426425086977,22.9984696666075,"Range_24 45 m"
2025-06-14,23.1,21.6273053309575,23.1913843951545,22.537978472437,"Range_24 45 m"
2025-06-14 01:00:00,22.1,21.2556702573557,22.5184013837784,22.0135413487215,"Range_24 45 m"
2025-06-14 02:00:00,22.2,20.9814745958688,22.326855431529,21.3227719839456,"Range_24 45 m"
2025-06-14 03:00:00,22.6,21.1508259463713,22.4605902211964,21.079549981992,"Range_24 45 m"
2025-06-14 04:00:00,23.5,25.2347721209237,23.5493803523795,22.3660611262032,"Range_24 45 m"
2025-06-14 05:00:00,26,27.7876329147462,26.1350400421017,24.2795250141267,"Range_24 45 m"
2025-06-14 06:00:00,30.1,32.9490450773593,30.1124625898254,27.7496713552829,"Range_24 45 m"
2025-06-14 07:00:00,30.1,46.1460542691981,30.9748452516005,31.9309577955043,"Range_24 45 m"
2025-06-14 08:00:00,36.3,56.6461663526477,36.6039170793913,36.5504956525745,"Range_24 45 m"
2025-06-14 09:00:00,41.3,60.103316186105,41.5349113259407,41.3734520656216,"Range_24 45 m"
2025-06-14 10:00:00,45.1,62.4361229295539,45.2519617107468,45.0145969743537,"Range_24 45 m"
2025-06-14 11:00:00,47.5,59.3564924690828,46.9059306797847,45.5382437203035,"Range_24 45 m"
2025-06-14 12:00:00,44,56.1096148813174,44.477597656369,45.083385022919,"Range_24 45 m"
2025-06-14 13:00:00,41.5,51.2188343828002,41.8508505622039,42.8664431398192,"Range_24 45 m"
2025-06-14 14:00:00,38.7,45.5220987385715,39.1360748788315,39.9442588871921,"Range_24 45 m"
2025-06-14 15:00:00,35.5,39.1680664276269,35.8019249793386,36.8441030239251,"Range_24 45 m"
2025-06-14 16:00:00,32,30.6368536092829,32.2829856776485,32.4236628152918,"Range_24 45 m"
2025-06-14 17:00:00,29,25.5215365288808,29.0575157902503,29.2758015988423,"Range_24 45 m"
2025-06-14 18:00:00,27.1,24.1917947121802,27.1618999748199,27.3475371190253,"Range_24 45 m"
2025-06-14 19:00:00,25.8,23.8347029632622,26.0429127185644,25.9883882946068,"Range_24 45 m"
2025-06-14 20:00:00,25.9,23.1757329881394,25.70821858549,25.2418939054215,"Range_24 45 m"
2025-06-14 21:00:00,25.4,22.939972124069,25.1198014154935,24.3866809224775,"Range_24 45 m"
2025-06-14 22:00:00,24.5,22.919260811557,24.3762640095364,24.1207710025207,"Range_24 45 m"
2025-06-14 23:00:00,23.9,22.2437300301581,23.763381609179,23.3321833230048,"Range_24 45 m"
2025-07-27 01:00:00,23.6,23.5802916429835,23.8099400317657,24.1452935479479,"Range_24 45 m"
2025-07-27 02:00:00,23,23.3154764678405,23.3597710269549,23.4423069115804,"Range_24 45 m"
2025-07-27 03:00:00,22.5,22.8834173971163,22.8396362276435,22.955832108234,"Range_24 45 m"
2025-07-27 04:00:00,23.1,27.3426741841534,23.6361274319894,23.8385526421765,"Range_24 45 m"
2025-07-27 05:00:00,26.5,35.5286243642459,27.4476400579078,25.7142065251956,"Range_24 45 m"
2025-07-27 06:00:00,31.6,46.1852312198989,31.7229198053109,28.8821401707046,"Range_24 45 m"
2025-07-27 07:00:00,32.5,55.4146749840743,33.8553011544614,33.9179918633468,"Range_24 45 m"
2025-07-27 08:00:00,38.5,61.594341975032,39.3654429517396,40.0351054485427,"Range_24 45 m"
2025-07-27 09:00:00,42.7,64.7028349757046,43.3151189702907,44.6742304682583,"Range_24 45 m"
2025-07-27 10:00:00,47.2,66.2910063024771,47.0861393628453,47.8702413793814,"Range_24 45 m"
2025-07-27 11:00:00,49.1,64.9550282942689,48.7782189047837,49.1325004088319,"Range_24 45 m"
2025-07-27 12:00:00,48.4,61.9646120497389,48.4394920145312,48.9143515059157,"Range_24 45 m"
2025-07-27 13:00:00,47.6,57.5089179535833,47.5341118880674,47.2123528977361,"Range_24 45 m"
2025-07-27 14:00:00,45.6,51.8512612684908,45.4814031411916,44.4402476652804,"Range_24 45 m"
2025-07-27 15:00:00,42.4,45.4671232032331,42.2101146546163,41.0943037795576,"Range_24 45 m"
2025-07-27 16:00:00,38,37.3401989672206,37.6258576987069,36.6436738703273,"Range_24 45 m"
2025-07-27 17:00:00,33.9,31.3659951070605,33.7102205110115,33.2160519937335,"Range_24 45 m"
2025-07-27 18:00:00,31.6,29.4919776253709,31.4841263938741,30.7902933888444,"Range_24 45 m"
2025-07-27 19:00:00,30,28.356208170836,29.9118619957489,30.1849990739274,"Range_24 45 m"
2025-07-27 20:00:00,28.6,27.4550944954439,28.5460521867297,28.3128693491503,"Range_24 45 m"
2025-07-27 21:00:00,28,26.8061125832777,27.9122658603354,27.1231800276022,"Range_24 45 m"
2025-07-27 22:00:00,27.4,26.1104903552851,27.37207455251,26.8174708817324,"Range_24 45 m"
2025-07-27 23:00:00,27.6,25.0817726630605,27.3922734265671,25.6938552636541,"Range_24 45 m"
2025-07-28,27.2,24.6059881558288,27.147592288483,25.1252260317672,"Range_24 45 m"
2025-07-28 01:00:00,26.6,24.2599163758961,26.523511039357,25.1439282405583,"Range_24 45 m"
2025-07-28 02:00:00,26,24.141376179386,25.9129404972149,24.3506643443593,"Range_24 45 m"
2025-07-28 03:00:00,25.4,24.0859958088716,25.4462625768468,24.0243972844203,"Range_24 45 m"
2025-07-28 04:00:00,25.7,28.1347159130998,25.7135151632875,25.6092046482988,"Range_24 45 m"
2025-07-28 05:00:00,28.3,34.1431508463251,28.5242596968898,27.214382211529,"Range_24 45 m"
2025-07-28 06:00:00,31.4,43.7802849716128,31.4877743128993,30.0867052978457,"Range_24 45 m"
2025-07-28 07:00:00,32.3,53.8179167475453,33.4633710348073,33.4732950892201,"Range_24 45 m"
2025-07-28 08:00:00,38.3,59.9344073496699,38.7761021866058,38.691367264831,"Range_24 45 m"
2025-07-28 09:00:00,43.1,63.8627633142438,42.9046249137657,43.6041935968366,"Range_24 45 m"
2025-07-28 10:00:00,47.1,65.8892504010859,46.4093131477124,47.0105539594355,"Range_24 45 m"
2025-07-28 11:00:00,48.9,62.6126283866372,48.242176770985,47.4723743659463,"Range_24 45 m"
2025-07-28 12:00:00,48.5,58.7893699089032,47.7962610494255,47.1865600028973,"Range_24 45 m"
2025-07-28 13:00:00,46.8,53.4546205608013,46.3247798801151,45.0169775096538,"Range_24 45 m"
2025-07-28 14:00:00,43.6,47.3374527394678,43.3153424491712,42.0890429913904,"Range_24 45 m"
2025-07-28 15:00:00,40,41.0101895031136,39.7326328796647,38.9619183239144,"Range_24 45 m"
2025-07-28 16:00:00,36.2,34.4682254570138,35.9329856852405,35.1790237205636,"Range_24 45 m"
2025-07-28 17:00:00,32.9,29.8942135298715,32.7477725601555,31.9661282027231,"Range_24 45 m"
2025-07-28 18:00:00,31,28.5051454681179,30.8582560400955,30.0150252956173,"Range_24 45 m"
2025-07-28 19:00:00,30,27.6155011502512,29.6029990196604,29.4318384972818,"Range_24 45 m"
2025-07-28 20:00:00,29.1,27.0326973306812,28.7840740105195,28.0499185430683,"Range_24 45 m"
2025-07-28 21:00:00,28.2,26.4810190276214,28.0684691843487,27.4860465601989,"Range_24 45 m"
2025-07-28 22:00:00,28.2,25.699514534308,27.9038163802934,27.155929472281,"Range_24 45 m"
2025-07-28 23:00:00,27.7,25.1689125876314,27.5231486068742,26.6587280611879,"Range_24 45 m"
2025-07-29,27.4000000000001,24.8261529366031,27.1923510828743,26.1413711468234,"Range_24 45 m"
2025-07-29 01:00:00,27.2,24.859794565617,27.0004683674402,25.9646462883343,"Range_24 45 m"
2025-07-29 02:00:00,26.4,24.9298819673022,26.2355730172829,25.2834819924792,"Range_24 45 m"
2025-07-29 03:00:00,25.5,24.78224767172,25.6394399129787,24.6723973097768,"Range_24 45 m"
2025-07-29 04:00:00,26,28.4079717970561,26.1708060710116,25.8022894240092,"Range_24 45 m"
2025-07-29 05:00:00,28.6,33.5574875800797,28.6479769423173,27.2725072829911,"Range_24 45 m"
2025-07-29 06:00:00,31.7,41.7696620681398,31.6528004112437,29.9324189880006,"Range_24 45 m"
2025-07-29 07:00:00,32.2,48.6592769057835,32.7346657800914,32.0928229720677,"Range_24 45 m"
2025-07-29 08:00:00,37.7,55.671421162363,38.0681943449335,36.9353638808689,"Range_24 45 m"
2025-07-29 09:00:00,41.9,61.5124990705828,42.1103125685811,42.5641786817889,"Range_24 45 m"
2025-07-29 10:00:00,45.5,63.2153939798086,45.8428296189752,46.1621656015127,"Range_24 45 m"
2025-07-29 11:00:00,47.8,61.5548989655852,47.7281858642122,47.3425223710417,"Range_24 45 m"
2025-07-29 12:00:00,47.3,57.6759834339267,47.2322035668841,46.5681581546909,"Range_24 45 m"
2025-07-29 13:00:00,45.2,52.6855941622491,45.0730792702969,44.6119943468805,"Range_24 45 m"
2025-07-29 14:00:00,42.4,46.7601545611914,42.1771658379236,41.8508709231909,"Range_24 45 m"
2025-07-29 15:00:00,39.1,40.1779390093128,38.8374625632741,38.6048653837482,"Range_24 45 m"
2025-07-29 16:00:00,35.5,33.4388596453966,35.4221251136036,34.7771572509111,"Range_24 45 m"
2025-07-29 17:00:00,32.8,28.9496456003584,32.3610639811557,31.6242020941176,"Range_24 45 m"
2025-07-29 18:00:00,31.2,27.8392050368984,30.9296856548559,30.0404319865902,"Range_24 45 m"
2025-07-29 19:00:00,30.2,27.4954843058007,29.9158361934146,29.198858095588,"Range_24 45 m"
2025-07-29 20:00:00,29.4,27.0597068251688,29.1760519837427,28.619979161175,"Range_24 45 m"
2025-07-29 21:00:00,28.7,26.743674294276,28.5766430391786,28.0014162223766,"Range_24 45 m"
2025-07-29 22:00:00,28.7,25.5896246459055,28.283179130904,27.3596806551981,"Range_24 45 m"
2025-07-29 23:00:00,28.1,25.1001436277,27.8566331483698,26.9194616838066,"Range_24 45 m"
2025-07-30,27.7,24.9362183249508,27.560282133157,26.6842932141338,"Range_24 45 m"
2025-07-30 01:00:00,27.6,24.708005964784,27.5367659199176,26.4855607152265,"Range_24 45 m"
2025-07-30 02:00:00,27.2999999999999,24.6247373288372,27.2205815526851,25.8920735781887,"Range_24 45 m"
2025-07-30 03:00:00,26.7,24.4994406766998,26.6429701139699,25.68490529729,"Range_24 45 m"
2025-07-30 04:00:00,26.9,25.8769665105716,26.6521390813055,25.9770147992746,"Range_24 45 m"
2025-07-30 05:00:00,30,28.064755486572,29.6944503857605,27.4523274174573,"Range_24 45 m"
2025-07-30 06:00:00,31.9,30.994473467195,31.8150389120531,30.2093250850081,"Range_24 45 m"
2025-07-30 07:00:00,32.6,32.4920082735392,32.9882083531049,33.9634657549235,"Range_24 45 m"
2025-07-30 08:00:00,38.6,33.5964580524492,39.0435318139448,37.8077951419878,"Range_24 45 m"
2025-07-30 09:00:00,43.7,35.4801409251991,43.5638292478183,40.8699424274269,"Range_24 45 m"
2025-07-30 10:00:00,47.2,38.0084433669596,46.5396792378261,44.1319494361429,"Range_24 45 m"
2025-07-30 11:00:00,48.5,44.295746791002,47.2571773375517,46.9732878085344,"Range_24 45 m"
2025-07-30 12:00:00,48.1,50.8827983840215,47.1687480760498,46.0234548552739,"Range_24 45 m"
2025-07-30 13:00:00,46.6,49.7857050832007,46.2626846579286,43.4745445187781,"Range_24 45 m"
2025-07-30 14:00:00,43.6,44.9959765192005,42.9715952192206,40.6742997880909,"Range_24 45 m"
2025-07-30 15:00:00,39.9,38.9509091808556,39.4300108501675,37.5993617012261,"Range_24 45 m"
2025-07-30 16:00:00,35.9,31.5016554487729,35.2947169157506,33.7019609106564,"Range_24 45 m"
2025-07-30 17:00:00,32,26.6839504867979,31.3310319602531,30.3880661159941,"Range_24 45 m"
2025-07-30 18:00:00,30.1,25.4278757499544,29.7546506769604,28.7601823734133,"Range_24 45 m"
2025-07-30 19:00:00,29,24.9444386802879,28.7395245467165,27.7883729778495,"Range_24 45 m"
2025-07-30 20:00:00,28.5,24.5968363174143,28.3695287476907,27.0476460345926,"Range_24 45 m"
2025-07-30 21:00:00,28.2,24.232267925146,27.9689903023397,26.6434581965236,"Range_24 45 m"
2025-07-30 22:00:00,28.1,23.6714865808382,27.8694472739586,26.2516226415529,"Range_24 45 m"
2025-07-30 23:00:00,28.2,23.2721714293567,27.9519794171776,25.5438403403369,"Range_24 45 m"
2025-07-31,27.9,23.1347022251275,27.686599861639,25.4114787773278,"Range_24 45 m"
2025-07-31 01:00:00,27.9,22.6180381548799,27.4559983382507,24.8089852106966,"Range_24 45 m"
2025-07-31 02:00:00,27.9,22.4321780978815,27.5896758824539,24.1757710754053,"Range_24 45 m"
2025-07-31 03:00:00,27.4,22.4602690775853,27.161764895196,24.0960928042394,"Range_24 45 m"
2025-07-31 04:00:00,27.2,24.2089503382215,26.990368824882,25.1422557209501,"Range_24 45 m"
2025-07-31 05:00:00,29.2,26.623373307499,29.015998316615,26.9209108131257,"Range_24 45 m"
2025-07-31 06:00:00,31.1,29.3282650251571,31.1279261081767,30.3576850433532,"Range_24 45 m"
2025-07-31 07:00:00,32.1,30.6116783436122,32.8992466258231,33.537920218307,"Range_24 45 m"
2025-07-31 08:00:00,37.6,33.8118229983238,37.9975546672644,37.0028699515251,"Range_24 45 m"
2025-07-31 09:00:00,42.4,34.8136285306163,42.1907588817187,40.850766992683,"Range_24 45 m"
2025-07-31 10:00:00,46.5,34.1681927247899,46.1973379933214,42.8211077257054,"Range_24 45 m"
2025-07-31 11:00:00,47.9,34.5449663030849,47.4629007630624,44.1325784551845,"Range_24 45 m"
2025-07-31 12:00:00,47.9,42.1130190120217,47.1692798261395,46.3770818934914,"Range_24 45 m"
2025-07-31 13:00:00,46.6,44.6555638497949,45.8413682892781,42.6500525659204,"Range_24 45 m"
2025-07-31 14:00:00,43.8,41.8060399054063,43.0851303694793,40.1631923674119,"Range_24 45 m"
2025-07-31 15:00:00,39.2,36.2429092908299,38.323240261604,37.3746045613682,"Range_24 45 m"
2025-07-31 16:00:00,35.3,30.0934918063802,34.6573936853193,33.792726530425,"Range_24 45 m"
2025-07-31 17:00:00,32.1,26.0540587360769,31.4816974280672,30.7287055904775,"Range_24 45 m"
2025-07-31 18:00:00,30.6,24.8908836793044,30.2302991262433,28.7353501271346,"Range_24 45 m"
2025-07-31 19:00:00,29.5,24.2714853631141,29.2720056925862,27.7810423718574,"Range_24 45 m"
2025-07-31 20:00:00,28.8,23.8502882983283,28.5820600345979,26.8776051070289,"Range_24 45 m"
2025-07-31 21:00:00,28.1,23.4422715940523,28.0436477781507,26.3417898454714,"Range_24 45 m"
2025-07-31 22:00:00,28,23.2464602457417,27.920574602342,26.4248116480244,"Range_24 45 m"
2025-07-31 23:00:00,27.5,22.926330089089,27.3294885972177,25.8656201357809,"Range_24 45 m"
2025-08-01,27.3,22.8446931625255,27.1890048656857,25.4438211704143,"Range_24 45 m"
2025-08-01 01:00:00,26.9,22.4536166077078,26.8579195803147,24.7547609692038,"Range_24 45 m"
2025-08-01 02:00:00,26.8,22.2782738033245,26.7889186852345,24.5318932357738,"Range_24 45 m"
2025-08-01 03:00:00,26.4,22.2500722492853,26.4697252216213,24.1110644425073,"Range_24 45 m"
2025-08-01 04:00:00,26.8,23.7631483730926,26.7216309269259,24.751219814743,"Range_24 45 m"
2025-08-01 05:00:00,28.8,26.0166478887227,28.5300948106322,26.6869591012624,"Range_24 45 m"
2025-08-01 06:00:00,31.6,28.7660414375425,31.2522553480954,29.5962442554594,"Range_24 45 m"
2025-08-01 07:00:00,31.6,29.8936667517073,32.5679653919728,33.2958757952101,"Range_24 45 m"
2025-08-01 08:00:00,38.1,31.1408387912799,38.1837297754611,36.7854372753192,"Range_24 45 m"
2025-08-01 09:00:00,42.4,32.4174772781007,41.7752162162035,40.5344444793336,"Range_24 45 m"
2025-08-01 10:00:00,46.1,34.0981963927708,45.8031463707598,43.5651277358494,"Range_24 45 m"
2025-08-01 11:00:00,47.9,33.9742071312372,47.1653213978313,44.8535110634271,"Range_24 45 m"
2025-08-01 12:00:00,47.7,34.7563551103879,47.5921199575592,44.6696785127927,"Range_24 45 m"
2025-08-01 13:00:00,46.5,40.0920831904145,45.5605877998462,45.7312895998688,"Range_24 45 m"
2025-08-01 14:00:00,43.6,40.4529584097306,42.5849323158714,41.2399411844651,"Range_24 45 m"
2025-08-01 15:00:00,40,35.8911950199015,39.0533218194009,37.2430530397303,"Range_24 45 m"
2025-08-01 16:00:00,36.1,29.2569683543851,35.3073763085583,33.3387940875699,"Range_24 45 m"
2025-08-01 17:00:00,32.3,25.1142030279366,31.6370406676723,30.1672711889473,"Range_24 45 m"
2025-08-01 18:00:00,30.5,24.0052727687078,29.947338303727,28.4568294512945,"Range_24 45 m"
2025-08-01 19:00:00,29.4,23.7560588662278,28.981638100949,27.5831565205705,"Range_24 45 m"
2025-08-01 20:00:00,28.5,23.3978185039574,28.1625001675337,26.9348761421257,"Range_24 45 m"
2025-08-01 21:00:00,27.9,23.079468785482,27.6643100776372,26.508312283712,"Range_24 45 m"
2025-08-01 22:00:00,27.6,23.0760350171,27.4762530382609,26.6720969620615,"Range_24 45 m"
2025-08-01 23:00:00,26.8,22.7868296865148,26.7712307553094,25.8788213494939,"Range_24 45 m"
2025-08-02,26.3,22.6717185087175,26.3412288459125,25.6522282667131,"Range_24 45 m"
2025-08-02 01:00:00,25.7,22.5294758983756,25.8141714496381,24.964486093154,"Range_24 45 m"
2025-08-02 02:00:00,25.3,22.5227206375641,25.2403433112595,24.4141865398926,"Range_24 45 m"
2025-08-02 03:00:00,25.3,22.5439752979574,25.2341807045517,24.1704489631948,"Range_24 45 m"
2025-08-02 04:00:00,25.4,24.0019355139521,25.2793698833859,24.665363939741,"Range_24 45 m"
2025-08-02 05:00:00,28.1,26.6643045428496,28.1782274846744,26.6123217675191,"Range_24 45 m"
2025-08-02 06:00:00,31.2,29.3688826005563,31.285343322037,29.6404975097284,"Range_24 45 m"
2025-08-02 07:00:00,30.9,33.3027132565781,32.447374431392,33.2053811515376,"Range_24 45 m"
2025-08-02 08:00:00,37.8,35.3506454060858,38.0525096553729,37.5975318978613,"Range_24 45 m"
2025-08-02 09:00:00,42,35.7379686434684,42.2709410101255,40.7497040827689,"Range_24 45 m"
2025-08-02 10:00:00,45.2,36.7047575304243,44.9585924683081,43.6524165460798,"Range_24 45 m"
2025-08-02 11:00:00,46.6,34.8380938425471,46.7766750685698,44.7200632944514,"Range_24 45 m"
2025-08-02 12:00:00,46.6,33.7866315011916,46.1503233080063,43.8184756402907,"Range_24 45 m"
2025-08-02 13:00:00,45.5,37.7577216879599,45.356903775969,44.435582901644,"Range_24 45 m"
2025-08-02 14:00:00,42.3,38.8109645997873,41.929573229896,41.6044516717783,"Range_24 45 m"
2025-08-02 15:00:00,39.1,34.6632662203099,38.269729241974,37.6540286924626,"Range_24 45 m"
2025-08-02 16:00:00,35.5,29.0103943841727,34.7713006468478,33.6742084520133,"Range_24 45 m"
2025-08-02 17:00:00,32.1,25.3428805598015,31.6551354574138,30.4351261385674,"Range_24 45 m"
2025-08-02 18:00:00,30.4,24.3968343657659,30.1593089520447,28.7144923133062,"Range_24 45 m"
2025-08-02 19:00:00,29.7,24.1264514843671,29.4849873433446,27.8552446285932,"Range_24 45 m"
2025-08-02 20:00:00,28.9,23.9485538446915,28.7777138748705,27.0253262960923,"Range_24 45 m"
2025-08-02 21:00:00,28.4,23.6797122472933,28.2303615466386,26.511349391382,"Range_24 45 m"
2025-08-02 22:00:00,27.8,23.6741966932011,27.6506604831753,26.2067305772496,"Range_24 45 m"
2025-08-02 23:00:00,27.6,23.3640860993076,27.4163886754662,26.1539618450809,"Range_24 45 m"
2025-08-17 01:00:00,27.1,24.8109527592806,27.0507046468746,25.146901107326,"Range_24 45 m"
2025-08-17 02:00:00,26.8,24.4725525026444,26.7701272150191,24.8746326213006,"Range_24 45 m"
2025-08-17 03:00:00,26.2,24.4596144473117,26.3802406370724,24.5141502981942,"Range_24 45 m"
2025-08-17 04:00:00,26.4000000000001,24.5465169640218,26.3527651820598,24.4665153713857,"Range_24 45 m"
2025-08-17 05:00:00,28.5000000000001,32.6930939966073,28.4528667958865,27.264885645472,"Range_24 45 m"
2025-08-17 06:00:00,31.6,40.837492414561,31.6195205301012,29.9567541561992,"Range_24 45 m"
2025-08-17 07:00:00,34.1,51.2623776294674,34.033432325969,33.0164460041012,"Range_24 45 m"
2025-08-17 08:00:00,40.9,58.0763771906786,40.6569913557854,37.7851918116503,"Range_24 45 m"
2025-08-17 09:00:00,44.5,61.3929936087206,44.1641439840939,42.5593010580614,"Range_24 45 m"
2025-08-17 10:00:00,47.3,61.4613988420826,46.9189285178927,45.484102012859,"Range_24 45 m"
2025-08-17 11:00:00,47.5,61.4516205180126,47.5739655497189,47.4825662959057,"Range_24 45 m"
2025-08-17 12:00:00,46.5,57.6570497414255,46.9641725443686,46.5341297051096,"Range_24 45 m"
2025-08-17 13:00:00,44.7,52.880857087971,45.1031802574324,44.6423355120433,"Range_24 45 m"
2025-08-17 14:00:00,41.2,46.3726896141699,41.5562900648178,41.6207951401404,"Range_24 45 m"
2025-08-17 15:00:00,37.8,38.9936883232001,37.957179400809,38.1082734844092,"Range_24 45 m"
2025-08-17 16:00:00,34.2,31.9777468531314,34.2664658456143,34.4307705252353,"Range_24 45 m"
2025-08-17 17:00:00,31.5,28.7817037577851,31.5298682162548,31.8324082370026,"Range_24 45 m"
2025-08-17 18:00:00,30.4,27.9260966851832,30.4243833028482,30.521900184405,"Range_24 45 m"
2025-08-17 19:00:00,29.3,27.49863804727,29.2590446983698,30.0319262877027,"Range_24 45 m"
2025-08-17 20:00:00,28.7,27.3763333527422,28.6396786698404,29.4563006131029,"Range_24 45 m"
2025-08-17 21:00:00,27.8,27.0452205693952,27.8820642867289,28.9026803529493,"Range_24 45 m"
2025-08-17 22:00:00,27.6,26.1169166984398,27.6012071006915,28.4998243274529,"Range_24 45 m"
2025-08-17 23:00:00,27.7,25.958434900754,27.717703053552,27.8974905819826,"Range_24 45 m"
2025-08-18,27.7,25.6600010337084,27.5740888380165,27.1663682402819,"Range_24 45 m"
2025-08-18 01:00:00,26.9,25.6042668625314,26.9141352924461,26.6011855408151,"Range_24 45 m"
2025-08-18 02:00:00,26.4,25.359416815457,26.4731767402859,26.2193747488829,"Range_24 45 m"
2025-08-18 03:00:00,26.7,25.3669200352775,26.692758985899,26.1236849836456,"Range_24 45 m"
2025-08-18 04:00:00,26.9,25.5326274210534,26.9270182469373,25.8945128494821,"Range_24 45 m"
2025-08-18 05:00:00,28.2,30.9421703478375,28.3087598047706,27.7535707613507,"Range_24 45 m"
2025-08-18 06:00:00,31.8,39.4800269772435,31.7106838721011,30.7216146160985,"Range_24 45 m"
2025-08-18 07:00:00,34.4,51.0362222381642,33.9161522208266,32.6823785491994,"Range_24 45 m"
2025-08-18 08:00:00,39.9,57.1342001145786,39.7027566516983,37.1321802323764,"Range_24 45 m"
2025-08-18 09:00:00,42.6,61.3724114691632,42.7956679075365,41.9792706763165,"Range_24 45 m"
2025-08-18 10:00:00,45.5,63.8531304962607,45.8985805509463,45.6498891479941,"Range_24 45 m"
2025-08-18 11:00:00,47.1,62.6106464225674,47.5393918262879,46.9407007057095,"Range_24 45 m"
2025-08-18 12:00:00,46.6,58.669090681501,47.0739649326225,46.3216747574287,"Range_24 45 m"
2025-08-18 13:00:00,44.6,52.6836877152617,44.9644080049625,43.9599519059355,"Range_24 45 m"
2025-08-18 14:00:00,41.3,45.9414927008055,41.3652047457041,40.9418684484862,"Range_24 45 m"
2025-08-18 15:00:00,37.7,38.4150269887,37.8230633979215,37.2021518609076,"Range_24 45 m"
2025-08-18 16:00:00,34.4,31.4371019699426,34.1882890779787,33.3574384548517,"Range_24 45 m"
2025-08-18 17:00:00,31.2,28.2069613197475,31.1852791630847,30.7553996303707,"Range_24 45 m"
2025-08-18 18:00:00,29.7,27.0538172609241,29.6957384958854,29.3095638639362,"Range_24 45 m"
2025-08-18 19:00:00,28.7,26.7201324304966,28.6510276230799,28.2186227640537,"Range_24 45 m"
2025-08-18 20:00:00,27.9,25.7999104330718,27.7101787956332,27.3311423132598,"Range_24 45 m"
2025-08-18 21:00:00,27.2,25.2596708229003,27.0059335684032,26.3566680839477,"Range_24 45 m"
2025-08-18 22:00:00,26.7,24.6721917684676,26.4581821552016,25.6734572942855,"Range_24 45 m"
2025-08-18 23:00:00,25.8,24.1811900946706,25.6529474464729,25.0819953295797,"Range_24 45 m"
2025-08-19,24.9,23.9456449460178,25.0317557360353,24.5457483839183,"Range_24 45 m"
2025-08-19 01:00:00,24.4,23.4524310708781,24.5213303903119,23.7132228494426,"Range_24 45 m"
2025-08-19 02:00:00,24,23.297488469648,24.1806077401155,23.0496319569822,"Range_24 45 m"
2025-08-19 03:00:00,23.6,23.0628358335396,23.8264402847822,22.8608709634443,"Range_24 45 m"
2025-08-19 04:00:00,23.9,22.9541492228277,23.8784003885676,22.4093723659284,"Range_24 45 m"
2025-08-19 05:00:00,26.6,32.5964898982353,26.8816420347021,26.0748491206474,"Range_24 45 m"
2025-08-19 06:00:00,29.9,40.2963423080397,30.4896190884785,29.0038399047804,"Range_24 45 m"
2025-08-19 07:00:00,32.1,52.2680938909891,32.726349236938,32.8401020239237,"Range_24 45 m"
2025-08-19 08:00:00,38.1,60.4394985468903,38.5646347523747,37.9067856104889,"Range_24 45 m"
2025-08-19 09:00:00,43.3,63.7693477048277,43.5275411885854,42.8991179837584,"Range_24 45 m"
2025-08-19 10:00:00,47.2,66.1822329477266,47.0297288498619,46.6591273263887,"Range_24 45 m"
2025-08-19 11:00:00,47.8,64.4781768529396,48.0579160469229,47.8053729741554,"Range_24 45 m"
2025-08-19 12:00:00,46.5,60.5135023129572,46.7504046938295,47.1975700390925,"Range_24 45 m"
2025-08-19 13:00:00,44.7,54.7158406711054,44.9248423024408,44.8306506610346,"Range_24 45 m"
2025-08-19 14:00:00,42,47.7696466281509,42.2823824339246,41.6067437961197,"Range_24 45 m"
2025-08-19 15:00:00,38.6,40.5204658405142,38.7238198702322,38.1446192161398,"Range_24 45 m"
2025-08-19 16:00:00,34.6,32.9833049837932,34.643214363963,34.1841963593349,"Range_24 45 m"
2025-08-19 17:00:00,31.6,29.0231475923609,31.6428649455597,31.4107370470118,"Range_24 45 m"
2025-08-19 18:00:00,30,28.1375628983605,30.0389539756876,29.7807058369744,"Range_24 45 m"
2025-08-19 19:00:00,28.8,27.25431686086,28.7297866709923,29.026107126897,"Range_24 45 m"
2025-08-19 20:00:00,27.7,26.5774692294547,27.7195578150975,27.6903675792167,"Range_24 45 m"
2025-08-19 21:00:00,26.9,25.8784660322295,26.8363942017981,26.6260203344451,"Range_24 45 m"
2025-08-19 22:00:00,26.1,25.2058546120967,26.0838620076023,25.8878264005031,"Range_24 45 m"
2025-08-19 23:00:00,25.5,24.6564206359672,25.6341142098262,25.0464722392845,"Range_24 45 m"
2025-08-20,25.3,24.4224955501976,25.3850941215493,24.3810896786871,"Range_24 45 m"
2025-08-20 01:00:00,24.7,23.8548826183715,24.8179466872804,23.5727251376548,"Range_24 45 m"
2025-08-20 02:00:00,24.2,23.4868994004731,24.3162735615955,23.1712218768601,"Range_24 45 m"
2025-08-20 03:00:00,23.9,23.1985249248823,24.0348767991344,22.7410853234609,"Range_24 45 m"
2025-08-20 04:00:00,24.1,23.4422927512806,24.1571480972208,22.7079448117893,"Range_24 45 m"
2025-08-20 05:00:00,27.1,32.8203605545264,27.3702235938539,26.3469394577246,"Range_24 45 m"
2025-08-20 06:00:00,31,41.8072635315022,31.3686469233376,29.864931263741,"Range_24 45 m"
2025-08-20 07:00:00,33,54.8047293116056,33.8907056312886,33.9410322596036,"Range_24 45 m"
2025-08-20 08:00:00,39.7,62.2457148761067,39.6411859545412,39.0290057391438,"Range_24 45 m"
2025-08-20 09:00:00,45.2,64.416213742389,44.9239985420814,43.3915479098695,"Range_24 45 m"
2025-08-20 10:00:00,48.3,65.0297465322513,47.7883320513308,46.3815989492435,"Range_24 45 m"
2025-08-20 11:00:00,49.3,62.4533115743592,48.9705675127369,47.2134739278748,"Range_24 45 m"
2025-08-20 12:00:00,48.7,58.4353358909681,48.4274974035833,46.4386174842909,"Range_24 45 m"
2025-08-20 13:00:00,46.6,53.1063821669302,46.3430324531479,44.1438119765005,"Range_24 45 m"
2025-08-20 14:00:00,43.6,46.7755422865507,43.2601344294291,41.1819677626249,"Range_24 45 m"
2025-08-20 15:00:00,39.6,40.0416107995834,39.3700599486023,37.9959743841018,"Range_24 45 m"
2025-08-20 16:00:00,35.3,32.5206906174885,35.0231164187933,34.0479206418263,"Range_24 45 m"
2025-08-20 17:00:00,31.8,28.7068445389746,31.7140609980473,31.1297981446265,"Range_24 45 m"
2025-08-20 18:00:00,30.2,27.5909687194539,30.1012293022996,29.6942204150868,"Range_24 45 m"
2025-08-20 19:00:00,29.2,26.9298164781693,29.0883302465005,28.8027405676011,"Range_24 45 m"
2025-08-20 20:00:00,28.5,26.5420002960201,28.5102915415615,27.9571250699993,"Range_24 45 m"
2025-08-20 21:00:00,28.2,26.0696278189684,28.1390567055466,27.4207304095293,"Range_24 45 m"
2025-08-20 22:00:00,27.8,25.6989192411179,27.7136035911751,27.1154865667099,"Range_24 45 m"
2025-08-20 23:00:00,27.6,25.5212027711279,27.556323996184,26.8197053355581,"Range_24 45 m"
2025-08-21,27.1,25.2005239489079,26.961413743793,26.2088148357869,"Range_24 45 m"
2025-08-21 01:00:00,26.6,25.0721831571125,26.436390283208,25.7345441829227,"Range_24 45 m"
2025-08-21 02:00:00,25.8,24.9615438930139,25.7484181121408,25.1613957486495,"Range_24 45 m"
2025-08-21 03:00:00,25.5,24.9311720582772,25.5501061211421,24.974794358306,"Range_24 45 m"
2025-08-21 04:00:00,25.8,25.0761041467903,25.7969769449416,25.1951223885534,"Range_24 45 m"
2025-08-21 05:00:00,27.4,32.2213054716501,27.4590726845685,27.332075697175,"Range_24 45 m"
2025-08-21 06:00:00,30.6,38.8152283440807,30.6183309853672,29.1368006478527,"Range_24 45 m"
2025-08-21 07:00:00,33.4,44.7474948413612,33.3250370990533,30.961563254142,"Range_24 45 m"
2025-08-21 08:00:00,38.6,53.7708689698998,38.3720883518976,35.6839034089867,"Range_24 45 m"
2025-08-21 09:00:00,43.4,58.5738022098925,42.829420486701,41.4684097538378,"Range_24 45 m"
2025-08-21 10:00:00,46.6,61.8813380997579,46.3093048415178,45.3368110459249,"Range_24 45 m"
2025-08-21 11:00:00,47.8,60.776354187483,47.5491321486365,46.7532209095899,"Range_24 45 m"
2025-08-21 12:00:00,46.9,57.5334730333558,46.8280476052179,46.265280742096,"Range_24 45 m"
2025-08-21 13:00:00,45.7,52.3361871596029,45.5275179297675,44.2440975065878,"Range_24 45 m"
2025-08-21 14:00:00,42.7,46.6548806098301,42.5645015114082,41.7497793105442,"Range_24 45 m"
2025-08-21 15:00:00,38.7,39.6098346415152,38.6642440031497,38.0431904497733,"Range_24 45 m"
2025-08-21 16:00:00,34.6,32.2420056069192,34.5307977265084,33.9430718624887,"Range_24 45 m"
2025-08-21 17:00:00,31.7,28.4540811339382,31.592846782382,31.1601715842251,"Range_24 45 m"
2025-08-21 18:00:00,30.3,27.6074288350844,30.2407022592736,29.7399445039534,"Range_24 45 m"
2025-08-21 19:00:00,29,26.8949865339957,28.7895195701417,28.8235577582083,"Range_24 45 m"
2025-08-21 20:00:00,28,26.2755378526495,27.8016037877662,27.6472107213781,"Range_24 45 m"
2025-08-21 21:00:00,27.4,25.7219009351815,27.2335638668227,26.4230462861146,"Range_24 45 m"
2025-08-21 22:00:00,26.8,25.508624889861,26.6559120130325,26.2884496235951,"Range_24 45 m"
2025-08-21 23:00:00,26.5,24.8946322203519,26.2960820397144,25.4511009455564,"Range_24 45 m"
2025-08-22,25.8,24.6610687693505,25.734383671542,25.283429118052,"Range_24 45 m"
2025-08-22 01:00:00,25.3,24.2035086738612,25.2839877949986,24.331337763622,"Range_24 45 m"
2025-08-22 02:00:00,24.7,23.9300812500992,24.8668540585211,23.9579253959933,"Range_24 45 m"
2025-08-22 03:00:00,24.5,23.6618693056703,24.6288813478775,23.5856502237916,"Range_24 45 m"
2025-08-22 04:00:00,24.8,23.5897859580513,24.7509055183203,23.4647554404732,"Range_24 45 m"
2025-08-22 05:00:00,26.9,28.2677186483847,26.9448660172888,25.4997611994254,"Range_24 45 m"
2025-08-22 06:00:00,30.3,32.9467491729567,30.4877399729474,30.3403775317976,"Range_24 45 m"
2025-08-22 07:00:00,33.1,35.8483269693723,33.295902157552,33.5327821256986,"Range_24 45 m"
2025-08-22 08:00:00,39,38.1777386491891,39.1708438662708,36.9252645795938,"Range_24 45 m"
2025-08-22 09:00:00,44.2,37.9274015416977,43.7806375488931,40.3266668310043,"Range_24 45 m"
2025-08-22 10:00:00,47.1,42.476434494733,46.7274312039071,44.4894807593814,"Range_24 45 m"
2025-08-22 11:00:00,47.7,57.2101853389836,47.5305284968996,49.4226139087773,"Range_24 45 m"
2025-08-22 12:00:00,47.1,56.3165544051821,47.072725035129,46.2857602615053,"Range_24 45 m"
2025-08-22 13:00:00,45.2,52.4275474070117,45.2751508766367,44.5411896227405,"Range_24 45 m"
2025-08-22 14:00:00,42.5,46.5025705080308,42.4957385898758,41.7401398401536,"Range_24 45 m"
2025-08-22 15:00:00,39.3,39.338423669171,39.1336562501805,38.2083649037596,"Range_24 45 m"
2025-08-22 16:00:00,35.1,32.0135552794981,34.8204831506699,34.340403548007,"Range_24 45 m"
2025-08-22 17:00:00,32,28.570345106972,31.8017671727881,31.5894536408313,"Range_24 45 m"
2025-08-22 18:00:00,30.8,27.6626861517092,30.6498968974345,30.3102283899447,"Range_24 45 m"
2025-08-22 19:00:00,29.7,27.1321866194959,29.5249734168656,29.1790556590314,"Range_24 45 m"
2025-08-22 20:00:00,28.5,26.7793863622112,28.4479333790471,28.2654002515239,"Range_24 45 m"
2025-08-22 21:00:00,27.6,26.1355535116626,27.384246051611,27.4046939936115,"Range_24 45 m"
2025-08-22 22:00:00,26.9,25.49261527039,26.7548473175542,26.3800472495694,"Range_24 45 m"
2025-08-22 23:00:00,26.2,24.9273257899213,26.0788038101033,25.510910694592,"Range_24 45 m"
2025-08-23,25.9,24.6740986397352,25.7829393211533,25.2535891225424,"Range_24 45 m"
2025-08-23 01:00:00,25.4,24.2266529594883,25.3285310454932,24.3365348224863,"Range_24 45 m"
2025-08-23 02:00:00,25.4,24.0551597837055,25.2544438661396,24.0448481652582,"Range_24 45 m"
2025-08-23 03:00:00,25.1,23.9233282115639,24.9778702027803,23.6036744024933,"Range_24 45 m"
2025-08-23 04:00:00,25.2,24.1092175921667,25.1944975175232,23.4964719495047,"Range_24 45 m"
2025-08-23 05:00:00,26.8,32.2418660882237,26.9941402341329,26.5737509492161,"Range_24 45 m"
2025-08-23 06:00:00,30.4,37.8426302955391,30.35588277784,28.9480542228462,"Range_24 45 m"
2025-08-23 07:00:00,33.2000000000001,50.9974007541512,33.0650443159422,33.8296589786385,"Range_24 45 m"
2025-08-23 08:00:00,39,60.1374856003457,39.1039767945845,38.3047963150674,"Range_24 45 m"
2025-08-23 09:00:00,44.1,63.1660228998381,43.9277333333511,42.9645267755705,"Range_24 45 m"
2025-08-23 10:00:00,47.2,63.6930060727946,46.6458454894687,46.1526503904216,"Range_24 45 m"
2025-08-23 11:00:00,48.4,61.587765676139,48.0289037190281,47.4448823753577,"Range_24 45 m"
2025-08-23 12:00:00,48.1,57.8044097772833,47.8613644763251,46.8421323648687,"Range_24 45 m"
2025-08-23 13:00:00,46,53.6993957772777,45.8824002820614,45.3886200204418,"Range_24 45 m"
2025-08-23 14:00:00,43.4,47.7843233584047,43.1264819693289,42.6145521639467,"Range_24 45 m"
2025-08-23 15:00:00,40.1,40.8470255167793,39.8451080046892,39.193624380381,"Range_24 45 m"
2025-08-23 16:00:00,35.9,33.627217621093,35.5556709418197,35.260789722686,"Range_24 45 m"
2025-08-23 17:00:00,32.4,30.0020626774807,32.4369606368155,32.3664363614101,"Range_24 45 m"
2025-08-23 18:00:00,30.6,29.0192764108071,30.7705612587549,30.8412039582619,"Range_24 45 m"
2025-08-23 19:00:00,29.2,28.1205220581003,29.3613055077867,29.9128156066843,"Range_24 45 m"
2025-08-23 20:00:00,28.4,27.421197827889,28.4834947092825,28.550694879128,"Range_24 45 m"
2025-08-23 21:00:00,27.6,26.8762553341107,27.6499904209378,27.9002409584241,"Range_24 45 m"
2025-08-23 22:00:00,27,26.3478972558868,27.0111942525036,27.6044999008071,"Range_24 45 m"
2025-08-23 23:00:00,26.3,25.8660578606037,26.3557397236813,27.0404825088886,"Range_24 45 m"
2025-08-24,25.8,25.6539815544514,25.8357276024048,26.5397854923634,"Range_24 45 m"
2025-08-24 01:00:00,25.2,25.1035854100855,25.2499773395725,25.5581155299814,"Range_24 45 m"
2025-08-24 02:00:00,24.7,24.9941788220377,24.7277864320896,25.093382214901,"Range_24 45 m"
2025-08-24 03:00:00,24.3,24.9012872765371,24.591165929587,24.6185653398344,"Range_24 45 m"
2025-08-24 04:00:00,24.3,24.7557405258807,24.5449115587409,24.449640991846,"Range_24 45 m"
2025-08-24 05:00:00,26.1,32.2221448310855,26.4390880542014,27.1365773567203,"Range_24 45 m"
2025-08-24 06:00:00,29.5,39.0544571738608,30.059847674212,29.7417120795615,"Range_24 45 m"
2025-08-24 07:00:00,32.7,50.9103367315963,33.1822026698343,33.2970650183395,"Range_24 45 m"
2025-08-24 08:00:00,38.5,57.4224502646818,38.3182298039438,37.4112789237394,"Range_24 45 m"
2025-08-24 09:00:00,42.4,62.9209647014456,42.4592217691965,42.7762369945364,"Range_24 45 m"
2025-08-24 10:00:00,45.7,65.0028683458034,45.5799184717629,46.6196305070583,"Range_24 45 m"
2025-08-24 11:00:00,47.1,63.8627761747713,46.9802650197942,48.1304744627352,"Range_24 45 m"
2025-08-24 12:00:00,47.2,59.9017200000162,46.844763136459,47.4556674487467,"Range_24 45 m"
2025-08-24 13:00:00,45.8,53.5124107134116,45.7367645236121,44.707401825167,"Range_24 45 m"
2025-08-24 14:00:00,43.1,46.0978679727124,42.7094414768607,41.2327079843091,"Range_24 45 m"
2025-08-24 15:00:00,39.1,38.87555282133,38.8242994054336,37.6976048232831,"Range_24 45 m"
2025-08-24 16:00:00,34.6999999999999,32.0134622880883,34.4840185284961,33.9886777231164,"Range_24 45 m"
2025-08-24 17:00:00,31.7,28.8152771176955,31.6523038018419,31.4751806440017,"Range_24 45 m"
2025-08-24 18:00:00,30.4,28.0197874569357,30.5299205883959,30.283109095043,"Range_24 45 m"
2025-08-24 19:00:00,29.6,27.4977273398378,29.5005511012812,29.2642957621553,"Range_24 45 m"
2025-08-24 20:00:00,28.7,26.6040312286374,28.6816522123078,28.2599145408627,"Range_24 45 m"
2025-08-24 21:00:00,28.4,26.3288530309224,28.2554799070768,27.4502165515447,"Range_24 45 m"
2025-08-24 22:00:00,27.9,25.6678494149692,27.7922818332064,26.9382826024539,"Range_24 45 m"
2025-08-24 23:00:00,27.7,25.4549379534627,27.5966003767124,26.4572651572133,"Range_24 45 m"
2025-08-25,26.4,25.2588597899491,26.5780470173886,26.0125128394181,"Range_24 45 m"
2025-08-25 01:00:00,26,24.9536929490822,26.0880385858197,25.5888845088738,"Range_24 45 m"
2025-08-25 02:00:00,25.6,25.0126629449846,25.6779219772871,25.2034686036827,"Range_24 45 m"
2025-08-25 03:00:00,25.2,25.0653428038058,25.3840097777737,24.9961296071706,"Range_24 45 m"
2025-08-25 04:00:00,25.4,25.1157229142999,25.4016678627032,25.2398049580669,"Range_24 45 m"
2025-08-25 05:00:00,27.5,32.3649144696541,27.5481619805673,27.266914420063,"Range_24 45 m"
2025-08-25 06:00:00,30.6,38.7560572116279,30.6455654474134,28.9027142016792,"Range_24 45 m"
2025-08-25 07:00:00,34.2,46.2390168101898,33.4991290393459,31.6012804896942,"Range_24 45 m"
2025-08-25 08:00:00,38.4,51.589842270954,37.8478027431034,35.7460035792426,"Range_24 45 m"
2025-08-25 09:00:00,41.9,56.4051564556182,41.6257269158197,40.6627047878326,"Range_24 45 m"
2025-08-25 10:00:00,45,61.1418293912905,44.9963549050895,45.0965908964175,"Range_24 45 m"
2025-08-25 11:00:00,45.8,60.8170623621163,46.3646613779035,46.7806024393258,"Range_24 45 m"
2025-08-25 12:00:00,45.6,57.9867566095162,45.6770784341121,46.5009005533028,"Range_24 45 m"
2025-08-25 13:00:00,44.9,52.9901296750415,44.6861930362258,44.3473398343433,"Range_24 45 m"
2025-08-25 14:00:00,42.5,46.3526769021637,42.2220739779052,41.1079621652252,"Range_24 45 m"
2025-08-25 15:00:00,38.6,38.9563363471479,38.3607801218896,37.4789508262128,"Range_24 45 m"
2025-08-25 16:00:00,34.3,31.7166528079456,34.169902875335,33.7231063220447,"Range_24 45 m"
2025-08-25 17:00:00,31.4,28.415023500476,31.4026357198812,31.2765988655425,"Range_24 45 m"
2025-08-25 18:00:00,29.9,27.3996904649203,29.9510318834205,30.0161476888125,"Range_24 45 m"
2025-08-25 19:00:00,29.1,26.9090719289748,29.0531839789183,28.869142062184,"Range_24 45 m"
2025-08-25 20:00:00,28.9,26.537313020958,28.7027461520673,28.2103684313431,"Range_24 45 m"
2025-08-25 21:00:00,28.4,26.2482837676379,28.1611373193226,27.7744168280932,"Range_24 45 m"
2025-08-25 22:00:00,27.9,24.5949207382751,27.8747789968987,26.6633483009887,"Range_24 45 m"
2025-08-25 23:00:00,27.7,24.0913156388122,27.5637184475463,26.4141422627288,"Range_24 45 m"
2025-08-26,27.4,23.9677134589435,27.3150749441125,26.0161923007251,"Range_24 45 m"
2025-08-26 01:00:00,26.9,23.6654002058816,26.8079013504334,25.601181923182,"Range_24 45 m"
2025-08-26 02:00:00,25.8,23.4144261517069,25.6515505906133,25.1998229660532,"Range_24 45 m"
2025-08-26 03:00:00,25.4,23.3219645058235,25.3412951081863,24.5489064489921,"Range_24 45 m"
2025-08-26 04:00:00,25.7,23.2044169984744,25.4467189698287,24.2182016454623,"Range_24 45 m"
2025-08-26 05:00:00,28.3,25.793393281319,28.0757801608971,24.9475809010051,"Range_24 45 m"
2025-05-25 11:00:00,41.8,54.2284763837058,42.5389119927305,47.0965331578452,"Rosh_HaNikra 15 m"
2025-05-25 12:00:00,41.5,51.6581082200716,41.9921625242739,42.9465899324129,"Rosh_HaNikra 15 m"
2025-05-25 13:00:00,40.1,48.4151025599498,40.5978322814112,42.0156012362499,"Rosh_HaNikra 15 m"
2025-05-25 14:00:00,38.2,42.2625410208718,38.4493109215179,39.4770478854195,"Rosh_HaNikra 15 m"
2025-05-25 15:00:00,35.6,34.273799665246,35.6855518047232,36.0398808791971,"Rosh_HaNikra 15 m"
2025-05-25 16:00:00,32.5,25.1364760643267,31.8609655424425,31.0319557434344,"Rosh_HaNikra 15 m"
2025-05-25 17:00:00,29.6,21.4475374584313,28.4337665977767,27.4258704547997,"Rosh_HaNikra 15 m"
2025-05-25 18:00:00,27.8,20.5826506583689,26.7728852334875,24.4529225795267,"Rosh_HaNikra 15 m"
2025-05-25 19:00:00,25.7,20.3043866037208,25.1690041740665,22.7055842756111,"Rosh_HaNikra 15 m"
2025-05-25 20:00:00,24.1,20.0186921590368,23.6384719811376,21.6400711768667,"Rosh_HaNikra 15 m"
2025-05-25 21:00:00,22.8,19.5457066222143,22.3498492043956,20.7190333529424,"Rosh_HaNikra 15 m"
2025-05-25 22:00:00,21.7,19.0682577477986,21.3257930697815,19.7436215268666,"Rosh_HaNikra 15 m"
2025-05-25 23:00:00,20.7,18.8591352030755,20.3163234693393,19.2976025566579,"Rosh_HaNikra 15 m"
2025-05-26,20,18.795888827599,19.5188000625892,19.1824746294388,"Rosh_HaNikra 15 m"
2025-05-26 01:00:00,19.5,18.995303508722,19.4242065307528,18.4367343158356,"Rosh_HaNikra 15 m"
2025-05-26 02:00:00,18.9,19.0513363976838,19.0424500863382,20.0234663386704,"Rosh_HaNikra 15 m"
2025-05-26 03:00:00,18.6,18.6975424126078,18.7341536488772,20.0461643770624,"Rosh_HaNikra 15 m"
2025-05-26 04:00:00,19.3,22.1528719169476,19.9649202179336,20.2224850160458,"Rosh_HaNikra 15 m"
2025-05-26 05:00:00,22.3,26.19523269589,23.1487397810323,23.6872597401863,"Rosh_HaNikra 15 m"
2025-05-26 06:00:00,26,31.064149996183,27.0386039779523,28.4118050540901,"Rosh_HaNikra 15 m"
2025-05-26 07:00:00,29.4,34.8604412780209,30.2285303714502,31.5014656291409,"Rosh_HaNikra 15 m"
2025-05-26 08:00:00,33,35.9599911777293,33.7984127948967,33.9373073188578,"Rosh_HaNikra 15 m"
2025-05-26 09:00:00,33.9,37.4950932673858,36.3056442599819,35.86580709738,"Rosh_HaNikra 15 m"
2025-05-26 10:00:00,36.3,46.5485696253633,38.7629976052073,41.288727706418,"Rosh_HaNikra 15 m"
2025-05-26 11:00:00,38,54.7964530184946,39.8790757630856,43.638621826478,"Rosh_HaNikra 15 m"
2025-05-26 12:00:00,37.8,52.9222247671343,39.952133041538,40.8468663763262,"Rosh_HaNikra 15 m"
2025-05-26 13:00:00,37.6,46.9760062735649,39.5541991984002,38.7386634390922,"Rosh_HaNikra 15 m"
2025-05-26 14:00:00,36.7,40.9268536095261,37.7049163173065,37.9580933575272,"Rosh_HaNikra 15 m"
2025-05-26 15:00:00,35.1,34.3946388974813,35.6217086505342,36.1187373414663,"Rosh_HaNikra 15 m"
2025-05-26 16:00:00,32.8,25.8770365527467,32.8083261714089,31.4733390620546,"Rosh_HaNikra 15 m"
2025-05-26 17:00:00,30,22.0143302936686,29.3579806957935,28.7585782070292,"Rosh_HaNikra 15 m"
2025-05-26 18:00:00,28.1,20.8869864283689,27.8836053422082,27.0188290415891,"Rosh_HaNikra 15 m"
2025-05-26 19:00:00,26.5,20.3192232644165,26.5408903875383,26.3645137345398,"Rosh_HaNikra 15 m"
2025-05-26 20:00:00,25.3,19.5067450901553,24.9282895488351,25.3450772663638,"Rosh_HaNikra 15 m"
2025-05-26 21:00:00,24.5,18.8955735925292,24.3883431996482,23.5002321961974,"Rosh_HaNikra 15 m"
2025-05-26 22:00:00,24,18.7352435452818,24.1854658062104,23.3748113973021,"Rosh_HaNikra 15 m"
2025-05-26 23:00:00,23.4,18.9677451534596,23.2111580286637,24.4095910473195,"Rosh_HaNikra 15 m"
2025-05-27,24.2,19.1159217507615,23.5701186425408,21.8870573193803,"Rosh_HaNikra 15 m"
2025-05-27 01:00:00,24.1,20.3206253185551,24.0562541229573,23.4994695320408,"Rosh_HaNikra 15 m"
2025-05-27 02:00:00,24.2,20.4115539459606,24.0871950135294,23.3749719528576,"Rosh_HaNikra 15 m"
2025-05-27 03:00:00,24.2,20.5673658544355,24.0113606303202,23.8929655248457,"Rosh_HaNikra 15 m"
2025-05-27 04:00:00,24.4,23.0447232961967,24.1038933589948,24.3312061071708,"Rosh_HaNikra 15 m"
2025-05-27 05:00:00,25.3,24.9212803938575,25.5171206879721,26.9602844813056,"Rosh_HaNikra 15 m"
2025-05-27 06:00:00,27.7,25.5027488940216,27.5991813198252,30.0828932993866,"Rosh_HaNikra 15 m"
2025-05-27 07:00:00,30.7,26.7709186449236,30.3406990344326,31.8501255884356,"Rosh_HaNikra 15 m"
2025-05-27 08:00:00,33.8,30.1428175014976,33.6486244786581,34.7624964756492,"Rosh_HaNikra 15 m"
2025-05-27 09:00:00,36.6,35.0796256335048,36.8628473671632,39.6445579798488,"Rosh_HaNikra 15 m"
2025-05-27 10:00:00,39.2,45.0340169699252,39.1517874798724,43.514287594086,"Rosh_HaNikra 15 m"
2025-05-27 11:00:00,40.3,47.4111384721175,40.5046200489051,41.8395904870406,"Rosh_HaNikra 15 m"
2025-05-27 12:00:00,40.6,45.0906680776963,40.4744893674109,40.0786255552659,"Rosh_HaNikra 15 m"
2025-05-27 13:00:00,39.5,41.0561658384312,39.968566705728,38.1365164758671,"Rosh_HaNikra 15 m"
2025-05-27 14:00:00,37.7,34.9328293075715,37.7283015045385,35.6468660106812,"Rosh_HaNikra 15 m"
2025-05-27 15:00:00,35.4,28.8443793759082,35.4543946324095,33.0709313854907,"Rosh_HaNikra 15 m"
2025-05-27 16:00:00,33,21.7855962960541,32.4184227519494,28.2324260918915,"Rosh_HaNikra 15 m"
2025-05-27 17:00:00,29.9,18.7982255575787,29.1401887551363,24.6295563337933,"Rosh_HaNikra 15 m"
2025-05-27 18:00:00,27.8,18.18192848033,27.3840655682364,23.330495680037,"Rosh_HaNikra 15 m"
2025-05-27 19:00:00,26.6,17.7289853338076,26.1259265856454,22.7517233136965,"Rosh_HaNikra 15 m"
2025-05-27 20:00:00,25.5,17.3021374640703,25.096291257043,22.1293836531877,"Rosh_HaNikra 15 m"
2025-05-27 21:00:00,24.7,17.1257025984034,24.3556865560784,21.6629388120875,"Rosh_HaNikra 15 m"
2025-05-27 22:00:00,24.1,17.6142014715625,23.8474801771985,21.9167989942981,"Rosh_HaNikra 15 m"
2025-05-27 23:00:00,23.6,17.3808239288402,23.481719367535,21.801585990913,"Rosh_HaNikra 15 m"
2025-05-28,23.3,17.2659818013502,23.2033231533037,21.3995567639662,"Rosh_HaNikra 15 m"
2025-05-28 01:00:00,23.1,17.1641450226117,23.0209438507608,20.9935682117749,"Rosh_HaNikra 15 m"
2025-05-28 02:00:00,22.9,16.9562551835992,22.7334407479885,20.3572535375573,"Rosh_HaNikra 15 m"
2025-05-28 03:00:00,22.6,17.090983957077,22.4272769994708,19.3058725297699,"Rosh_HaNikra 15 m"
2025-05-28 04:00:00,23,19.5965117487194,22.5079171398424,19.7120678695919,"Rosh_HaNikra 15 m"
2025-05-28 05:00:00,24.3,22.2861436484987,24.1675493210388,23.0090777753526,"Rosh_HaNikra 15 m"
2025-05-28 06:00:00,26.7,24.7430310847065,27.0211265746743,28.3184550406239,"Rosh_HaNikra 15 m"
2025-05-28 07:00:00,29.6,25.6063272787338,29.6483554246879,31.618510944963,"Rosh_HaNikra 15 m"
2025-05-28 08:00:00,32.4,26.8447993107539,32.118752894788,33.4007647343379,"Rosh_HaNikra 15 m"
2025-05-28 09:00:00,35.6,28.3558202303953,35.4817847319547,35.2197189845152,"Rosh_HaNikra 15 m"
2025-05-28 10:00:00,38.1,29.7747179546899,37.4692267796056,36.9075004139489,"Rosh_HaNikra 15 m"
2025-05-28 11:00:00,38.7,29.059412327379,38.404916861351,37.4845212369859,"Rosh_HaNikra 15 m"
2025-05-28 12:00:00,38.7,27.8606131883877,38.1996204718025,37.0194314333218,"Rosh_HaNikra 15 m"
2025-05-28 13:00:00,37.5,26.0930077965584,37.2011676565068,36.2613513405647,"Rosh_HaNikra 15 m"
2025-05-28 14:00:00,36,24.4780336186301,35.2861656600321,35.0101676747214,"Rosh_HaNikra 15 m"
2025-05-28 15:00:00,33.7,21.6469025139504,32.827728365712,31.973437738865,"Rosh_HaNikra 15 m"
2025-05-28 16:00:00,31.3000000000001,18.8437609013775,30.6016059150816,28.4692053136089,"Rosh_HaNikra 15 m"
2025-05-28 17:00:00,28.7,18.0988842575937,28.2327713169844,25.908015403071,"Rosh_HaNikra 15 m"
2025-05-28 18:00:00,27,18.0258413666249,26.7059899123039,25.0819817894459,"Rosh_HaNikra 15 m"
2025-05-28 19:00:00,25.8,17.934337936144,25.5920115321263,24.1273420674611,"Rosh_HaNikra 15 m"
2025-05-28 20:00:00,24.9,17.8818751342043,24.7203517188328,23.3140760428652,"Rosh_HaNikra 15 m"
2025-05-28 21:00:00,24.3,17.5755023016652,24.076523794496,22.5910643591603,"Rosh_HaNikra 15 m"
2025-05-28 22:00:00,24,17.5434415487133,23.7960880294744,21.8656122831188,"Rosh_HaNikra 15 m"
2025-05-28 23:00:00,23.7,17.4088664969088,23.4129768227548,21.8350621183993,"Rosh_HaNikra 15 m"
2025-05-29,23.3,17.3568963283349,23.2166769638083,21.6005968326379,"Rosh_HaNikra 15 m"
2025-05-29 01:00:00,23,17.301797710651,22.957260429478,21.4461849558292,"Rosh_HaNikra 15 m"
2025-05-29 02:00:00,22.3,17.1702928985287,22.2530703426707,20.5464895213772,"Rosh_HaNikra 15 m"
2025-05-29 03:00:00,21.7,17.1494176394726,21.6359523881546,19.8777077204968,"Rosh_HaNikra 15 m"
2025-05-29 04:00:00,22,20.0508271010944,21.8908378869513,20.1285963507721,"Rosh_HaNikra 15 m"
2025-05-29 05:00:00,23.4,22.6051803797902,23.7403910884671,22.5348355740727,"Rosh_HaNikra 15 m"
2025-05-29 06:00:00,26.4,24.9742339760067,26.6027851225437,27.8397012859585,"Rosh_HaNikra 15 m"
2025-05-29 07:00:00,29.1,27.6302295015553,29.9011460418408,31.4483592794636,"Rosh_HaNikra 15 m"
2025-05-29 08:00:00,32.8,29.6158497993728,33.0640039681722,35.0806987945815,"Rosh_HaNikra 15 m"
2025-05-29 09:00:00,36.2,30.4710217413711,36.6871813145772,37.0216451582717,"Rosh_HaNikra 15 m"
2025-05-29 10:00:00,38.7,31.1419694635155,38.4402372022509,38.0446694108727,"Rosh_HaNikra 15 m"
2025-05-29 11:00:00,39.8,30.9832662965292,39.4752612397437,38.6845302011007,"Rosh_HaNikra 15 m"
2025-05-29 12:00:00,40,29.2561739496243,39.3614258593904,38.0137127450955,"Rosh_HaNikra 15 m"
2025-05-29 13:00:00,38.5,26.9807703650372,38.4227167295086,36.728732363023,"Rosh_HaNikra 15 m"
2025-05-29 14:00:00,37.5,24.4382981448505,36.7340796960113,34.8837422519062,"Rosh_HaNikra 15 m"
2025-05-29 15:00:00,35.5,22.0387858566984,34.2704035010385,32.1124715027555,"Rosh_HaNikra 15 m"
2025-05-29 16:00:00,32.9,19.2088962462602,31.3953362645747,28.1609102156816,"Rosh_HaNikra 15 m"
2025-05-29 17:00:00,30,18.4681838533233,29.1866409153435,25.4186333200286,"Rosh_HaNikra 15 m"
2025-05-29 18:00:00,28,18.2952940570812,27.6026213111497,24.1002233135204,"Rosh_HaNikra 15 m"
2025-05-29 19:00:00,26.4,18.1377781633662,25.9850104482782,22.8347815279292,"Rosh_HaNikra 15 m"
2025-05-29 20:00:00,25.2,17.7487765740837,24.6111560153127,21.760797638842,"Rosh_HaNikra 15 m"
2025-05-29 21:00:00,24,17.6409517280587,23.5012766115779,21.2093916885384,"Rosh_HaNikra 15 m"
2025-05-29 22:00:00,23.1,17.3444575013,22.6809825622702,20.5763755978424,"Rosh_HaNikra 15 m"
2025-05-29 23:00:00,22.6,17.1201290370039,22.240086873659,19.9216377020887,"Rosh_HaNikra 15 m"
2025-05-30,21.9,17.0296809528404,21.8029347538354,19.7164625976616,"Rosh_HaNikra 15 m"
2025-05-30 01:00:00,21.7,16.9677089220347,21.5839138493314,19.400681114799,"Rosh_HaNikra 15 m"
2025-05-30 02:00:00,21.1,16.7926740040058,20.9693200840682,18.8140112747425,"Rosh_HaNikra 15 m"
2025-05-30 03:00:00,20.7,16.840222508311,20.6421697461686,18.658829719424,"Rosh_HaNikra 15 m"
2025-05-30 04:00:00,21.1,20.0864437199623,20.9800074682055,20.0350139714271,"Rosh_HaNikra 15 m"
2025-05-30 05:00:00,23.6,23.444828366881,23.9603345078481,21.7794276233965,"Rosh_HaNikra 15 m"
2025-05-30 06:00:00,24.8,27.0563608472792,26.1332797525844,27.9062355821577,"Rosh_HaNikra 15 m"
2025-05-30 07:00:00,28.5,30.1412415968568,29.831104861398,33.2689626681001,"Rosh_HaNikra 15 m"
2025-05-30 08:00:00,33.5,31.6977380046415,33.7546723385064,36.8903425464201,"Rosh_HaNikra 15 m"
2025-05-30 09:00:00,37.9,32.5282305863029,37.5848940427097,38.2777294304496,"Rosh_HaNikra 15 m"
2025-05-30 10:00:00,37.2,33.0734596477233,38.010197417107,39.7133169398986,"Rosh_HaNikra 15 m"
2025-05-30 11:00:00,37.9,32.6122630614357,38.6039415934988,40.1200140494423,"Rosh_HaNikra 15 m"
2025-05-30 12:00:00,37.6,31.5589592183758,38.7066126285553,40.045972081535,"Rosh_HaNikra 15 m"
2025-05-30 13:00:00,38.7,30.1891739799592,39.1053675560336,39.5478318168733,"Rosh_HaNikra 15 m"
2025-05-30 14:00:00,38.8,28.0712724654424,38.5648032880402,37.8923154799688,"Rosh_HaNikra 15 m"
2025-05-30 15:00:00,37.1,25.3305623379989,36.0399781678613,34.7195193616195,"Rosh_HaNikra 15 m"
2025-05-30 16:00:00,34,20.9975284219063,32.5451378183885,29.4331802010811,"Rosh_HaNikra 15 m"
2025-05-30 17:00:00,30.5,18.6554138909412,29.3969112198866,24.6819408188892,"Rosh_HaNikra 15 m"
2025-05-30 18:00:00,27.9,17.8419261154084,26.8988531018878,21.8257005390076,"Rosh_HaNikra 15 m"
2025-05-30 19:00:00,26.1,17.3175225855455,25.3899753634027,20.9364779593095,"Rosh_HaNikra 15 m"
2025-05-30 20:00:00,24.9,16.8632011316474,24.3633390502719,20.4320657156165,"Rosh_HaNikra 15 m"
2025-05-30 21:00:00,23.9,16.6599453201441,23.298925492151,19.9869552364496,"Rosh_HaNikra 15 m"
2025-05-30 22:00:00,23.1,16.5319248564465,22.6084986600443,19.515100372575,"Rosh_HaNikra 15 m"
2025-05-30 23:00:00,22.6,16.3161488603475,21.8512106960841,18.9792898725393,"Rosh_HaNikra 15 m"
2025-05-31,21.7,16.204093990358,21.1861495638932,18.7631536102616,"Rosh_HaNikra 15 m"
2025-05-31 01:00:00,20.6,15.7783774486914,20.218225406749,18.082911645545,"Rosh_HaNikra 15 m"
2025-05-31 02:00:00,19.4,15.6925965593968,19.1776377533717,17.6898949192677,"Rosh_HaNikra 15 m"
2025-05-31 03:00:00,18.5,15.969946170198,18.5062639833648,17.375806713449,"Rosh_HaNikra 15 m"
2025-05-31 04:00:00,19.1,19.9545860108302,19.1350246525864,18.4952623661921,"Rosh_HaNikra 15 m"
2025-05-31 05:00:00,22.3,25.0627167070344,22.7448209068661,21.6680908048585,"Rosh_HaNikra 15 m"
2025-05-31 06:00:00,26.1,33.3616897830464,27.7209672917058,29.6608333358266,"Rosh_HaNikra 15 m"
2025-05-31 07:00:00,29.1,34.7742919293617,30.3386332414537,30.8729869691108,"Rosh_HaNikra 15 m"
2025-05-31 08:00:00,29.6,33.7193212203718,32.034801219912,34.2364307336546,"Rosh_HaNikra 15 m"
2025-05-31 09:00:00,33.1,32.6678563290895,34.878465137484,36.2685211831392,"Rosh_HaNikra 15 m"
2025-05-31 10:00:00,35.9,32.4909224378169,36.5463208961717,36.8919067250789,"Rosh_HaNikra 15 m"
2025-05-31 11:00:00,37.9,31.5941036791198,37.5366972237964,37.2913020700805,"Rosh_HaNikra 15 m"
2025-05-31 12:00:00,36.6,30.2635222944494,38.0062852409667,37.3772212538,"Rosh_HaNikra 15 m"
2025-05-31 13:00:00,40.6,29.0328060989777,39.2814412505015,37.2159430389801,"Rosh_HaNikra 15 m"
2025-05-31 14:00:00,37.7,26.8933707355053,36.5784039922176,36.189943420747,"Rosh_HaNikra 15 m"
2025-05-31 15:00:00,33,24.2438342402901,32.7954671628575,33.7223355601754,"Rosh_HaNikra 15 m"
2025-05-31 16:00:00,27.8,21.0173788124641,28.0259710360524,30.3926057869514,"Rosh_HaNikra 15 m"
2025-05-31 17:00:00,24.6,19.8864655381083,24.7645514249755,27.803411472404,"Rosh_HaNikra 15 m"
2025-05-31 18:00:00,23.4,19.3935194810748,23.607161574791,25.6616187890887,"Rosh_HaNikra 15 m"
2025-05-31 19:00:00,23,19.1679735571178,23.1226350206166,24.3521409422191,"Rosh_HaNikra 15 m"
2025-05-31 20:00:00,22.5,19.0689548813643,22.6075451834792,23.1807088219466,"Rosh_HaNikra 15 m"
2025-05-31 21:00:00,23.1,19.0599342079023,22.7713938763502,22.4019511432508,"Rosh_HaNikra 15 m"
2025-05-31 22:00:00,22.5,18.9837761988361,22.068289429123,21.939720498534,"Rosh_HaNikra 15 m"
2025-05-31 23:00:00,22.6,18.6958420415673,22.0558321908516,21.2241611619744,"Rosh_HaNikra 15 m"
2025-06-08 01:00:00,18.1,18.9731729209386,18.0781841272505,19.4306167244874,"Rosh_HaNikra 15 m"
2025-06-08 02:00:00,18.5,18.9034956923135,18.3126499989765,19.1459882190831,"Rosh_HaNikra 15 m"
2025-06-08 03:00:00,18.5,19.3607552639833,18.5894725910958,19.1687193505159,"Rosh_HaNikra 15 m"
2025-06-08 04:00:00,20.9,24.0321555712395,21.0946573760966,21.019427118557,"Rosh_HaNikra 15 m"
2025-06-08 05:00:00,28.3,28.0190576178804,28.4808617654616,25.3753806216493,"Rosh_HaNikra 15 m"
2025-06-08 06:00:00,32.5,31.9804949356938,33.0019525087826,30.2106450392628,"Rosh_HaNikra 15 m"
2025-06-08 07:00:00,35.4,36.5519848975889,35.8189633600922,35.3113636884443,"Rosh_HaNikra 15 m"
2025-06-08 08:00:00,42.1999999999999,50.5349631153913,42.5318430082416,43.3147544705244,"Rosh_HaNikra 15 m"
2025-06-08 09:00:00,45.9,57.016583823465,47.400147491822,43.3696216576325,"Rosh_HaNikra 15 m"
2025-06-08 10:00:00,48.7,58.8385614890436,49.3576449383253,45.6758675116876,"Rosh_HaNikra 15 m"
2025-06-08 11:00:00,43,57.4261816866174,44.8245811604633,45.6129711992517,"Rosh_HaNikra 15 m"
2025-06-08 12:00:00,40.6,53.1262828238461,41.8315071360358,43.7169648535702,"Rosh_HaNikra 15 m"
2025-06-08 13:00:00,39.5,49.5462785699651,40.6668208307051,42.4881039598272,"Rosh_HaNikra 15 m"
2025-06-08 14:00:00,40.7,44.9553416084898,40.5244912093513,41.1256807160032,"Rosh_HaNikra 15 m"
2025-06-08 15:00:00,35.9,38.2661098631548,36.0640685319861,38.4896010252165,"Rosh_HaNikra 15 m"
2025-06-08 16:00:00,30,28.7861552875742,30.5205247075689,32.7517321747049,"Rosh_HaNikra 15 m"
2025-06-08 17:00:00,26.2,23.3838502910669,26.6819907027503,28.2180311229761,"Rosh_HaNikra 15 m"
2025-06-08 18:00:00,24,21.9633302583429,24.6991226540791,25.395542372677,"Rosh_HaNikra 15 m"
2025-06-08 19:00:00,22.7,21.2376351077802,23.4970172423934,23.7315551955945,"Rosh_HaNikra 15 m"
2025-06-08 20:00:00,23.7,20.8976338753115,23.5471255475127,22.7684523710619,"Rosh_HaNikra 15 m"
2025-06-08 21:00:00,22.8,20.8278440855963,22.9394508283007,22.324040236376,"Rosh_HaNikra 15 m"
2025-06-08 22:00:00,22.8,20.554033554958,22.7710534545581,21.9052700175511,"Rosh_HaNikra 15 m"
2025-06-08 23:00:00,22.6,20.4720241517739,22.8030063697072,21.5404821128564,"Rosh_HaNikra 15 m"
2025-06-09,22.2,20.3727540103384,22.4779012069114,21.7910849181601,"Rosh_HaNikra 15 m"
2025-06-09 01:00:00,22.1,20.0067198897687,22.2432970365007,21.4014362717954,"Rosh_HaNikra 15 m"
2025-06-09 02:00:00,22.1,19.9961469537792,22.1522045415627,20.8999029762325,"Rosh_HaNikra 15 m"
2025-06-09 03:00:00,21.9,20.2740643249507,21.9435822447208,20.9689847455974,"Rosh_HaNikra 15 m"
2025-06-09 04:00:00,23.5,23.9292013404648,23.2958621489365,22.366160011081,"Rosh_HaNikra 15 m"
2025-06-09 05:00:00,27.2,27.4719654942608,27.016548713046,25.6539834166622,"Rosh_HaNikra 15 m"
2025-06-09 06:00:00,31.8,31.6417445191501,31.5809682861235,30.0787465819476,"Rosh_HaNikra 15 m"
2025-06-09 07:00:00,39.1,36.6065872410647,37.1213323101593,34.7206773260943,"Rosh_HaNikra 15 m"
2025-06-09 08:00:00,40.8,48.7641286355734,40.558724859326,41.6459640962362,"Rosh_HaNikra 15 m"
2025-06-09 09:00:00,44.7,56.4258117545847,43.9743633721207,43.1423959602121,"Rosh_HaNikra 15 m"
2025-06-09 10:00:00,45.6,59.3308379857545,44.722618352822,45.9433162419801,"Rosh_HaNikra 15 m"
2025-06-09 11:00:00,47.6,57.3796569385527,46.4691483537013,44.8136951007841,"Rosh_HaNikra 15 m"
2025-06-09 12:00:00,45.5,54.6150203870373,44.998995625165,44.3696924375134,"Rosh_HaNikra 15 m"
2025-06-09 13:00:00,42.5,50.5012488356406,42.4494739531789,42.8999567023093,"Rosh_HaNikra 15 m"
2025-06-09 14:00:00,37.9,44.2978319199192,38.8012149217046,40.4678355724918,"Rosh_HaNikra 15 m"
2025-06-09 15:00:00,34.3,37.0125320008443,35.0342427231553,37.7058711102651,"Rosh_HaNikra 15 m"
2025-06-09 16:00:00,29.4,28.1171340501772,30.3033436428108,32.6307649171816,"Rosh_HaNikra 15 m"
2025-06-09 17:00:00,26.6,23.4940777093827,27.2010154571124,28.5488310129105,"Rosh_HaNikra 15 m"
2025-06-09 18:00:00,25.3,22.3759968909926,25.7752714554972,26.2643914851851,"Rosh_HaNikra 15 m"
2025-06-09 19:00:00,24.2,21.7396714415667,24.6363725852657,24.5187463488696,"Rosh_HaNikra 15 m"
2025-06-09 20:00:00,24.1,21.3890380535048,24.3137238333796,23.2847638997954,"Rosh_HaNikra 15 m"
2025-06-09 21:00:00,24.3,21.1031750059783,24.177854719503,22.5108739948928,"Rosh_HaNikra 15 m"
2025-06-09 22:00:00,23.9,20.93886999775,23.9469382229459,22.0794066636664,"Rosh_HaNikra 15 m"
2025-06-09 23:00:00,23.2,20.4848374019699,23.1135179538327,21.9915314804153,"Rosh_HaNikra 15 m"
2025-06-10,23.1,20.3626412940261,23.0573371514456,22.058506686711,"Rosh_HaNikra 15 m"
2025-06-10 01:00:00,22.5,19.879668176872,22.2149984368634,21.0332944996183,"Rosh_HaNikra 15 m"
2025-06-10 02:00:00,20.7,19.6533027887893,20.8555310363719,20.0658994615627,"Rosh_HaNikra 15 m"
2025-06-10 03:00:00,20.9,19.906900983255,20.8968384498207,19.8270731083561,"Rosh_HaNikra 15 m"
2025-06-10 04:00:00,22.9,25.0791240136596,23.1741056679975,21.7660749356719,"Rosh_HaNikra 15 m"
2025-06-10 05:00:00,28.5,29.5371838921104,28.6173487032421,26.263222109655,"Rosh_HaNikra 15 m"
2025-06-10 06:00:00,33.4,33.2740075224499,33.1935959716378,30.5036921137432,"Rosh_HaNikra 15 m"
2025-06-10 07:00:00,39.4,37.6775858170891,37.0347618969756,34.5010652310753,"Rosh_HaNikra 15 m"
2025-06-10 08:00:00,44.1,50.7654955888322,41.9542493248476,42.2507222199968,"Rosh_HaNikra 15 m"
2025-06-10 09:00:00,46.1,57.8806303962809,45.7813858527723,43.7827729210001,"Rosh_HaNikra 15 m"
2025-06-10 10:00:00,47.8,61.6582200974706,47.314807399181,46.8419273347142,"Rosh_HaNikra 15 m"
2025-06-10 11:00:00,46.7,60.3224285614719,46.4572501742054,46.3031347763767,"Rosh_HaNikra 15 m"
2025-06-10 12:00:00,42,55.6826156955447,43.6000997947441,44.4013218265261,"Rosh_HaNikra 15 m"
2025-06-10 13:00:00,37.2,49.6846705376053,39.9713175945889,41.5886374412918,"Rosh_HaNikra 15 m"
2025-06-10 14:00:00,39.8,42.7577698421814,39.8801604130113,39.1551606846191,"Rosh_HaNikra 15 m"
2025-06-10 15:00:00,35.2,36.5524474913218,35.8280572328254,37.5841223532298,"Rosh_HaNikra 15 m"
2025-06-10 16:00:00,30.4,28.7942189357592,31.4630763969006,33.3379124782397,"Rosh_HaNikra 15 m"
2025-06-10 17:00:00,27.4000000000001,24.573744396365,28.3970174374459,29.9189611474636,"Rosh_HaNikra 15 m"
2025-06-10 18:00:00,27.2,23.4771537194864,27.6506661138333,28.0228418717996,"Rosh_HaNikra 15 m"
2025-06-10 19:00:00,26.9,22.9312775514677,27.1442858398101,26.2879677198484,"Rosh_HaNikra 15 m"
2025-06-10 20:00:00,26.5,22.5880293435207,26.5345210462613,25.1765152997127,"Rosh_HaNikra 15 m"
2025-06-10 21:00:00,25.6,22.0286085397191,25.5110688158996,24.1509268075414,"Rosh_HaNikra 15 m"
2025-06-10 22:00:00,25.4,21.6740260320246,25.1034710822428,23.0901282029688,"Rosh_HaNikra 15 m"
2025-06-10 23:00:00,24.2,21.6029513380687,24.4071777736301,22.4041406414668,"Rosh_HaNikra 15 m"
2025-06-11,23.9,21.5277529171871,24.0451304489072,22.4378207138943,"Rosh_HaNikra 15 m"
2025-06-11 01:00:00,23.9,21.1019119378186,23.9021939861699,21.8209179993726,"Rosh_HaNikra 15 m"
2025-06-11 02:00:00,23.6,20.92134256142,23.5115097689647,21.680922935184,"Rosh_HaNikra 15 m"
2025-06-11 03:00:00,22.7,21.3671360937356,22.8561201897342,21.3092567948102,"Rosh_HaNikra 15 m"
2025-06-11 04:00:00,24.9,26.0056711935536,24.8388575841417,23.5175632738606,"Rosh_HaNikra 15 m"
2025-06-11 05:00:00,28.1,29.9452261844511,28.0869551525521,26.9575869956846,"Rosh_HaNikra 15 m"
2025-06-11 06:00:00,32.8,33.9746194133099,32.7203793606511,30.8904013881024,"Rosh_HaNikra 15 m"
2025-06-11 07:00:00,38.2,39.42719088498,36.3899258760439,35.7452820390785,"Rosh_HaNikra 15 m"
2025-06-11 08:00:00,41.5,53.1683517742894,41.1795983367992,43.3959776211522,"Rosh_HaNikra 15 m"
2025-06-11 09:00:00,44.8,58.5618369761488,44.7520144348115,43.7397668543837,"Rosh_HaNikra 15 m"
2025-06-11 10:00:00,45.9,59.4991437468269,45.6753326671852,45.8190089735725,"Rosh_HaNikra 15 m"
2025-06-11 11:00:00,47.7,58.3837390089805,47.2556819787644,46.5328869963462,"Rosh_HaNikra 15 m"
2025-06-11 12:00:00,45.3,55.6271759823735,45.1750685109213,45.5426737622197,"Rosh_HaNikra 15 m"
2025-06-11 13:00:00,43.4,51.1295919716212,43.3105592404198,43.392024546847,"Rosh_HaNikra 15 m"
2025-06-11 14:00:00,42.1,45.3723492205009,41.4320088617038,41.2199897348747,"Rosh_HaNikra 15 m"
2025-06-11 15:00:00,37.4,38.9858129636545,37.471355011829,39.0010007933874,"Rosh_HaNikra 15 m"
2025-06-11 16:00:00,31.4,30.199539925368,31.9798065793092,33.6477992790057,"Rosh_HaNikra 15 m"
2025-06-11 17:00:00,27.5,24.6415631503025,28.3144458881749,29.3007089823643,"Rosh_HaNikra 15 m"
2025-06-11 18:00:00,24.9,23.2713515829293,26.01514994321,26.4491863321511,"Rosh_HaNikra 15 m"
2025-06-11 19:00:00,23.3,22.5190108006867,24.2592698814777,25.0765340512665,"Rosh_HaNikra 15 m"
2025-06-11 20:00:00,21.9,21.8870931304262,22.7567693702973,23.6701688206957,"Rosh_HaNikra 15 m"
2025-06-11 21:00:00,21.6,21.4253280931955,22.4029433498445,22.5746398741251,"Rosh_HaNikra 15 m"
2025-06-11 22:00:00,20.8,21.1785884971134,21.7195421753174,22.0170433396808,"Rosh_HaNikra 15 m"
2025-06-11 23:00:00,19.9,20.9215564802746,20.7385987604484,21.7939493731121,"Rosh_HaNikra 15 m"
2025-06-12,20.4,20.8092970145698,20.919142452166,21.3089441848751,"Rosh_HaNikra 15 m"
2025-06-12 01:00:00,20,20.7754860426651,20.7931307449764,21.60118894832,"Rosh_HaNikra 15 m"
2025-06-12 02:00:00,18.7,20.3380611182977,19.5025963549604,20.9726933481027,"Rosh_HaNikra 15 m"
2025-06-12 03:00:00,19.4,20.6228885544269,19.9439050334979,20.3727579308479,"Rosh_HaNikra 15 m"
2025-06-12 04:00:00,22.3,25.5751015178773,22.5018183292674,22.5394526950929,"Rosh_HaNikra 15 m"
2025-06-12 05:00:00,27.4,28.9737562262706,27.2034459181198,25.5480367266826,"Rosh_HaNikra 15 m"
2025-06-12 06:00:00,34.6,33.4488774063614,33.8547222569904,30.5274480106857,"Rosh_HaNikra 15 m"
2025-06-12 07:00:00,39.9,44.0100889155386,37.4755118402774,37.9649686762808,"Rosh_HaNikra 15 m"
2025-06-12 08:00:00,44.9,56.8657304211261,43.672368741847,42.5648089810016,"Rosh_HaNikra 15 m"
2025-06-12 09:00:00,48.8,60.7695066672969,47.2092124125057,43.3507368308711,"Rosh_HaNikra 15 m"
2025-06-12 10:00:00,51.5,61.8699169404257,50.5901831916268,46.2000189072836,"Rosh_HaNikra 15 m"
2025-06-12 11:00:00,51.8,61.0857252751638,50.3034580113298,46.9715122853567,"Rosh_HaNikra 15 m"
2025-06-12 12:00:00,49.9,58.2903659234085,49.0303537182213,46.0670544991531,"Rosh_HaNikra 15 m"
2025-06-12 13:00:00,43.9,53.9554871178797,44.5251945368859,44.0846766091517,"Rosh_HaNikra 15 m"
2025-06-12 14:00:00,40.7,48.0096803341098,41.2608376318278,41.5814476642795,"Rosh_HaNikra 15 m"
2025-06-12 15:00:00,37.2,41.2439314284716,37.5666692979444,39.1449297824297,"Rosh_HaNikra 15 m"
2025-06-12 16:00:00,30.9,31.5300508776433,32.1150901896409,33.7850588598973,"Rosh_HaNikra 15 m"
2025-06-12 17:00:00,27.2,25.4078337739611,28.508792360164,29.2872690747881,"Rosh_HaNikra 15 m"
2025-06-12 18:00:00,25.3,23.5308418516144,26.4620997121212,27.0672972444519,"Rosh_HaNikra 15 m"
2025-06-12 19:00:00,23.2,22.4751451759701,24.3579170990662,25.1664050369625,"Rosh_HaNikra 15 m"
2025-06-12 20:00:00,21.8,21.6504741069026,22.6592090950132,22.9511402007289,"Rosh_HaNikra 15 m"
2025-06-12 21:00:00,20.5,20.9964653978129,21.3332441027458,21.6692555675288,"Rosh_HaNikra 15 m"
2025-06-12 22:00:00,19.4,20.3105920394837,20.1626412921843,20.7146453997075,"Rosh_HaNikra 15 m"
2025-06-12 23:00:00,19.5,19.7595047830485,19.9323205616833,19.9562389432334,"Rosh_HaNikra 15 m"
2025-06-13,18.6,19.4940874979579,19.0509143342536,19.7045800492847,"Rosh_HaNikra 15 m"
2025-06-13 01:00:00,18,18.9727760896729,18.7659479404015,19.7683248863266,"Rosh_HaNikra 15 m"
2025-06-13 02:00:00,18,18.3961115149954,18.6167244226683,18.9746916560629,"Rosh_HaNikra 15 m"
2025-06-13 03:00:00,18.8,18.588180699315,18.995035924239,18.7710912310743,"Rosh_HaNikra 15 m"
2025-06-13 04:00:00,21.4,23.9311176050408,21.4250624188636,20.6239679563744,"Rosh_HaNikra 15 m"
2025-06-13 05:00:00,27.2,28.8966626177847,27.0839506194683,25.2223073493063,"Rosh_HaNikra 15 m"
2025-06-13 06:00:00,31.9,35.4419966834736,32.0599389193912,30.5081826347065,"Rosh_HaNikra 15 m"
2025-06-13 07:00:00,38.7,48.861246864078,38.574892504232,38.1758621137118,"Rosh_HaNikra 15 m"
2025-06-13 08:00:00,45,58.1842693341305,44.3030851316658,40.3941310895016,"Rosh_HaNikra 15 m"
2025-06-13 09:00:00,49,61.5443863464987,48.048081244797,43.0909447266257,"Rosh_HaNikra 15 m"
2025-06-13 10:00:00,51.4,63.2465305470846,49.0654442320488,46.1067676686666,"Rosh_HaNikra 15 m"
2025-06-13 11:00:00,52,61.8528431864036,50.1682940402596,46.5968903513206,"Rosh_HaNikra 15 m"
2025-06-13 12:00:00,49.1,58.9213726550398,48.3521688218718,45.8834927111921,"Rosh_HaNikra 15 m"
2025-06-13 13:00:00,43.3,54.5984760411001,43.9303675306991,44.1978670246816,"Rosh_HaNikra 15 m"
2025-06-13 14:00:00,42.1,48.201749385869,41.9680203896623,41.5867643967027,"Rosh_HaNikra 15 m"
2025-06-13 15:00:00,37.4,40.986331054322,38.0446285422077,39.0049235311668,"Rosh_HaNikra 15 m"
2025-06-13 16:00:00,31.3,31.516445474067,32.7729117860081,33.9603195947793,"Rosh_HaNikra 15 m"
2025-06-13 17:00:00,27.6,25.7727677241497,29.0915154076963,30.1502258197002,"Rosh_HaNikra 15 m"
2025-06-13 18:00:00,26,24.1754383797992,27.1367571739411,27.7863919492114,"Rosh_HaNikra 15 m"
2025-06-13 19:00:00,24.1,23.488887381882,25.4177131089438,26.0320144418185,"Rosh_HaNikra 15 m"
2025-06-13 20:00:00,22.7,22.7634979363244,23.9339551417766,24.8011487599175,"Rosh_HaNikra 15 m"
2025-06-13 21:00:00,21.9,22.2745012513493,23.0286556738611,23.5520622006749,"Rosh_HaNikra 15 m"
2025-06-13 22:00:00,22.2,21.5342262623794,22.5889745245019,22.5166723368652,"Rosh_HaNikra 15 m"
2025-06-13 23:00:00,21.1,20.8865366797018,21.6127029483048,21.4025950054693,"Rosh_HaNikra 15 m"
2025-06-14,20.4,20.6939563359051,21.0426101707633,21.1696781421929,"Rosh_HaNikra 15 m"
2025-06-14 01:00:00,21.2,20.6413363666627,21.5427335961782,20.4714989067409,"Rosh_HaNikra 15 m"
2025-06-14 02:00:00,20.8,20.6317333147026,21.3658224017154,21.2614321872688,"Rosh_HaNikra 15 m"
2025-06-14 03:00:00,21.4,20.8777760408008,21.6325321255162,21.5762527129733,"Rosh_HaNikra 15 m"
2025-06-14 04:00:00,23.9,25.8481582162784,23.9155534915924,23.0947781560825,"Rosh_HaNikra 15 m"
2025-06-14 05:00:00,27.5,29.7909431486916,27.268374622354,26.9173600703072,"Rosh_HaNikra 15 m"
2025-06-14 06:00:00,33.6,35.2465622067386,32.5192749921205,30.496792519086,"Rosh_HaNikra 15 m"
2025-06-14 07:00:00,38.5,47.7044649305874,36.9052216679391,37.722499865585,"Rosh_HaNikra 15 m"
2025-06-14 08:00:00,43.8,57.0435698739079,41.6163988206865,40.2084372750309,"Rosh_HaNikra 15 m"
2025-06-14 09:00:00,47.6,60.983411713322,45.1551373237928,42.9336680609782,"Rosh_HaNikra 15 m"
2025-06-14 10:00:00,51.5,63.2636765266878,49.0928098843179,46.8532952095491,"Rosh_HaNikra 15 m"
2025-06-14 11:00:00,52.6,61.4843519748407,50.1833124385061,46.8186253131586,"Rosh_HaNikra 15 m"
2025-06-14 12:00:00,51.6,58.5243754759063,49.8288193430176,46.2199998274078,"Rosh_HaNikra 15 m"
2025-06-14 13:00:00,41.2,54.8836160070871,43.3268464522964,44.6506400473093,"Rosh_HaNikra 15 m"
2025-06-14 14:00:00,41.8,49.2240721857265,42.1898068811166,41.9295408403591,"Rosh_HaNikra 15 m"
2025-06-14 15:00:00,36.8,41.9475999745615,37.8640139604302,38.8793664845713,"Rosh_HaNikra 15 m"
2025-06-14 16:00:00,31.1,31.6945133386274,32.4239609377927,33.6500142989774,"Rosh_HaNikra 15 m"
2025-06-14 17:00:00,27.7,25.4228041255998,28.6292235736663,29.6699154460954,"Rosh_HaNikra 15 m"
2025-06-14 18:00:00,26.4,23.8002152256858,26.9778782154175,27.0853392891776,"Rosh_HaNikra 15 m"
2025-06-14 19:00:00,25,23.0377754245138,25.5050281209888,25.618539956603,"Rosh_HaNikra 15 m"
2025-06-14 20:00:00,23.9,22.4057087870122,24.208310453162,23.982406732607,"Rosh_HaNikra 15 m"
2025-06-14 21:00:00,22.5,21.7602727740187,22.9709987497625,22.8435643046278,"Rosh_HaNikra 15 m"
2025-06-14 22:00:00,21.7,21.1787874265782,21.980421089474,21.9444276853673,"Rosh_HaNikra 15 m"
2025-06-14 23:00:00,20.8,21.0316018314926,21.4350927710715,21.6480358095734,"Rosh_HaNikra 15 m"
2025-07-27 01:00:00,26.2,24.4140056585359,26.4756602409608,26.02248563519,"Rosh_HaNikra 15 m"
2025-07-27 02:00:00,25.8,24.2185289800022,26.0698747689038,25.4704284608219,"Rosh_HaNikra 15 m"
2025-07-27 03:00:00,25.3,23.8393236631787,25.7303061185111,24.8603657717145,"Rosh_HaNikra 15 m"
2025-07-27 04:00:00,26.3,28.407553085256,26.5818699565556,26.1495534266714,"Rosh_HaNikra 15 m"
2025-07-27 05:00:00,28.7,34.7257104881768,29.3204886140588,28.1489625938897,"Rosh_HaNikra 15 m"
2025-07-27 06:00:00,33.7,45.2921964286232,33.661801045372,31.742140924778,"Rosh_HaNikra 15 m"
2025-07-27 07:00:00,37.8,54.6100574002171,37.6951375066585,34.476554440012,"Rosh_HaNikra 15 m"
2025-07-27 08:00:00,40.3,60.7582779708744,40.7000618604972,39.4073029342533,"Rosh_HaNikra 15 m"
2025-07-27 09:00:00,44,63.54466253458,44.2796966970892,43.3753891581152,"Rosh_HaNikra 15 m"
2025-07-27 10:00:00,46.9,64.1541364261111,46.7928720371161,46.5889337130984,"Rosh_HaNikra 15 m"
2025-07-27 11:00:00,47.6,63.6744504058391,47.6699693540257,48.3790946090251,"Rosh_HaNikra 15 m"
2025-07-27 12:00:00,48,61.4224972284104,48.1524073445713,48.0228609597947,"Rosh_HaNikra 15 m"
2025-07-27 13:00:00,47.3,57.7863842314187,47.5685025857663,46.801747924656,"Rosh_HaNikra 15 m"
2025-07-27 14:00:00,44.4,52.2902283856222,44.514584797269,44.6025119015524,"Rosh_HaNikra 15 m"
2025-07-27 15:00:00,41.4,45.1715757647041,41.5645741838638,41.3170027533058,"Rosh_HaNikra 15 m"
2025-07-27 16:00:00,37.6,36.7211956078641,37.3643105456325,36.4683392042748,"Rosh_HaNikra 15 m"
2025-07-27 17:00:00,34.5,31.0225920430589,34.0969042790657,32.9483669749666,"Rosh_HaNikra 15 m"
2025-07-27 18:00:00,32.2,28.9931839274603,31.9886811207679,31.54977090828,"Rosh_HaNikra 15 m"
2025-07-27 19:00:00,30.6,27.7817978684113,30.906718040417,30.5379693333313,"Rosh_HaNikra 15 m"
2025-07-27 20:00:00,29.5,26.5192955184496,29.7966795490891,28.8683543849505,"Rosh_HaNikra 15 m"
2025-07-27 21:00:00,28.2,25.5927320214232,28.4898559470042,27.6173227520903,"Rosh_HaNikra 15 m"
2025-07-27 22:00:00,27.3,24.7680307547612,27.5381737267524,26.5956864277882,"Rosh_HaNikra 15 m"
2025-07-27 23:00:00,26.7,24.1948914255952,26.938026242266,25.7134304966783,"Rosh_HaNikra 15 m"
2025-07-28,26,23.9328014580161,26.0050305896847,24.5050662485511,"Rosh_HaNikra 15 m"
2025-07-28 01:00:00,24.8,24.0687726439,24.9890946713584,25.9677130878926,"Rosh_HaNikra 15 m"
2025-07-28 02:00:00,24.6,23.8342487578192,24.6817482483296,25.3635024790564,"Rosh_HaNikra 15 m"
2025-07-28 03:00:00,24.6,23.9968748835585,24.813513761669,25.361102416899,"Rosh_HaNikra 15 m"
2025-07-28 04:00:00,25.7,30.1111113583844,25.9741577330256,27.601984933595,"Rosh_HaNikra 15 m"
2025-07-28 05:00:00,28.5,37.4570266758283,29.1798163201235,30.2594534908613,"Rosh_HaNikra 15 m"
2025-07-28 06:00:00,31.5,48.3982423680495,32.9935823128548,33.6658080952834,"Rosh_HaNikra 15 m"
2025-07-28 07:00:00,38,57.077667359544,38.5364626746073,36.132427338792,"Rosh_HaNikra 15 m"
2025-07-28 08:00:00,42.2,62.176929830405,41.9065266742632,39.9321082819431,"Rosh_HaNikra 15 m"
2025-07-28 09:00:00,46,63.9732065430788,45.6087493549947,43.3322038880495,"Rosh_HaNikra 15 m"
2025-07-28 10:00:00,48.8,64.6974031939255,48.2498039445743,46.8611986651169,"Rosh_HaNikra 15 m"
2025-07-28 11:00:00,49.7,62.683166220665,48.8216159052153,47.404604628563,"Rosh_HaNikra 15 m"
2025-07-28 12:00:00,49.8,59.5028260824035,49.0600450952608,46.800407755072,"Rosh_HaNikra 15 m"
2025-07-28 13:00:00,47.6,55.2838213061545,47.0319327783731,45.4540683840964,"Rosh_HaNikra 15 m"
2025-07-28 14:00:00,45.1,50.2642025277372,44.6389002315631,44.241810254788,"Rosh_HaNikra 15 m"
2025-07-28 15:00:00,41.8,43.7504249121305,41.4214737657532,41.5312781836149,"Rosh_HaNikra 15 m"
2025-07-28 16:00:00,38.4,35.325346397539,37.9853665830622,36.3518876306017,"Rosh_HaNikra 15 m"
2025-07-28 17:00:00,34.9,29.5521549598995,34.5772602507361,32.6152693645778,"Rosh_HaNikra 15 m"
2025-07-28 18:00:00,32.9,27.7414968975561,32.719799743293,30.8766537674444,"Rosh_HaNikra 15 m"
2025-07-28 19:00:00,31.6,27.0367854935485,31.4900450723482,29.9647647244292,"Rosh_HaNikra 15 m"
2025-07-28 20:00:00,30.5,26.4168256370085,30.3843302966273,28.8447376338499,"Rosh_HaNikra 15 m"
2025-07-28 21:00:00,29.6,25.7961828467257,29.3763418367335,27.7740651127703,"Rosh_HaNikra 15 m"
2025-07-28 22:00:00,28.7,25.5384584052358,28.5756584005339,27.1969962699209,"Rosh_HaNikra 15 m"
2025-07-28 23:00:00,27.9,25.174785688424,27.9979953274945,27.5302487163781,"Rosh_HaNikra 15 m"
2025-07-29,27.7,24.985738142743,27.5706919692295,26.7557627999924,"Rosh_HaNikra 15 m"
2025-07-29 01:00:00,27.2,25.2581134509696,27.251457855291,27.2083825540198,"Rosh_HaNikra 15 m"
2025-07-29 02:00:00,27,25.1701259134269,27.08123515955,26.7981422660804,"Rosh_HaNikra 15 m"
2025-07-29 03:00:00,26.6,25.2581349892722,26.9618569038648,26.5717457814322,"Rosh_HaNikra 15 m"
2025-07-29 04:00:00,27.5,29.0359191594867,27.7418309490368,28.3625470100192,"Rosh_HaNikra 15 m"
2025-07-29 05:00:00,29.5,32.8012645414092,29.5769526449858,28.9238414933898,"Rosh_HaNikra 15 m"
2025-07-29 06:00:00,33.5,41.3749893536233,32.9601898516955,32.3116339077615,"Rosh_HaNikra 15 m"
2025-07-29 07:00:00,35.7,49.1974271620874,35.8588564125676,33.0087255324487,"Rosh_HaNikra 15 m"
2025-07-29 08:00:00,40.1,56.6679829343591,38.9795748720144,37.0429257139001,"Rosh_HaNikra 15 m"
2025-07-29 09:00:00,44,59.9448415563375,43.1255207474443,41.7758542821676,"Rosh_HaNikra 15 m"
2025-07-29 10:00:00,48,62.0640687255644,47.4386913874679,45.4874352721953,"Rosh_HaNikra 15 m"
2025-07-29 11:00:00,49.7,60.8737867774429,48.886798266852,46.6511782111587,"Rosh_HaNikra 15 m"
2025-07-29 12:00:00,48.8,57.8682853037934,47.7784552854257,46.1504498774628,"Rosh_HaNikra 15 m"
2025-07-29 13:00:00,47.1,53.5639928478448,46.4804643375427,44.851295818731,"Rosh_HaNikra 15 m"
2025-07-29 14:00:00,43.5,47.3432539131432,43.2544306584645,42.7057769920617,"Rosh_HaNikra 15 m"
2025-07-29 15:00:00,40.2,40.6893411040244,40.047496215039,40.2024756729541,"Rosh_HaNikra 15 m"
2025-07-29 16:00:00,37.5,33.2712541136772,37.3313160755768,35.7926347765953,"Rosh_HaNikra 15 m"
2025-07-29 17:00:00,34.1,28.8160595752522,34.2491220954383,32.6426608421132,"Rosh_HaNikra 15 m"
2025-07-29 18:00:00,32.3,27.4274643364384,32.6657730119212,31.2303524914219,"Rosh_HaNikra 15 m"
2025-07-29 19:00:00,31.5,26.7239585395647,31.555341587759,30.1317558761431,"Rosh_HaNikra 15 m"
2025-07-29 20:00:00,30.8,26.1821051329951,30.6676906117746,29.028731653152,"Rosh_HaNikra 15 m"
2025-07-29 21:00:00,29.6,25.8575892897222,29.5564463291644,28.244697854099,"Rosh_HaNikra 15 m"
2025-07-29 22:00:00,28.5,24.7785493280913,28.4721207877267,27.3421524908568,"Rosh_HaNikra 15 m"
2025-07-29 23:00:00,28.1,24.3425330742855,28.1064095196508,26.7726223095913,"Rosh_HaNikra 15 m"
2025-07-30,27.6,24.2052755060156,27.7409042326592,26.1703580322226,"Rosh_HaNikra 15 m"
2025-07-30 01:00:00,27.3,24.2128798687485,27.4561574357043,26.9161095345047,"Rosh_HaNikra 15 m"
2025-07-30 02:00:00,27.5,24.0513556017637,27.5075984176056,26.53122091434,"Rosh_HaNikra 15 m"
2025-07-30 03:00:00,27,24.0586466249322,27.125572848672,26.2144987043237,"Rosh_HaNikra 15 m"
2025-07-30 04:00:00,27.5,26.0338630777068,27.4949665461257,26.8204861980147,"Rosh_HaNikra 15 m"
2025-07-30 05:00:00,30,28.3158682498881,29.3497466157952,28.3136638913104,"Rosh_HaNikra 15 m"
2025-07-30 06:00:00,32.8,30.3027161598747,31.589396224909,29.9264675915783,"Rosh_HaNikra 15 m"
2025-07-30 07:00:00,37.1,32.2672180801648,35.5706799163734,32.3816710084695,"Rosh_HaNikra 15 m"
2025-07-30 08:00:00,40.8,34.2477847587453,39.6245462440817,34.9263820897924,"Rosh_HaNikra 15 m"
2025-07-30 09:00:00,45.4,35.9214141639526,43.1534823960328,37.2085830243881,"Rosh_HaNikra 15 m"
2025-07-30 10:00:00,48.3,51.2333448861995,44.3207148468535,46.9401410554805,"Rosh_HaNikra 15 m"
2025-07-30 11:00:00,46.8,57.9511058993408,45.3244008612303,46.0165327258179,"Rosh_HaNikra 15 m"
2025-07-30 12:00:00,47.1,56.1062387611896,45.6976333924999,44.3613571312458,"Rosh_HaNikra 15 m"
2025-07-30 13:00:00,46.1,52.1937554626829,44.9414471856155,42.6092112808592,"Rosh_HaNikra 15 m"
2025-07-30 14:00:00,43.5,46.5138983372446,43.1720654889373,40.5472635868784,"Rosh_HaNikra 15 m"
2025-07-30 15:00:00,40.5,39.4649804020011,40.4684449003807,38.2525670909965,"Rosh_HaNikra 15 m"
2025-07-30 16:00:00,37.4,31.7846807614698,37.1646294534073,34.5458959714307,"Rosh_HaNikra 15 m"
2025-07-30 17:00:00,34.7,27.1588275344613,34.2426654884135,31.7051689536813,"Rosh_HaNikra 15 m"
2025-07-30 18:00:00,32.7,25.8726692217984,32.5282204658013,30.3357558268704,"Rosh_HaNikra 15 m"
2025-07-30 19:00:00,31.6,25.5959563001732,31.4731134870626,29.363806460772,"Rosh_HaNikra 15 m"
2025-07-30 20:00:00,30.5,25.2797337607772,30.5384327729558,28.7678969935805,"Rosh_HaNikra 15 m"
2025-07-30 21:00:00,30.1,24.9293749102754,29.8884910227947,28.2176403769655,"Rosh_HaNikra 15 m"
2025-07-30 22:00:00,30.2,23.5688037390244,29.8169716770814,26.9485132212174,"Rosh_HaNikra 15 m"
2025-07-30 23:00:00,29.7,23.2941663236509,29.5276473843296,26.5971507997404,"Rosh_HaNikra 15 m"
2025-07-31,29.4,23.1647345986625,28.9993339120142,26.1336994138023,"Rosh_HaNikra 15 m"
2025-07-31 01:00:00,28.9,22.9478543563044,28.7334038604007,25.7624226374781,"Rosh_HaNikra 15 m"
2025-07-31 02:00:00,28.9,22.7009256389795,28.5730204549106,25.3976371792017,"Rosh_HaNikra 15 m"
2025-07-31 03:00:00,28.3,22.5326156508764,28.0393183587798,25.1376593005499,"Rosh_HaNikra 15 m"
2025-07-31 04:00:00,28.5,24.0202804855498,28.1828771688082,25.1382286600264,"Rosh_HaNikra 15 m"
2025-07-31 05:00:00,29.3,25.3044557730176,28.7451730141326,26.1855324665525,"Rosh_HaNikra 15 m"
2025-07-31 06:00:00,33.2,27.8023469885673,31.6882606812812,27.6135850092258,"Rosh_HaNikra 15 m"
2025-07-31 07:00:00,37.1,30.458856661825,35.4034900374013,31.1768624382303,"Rosh_HaNikra 15 m"
2025-07-31 08:00:00,40.1,32.1492595131261,39.1139878705707,34.1323590929372,"Rosh_HaNikra 15 m"
2025-07-31 09:00:00,42.4,33.3403020149762,41.2755855469049,36.0598991161878,"Rosh_HaNikra 15 m"
2025-07-31 10:00:00,45.9,36.4006919958147,44.2441450454713,38.2670716144594,"Rosh_HaNikra 15 m"
2025-07-31 11:00:00,47.1,48.6310496722182,44.4373276688308,44.6522529517134,"Rosh_HaNikra 15 m"
2025-07-31 12:00:00,47.1,50.9080553678547,45.276967751509,41.6765766767536,"Rosh_HaNikra 15 m"
2025-07-31 13:00:00,45.7,46.0858647932494,44.2641769346823,38.7004416098082,"Rosh_HaNikra 15 m"
2025-07-31 14:00:00,42.9,41.840467687768,41.6335701451169,37.8865437471094,"Rosh_HaNikra 15 m"
2025-07-31 15:00:00,40,35.6834235923689,39.6437568849513,36.2990828292769,"Rosh_HaNikra 15 m"
2025-07-31 16:00:00,36.9,29.9913870604049,36.429178670171,33.7453445703994,"Rosh_HaNikra 15 m"
2025-07-31 17:00:00,34.3,26.9428007033534,33.9560766184915,32.1440784362025,"Rosh_HaNikra 15 m"
2025-07-31 18:00:00,32.4,26.1000033956209,32.4889329687042,31.2094155889192,"Rosh_HaNikra 15 m"
2025-07-31 19:00:00,31.5,25.5643902409096,31.3468646978473,30.2270322430153,"Rosh_HaNikra 15 m"
2025-07-31 20:00:00,30.6,25.0771980523351,30.5416180155525,29.390011334348,"Rosh_HaNikra 15 m"
2025-07-31 21:00:00,30.3,24.9963515425398,30.0098709089054,28.7484765673353,"Rosh_HaNikra 15 m"
2025-07-31 22:00:00,29.5,23.3977315481463,29.3521114924731,27.3396182115832,"Rosh_HaNikra 15 m"
2025-07-31 23:00:00,29.1,23.1918556162965,29.1828632243878,27.2184941241395,"Rosh_HaNikra 15 m"
2025-08-01,28.4,23.0989199724741,28.4803924174163,26.6959885206766,"Rosh_HaNikra 15 m"
2025-08-01 01:00:00,28,22.8787576136857,28.3220390495634,26.515201467064,"Rosh_HaNikra 15 m"
2025-08-01 02:00:00,27.9,22.6877914044823,28.0168879707722,25.8938782784905,"Rosh_HaNikra 15 m"
2025-08-01 03:00:00,27.7,22.6261754341451,27.8467611064916,25.3711412258474,"Rosh_HaNikra 15 m"
2025-08-01 04:00:00,28,24.0673557201588,27.9292734214508,25.5114456096852,"Rosh_HaNikra 15 m"
2025-08-01 05:00:00,29,26.0820752856782,28.7422799320582,26.7344040153077,"Rosh_HaNikra 15 m"
2025-08-01 06:00:00,32.6,28.4570717975799,31.5734129239813,28.8344108924571,"Rosh_HaNikra 15 m"
2025-08-01 07:00:00,36.5,30.3721540684475,35.5230934531096,30.909222077824,"Rosh_HaNikra 15 m"
2025-08-01 08:00:00,39.8,31.5474481580122,38.6296616714537,33.218927860008,"Rosh_HaNikra 15 m"
2025-08-01 09:00:00,42.9,32.9918695344246,41.1484764871497,34.914393152169,"Rosh_HaNikra 15 m"
2025-08-01 10:00:00,42.8,36.3746381471539,42.8700131850079,37.9026562641049,"Rosh_HaNikra 15 m"
2025-08-01 11:00:00,46.3,51.6065825778866,44.4226102259919,47.1193951923275,"Rosh_HaNikra 15 m"
2025-08-01 12:00:00,47.8,53.4803775601819,45.1902250452375,43.3530334287122,"Rosh_HaNikra 15 m"
2025-08-01 13:00:00,46.6,48.9067461388997,44.3778050633828,40.3528110879353,"Rosh_HaNikra 15 m"
2025-08-01 14:00:00,44,43.3989626296718,42.6497079556565,38.657110346194,"Rosh_HaNikra 15 m"
2025-08-01 15:00:00,40.4,36.4929203693042,40.036695992154,36.566958010591,"Rosh_HaNikra 15 m"
2025-08-01 16:00:00,37,29.9792272416737,36.3923439256082,33.4549950925496,"Rosh_HaNikra 15 m"
2025-08-01 17:00:00,34.3,26.0536874615989,33.7779841880874,30.9792012059531,"Rosh_HaNikra 15 m"
2025-08-01 18:00:00,32.4,24.715459028789,32.1362899553501,29.5710951486315,"Rosh_HaNikra 15 m"
2025-08-01 19:00:00,31.2,24.312801934068,31.1075723142612,28.4116865165875,"Rosh_HaNikra 15 m"
2025-08-01 20:00:00,30.4,23.9793426675956,30.1686398649988,27.5897192640464,"Rosh_HaNikra 15 m"
2025-08-01 21:00:00,29.6,23.814492680707,29.5449902815134,27.2495562812472,"Rosh_HaNikra 15 m"
2025-08-01 22:00:00,29.8,22.8984988068588,29.4171035109941,26.4439316128738,"Rosh_HaNikra 15 m"
2025-08-01 23:00:00,29.5,22.8648377250833,29.2758803960043,26.7795718502206,"Rosh_HaNikra 15 m"
2025-08-02,28.8,22.799485259388,28.4547042658198,26.5097411206703,"Rosh_HaNikra 15 m"
2025-08-02 01:00:00,27.6,22.7648995387633,27.6247976363305,25.8363135325987,"Rosh_HaNikra 15 m"
2025-08-02 02:00:00,27,22.6451347781409,27.3286423546084,25.6758211566199,"Rosh_HaNikra 15 m"
2025-08-02 03:00:00,27,22.5600012016668,27.3138901307049,25.2548895550146,"Rosh_HaNikra 15 m"
2025-08-02 04:00:00,27.2,24.4562849735699,27.1138410399091,25.4656352734051,"Rosh_HaNikra 15 m"
2025-08-02 05:00:00,29.1,27.2158569962715,28.8765998464361,26.8839334816669,"Rosh_HaNikra 15 m"
2025-08-02 06:00:00,32.8,29.3551993488081,31.8318034682537,28.9084884344347,"Rosh_HaNikra 15 m"
2025-08-02 07:00:00,34.9,30.7771922337213,34.6211678407298,31.7797369944253,"Rosh_HaNikra 15 m"
2025-08-02 08:00:00,39.4,32.2669008298698,38.6778746723995,33.3118809982124,"Rosh_HaNikra 15 m"
2025-08-02 09:00:00,43.6,33.1578874005779,41.7984274262101,35.0585983409389,"Rosh_HaNikra 15 m"
2025-08-02 10:00:00,46,34.2330163590109,43.5492986564323,36.6371790043509,"Rosh_HaNikra 15 m"
2025-08-02 11:00:00,47,37.6256184841641,45.5500359525078,39.365147974635,"Rosh_HaNikra 15 m"
2025-08-02 12:00:00,46.6,45.1863585062168,44.2491844218346,43.532240802779,"Rosh_HaNikra 15 m"
2025-08-02 13:00:00,45.7,45.105736634438,44.0807977596419,40.3912309619832,"Rosh_HaNikra 15 m"
2025-08-02 14:00:00,43.5,40.5877989643682,41.6427990439524,38.3918689602483,"Rosh_HaNikra 15 m"
2025-08-02 15:00:00,40.5,36.2051353990671,39.9068313587967,37.4560238659021,"Rosh_HaNikra 15 m"
2025-08-02 16:00:00,37.1,30.3582950674702,36.5783196890756,34.4344435774494,"Rosh_HaNikra 15 m"
2025-08-02 17:00:00,33.7,26.184335243236,33.3763634598916,31.3725829239001,"Rosh_HaNikra 15 m"
2025-08-02 18:00:00,32.1,24.9384159327012,31.9830688500073,29.753248143242,"Rosh_HaNikra 15 m"
2025-08-02 19:00:00,31,24.3904725431902,30.8451253222521,28.2842463373644,"Rosh_HaNikra 15 m"
2025-08-02 20:00:00,30.1,24.0032807856987,29.7685587846507,27.277676013131,"Rosh_HaNikra 15 m"
2025-08-02 21:00:00,29.1,23.7323677452218,28.8006600664364,26.6858608635079,"Rosh_HaNikra 15 m"
2025-08-02 22:00:00,28.9,23.6464447772405,28.8502137242587,26.360771635761,"Rosh_HaNikra 15 m"
2025-08-02 23:00:00,28,23.4867726505614,28.0046586087761,26.3941658676482,"Rosh_HaNikra 15 m"
2025-08-17 01:00:00,24.5,24.271263445821,25.0053858306547,25.6228671922352,"Rosh_HaNikra 15 m"
2025-08-17 02:00:00,24.1,23.9104562985932,24.6595357415164,25.6565864074265,"Rosh_HaNikra 15 m"
2025-08-17 03:00:00,23.7,24.023906740441,24.2243345794043,24.4473670749804,"Rosh_HaNikra 15 m"
2025-08-17 04:00:00,25.6,27.0927994352106,26.0972243323654,26.1002371412043,"Rosh_HaNikra 15 m"
2025-08-17 05:00:00,32.9,33.1042846533575,32.6733106647481,27.9735869261541,"Rosh_HaNikra 15 m"
2025-08-17 06:00:00,42,42.5058365261057,38.0065238269786,30.953425446699,"Rosh_HaNikra 15 m"
2025-08-17 07:00:00,43.6,50.8058486413599,39.9321813618192,32.6666655969263,"Rosh_HaNikra 15 m"
2025-08-17 08:00:00,48.5,57.0973510412641,45.7794269575604,35.9754428533979,"Rosh_HaNikra 15 m"
2025-08-17 09:00:00,51.9,60.4605775582408,48.4810431413083,40.3700929391002,"Rosh_HaNikra 15 m"
2025-08-17 10:00:00,52.2,62.3811661774611,50.7888392337406,44.305997567842,"Rosh_HaNikra 15 m"
2025-08-17 11:00:00,51,61.0424613610205,49.9548540859172,45.7295350686011,"Rosh_HaNikra 15 m"
2025-08-17 12:00:00,46.4,57.2984918170898,47.0043062200205,44.8093246036499,"Rosh_HaNikra 15 m"
2025-08-17 13:00:00,44,52.2855831807011,44.4061870999021,43.0373923008793,"Rosh_HaNikra 15 m"
2025-08-17 14:00:00,40.1,45.4267355972273,40.7808524143504,40.5028340393049,"Rosh_HaNikra 15 m"
2025-08-17 15:00:00,35.5,38.2234290076245,36.5890074345938,38.0417515171517,"Rosh_HaNikra 15 m"
2025-08-17 16:00:00,32,31.2635178864166,33.1733518387148,34.5712960064575,"Rosh_HaNikra 15 m"
2025-08-17 17:00:00,31,27.9705667754964,31.3985202765471,32.6518020889119,"Rosh_HaNikra 15 m"
2025-08-17 18:00:00,30.1,27.2355829830403,30.4406512991149,31.8816711063618,"Rosh_HaNikra 15 m"
2025-08-17 19:00:00,29.3,26.7720437778431,29.7855122100672,30.8981352580982,"Rosh_HaNikra 15 m"
2025-08-17 20:00:00,28.3,26.266890608169,28.7550275467903,30.0164140094294,"Rosh_HaNikra 15 m"
2025-08-17 21:00:00,27.9,25.8679817647973,28.2608218407656,29.2366410226861,"Rosh_HaNikra 15 m"
2025-08-17 22:00:00,26.6,25.3200796262947,27.0942200148255,28.5446906702248,"Rosh_HaNikra 15 m"
2025-08-17 23:00:00,26.5,24.9279412050071,26.6073857441042,27.8014637250724,"Rosh_HaNikra 15 m"
2025-08-18,25.2,24.8331399102272,25.7048836702777,27.4424226422371,"Rosh_HaNikra 15 m"
2025-08-18 01:00:00,25.3,24.6745008946068,25.4058010803198,26.952446651519,"Rosh_HaNikra 15 m"
2025-08-18 02:00:00,24.5,24.6993149144498,24.8082147167102,26.6509766204206,"Rosh_HaNikra 15 m"
2025-08-18 03:00:00,24.2,24.5004101093705,24.6021493347897,26.1143087442811,"Rosh_HaNikra 15 m"
2025-08-18 04:00:00,24.5,27.4085856086866,25.7283083171328,27.0049191124097,"Rosh_HaNikra 15 m"
2025-08-18 05:00:00,29.7,33.2544966866929,31.2207876491036,28.2168213059861,"Rosh_HaNikra 15 m"
2025-08-18 06:00:00,35.5,42.614166092289,34.7924141709934,31.0492304080849,"Rosh_HaNikra 15 m"
2025-08-18 07:00:00,41.8,52.4285385753587,39.4922697204431,33.7928764965013,"Rosh_HaNikra 15 m"
2025-08-18 08:00:00,44.7,57.3331837946336,44.1072677476622,36.5827164942186,"Rosh_HaNikra 15 m"
2025-08-18 09:00:00,49,60.9752322071608,48.5683785284513,40.977252089363,"Rosh_HaNikra 15 m"
2025-08-18 10:00:00,51.6,61.8029333338782,50.3625980625089,44.3195215449378,"Rosh_HaNikra 15 m"
2025-08-18 11:00:00,52.3,60.4174796828987,50.6516734506309,45.7368690261604,"Rosh_HaNikra 15 m"
2025-08-18 12:00:00,47.3,56.7907199511402,47.5577371833098,45.1600579867237,"Rosh_HaNikra 15 m"
2025-08-18 13:00:00,45.6,51.3782777210679,44.7189513811689,43.0922889133897,"Rosh_HaNikra 15 m"
2025-08-18 14:00:00,40.5,44.8017573255875,40.5085221923671,40.8437311548569,"Rosh_HaNikra 15 m"
2025-08-18 15:00:00,37.9,37.6135830917443,37.5338347443277,38.0118810870732,"Rosh_HaNikra 15 m"
2025-05-25 11:00:00,43.7,54.2284763837058,43.1707462771401,46.6199387097556,"Rosh_HaNikra 25 m"
2025-05-25 12:00:00,43.6,51.6581082200716,43.0278814769057,42.0111937379549,"Rosh_HaNikra 25 m"
2025-05-25 13:00:00,42.1,48.4151025599498,41.5422320348896,41.5054417437572,"Rosh_HaNikra 25 m"
2025-05-25 14:00:00,38.9,42.2625410208718,38.692003908879,39.1293348917977,"Rosh_HaNikra 25 m"
2025-05-25 15:00:00,36.2,34.273799665246,35.9092281170204,36.2777597978449,"Rosh_HaNikra 25 m"
2025-05-25 16:00:00,32.6,25.1364760643267,32.3361463251346,32.2206440216326,"Rosh_HaNikra 25 m"
2025-05-25 17:00:00,29.4,21.4475374584313,28.6373629545388,29.116783178341,"Rosh_HaNikra 25 m"
2025-05-25 18:00:00,27.4,20.5826506583689,26.8534382700239,26.03794002223,"Rosh_HaNikra 25 m"
2025-05-25 19:00:00,25.3,20.3043866037208,25.1934705109983,23.9040648816902,"Rosh_HaNikra 25 m"
2025-05-25 20:00:00,23.6,20.0186921590368,23.6494795164207,22.5779966348211,"Rosh_HaNikra 25 m"
2025-05-25 21:00:00,22.4,19.5457066222143,22.3541435947998,21.4671308918905,"Rosh_HaNikra 25 m"
2025-05-25 22:00:00,21.3,19.0682577477986,21.2844174779482,20.1855966435963,"Rosh_HaNikra 25 m"
2025-05-25 23:00:00,20.4,18.8591352030755,20.2931317015081,19.5954138562203,"Rosh_HaNikra 25 m"
2025-05-26,19.7,18.795888827599,19.4637742300503,19.440468238152,"Rosh_HaNikra 25 m"
2025-05-26 01:00:00,19.3,18.995303508722,19.5227322101878,18.1429877252213,"Rosh_HaNikra 25 m"
2025-05-26 02:00:00,18.7,19.0513363976838,19.1118757615106,20.486144771135,"Rosh_HaNikra 25 m"
2025-05-26 03:00:00,18.4,18.6975424126078,18.7122772025572,20.5223380163599,"Rosh_HaNikra 25 m"
2025-05-26 04:00:00,19.2,22.1528719169476,19.9365058610878,20.1678537828305,"Rosh_HaNikra 25 m"
2025-05-26 05:00:00,22.6,26.19523269589,23.1620039114269,24.3190919821983,"Rosh_HaNikra 25 m"
2025-05-26 06:00:00,26.3,31.064149996183,27.0218215941825,27.7345079387642,"Rosh_HaNikra 25 m"
2025-05-26 07:00:00,29.9,34.8604412780209,30.0211489639072,30.0700460181637,"Rosh_HaNikra 25 m"
2025-05-26 08:00:00,33.7,35.9599911777293,33.7207058367199,32.7450751868998,"Rosh_HaNikra 25 m"
2025-05-26 09:00:00,38.2,37.4950932673858,36.3399865542688,34.885941904013,"Rosh_HaNikra 25 m"
2025-05-26 10:00:00,41.1,46.5485696253633,38.9457325335093,40.3293890414094,"Rosh_HaNikra 25 m"
2025-05-26 11:00:00,43.1,54.7964530184946,40.2060454702201,42.3770318225107,"Rosh_HaNikra 25 m"
2025-05-26 12:00:00,42.8,52.9222247671343,40.4892674936063,39.1614663671709,"Rosh_HaNikra 25 m"
2025-05-26 13:00:00,41,46.9760062735649,39.6758815693991,37.6476829093071,"Rosh_HaNikra 25 m"
2025-05-26 14:00:00,38.6,40.9268536095261,37.8543130362318,37.7129280094742,"Rosh_HaNikra 25 m"
2025-05-26 15:00:00,36.3,34.3946388974813,35.7960027743796,36.4103807225851,"Rosh_HaNikra 25 m"
2025-05-26 16:00:00,33.4,25.8770365527467,33.3890325743415,32.4507179072694,"Rosh_HaNikra 25 m"
2025-05-26 17:00:00,30,22.0143302936686,29.7143537969423,30.1732400913371,"Rosh_HaNikra 25 m"
2025-05-26 18:00:00,28,20.8869864283689,28.1935498111005,28.5695373355039,"Rosh_HaNikra 25 m"
2025-05-26 19:00:00,26.4,20.3192232644165,26.8284333815019,27.9210308587158,"Rosh_HaNikra 25 m"
2025-05-26 20:00:00,25.2,19.5067450901553,25.0485671094619,26.9074919125125,"Rosh_HaNikra 25 m"
2025-05-26 21:00:00,24.4,18.8955735925292,24.5122600846813,25.0405668977355,"Rosh_HaNikra 25 m"
2025-05-26 22:00:00,24,18.7352435452818,24.2021699694942,24.7651030881285,"Rosh_HaNikra 25 m"
2025-05-26 23:00:00,23.4,18.9677451534596,23.2181853290431,26.1702764911976,"Rosh_HaNikra 25 m"
2025-05-27,24.2,19.1159217507615,23.5979458045653,23.0190181882157,"Rosh_HaNikra 25 m"
2025-05-27 01:00:00,24.2,20.3206253185551,24.2102703624026,25.1674604549687,"Rosh_HaNikra 25 m"
2025-05-27 02:00:00,24.3,20.4115539459606,24.216171454441,24.9560714630504,"Rosh_HaNikra 25 m"
2025-05-27 03:00:00,24.3,20.5673658544355,24.0071734702076,25.3823458844953,"Rosh_HaNikra 25 m"
2025-05-27 04:00:00,24.5,23.0447232961967,24.0843845605255,25.2943525553062,"Rosh_HaNikra 25 m"
2025-05-27 05:00:00,25.4,24.9212803938575,25.5292692013326,27.984741935987,"Rosh_HaNikra 25 m"
2025-05-27 06:00:00,27.8,25.5027488940216,27.602457043969,31.182214664743,"Rosh_HaNikra 25 m"
2025-05-27 07:00:00,30.6,26.7709186449236,30.7862566948565,32.8925269022173,"Rosh_HaNikra 25 m"
2025-05-27 08:00:00,33.8,30.1428175014976,34.7084058705108,35.8059153599266,"Rosh_HaNikra 25 m"
2025-05-27 09:00:00,36.5,35.0796256335048,37.8792440123674,40.9408359797267,"Rosh_HaNikra 25 m"
2025-05-27 10:00:00,38.9,45.0340169699252,39.7125264994981,44.1450622112811,"Rosh_HaNikra 25 m"
2025-05-27 11:00:00,40.1,47.4111384721175,41.5723504430504,42.1661791177169,"Rosh_HaNikra 25 m"
2025-05-27 12:00:00,40.6,45.0906680776963,41.32715947399,40.7573541357407,"Rosh_HaNikra 25 m"
2025-05-27 13:00:00,39.6,41.0561658384312,40.4909300375664,39.1026790382374,"Rosh_HaNikra 25 m"
2025-05-27 14:00:00,36.9,34.9328293075715,37.8358118850112,36.882485913292,"Rosh_HaNikra 25 m"
2025-05-27 15:00:00,34.6,28.8443793759082,35.4897932636462,34.6674570545886,"Rosh_HaNikra 25 m"
2025-05-27 16:00:00,32,21.7855962960541,32.3070839066993,30.1812843529999,"Rosh_HaNikra 25 m"
2025-05-27 17:00:00,29,18.7982255575787,28.9755576066472,26.1889826414715,"Rosh_HaNikra 25 m"
2025-05-27 18:00:00,27.1,18.18192848033,27.2714075160283,24.3964122182756,"Rosh_HaNikra 25 m"
2025-05-27 19:00:00,26,17.7289853338076,26.0315721249097,23.716288113959,"Rosh_HaNikra 25 m"
2025-05-27 20:00:00,25,17.3021374640703,25.000734452283,23.0199209151506,"Rosh_HaNikra 25 m"
2025-05-27 21:00:00,24.2,17.1257025984034,24.2880083258733,22.4661361959681,"Rosh_HaNikra 25 m"
2025-05-27 22:00:00,23.8,17.6142014715625,23.7759146268312,22.7043785307361,"Rosh_HaNikra 25 m"
2025-05-27 23:00:00,23.3,17.3808239288402,23.4031578286963,22.7585242576671,"Rosh_HaNikra 25 m"
2025-05-28,23,17.2659818013502,23.1177915501576,22.3528505643202,"Rosh_HaNikra 25 m"
2025-05-28 01:00:00,22.9,17.1641450226117,22.9658310030361,21.9654550850201,"Rosh_HaNikra 25 m"
2025-05-28 02:00:00,22.8,16.9562551835992,22.6886333568663,21.2806403497674,"Rosh_HaNikra 25 m"
2025-05-28 03:00:00,22.4,17.090983957077,22.4119880852873,19.9135845601806,"Rosh_HaNikra 25 m"
2025-05-28 04:00:00,23,19.5965117487194,22.5304246412997,20.142122653413,"Rosh_HaNikra 25 m"
2025-05-28 05:00:00,24.3,22.2861436484987,24.1938861612085,24.1108636735613,"Rosh_HaNikra 25 m"
2025-05-28 06:00:00,26.7,24.7430310847065,27.1951835584923,29.8847280146381,"Rosh_HaNikra 25 m"
2025-05-28 07:00:00,29.5,25.6063272787338,30.0242481216765,33.2592699362045,"Rosh_HaNikra 25 m"
2025-05-28 08:00:00,32.5,26.8447993107539,33.3656278658498,35.074813158105,"Rosh_HaNikra 25 m"
2025-05-28 09:00:00,35.8,28.3558202303953,36.1424928905202,36.9823852099485,"Rosh_HaNikra 25 m"
2025-05-28 10:00:00,38,29.7747179546899,38.2516852452037,38.8723999538964,"Rosh_HaNikra 25 m"
2025-05-28 11:00:00,38.9,29.059412327379,39.1363339284386,39.5833238035143,"Rosh_HaNikra 25 m"
2025-05-28 12:00:00,38.9,27.8606131883877,39.0930127468628,39.1993916841763,"Rosh_HaNikra 25 m"
2025-05-28 13:00:00,38.2,26.0930077965584,37.9218030178536,38.4865500862923,"Rosh_HaNikra 25 m"
2025-05-28 14:00:00,35.8,24.4780336186301,35.4721513340453,37.2669683262717,"Rosh_HaNikra 25 m"
2025-05-28 15:00:00,33.4,21.6469025139504,32.8631024723062,34.187154245823,"Rosh_HaNikra 25 m"
2025-05-28 16:00:00,30.9,18.8437609013775,30.573675400163,30.537899428294,"Rosh_HaNikra 25 m"
2025-05-28 17:00:00,28.3,18.0988842575937,28.1701308801854,27.5657717316538,"Rosh_HaNikra 25 m"
2025-05-28 18:00:00,26.6,18.0258413666249,26.6987922709334,26.5613399857045,"Rosh_HaNikra 25 m"
2025-05-28 19:00:00,25.4,17.934337936144,25.535709971961,25.4841564519216,"Rosh_HaNikra 25 m"
2025-05-28 20:00:00,24.5,17.8818751342043,24.6945863113514,24.5305667884096,"Rosh_HaNikra 25 m"
2025-05-28 21:00:00,24,17.5755023016652,24.0405198027554,23.7505315794667,"Rosh_HaNikra 25 m"
2025-05-28 22:00:00,23.7,17.5434415487133,23.7509880739975,22.7487747815929,"Rosh_HaNikra 25 m"
2025-05-28 23:00:00,23.4,17.4088664969088,23.3560221364988,22.7869530638338,"Rosh_HaNikra 25 m"
2025-05-29,23.1,17.3568963283349,23.1638295664419,22.5667537921716,"Rosh_HaNikra 25 m"
2025-05-29 01:00:00,22.8,17.301797710651,22.9264074520202,22.6032074320255,"Rosh_HaNikra 25 m"
2025-05-29 02:00:00,22.1,17.1702928985287,22.2279259469189,21.5366106475521,"Rosh_HaNikra 25 m"
2025-05-29 03:00:00,21.5,17.1494176394726,21.6172784592043,20.6307492263104,"Rosh_HaNikra 25 m"
2025-05-29 04:00:00,21.9,20.0508271010944,21.8871779618875,20.4932038041183,"Rosh_HaNikra 25 m"
2025-05-29 05:00:00,23.3,22.6051803797902,23.7953095489059,23.5258371800603,"Rosh_HaNikra 25 m"
2025-05-29 06:00:00,26.4,24.9742339760067,26.78681348298,29.3490003257992,"Rosh_HaNikra 25 m"
2025-05-29 07:00:00,29.6,27.6302295015553,30.7104907110158,32.9833026216725,"Rosh_HaNikra 25 m"
2025-05-29 08:00:00,33.2,29.6158497993728,34.0993402476648,36.6554873649856,"Rosh_HaNikra 25 m"
2025-05-29 09:00:00,36.7,30.4710217413711,37.426437167681,38.8078041968154,"Rosh_HaNikra 25 m"
2025-05-29 10:00:00,39.1,31.1419694635155,39.6113484655785,39.9354675027611,"Rosh_HaNikra 25 m"
2025-05-29 11:00:00,40.4,30.9832662965292,41.1072083006464,40.6162876512045,"Rosh_HaNikra 25 m"
2025-05-29 12:00:00,40.7,29.2561739496243,40.3528888270915,39.9783295206082,"Rosh_HaNikra 25 m"
2025-05-29 13:00:00,39.8,26.9807703650372,38.9819494325985,38.7860081351178,"Rosh_HaNikra 25 m"
2025-05-29 14:00:00,37.5,24.4382981448505,37.0122586658398,37.0289792209003,"Rosh_HaNikra 25 m"
2025-05-29 15:00:00,35.2,22.0387858566984,34.3271742656978,34.2956093964323,"Rosh_HaNikra 25 m"
2025-05-29 16:00:00,32.4,19.2088962462602,31.4088010882232,30.2304511931596,"Rosh_HaNikra 25 m"
2025-05-29 17:00:00,29.3,18.4681838533233,29.031899633939,27.0359509965728,"Rosh_HaNikra 25 m"
2025-05-29 18:00:00,27.4,18.2952940570812,27.490000246718,25.3652398693065,"Rosh_HaNikra 25 m"
2025-05-29 19:00:00,25.9,18.1377781633662,25.918022326459,23.817917228155,"Rosh_HaNikra 25 m"
2025-05-29 20:00:00,24.7,17.7487765740837,24.5521124972228,22.556271214434,"Rosh_HaNikra 25 m"
2025-05-29 21:00:00,23.4,17.6409517280587,23.4612282707806,21.8286744110116,"Rosh_HaNikra 25 m"
2025-05-29 22:00:00,22.6,17.3444575013,22.6152143769691,21.1909352482635,"Rosh_HaNikra 25 m"
2025-05-29 23:00:00,22.1,17.1201290370039,22.160462030511,20.3406860114149,"Rosh_HaNikra 25 m"
2025-05-30,21.5,17.0296809528404,21.731406516402,20.0588431213432,"Rosh_HaNikra 25 m"
2025-05-30 01:00:00,21.5,16.9677089220347,21.5292581705959,19.7040003305735,"Rosh_HaNikra 25 m"
2025-05-30 02:00:00,20.9,16.7926740040058,20.93138616338,18.9965903152698,"Rosh_HaNikra 25 m"
2025-05-30 03:00:00,20.4,16.840222508311,20.6123144575882,18.776954681277,"Rosh_HaNikra 25 m"
2025-05-30 04:00:00,20.8,20.0864437199623,20.9631189847388,19.9771784819157,"Rosh_HaNikra 25 m"
2025-05-30 05:00:00,23.5,23.444828366881,23.9550708806645,22.285364603644,"Rosh_HaNikra 25 m"
2025-05-30 06:00:00,24.8,27.0563608472792,26.4618663758165,29.3551083867995,"Rosh_HaNikra 25 m"
2025-05-30 07:00:00,29.1,30.1412415968568,31.0581900684721,34.9918165671022,"Rosh_HaNikra 25 m"
2025-05-30 08:00:00,33.9,31.6977380046415,36.1187002615967,38.4513281116056,"Rosh_HaNikra 25 m"
2025-05-30 09:00:00,38,32.5282305863029,39.5932315733741,39.8074888374931,"Rosh_HaNikra 25 m"
2025-05-30 10:00:00,41.4,33.0734596477233,41.5758282650649,41.4089269862853,"Rosh_HaNikra 25 m"
2025-05-30 11:00:00,42.9,32.6122630614357,42.6845515016124,41.8801845091896,"Rosh_HaNikra 25 m"
2025-05-30 12:00:00,43,31.5589592183758,41.883797656777,41.8684227193524,"Rosh_HaNikra 25 m"
2025-05-30 13:00:00,42.1,30.1891739799592,41.0515843123524,41.4457419349763,"Rosh_HaNikra 25 m"
2025-05-30 14:00:00,39.6,28.0712724654424,39.1017037684614,39.8784843413579,"Rosh_HaNikra 25 m"
2025-05-30 15:00:00,37.2,25.3305623379989,36.2976821628394,36.8144471494003,"Rosh_HaNikra 25 m"
2025-05-30 16:00:00,33.9,20.9975284219063,32.6313616485573,31.5648511529244,"Rosh_HaNikra 25 m"
2025-05-30 17:00:00,30,18.6554138909412,29.3172331165789,26.5582158814502,"Rosh_HaNikra 25 m"
2025-05-30 18:00:00,27.2,17.8419261154084,26.7777626865269,22.9483690437226,"Rosh_HaNikra 25 m"
2025-05-30 19:00:00,25.4,17.3175225855455,25.3310602814753,21.7813320757494,"Rosh_HaNikra 25 m"
2025-05-30 20:00:00,24.1,16.8632011316474,24.2509238609018,21.1376213930305,"Rosh_HaNikra 25 m"
2025-05-30 21:00:00,23.2,16.6599453201441,23.2123120776382,20.5750795116572,"Rosh_HaNikra 25 m"
2025-05-30 22:00:00,22.4,16.5319248564465,22.4725768068529,20.0244182474835,"Rosh_HaNikra 25 m"
2025-05-30 23:00:00,21.9,16.3161488603475,21.7189806938104,19.4211338590505,"Rosh_HaNikra 25 m"
2025-05-31,21.1,16.204093990358,21.0755836679392,19.1480432129227,"Rosh_HaNikra 25 m"
2025-05-31 01:00:00,19.9,15.7783774486914,20.1165455738601,18.3072964302435,"Rosh_HaNikra 25 m"
2025-05-31 02:00:00,18.8,15.6925965593968,19.1247629876538,17.8537100599919,"Rosh_HaNikra 25 m"
2025-05-31 03:00:00,18,15.969946170198,18.4722318922199,17.4802627805343,"Rosh_HaNikra 25 m"
2025-05-31 04:00:00,18.7,19.9545860108302,19.121129405749,18.4903281744883,"Rosh_HaNikra 25 m"
2025-05-31 05:00:00,22.1,25.0627167070344,22.7574254197632,22.3670389497712,"Rosh_HaNikra 25 m"
2025-05-31 06:00:00,26.4,33.3616897830464,27.8613200763539,30.1683120498158,"Rosh_HaNikra 25 m"
2025-05-31 07:00:00,29.8000000000001,34.7742919293617,30.5285625418598,30.2727999058937,"Rosh_HaNikra 25 m"
2025-05-31 08:00:00,32.7,33.7193212203718,32.7543920182977,34.4202687434889,"Rosh_HaNikra 25 m"
2025-05-31 09:00:00,35.3,32.6678563290895,35.930352374272,37.0132571393312,"Rosh_HaNikra 25 m"
2025-05-31 10:00:00,36.9,32.4909224378169,36.8682560064706,37.9417505132258,"Rosh_HaNikra 25 m"
2025-05-31 11:00:00,37.9,31.5941036791198,38.3568046028233,38.4422029108398,"Rosh_HaNikra 25 m"
2025-05-31 12:00:00,41.7,30.2635222944494,39.4499455794729,38.690981057572,"Rosh_HaNikra 25 m"
2025-05-31 13:00:00,41.5,29.0328060989777,39.5510739924198,38.5673901443879,"Rosh_HaNikra 25 m"
2025-05-31 14:00:00,37.4,26.8933707355053,36.727003212059,37.6018372653515,"Rosh_HaNikra 25 m"
2025-05-31 15:00:00,33.6,24.2438342402901,33.0223451331134,35.2461068461861,"Rosh_HaNikra 25 m"
2025-05-31 16:00:00,28.3,21.0173788124641,28.234747658511,32.0269832665046,"Rosh_HaNikra 25 m"
2025-05-31 17:00:00,24.5,19.8864655381083,24.8263019039792,29.5037045365214,"Rosh_HaNikra 25 m"
2025-05-31 18:00:00,23.1,19.3935194810748,23.4575659243684,27.376185973537,"Rosh_HaNikra 25 m"
2025-05-31 19:00:00,22.6,19.1679735571178,23.006501661873,25.8557601362499,"Rosh_HaNikra 25 m"
2025-05-31 20:00:00,22.1,19.0689548813643,22.5346279989496,24.3474644982161,"Rosh_HaNikra 25 m"
2025-05-31 21:00:00,22.8,19.0599342079023,22.7290951218286,23.3478718490461,"Rosh_HaNikra 25 m"
2025-05-31 22:00:00,22.2,18.9837761988361,22.0592926464556,22.8801826109607,"Rosh_HaNikra 25 m"
2025-05-31 23:00:00,22.4,18.6958420415673,22.0112114561248,22.0103211541924,"Rosh_HaNikra 25 m"
2025-06-08 01:00:00,17.7,18.9731729209386,18.0136781540535,19.647062557932,"Rosh_HaNikra 25 m"
2025-06-08 02:00:00,18.2,18.9034956923135,18.2437453622778,19.2440599730619,"Rosh_HaNikra 25 m"
2025-06-08 03:00:00,18.2,19.3607552639833,18.5419390370044,19.2542785398355,"Rosh_HaNikra 25 m"
2025-06-08 04:00:00,20.9,24.0321555712395,21.1293866225889,20.7725275137596,"Rosh_HaNikra 25 m"
2025-06-08 05:00:00,29.2,28.0190576178804,28.5341461118226,25.8651083571687,"Rosh_HaNikra 25 m"
2025-06-08 06:00:00,34,31.9804949356938,33.1725950960855,30.4761296107197,"Rosh_HaNikra 25 m"
2025-06-08 07:00:00,37.4,36.5519848975889,36.1295295565349,35.1300125035993,"Rosh_HaNikra 25 m"
2025-06-08 08:00:00,45,50.5349631153913,42.9492801386216,42.4768147312971,"Rosh_HaNikra 25 m"
2025-06-08 09:00:00,50.2,57.016583823465,47.8727215259553,41.9550432198273,"Rosh_HaNikra 25 m"
2025-06-08 10:00:00,51.9,58.8385614890436,49.9002265881728,44.3329453009943,"Rosh_HaNikra 25 m"
2025-06-08 11:00:00,45.5,57.4261816866174,45.2569308153596,44.4568842775598,"Rosh_HaNikra 25 m"
2025-06-08 12:00:00,43,53.1262828238461,42.4305788913364,43.0330525763485,"Rosh_HaNikra 25 m"
2025-06-08 13:00:00,41.9,49.5462785699651,41.3617504706427,42.0925999620244,"Rosh_HaNikra 25 m"
2025-06-08 14:00:00,40.8,44.9553416084898,40.7030624065571,40.8570931267393,"Rosh_HaNikra 25 m"
2025-06-08 15:00:00,36.3,38.2661098631548,36.4120911827958,38.6974263282942,"Rosh_HaNikra 25 m"
2025-06-08 16:00:00,31.6,28.7861552875742,31.5108636068963,33.8065367382273,"Rosh_HaNikra 25 m"
2025-06-08 17:00:00,27.6,23.3838502910669,27.1793710276733,29.8613888767297,"Rosh_HaNikra 25 m"
2025-06-08 18:00:00,25.5,21.9633302583429,25.0348870968222,26.9137654199335,"Rosh_HaNikra 25 m"
2025-06-08 19:00:00,24.1,21.2376351077802,23.652963041777,24.8569645602948,"Rosh_HaNikra 25 m"
2025-06-08 20:00:00,24.4,20.8976338753115,23.7271799854155,23.5710831531893,"Rosh_HaNikra 25 m"
2025-06-08 21:00:00,23.5,20.8278440855963,23.021534759785,22.978290977381,"Rosh_HaNikra 25 m"
2025-06-08 22:00:00,23.4,20.554033554958,22.9553662991023,22.5714671982991,"Rosh_HaNikra 25 m"
2025-06-08 23:00:00,23.2,20.4720241517739,23.0262645171735,22.0848804206567,"Rosh_HaNikra 25 m"
2025-06-09,22.8,20.3727540103384,22.6410344740466,22.6378480521627,"Rosh_HaNikra 25 m"
2025-06-09 01:00:00,22.8,20.0067198897687,22.3964913384591,22.304777445921,"Rosh_HaNikra 25 m"
2025-06-09 02:00:00,22.6,19.9961469537792,22.2725921572445,21.6547916299877,"Rosh_HaNikra 25 m"
2025-06-09 03:00:00,22.3,20.2740643249507,21.9785738544256,21.7240623460765,"Rosh_HaNikra 25 m"
2025-06-09 04:00:00,23.6,23.9292013404648,23.3174771720187,22.7018149850647,"Rosh_HaNikra 25 m"
2025-06-09 05:00:00,26.8,27.4719654942608,27.0149003890933,26.2508850718594,"Rosh_HaNikra 25 m"
2025-06-09 06:00:00,30.8,31.6417445191501,31.5549373091741,30.1280017146228,"Rosh_HaNikra 25 m"
2025-06-09 07:00:00,35.2,36.6065872410647,36.8380341467492,34.335093090903,"Rosh_HaNikra 25 m"
2025-06-09 08:00:00,40.5,48.7641286355734,40.5378699799405,40.6590537530661,"Rosh_HaNikra 25 m"
2025-06-09 09:00:00,43.5,56.4258117545847,44.1594255188448,41.5821847785715,"Rosh_HaNikra 25 m"
2025-06-09 10:00:00,44.4,59.3308379857545,45.0864470796567,44.4987123219972,"Rosh_HaNikra 25 m"
2025-06-09 11:00:00,45.6,57.3796569385527,46.3759885247252,43.2724858798979,"Rosh_HaNikra 25 m"
2025-06-09 12:00:00,45.4,54.6150203870373,45.5112845020251,43.3936544583874,"Rosh_HaNikra 25 m"
2025-06-09 13:00:00,42.9,50.5012488356406,43.130300342634,42.3660492888266,"Rosh_HaNikra 25 m"
2025-06-09 14:00:00,38.8,44.2978319199192,38.9175215023367,40.238441851865,"Rosh_HaNikra 25 m"
2025-06-09 15:00:00,35.8,37.0125320008443,35.405951650383,38.0114470771001,"Rosh_HaNikra 25 m"
2025-06-09 16:00:00,31.8,28.1171340501772,31.2887648774085,33.7921666658388,"Rosh_HaNikra 25 m"
2025-06-09 17:00:00,28.6,23.4940777093827,27.7668920563827,30.2142277032792,"Rosh_HaNikra 25 m"
2025-06-09 18:00:00,26.8,22.3759968909926,26.2530797406899,27.8268402251906,"Rosh_HaNikra 25 m"
2025-06-09 19:00:00,25.5,21.7396714415667,24.9705150409773,25.7555434432146,"Rosh_HaNikra 25 m"
2025-06-09 20:00:00,25.1,21.3890380535048,24.5895929204393,24.190829721443,"Rosh_HaNikra 25 m"
2025-06-09 21:00:00,24.9,21.1031750059783,24.3062642626333,23.2561994410216,"Rosh_HaNikra 25 m"
2025-06-09 22:00:00,24.5,20.93886999775,24.2279161128942,22.7720944135291,"Rosh_HaNikra 25 m"
2025-06-09 23:00:00,24,20.4848374019699,23.3853924894836,22.8447502742844,"Rosh_HaNikra 25 m"
2025-06-10,23.8,20.3626412940261,23.2611829490429,23.0455121588943,"Rosh_HaNikra 25 m"
2025-06-10 01:00:00,23.2,19.879668176872,22.321962383276,21.8547783500974,"Rosh_HaNikra 25 m"
2025-06-10 02:00:00,21.7,19.6533027887893,20.8898997592801,20.5945492983413,"Rosh_HaNikra 25 m"
2025-06-10 03:00:00,21.5,19.906900983255,20.9756528844801,20.1919451467205,"Rosh_HaNikra 25 m"
2025-06-10 04:00:00,23.3,25.0791240136596,23.1701707819132,21.5338213841888,"Rosh_HaNikra 25 m"
2025-06-10 05:00:00,28.6,29.5371838921104,28.6025975405346,26.5801040047203,"Rosh_HaNikra 25 m"
2025-06-10 06:00:00,33,33.2740075224499,33.1247221747011,30.346772157536,"Rosh_HaNikra 25 m"
2025-06-10 07:00:00,35.9,37.6775858170891,36.7236355543976,33.6791949040795,"Rosh_HaNikra 25 m"
2025-06-10 08:00:00,42.1,50.7654955888322,41.8985825961002,40.8467190766862,"Rosh_HaNikra 25 m"
2025-06-10 09:00:00,45.8,57.8806303962809,45.7921930763576,42.0016850456339,"Rosh_HaNikra 25 m"
2025-06-10 10:00:00,46.7,61.6582200974706,47.206970828614,44.9950616807226,"Rosh_HaNikra 25 m"
2025-06-10 11:00:00,45.3,60.3224285614719,46.3666947655884,44.3412445557346,"Rosh_HaNikra 25 m"
2025-06-10 12:00:00,45.5,55.6826156955447,44.4427422988533,43.0083593707766,"Rosh_HaNikra 25 m"
2025-06-10 13:00:00,43.4,49.6846705376053,41.1354997229673,40.8329449592972,"Rosh_HaNikra 25 m"
2025-06-10 14:00:00,40.4,42.7577698421814,39.853678938775,38.9230184746124,"Rosh_HaNikra 25 m"
2025-06-10 15:00:00,36.7,36.5524474913218,35.9937938383996,37.8706913525202,"Rosh_HaNikra 25 m"
2025-06-10 16:00:00,32.6,28.7942189357592,32.2297768428148,34.3596085689379,"Rosh_HaNikra 25 m"
2025-06-10 17:00:00,29.3,24.573744396365,28.5644434717667,31.4037180940274,"Rosh_HaNikra 25 m"
2025-06-10 18:00:00,28.6,23.4771537194864,27.8698219003482,29.6295799623148,"Rosh_HaNikra 25 m"
2025-06-10 19:00:00,28.1,22.9312775514677,27.418246697835,27.6966898820951,"Rosh_HaNikra 25 m"
2025-06-10 20:00:00,27.5,22.5880293435207,26.856715937389,26.4090611523738,"Rosh_HaNikra 25 m"
2025-06-10 21:00:00,26.6,22.0286085397191,25.6802285360391,25.335060575623,"Rosh_HaNikra 25 m"
2025-06-10 22:00:00,26.2,21.6740260320246,25.1954021717493,24.0527107911646,"Rosh_HaNikra 25 m"
2025-06-10 23:00:00,25,21.6029513380687,24.6140924156846,23.1096796295802,"Rosh_HaNikra 25 m"
2025-06-11,24.5,21.5277529171871,24.1702240919381,23.2899910620617,"Rosh_HaNikra 25 m"
2025-06-11 01:00:00,24.6,21.1019119378186,23.9958388219285,22.6084910985089,"Rosh_HaNikra 25 m"
2025-06-11 02:00:00,24.2,20.92134256142,23.585133231744,22.5598301388584,"Rosh_HaNikra 25 m"
2025-06-11 03:00:00,23.2,21.3671360937356,22.8454920960493,21.9473401037454,"Rosh_HaNikra 25 m"
2025-06-11 04:00:00,25.1,26.0056711935536,24.8376625206332,23.7057680391804,"Rosh_HaNikra 25 m"
2025-06-11 05:00:00,28.3,29.9452261844511,28.0365218175068,27.2888944068785,"Rosh_HaNikra 25 m"
2025-06-11 06:00:00,33,33.9746194133099,32.601209842346,30.3368823775586,"Rosh_HaNikra 25 m"
2025-06-11 07:00:00,35.7,39.42719088498,36.2491404408262,34.5972248167122,"Rosh_HaNikra 25 m"
2025-06-11 08:00:00,41.4,53.1683517742894,40.9700670175813,41.8539167691014,"Rosh_HaNikra 25 m"
2025-06-11 09:00:00,44,58.5618369761488,44.5810098231771,41.8493278208754,"Rosh_HaNikra 25 m"
2025-06-11 10:00:00,45.2,59.4991437468269,45.6225800385261,44.1942340407112,"Rosh_HaNikra 25 m"
2025-06-11 11:00:00,47.4,58.3837390089805,47.3094106354211,45.2868466521079,"Rosh_HaNikra 25 m"
2025-06-11 12:00:00,46.1,55.6271759823735,45.5842656561669,44.6674715832646,"Rosh_HaNikra 25 m"
2025-06-11 13:00:00,44.7,51.1295919716212,43.9180277947398,42.7332201301905,"Rosh_HaNikra 25 m"
2025-06-11 14:00:00,41,45.3723492205009,41.2483238089126,40.8349585115776,"Rosh_HaNikra 25 m"
2025-06-11 15:00:00,37.8,38.9858129636545,37.553632130852,39.0682046727438,"Rosh_HaNikra 25 m"
2025-06-11 16:00:00,33.5,30.199539925368,32.8178281952481,34.488759304793,"Rosh_HaNikra 25 m"
2025-06-11 17:00:00,29.4,24.6415631503025,28.5831579604016,30.710788938419,"Rosh_HaNikra 25 m"
2025-06-11 18:00:00,26.7,23.2713515829293,26.359280753507,27.9552142690865,"Rosh_HaNikra 25 m"
2025-06-11 19:00:00,24.8,22.5190108006867,24.7054770737674,26.4506850427064,"Rosh_HaNikra 25 m"
2025-06-11 20:00:00,23.3,21.8870931304262,23.1642323639643,24.8377144969271,"Rosh_HaNikra 25 m"
2025-06-11 21:00:00,22.8,21.4253280931955,22.5189974775799,23.4933851534372,"Rosh_HaNikra 25 m"
2025-06-11 22:00:00,21.9,21.1785884971134,21.759726379199,22.7304178351871,"Rosh_HaNikra 25 m"
2025-06-11 23:00:00,21,20.9215564802746,20.919192021374,22.4726445749859,"Rosh_HaNikra 25 m"
2025-06-12,21.2,20.8092970145698,21.0625767394694,21.8236597074027,"Rosh_HaNikra 25 m"
2025-06-12 01:00:00,21,20.7754860426651,20.9323779302923,22.3871752526031,"Rosh_HaNikra 25 m"
2025-06-12 02:00:00,19.7,20.3380611182977,19.5870221552994,21.7484750987817,"Rosh_HaNikra 25 m"
2025-06-12 03:00:00,19.9,20.6228885544269,19.9721795139127,20.783191431853,"Rosh_HaNikra 25 m"
2025-06-12 04:00:00,22.1,25.5751015178773,22.5189210162901,22.416269206247,"Rosh_HaNikra 25 m"
2025-06-12 05:00:00,27.1,28.9737562262706,27.1843810863183,25.783983381956,"Rosh_HaNikra 25 m"
2025-06-12 06:00:00,33.8,33.4488774063614,33.8027514017098,30.2304912331131,"Rosh_HaNikra 25 m"
2025-06-12 07:00:00,34.8,44.0100889155386,36.9944113357644,36.9705367037771,"Rosh_HaNikra 25 m"
2025-06-12 08:00:00,42.2,56.8657304211261,43.2907637845242,40.8370877667072,"Rosh_HaNikra 25 m"
2025-06-12 09:00:00,47.1,60.7695066672969,47.123939481858,41.2775480491328,"Rosh_HaNikra 25 m"
2025-06-12 10:00:00,49.7,61.8699169404257,50.2008804197681,44.2833481080282,"Rosh_HaNikra 25 m"
2025-06-12 11:00:00,50.5,61.0857252751638,50.7066500979565,45.305536714678,"Rosh_HaNikra 25 m"
2025-06-12 12:00:00,49.2,58.2903659234085,49.3264296511462,44.6735141167679,"Rosh_HaNikra 25 m"
2025-06-12 13:00:00,46.2,53.9554871178797,45.6162413628412,42.9676722146204,"Rosh_HaNikra 25 m"
2025-06-12 14:00:00,41.4,48.0096803341098,41.2715130344071,40.7164760265537,"Rosh_HaNikra 25 m"
2025-06-12 15:00:00,37.8,41.2439314284716,37.6977421278242,38.6884430804644,"Rosh_HaNikra 25 m"
2025-06-12 16:00:00,33.4,31.5300508776433,32.9577105938364,34.2620335856206,"Rosh_HaNikra 25 m"
2025-06-12 17:00:00,29.3,25.4078337739611,29.0053660688618,30.4370061944628,"Rosh_HaNikra 25 m"
2025-06-12 18:00:00,27,23.5308418516144,27.1911776745113,28.5336041692719,"Rosh_HaNikra 25 m"
2025-06-12 19:00:00,24.8,22.4751451759701,24.7117441194229,26.5983441620236,"Rosh_HaNikra 25 m"
2025-06-12 20:00:00,23.2,21.6504741069026,22.9657138334729,23.9966390486903,"Rosh_HaNikra 25 m"
2025-06-12 21:00:00,22,20.9964653978129,21.513022199491,22.3897531757136,"Rosh_HaNikra 25 m"
2025-06-12 22:00:00,20.8,20.3105920394837,20.2329377693992,21.2007931312501,"Rosh_HaNikra 25 m"
2025-06-12 23:00:00,20.6,19.7595047830485,20.0114026022865,20.195176321163,"Rosh_HaNikra 25 m"
2025-06-13,19.6,19.4940874979579,19.1032772785021,19.9076128707015,"Rosh_HaNikra 25 m"
2025-06-13 01:00:00,19.1,18.9727760896729,18.8441154323846,20.2599938259171,"Rosh_HaNikra 25 m"
2025-06-13 02:00:00,18.9,18.3961115149954,18.673005714429,19.3932321338156,"Rosh_HaNikra 25 m"
2025-06-13 03:00:00,19.4,18.588180699315,19.0253451791656,19.0957575225496,"Rosh_HaNikra 25 m"
2025-06-13 04:00:00,21.5,23.9311176050408,21.4382615302039,20.495134424041,"Rosh_HaNikra 25 m"
2025-06-13 05:00:00,26.6,28.8966626177847,27.0705144302094,25.5125242720663,"Rosh_HaNikra 25 m"
2025-06-13 06:00:00,31.1,35.4419966834736,32.1412005084065,30.0860811370564,"Rosh_HaNikra 25 m"
2025-06-13 07:00:00,36.8,48.861246864078,38.2766589388066,36.6460817258334,"Rosh_HaNikra 25 m"
2025-06-13 08:00:00,43.6,58.1842693341305,44.28591359747,38.3615135205319,"Rosh_HaNikra 25 m"
2025-06-13 09:00:00,46.9,61.5443863464987,47.7900822253175,40.9310822083151,"Rosh_HaNikra 25 m"
2025-06-13 10:00:00,48.6,63.2465305470846,48.50394349062,44.0035915517233,"Rosh_HaNikra 25 m"
2025-06-13 11:00:00,49,61.8528431864036,49.5609305370196,44.5163201303733,"Rosh_HaNikra 25 m"
2025-06-13 12:00:00,48.1,58.9213726550398,47.8369250500333,44.1558897525129,"Rosh_HaNikra 25 m"
2025-06-13 13:00:00,45.2,54.5984760411001,44.2498697133683,42.7758651859976,"Rosh_HaNikra 25 m"
2025-06-13 14:00:00,41.5,48.201749385869,41.6570620700815,40.4478440895433,"Rosh_HaNikra 25 m"
2025-06-13 15:00:00,38.3,40.986331054322,37.9315909606958,38.3962887016456,"Rosh_HaNikra 25 m"
2025-06-13 16:00:00,33.8,31.516445474067,33.2539145731373,34.3733251852181,"Rosh_HaNikra 25 m"
2025-06-13 17:00:00,29.7,25.7727677241497,29.2902991968164,31.2764617816143,"Rosh_HaNikra 25 m"
2025-06-13 18:00:00,27.6,24.1754383797992,27.317680044505,29.2719249482501,"Rosh_HaNikra 25 m"
2025-06-13 19:00:00,25.6,23.488887381882,25.7809150764155,27.4185212377017,"Rosh_HaNikra 25 m"
2025-06-13 20:00:00,24.1,22.7634979363244,24.1638493375674,26.0926755543511,"Rosh_HaNikra 25 m"
2025-06-13 21:00:00,23.2,22.2745012513493,23.364961382321,24.6058449021672,"Rosh_HaNikra 25 m"
2025-06-13 22:00:00,23.0999999999999,21.5342262623794,22.601160696609,23.4583589671142,"Rosh_HaNikra 25 m"
2025-06-13 23:00:00,22.2,20.8865366797018,21.6889816391064,22.0280787567663,"Rosh_HaNikra 25 m"
2025-06-14,21.5,20.6939563359051,21.1591197690466,21.7319563235073,"Rosh_HaNikra 25 m"
2025-06-14 01:00:00,21.8,20.6413363666627,21.5739056361496,20.7907239945027,"Rosh_HaNikra 25 m"
2025-06-14 02:00:00,21.4,20.6317333147026,21.4965456150696,22.1013984844185,"Rosh_HaNikra 25 m"
2025-06-14 03:00:00,21.9,20.8777760408008,21.6847187320578,22.4518964431369,"Rosh_HaNikra 25 m"
2025-06-14 04:00:00,23.7,25.8481582162784,23.9076820310429,23.2571798322605,"Rosh_HaNikra 25 m"
2025-06-14 05:00:00,27.2,29.7909431486916,27.2328977587015,27.1069002180886,"Rosh_HaNikra 25 m"
2025-06-14 06:00:00,32.8,35.2465622067386,32.4983802104676,29.3763930439884,"Rosh_HaNikra 25 m"
2025-06-14 07:00:00,36.6,47.7044649305874,36.4225641778124,35.8243351164394,"Rosh_HaNikra 25 m"
2025-06-14 08:00:00,42.7,57.0435698739079,41.8882062683994,38.1591056099919,"Rosh_HaNikra 25 m"
2025-06-14 09:00:00,45.9,60.983411713322,45.3096640265251,40.8166560370525,"Rosh_HaNikra 25 m"
2025-06-14 10:00:00,48.1,63.2636765266878,48.7690417348953,44.8001450325472,"Rosh_HaNikra 25 m"
2025-06-14 11:00:00,48.9,61.4843519748407,49.6414892233398,44.9229715884882,"Rosh_HaNikra 25 m"
2025-06-14 12:00:00,49,58.5243754759063,49.2565857154491,44.7836938276519,"Rosh_HaNikra 25 m"
2025-06-14 13:00:00,46.8,54.8836160070871,44.5096459470249,43.4958205587839,"Rosh_HaNikra 25 m"
2025-06-14 14:00:00,42.1,49.2240721857265,42.0730047917376,40.8538891946987,"Rosh_HaNikra 25 m"
2025-06-14 15:00:00,38.3,41.9475999745615,37.9441547767965,38.1001075181253,"Rosh_HaNikra 25 m"
2025-06-14 16:00:00,33.7,31.6945133386274,33.2208492239294,33.9723458467146,"Rosh_HaNikra 25 m"
2025-06-14 17:00:00,29.8,25.4228041255998,29.2254583129038,30.8553865039873,"Rosh_HaNikra 25 m"
2025-06-14 18:00:00,27.9,23.8002152256858,27.4818495664961,28.5838327221763,"Rosh_HaNikra 25 m"
2025-06-14 19:00:00,26.4,23.0377754245138,25.8351557056288,27.0210091147756,"Rosh_HaNikra 25 m"
2025-06-14 20:00:00,25.1,22.4057087870122,24.4276111881073,25.0934121580602,"Rosh_HaNikra 25 m"
2025-06-14 21:00:00,23.6,21.7602727740187,23.005100172603,23.7370895474333,"Rosh_HaNikra 25 m"
2025-06-14 22:00:00,22.8,21.1787874265782,22.1091889510315,22.5676592155568,"Rosh_HaNikra 25 m"
2025-06-14 23:00:00,21.7,21.0316018314926,21.5190500381003,22.0430555792419,"Rosh_HaNikra 25 m"
2025-08-18 17:00:00,34,27.4210309459796,33.4570139962972,32.8607029392352,"Rosh_HaNikra 25 m"
2025-08-18 18:00:00,32.9,26.4906456899373,32.4626004132847,32.0327732991902,"Rosh_HaNikra 25 m"
2025-08-18 19:00:00,31.9,26.0108119431475,31.7712797132981,30.7454787674883,"Rosh_HaNikra 25 m"
2025-08-18 20:00:00,31.1,25.3442717489989,30.8218502064623,29.4561153349669,"Rosh_HaNikra 25 m"
2025-08-18 21:00:00,30.4,24.9252756783776,29.9760430089034,28.4561086842827,"Rosh_HaNikra 25 m"
2025-08-18 22:00:00,29.5,24.1571686779101,28.6649723073593,27.6709003959735,"Rosh_HaNikra 25 m"
2025-08-18 23:00:00,28.7,23.7515269986236,28.555823365063,26.5466045609558,"Rosh_HaNikra 25 m"
2025-08-19,27.8,23.5558706663278,27.8688100537722,26.4488405130533,"Rosh_HaNikra 25 m"
2025-08-19 01:00:00,27.3,23.0859233413501,27.3026295395859,25.6150373492999,"Rosh_HaNikra 25 m"
2025-08-19 02:00:00,26.8,23.0190534222155,27.1197064699416,25.1056248772173,"Rosh_HaNikra 25 m"
2025-08-19 03:00:00,26.3,22.7734260226654,26.5915405776246,24.7034920121597,"Rosh_HaNikra 25 m"
2025-08-19 04:00:00,26.1,26.4421588070102,26.2007166996354,25.3065690881915,"Rosh_HaNikra 25 m"
2025-08-19 05:00:00,27,32.3693847879895,27.8347728465317,26.0177779421338,"Rosh_HaNikra 25 m"
2025-08-19 06:00:00,29.2,42.1410607056742,30.9354007243809,28.6367863373881,"Rosh_HaNikra 25 m"
2025-08-19 07:00:00,32.6,53.2674995766305,33.2866368731538,32.2965294228219,"Rosh_HaNikra 25 m"
2025-08-19 08:00:00,36.2,59.9760857789643,36.1351742453626,36.1826935975678,"Rosh_HaNikra 25 m"
2025-08-19 09:00:00,39.6,63.0968984980899,41.073339070113,40.1214765925723,"Rosh_HaNikra 25 m"
2025-08-19 10:00:00,42.1,64.2533182470706,43.4147353948335,43.2702669470218,"Rosh_HaNikra 25 m"
2025-08-19 11:00:00,43.5,62.6107011024798,44.5264197071423,44.1000561897601,"Rosh_HaNikra 25 m"
2025-08-19 12:00:00,44.3,59.2953612468458,44.7732721706422,44.0733878276563,"Rosh_HaNikra 25 m"
2025-08-19 13:00:00,43.4,53.818715140173,44.2228175300923,42.2668590992184,"Rosh_HaNikra 25 m"
2025-08-19 14:00:00,41.2,47.1327578656464,41.6073272725098,40.3402025334626,"Rosh_HaNikra 25 m"
2025-08-19 15:00:00,39.8,39.7307555727042,39.747927269869,38.3342802576102,"Rosh_HaNikra 25 m"
2025-08-19 16:00:00,37.6,32.0464934281928,37.0836709517383,34.752623932801,"Rosh_HaNikra 25 m"
2025-08-19 17:00:00,35.3,28.0244869725092,34.4920973872783,32.4911107556208,"Rosh_HaNikra 25 m"
2025-08-19 18:00:00,33.6,26.797185770794,33.1056001185809,31.1798404376946,"Rosh_HaNikra 25 m"
2025-08-19 19:00:00,32.3,26.2716260037427,31.9047470628933,29.9566097340589,"Rosh_HaNikra 25 m"
2025-08-19 20:00:00,31.1,25.7526699422879,30.726916908215,29.0570756315274,"Rosh_HaNikra 25 m"
2025-08-19 21:00:00,30.1,25.2048188897766,29.4967778369002,28.1042484494842,"Rosh_HaNikra 25 m"
2025-08-19 22:00:00,29.1,24.5585814211288,29.0629757706923,27.591714212648,"Rosh_HaNikra 25 m"
2025-08-19 23:00:00,28.4,24.2874140838247,28.4559484110944,26.9101858237844,"Rosh_HaNikra 25 m"
2025-08-20,27.8,24.1049289482375,27.9251767694128,26.6981498974105,"Rosh_HaNikra 25 m"
2025-08-20 01:00:00,27.2,23.8978892150148,27.4349509495421,26.1717541995271,"Rosh_HaNikra 25 m"
2025-08-20 02:00:00,26.8,23.9488234264072,27.0251584631119,25.9953081351932,"Rosh_HaNikra 25 m"
2025-08-20 03:00:00,26.4,23.9799259641859,26.7599718269382,25.9719583729002,"Rosh_HaNikra 25 m"
2025-08-20 04:00:00,26.2,26.8210603805706,26.5620089829641,26.5547565134689,"Rosh_HaNikra 25 m"
2025-08-20 05:00:00,27.1,34.9437276007093,27.8044150932954,27.874794590608,"Rosh_HaNikra 25 m"
2025-08-20 06:00:00,29.5,44.5827979373048,30.9035774796472,29.4599675463746,"Rosh_HaNikra 25 m"
2025-08-20 07:00:00,33,55.5629128248409,33.9876072746631,33.4498509199337,"Rosh_HaNikra 25 m"
2025-08-20 08:00:00,36.6,61.6629190796586,36.8155845633828,36.8888578766557,"Rosh_HaNikra 25 m"
2025-08-20 09:00:00,39.7,63.7086829776568,40.8102051862884,39.8182296390338,"Rosh_HaNikra 25 m"
2025-08-20 10:00:00,42.3,64.098373955634,43.4838546201902,42.5111890496281,"Rosh_HaNikra 25 m"
2025-08-20 11:00:00,44.1,61.7298471438588,44.4487563542856,43.0409242617787,"Rosh_HaNikra 25 m"
2025-08-20 12:00:00,45,58.0403471646852,44.754353418195,42.9871502576417,"Rosh_HaNikra 25 m"
2025-08-20 13:00:00,43.6,53.1619506672922,43.427029029961,41.9491926030222,"Rosh_HaNikra 25 m"
2025-08-20 14:00:00,40.9,46.9337257248586,41.4912025747308,40.2792052132314,"Rosh_HaNikra 25 m"
2025-08-20 15:00:00,39.8,39.5635279030789,39.6303101339931,38.1646842570294,"Rosh_HaNikra 25 m"
2025-08-20 16:00:00,37.6,31.9235622315567,37.0288614640932,34.6153835683029,"Rosh_HaNikra 25 m"
2025-08-20 17:00:00,35.6,27.7074678510914,34.4638870696414,32.1691411108265,"Rosh_HaNikra 25 m"
2025-08-20 18:00:00,33.9,26.4555851469583,32.830548666508,31.0899816999978,"Rosh_HaNikra 25 m"
2025-08-20 19:00:00,32.6,25.8391116672979,31.740677388407,30.0463779980169,"Rosh_HaNikra 25 m"
2025-08-20 20:00:00,31.5,25.3389083268896,30.8099875819723,29.1783045652166,"Rosh_HaNikra 25 m"
2025-08-20 21:00:00,30.5,24.874720335064,29.8370933700209,28.3772091866112,"Rosh_HaNikra 25 m"
2025-08-20 22:00:00,29.7,24.8699598336868,29.5608776103788,27.9287598157577,"Rosh_HaNikra 25 m"
2025-08-20 23:00:00,28.9,24.5603802871705,28.8037302873421,28.3385525417329,"Rosh_HaNikra 25 m"
2025-08-21,28.3,24.3784047513445,28.2235898812129,27.665648117586,"Rosh_HaNikra 25 m"
2025-08-21 01:00:00,27.8,24.0495014823521,27.8625542058219,26.7986963428105,"Rosh_HaNikra 25 m"
2025-08-21 02:00:00,27.3,23.8338097979923,27.4109104919415,26.7431728293796,"Rosh_HaNikra 25 m"
2025-08-21 03:00:00,26.9,23.8488063194564,27.3446803962275,25.5563161947539,"Rosh_HaNikra 25 m"
2025-08-21 04:00:00,26.5,25.5804705440319,26.6365745870399,25.8889333724297,"Rosh_HaNikra 25 m"
2025-08-21 05:00:00,27.1,32.1959286332216,27.9366668001828,26.971588671216,"Rosh_HaNikra 25 m"
2025-08-21 06:00:00,29.3,40.5068644723513,30.6336259366832,28.1793812951662,"Rosh_HaNikra 25 m"
2025-08-21 07:00:00,31.7,49.0419238786776,32.4527155964272,29.9631522874911,"Rosh_HaNikra 25 m"
2025-08-21 08:00:00,35.1,56.8608354290144,36.5160690481351,34.0463613231794,"Rosh_HaNikra 25 m"
2025-08-21 09:00:00,37.9,60.3712384783464,38.7011340785136,38.0470311724382,"Rosh_HaNikra 25 m"
2025-08-21 10:00:00,40,62.4858230422121,40.0711086131581,41.7393211196047,"Rosh_HaNikra 25 m"
2025-08-21 11:00:00,41.5,60.8078774621362,42.1608218364842,42.5576504876489,"Rosh_HaNikra 25 m"
2025-08-21 12:00:00,42.6000000000001,58.0204881837221,42.9739527043687,43.0796779801699,"Rosh_HaNikra 25 m"
2025-08-21 13:00:00,42.1,52.4868040764033,42.3605008513806,41.5684862816035,"Rosh_HaNikra 25 m"
2025-08-21 14:00:00,39.9,45.7114126752303,40.5469066154788,39.8745992253707,"Rosh_HaNikra 25 m"
2025-08-21 15:00:00,38.6,38.698816439992,38.4465162279279,38.2366664325057,"Rosh_HaNikra 25 m"
2025-08-21 16:00:00,36.9,31.5485521214481,36.6398291212137,35.0221100705143,"Rosh_HaNikra 25 m"
2025-08-21 17:00:00,35.1,28.0106748416072,34.5329187080404,32.8184279276973,"Rosh_HaNikra 25 m"
2025-08-21 18:00:00,33.6,26.765430943345,33.086366143343,31.4767160576333,"Rosh_HaNikra 25 m"
2025-08-21 19:00:00,32.4,26.411350592744,32.0278601413083,30.0746286956188,"Rosh_HaNikra 25 m"
2025-08-21 20:00:00,31.2,26.2811359085512,30.7787456618178,29.486015907712,"Rosh_HaNikra 25 m"
2025-08-21 21:00:00,30.3,26.0013801024856,29.8986581645434,29.1081522868575,"Rosh_HaNikra 25 m"
2025-08-21 22:00:00,29.5,25.6638661571788,29.3569481627421,28.6419433304118,"Rosh_HaNikra 25 m"
2025-08-21 23:00:00,28.9,25.3829546990175,28.8834659188172,28.4201882900972,"Rosh_HaNikra 25 m"
2025-08-22,28.3,25.1384462181253,28.3245599397497,28.0396968189401,"Rosh_HaNikra 25 m"
2025-08-22 01:00:00,27.8,25.0066557404131,28.0064889692992,27.4494348045916,"Rosh_HaNikra 25 m"
2025-08-22 02:00:00,27.3,24.7480084675739,27.504618242691,27.4464156407306,"Rosh_HaNikra 25 m"
2025-08-22 03:00:00,26.8,24.6124634157872,27.3473752128611,26.5803077828145,"Rosh_HaNikra 25 m"
2025-08-22 04:00:00,26.6,24.9907203654915,26.8255047373499,26.267680619207,"Rosh_HaNikra 25 m"
2025-08-22 05:00:00,27.3,35.5438853129823,28.3266527420102,29.7325406894166,"Rosh_HaNikra 25 m"
2025-08-22 06:00:00,29.2,42.9995452363344,31.199857393588,29.0684768159242,"Rosh_HaNikra 25 m"
2025-08-22 07:00:00,31.9,50.3644028602237,33.3657176264509,30.8018227515811,"Rosh_HaNikra 25 m"
2025-08-22 08:00:00,35.4,57.7020661390128,36.1987973720577,33.8305832898917,"Rosh_HaNikra 25 m"
2025-08-22 09:00:00,38.4,63.1660746449856,40.4779677993582,39.7857531423,"Rosh_HaNikra 25 m"
2025-08-22 10:00:00,40.7,65.7791797094256,42.069481758476,43.6897136144549,"Rosh_HaNikra 25 m"
2025-08-22 11:00:00,42.3,62.5498682979663,43.7917875394812,42.6904360775073,"Rosh_HaNikra 25 m"
2025-08-22 12:00:00,43.2,57.8509225226671,43.1991635642883,42.2444180823595,"Rosh_HaNikra 25 m"
2025-08-22 13:00:00,42.1,54.1788314850662,42.6086720936365,41.792461779866,"Rosh_HaNikra 25 m"
2025-08-22 14:00:00,40,48.0774936201462,40.6863153377278,39.9393243315109,"Rosh_HaNikra 25 m"
2025-08-22 15:00:00,38.7,40.2906605244961,39.1402642307059,37.79872741712,"Rosh_HaNikra 25 m"
2025-08-22 16:00:00,36.9,32.2753477385618,36.7194898905252,34.6000993540861,"Rosh_HaNikra 25 m"
2025-08-22 17:00:00,35.1,28.6167300206113,34.2434390113465,33.0203497868467,"Rosh_HaNikra 25 m"
2025-08-22 18:00:00,33.7,27.4783401794348,33.1748804508432,32.1998973197851,"Rosh_HaNikra 25 m"
2025-08-22 19:00:00,32.4,27.0827176934667,31.9205563707011,31.3087122804113,"Rosh_HaNikra 25 m"
2025-08-22 20:00:00,31.2,26.8367648403074,30.7864136052964,30.6018517295744,"Rosh_HaNikra 25 m"
2025-08-22 21:00:00,30.3,26.5551500709923,29.9389484689281,30.0469820888909,"Rosh_HaNikra 25 m"
2025-08-22 22:00:00,29.5,26.0589343113441,29.4102006227772,29.1841832203407,"Rosh_HaNikra 25 m"
2025-08-22 23:00:00,28.9,25.3646944769674,28.7152908979709,27.8095923670583,"Rosh_HaNikra 25 m"
2025-08-23,28.2,25.1200644361358,28.0292469162031,27.8210892068725,"Rosh_HaNikra 25 m"
2025-08-23 01:00:00,27.7,24.3050709672866,27.5898973424149,26.4039207406936,"Rosh_HaNikra 25 m"
2025-08-23 02:00:00,27.2,24.0579354826337,27.1975899237203,26.2529573503858,"Rosh_HaNikra 25 m"
2025-08-23 03:00:00,26.9,23.9982381660527,27.0372121721868,25.9823517400807,"Rosh_HaNikra 25 m"
2025-08-23 04:00:00,26.7,24.5707228086903,26.8429734215038,25.4686691664173,"Rosh_HaNikra 25 m"
2025-08-23 05:00:00,27.3,35.578672053588,28.3218094431417,29.7839609406119,"Rosh_HaNikra 25 m"
2025-08-23 06:00:00,29.3,42.5269661428153,31.1367120054408,28.6807871343314,"Rosh_HaNikra 25 m"
2025-08-23 07:00:00,32.5,53.8763838828961,34.1925837061634,33.2184611381451,"Rosh_HaNikra 25 m"
2025-08-23 08:00:00,35.8,61.6646709817532,37.8178043171743,37.1599407571438,"Rosh_HaNikra 25 m"
2025-08-23 09:00:00,38.8,64.2908699752884,39.7099221384278,40.329015040596,"Rosh_HaNikra 25 m"
2025-08-23 10:00:00,40.9,65.0291515791714,42.4764724885177,42.9510647261441,"Rosh_HaNikra 25 m"
2025-08-23 11:00:00,42.1,62.6746856166578,42.9347578955907,43.0105563594556,"Rosh_HaNikra 25 m"
2025-08-23 12:00:00,42.6,59.336383043769,43.1258688772282,42.736342607978,"Rosh_HaNikra 25 m"
2025-08-23 13:00:00,42,54.6505681701152,42.7484425594896,41.2377273269145,"Rosh_HaNikra 25 m"
2025-08-23 14:00:00,40.2,49.013033687071,40.9944283672371,39.9642999758283,"Rosh_HaNikra 25 m"
2025-08-23 15:00:00,39.1,41.7099204537725,39.3540757281568,38.048040199027,"Rosh_HaNikra 25 m"
2025-08-23 16:00:00,37.5,33.9029388071794,36.7465929134053,34.8467355610628,"Rosh_HaNikra 25 m"
2025-08-23 17:00:00,35.5,29.6838902497613,34.4476935833594,32.9095870519006,"Rosh_HaNikra 25 m"
2025-08-23 18:00:00,33.7,28.1254272155376,32.8897494252932,31.8909089259716,"Rosh_HaNikra 25 m"
2025-08-23 19:00:00,32.1,27.4591972734766,31.5025175774944,30.9576392080622,"Rosh_HaNikra 25 m"
2025-08-23 20:00:00,30.9,26.6034829530984,30.7193354559613,30.1615912828713,"Rosh_HaNikra 25 m"
2025-08-23 21:00:00,29.7,25.7768846832265,29.421691859407,28.9150689922322,"Rosh_HaNikra 25 m"
2025-08-23 22:00:00,28.8,25.0699499014075,28.5556678307421,27.9032733801062,"Rosh_HaNikra 25 m"
2025-08-23 23:00:00,28,25.1512017031081,28.0484497865479,27.8476350088485,"Rosh_HaNikra 25 m"
2025-08-24,27.3,25.1617885003839,27.6550057112845,28.6199691663537,"Rosh_HaNikra 25 m"
2025-08-24 01:00:00,27,25.0039688294215,27.4526142339139,28.0505090897364,"Rosh_HaNikra 25 m"
2025-08-24 02:00:00,26.8,24.5726878534874,27.303720684493,27.4454030882439,"Rosh_HaNikra 25 m"
2025-08-24 03:00:00,26.8,24.6811804929451,27.6252049548474,26.7207095781044,"Rosh_HaNikra 25 m"
2025-08-24 04:00:00,26.7,24.9034287092206,27.1098509722226,26.273832595062,"Rosh_HaNikra 25 m"
2025-08-24 05:00:00,27.6,32.2722439173072,28.8684472546939,27.830351770243,"Rosh_HaNikra 25 m"
2025-08-24 06:00:00,28.5,38.5613520284446,29.9232970546837,27.602215065554,"Rosh_HaNikra 25 m"
2025-08-24 07:00:00,29.4,47.2818169177578,31.0445175544307,29.4432243884609,"Rosh_HaNikra 25 m"
2025-08-24 08:00:00,31.1,55.7558621950183,33.5276679145953,33.8087110109363,"Rosh_HaNikra 25 m"
2025-08-24 09:00:00,33.2,61.4069661363403,36.297543679644,39.4943875535766,"Rosh_HaNikra 25 m"
2025-08-24 10:00:00,35.1,62.9021295376049,38.886680070861,42.417296773933,"Rosh_HaNikra 25 m"
2025-08-24 11:00:00,36.6,62.1721988521079,40.3904291761306,43.8307147822837,"Rosh_HaNikra 25 m"
2025-08-24 12:00:00,37.6,58.8198780173611,41.0199594909748,43.3408245200466,"Rosh_HaNikra 25 m"
2025-08-24 13:00:00,38.1,53.3293922589286,40.5591832026803,41.5883596585258,"Rosh_HaNikra 25 m"
2025-08-24 14:00:00,38.1,46.2344148159005,39.4622343496008,39.5062229633309,"Rosh_HaNikra 25 m"
2025-08-24 15:00:00,37.6,38.4367027888801,37.9114901410538,37.7349209199455,"Rosh_HaNikra 25 m"
2025-08-24 16:00:00,36.6,31.1474191716671,36.175270955043,34.5743481687069,"Rosh_HaNikra 25 m"
2025-08-24 17:00:00,35.4,27.9208864645524,34.4559462494475,32.8541712240739,"Rosh_HaNikra 25 m"
2025-08-24 18:00:00,34.2,26.8622656664015,33.2851595970394,31.9884796938063,"Rosh_HaNikra 25 m"
2025-08-24 19:00:00,33.2,26.3350049666558,32.2405336796921,30.928562801281,"Rosh_HaNikra 25 m"
2025-08-24 20:00:00,32.5,26.0670162294056,31.5906258908546,30.2438164804127,"Rosh_HaNikra 25 m"
2025-08-24 21:00:00,31.6,25.6709545102137,30.5519630113577,29.6582050766962,"Rosh_HaNikra 25 m"
2025-08-24 22:00:00,30.9,24.4590279776595,29.9355142974641,28.1732394415877,"Rosh_HaNikra 25 m"
2025-08-24 23:00:00,30.2,24.2112820111605,29.5094965135214,28.6784217320772,"Rosh_HaNikra 25 m"
2025-08-25,29.8,24.1132594647359,29.2584342470613,28.1174365582418,"Rosh_HaNikra 25 m"
2025-08-25 01:00:00,29.4,23.9181869672303,28.9236973833982,28.1168997930054,"Rosh_HaNikra 25 m"
2025-08-25 02:00:00,29,23.5884244671568,28.8089651910899,27.4577937355742,"Rosh_HaNikra 25 m"
2025-08-25 03:00:00,28.6,23.2564104538393,28.4439189618583,27.0750528316927,"Rosh_HaNikra 25 m"
2025-08-25 04:00:00,28.3,23.4879683103893,27.8894728680677,25.3857948627804,"Rosh_HaNikra 25 m"
2025-08-25 05:00:00,28.2,26.88190676928,28.0107038487465,25.0502099013372,"Rosh_HaNikra 25 m"
2025-08-25 06:00:00,29,28.6276336951987,28.7441949511623,27.4519774957434,"Rosh_HaNikra 25 m"
2025-08-25 07:00:00,30.3,31.630562786132,31.5716074443625,29.2497386970817,"Rosh_HaNikra 25 m"
2025-08-25 08:00:00,32.2,33.1292230811513,33.8665956261133,32.9294348981774,"Rosh_HaNikra 25 m"
2025-08-25 09:00:00,34,38.102101008199,35.729183866423,35.6224166553242,"Rosh_HaNikra 25 m"
2025-08-25 10:00:00,35.6,55.1648536005664,35.5043511431337,45.713460473125,"Rosh_HaNikra 25 m"
2025-08-25 11:00:00,36.8,56.4258172751914,37.7246850162257,40.9105232001792,"Rosh_HaNikra 25 m"
2025-08-25 12:00:00,37.5,54.5383029132776,38.3593429520414,40.8892445712976,"Rosh_HaNikra 25 m"
2025-08-25 13:00:00,37.9,49.5838143390321,38.4393466510015,39.0152365726136,"Rosh_HaNikra 25 m"
2025-08-25 14:00:00,37.8,43.3186277411628,38.7352489546279,37.4044698737312,"Rosh_HaNikra 25 m"
2025-08-25 15:00:00,37.2,36.1911269850519,37.7538035602553,36.0783583647993,"Rosh_HaNikra 25 m"
2025-08-25 16:00:00,36.3,29.7471911751689,35.8774769430827,34.0895197236003,"Rosh_HaNikra 25 m"
2025-08-25 17:00:00,35.1,27.1345129582093,34.2935221315325,32.9762387844727,"Rosh_HaNikra 25 m"
2025-08-25 18:00:00,34,26.4927040716157,33.3041386580627,32.4379321714387,"Rosh_HaNikra 25 m"
2025-08-25 19:00:00,33.1,26.1608717815611,32.3486155798379,31.4731066601011,"Rosh_HaNikra 25 m"
2025-08-25 20:00:00,32.3,25.8101170921772,31.6126260318042,30.5667255783527,"Rosh_HaNikra 25 m"
2025-08-25 21:00:00,31.6,25.7049796005172,31.0689293272148,30.1492392440719,"Rosh_HaNikra 25 m"
2025-08-25 22:00:00,31,25.3089616981194,30.5604909210512,29.8477376189873,"Rosh_HaNikra 25 m"
2025-08-25 23:00:00,30.4,24.8997760808788,30.0694378880738,29.3189106977306,"Rosh_HaNikra 25 m"
2025-08-26,29.8,24.922628032713,29.6643335850367,29.0679446335126,"Rosh_HaNikra 25 m"
2025-08-26 01:00:00,29.2,24.5303592324841,28.9757657423514,28.5683073640454,"Rosh_HaNikra 25 m"
2025-08-26 02:00:00,28.7,24.5300697650791,28.6802472247824,27.8015868034244,"Rosh_HaNikra 25 m"
2025-08-26 03:00:00,28.3,24.3989508512732,28.3407675574101,27.1488080385443,"Rosh_HaNikra 25 m"
2025-08-26 04:00:00,28.1,24.8010938591923,28.1425149424294,26.2812823481526,"Rosh_HaNikra 25 m"
2025-08-26 05:00:00,27.9000000000001,30.5201318459668,28.1604062060033,26.5644092755475,"Rosh_HaNikra 25 m"
2025-08-26 06:00:00,28.5,36.2801627366071,28.8806303752226,26.5302533356672,"Rosh_HaNikra 25 m"
2025-08-26 07:00:00,29.7,43.1697805990596,31.0908537338204,27.8753393759151,"Rosh_HaNikra 25 m"
2025-08-26 08:00:00,31.4,51.6687714540482,33.2886049661702,33.0384156190873,"Rosh_HaNikra 25 m"
2025-08-26 09:00:00,33.1,54.2140977050339,33.9935510935081,36.3672997619187,"Rosh_HaNikra 25 m"
2025-08-26 10:00:00,34.7,55.588368032646,35.4992278232814,38.0512472135542,"Rosh_HaNikra 25 m"
2025-08-26 11:00:00,36,55.2799443362326,36.6984257950368,39.1037911532492,"Rosh_HaNikra 25 m"
2025-08-26 12:00:00,36.8,52.4119205065512,37.1192448721887,39.2686194964194,"Rosh_HaNikra 25 m"
2025-08-26 13:00:00,37.1,46.9681013975814,38.5903675914234,37.7811507139876,"Rosh_HaNikra 25 m"
2025-08-26 14:00:00,37,41.3390630207789,37.9023653801639,36.9721649609339,"Rosh_HaNikra 25 m"
2025-08-26 15:00:00,36.6,35.5288485359739,36.9504143545948,36.5273025106977,"Rosh_HaNikra 25 m"
2025-08-26 16:00:00,35.7,29.8827441366654,35.9298319759931,34.5547373922806,"Rosh_HaNikra 25 m"
2025-08-26 17:00:00,34.5,27.4411970026807,34.4730579827586,33.1850071795301,"Rosh_HaNikra 25 m"
2025-08-26 18:00:00,33.6,26.7620413042351,33.5652575902273,32.3533174730583,"Rosh_HaNikra 25 m"
2025-08-26 19:00:00,32.7,26.2906771761769,32.37723283523,31.3530522448415,"Rosh_HaNikra 25 m"
2025-08-26 20:00:00,32.1,25.9441922321886,31.5315829926476,30.4122989788622,"Rosh_HaNikra 25 m"
2025-08-26 21:00:00,31.6,25.640117310027,30.8145343650359,29.6730619892873,"Rosh_HaNikra 25 m"
2025-08-26 22:00:00,31,24.4448994315632,30.0363704497111,28.6700547851093,"Rosh_HaNikra 25 m"
2025-08-26 23:00:00,30.6,24.2046011277848,29.7460927351996,28.108544428032,"Rosh_HaNikra 25 m"
2025-08-27,30.2,24.0610719826028,29.6569245193249,27.4520262386605,"Rosh_HaNikra 25 m"
2025-08-27 01:00:00,29.7,23.8766506071221,29.0999059627072,27.4448488111626,"Rosh_HaNikra 25 m"
2025-08-27 02:00:00,29.2,23.6937061672096,28.9065924917342,27.0197347526436,"Rosh_HaNikra 25 m"
2025-08-27 03:00:00,28.9,23.4433745622586,28.5208394075927,26.7709917306851,"Rosh_HaNikra 25 m"
2025-08-27 04:00:00,28.6,23.5638649862646,28.1527640789342,25.7395773332952,"Rosh_HaNikra 25 m"
2025-08-27 05:00:00,28.5,26.9307754968665,28.2036372880532,25.7421449159644,"Rosh_HaNikra 25 m"
2025-08-27 06:00:00,28.7,29.3516621620069,29.0119921513665,28.2729195386777,"Rosh_HaNikra 25 m"
2025-08-27 07:00:00,29.7,31.8876466740373,31.334547076279,30.0093231190446,"Rosh_HaNikra 25 m"
2025-08-27 08:00:00,31.4,32.6384881152373,33.230877600132,32.2748159183722,"Rosh_HaNikra 25 m"
2025-08-27 09:00:00,33.3,34.3556231742937,35.102524314975,34.5321945732672,"Rosh_HaNikra 25 m"
2025-08-27 10:00:00,34.8,41.7799464092518,36.101344001476,39.8386557922627,"Rosh_HaNikra 25 m"
2025-08-27 11:00:00,35.8,51.6042392670772,37.1434451654347,43.7714198052547,"Rosh_HaNikra 25 m"
2025-08-27 12:00:00,36.9,51.4571899860028,37.8411063648536,40.5897545306805,"Rosh_HaNikra 25 m"
2025-08-27 13:00:00,37.4,48.0298863047958,38.2399943108537,39.7083616847396,"Rosh_HaNikra 25 m"
2025-08-27 14:00:00,37.5,42.7099540476953,38.2848041385818,38.4690187220727,"Rosh_HaNikra 25 m"
2025-08-27 15:00:00,37,35.9964538404013,37.3423063553682,36.7761414834524,"Rosh_HaNikra 25 m"
2025-08-27 16:00:00,35.9,29.3744113419574,35.9308605800876,34.0723402474445,"Rosh_HaNikra 25 m"
2025-08-27 17:00:00,34.6,26.5985221585249,34.3182355017816,32.539190264604,"Rosh_HaNikra 25 m"
2025-08-27 18:00:00,33.5,25.7567397230708,33.2267745477905,31.6810489767634,"Rosh_HaNikra 25 m"
2025-08-27 19:00:00,32.7,25.2300466237355,32.3319400456309,30.3273857770253,"Rosh_HaNikra 25 m"
2025-08-27 20:00:00,32,24.9489506742502,31.3998529134552,29.2940858861948,"Rosh_HaNikra 25 m"
2025-08-27 21:00:00,31.4,24.6774729135906,30.6140128660902,28.6286979559337,"Rosh_HaNikra 25 m"
2025-08-27 22:00:00,31,23.8026586242754,30.1035419560217,27.831098146065,"Rosh_HaNikra 25 m"
2025-08-27 23:00:00,30.4,23.4610763486356,29.6597566557046,27.2283938821286,"Rosh_HaNikra 25 m"
2025-08-28,30,23.3372818748407,29.5399756800851,26.9827856342249,"Rosh_HaNikra 25 m"
2025-08-28 01:00:00,29.4,23.0669681708331,29.0329477801562,27.1179806868548,"Rosh_HaNikra 25 m"
2025-08-28 02:00:00,28.9,22.9100544128907,28.5119228117919,26.8916325245393,"Rosh_HaNikra 25 m"
2025-08-28 03:00:00,28.5,22.7184303965916,28.0423067855313,26.4699031081547,"Rosh_HaNikra 25 m"
2025-08-28 04:00:00,28.1,22.6683503756714,27.3571661065722,25.1710142264557,"Rosh_HaNikra 25 m"
2025-08-28 05:00:00,27.9,26.768869840174,27.5728469325731,25.1816101899436,"Rosh_HaNikra 25 m"
2025-08-28 06:00:00,28.6,29.7778846227435,28.4824369365713,28.229533454111,"Rosh_HaNikra 25 m"
2025-08-28 07:00:00,29.5000000000001,32.6850714573248,30.8291425794191,29.8171462902411,"Rosh_HaNikra 25 m"
2025-08-28 08:00:00,31.1,34.6271381511437,32.9462893509369,33.5366829766976,"Rosh_HaNikra 25 m"
2025-08-28 09:00:00,33.4,35.0226988193948,35.1161630768091,36.1722822782952,"Rosh_HaNikra 25 m"
2025-08-28 10:00:00,35.4,36.2110947908357,36.7429500688862,37.884959274669,"Rosh_HaNikra 25 m"
2025-08-28 11:00:00,37.2,48.384510107648,38.1454136662002,45.4984226900455,"Rosh_HaNikra 25 m"
2025-08-28 12:00:00,38.4,51.1565821306423,38.7364078111983,42.5795176164821,"Rosh_HaNikra 25 m"
2025-08-28 13:00:00,38.9999999999999,47.0555233469675,38.433583459096,39.5983342638681,"Rosh_HaNikra 25 m"
2025-08-28 14:00:00,38.9,41.3182682635456,38.5786954226274,37.9049937369495,"Rosh_HaNikra 25 m"
2025-08-28 15:00:00,38.2,34.3715033332434,37.4237455709043,36.3118618527975,"Rosh_HaNikra 25 m"
2025-08-28 16:00:00,36.8,27.6715116505691,35.8973850306252,33.4008994107315,"Rosh_HaNikra 25 m"
2025-08-28 17:00:00,35.2,24.6546046986212,33.1552001301965,31.2760269894232,"Rosh_HaNikra 25 m"
2025-08-28 18:00:00,33.8,23.7128457990847,31.3818118264072,29.428302284833,"Rosh_HaNikra 25 m"
2025-08-28 19:00:00,32.5,23.0972690752589,30.4307925548455,27.5267653635585,"Rosh_HaNikra 25 m"
2025-08-28 20:00:00,31.4,22.6940085658168,29.8850419004025,26.1391839751338,"Rosh_HaNikra 25 m"
2025-08-28 21:00:00,30.4,22.2295797896336,28.3781216983007,25.2693873476933,"Rosh_HaNikra 25 m"
2025-08-28 22:00:00,29.5,22.0914011355454,28.680907872771,24.3454616423661,"Rosh_HaNikra 25 m"
2025-08-28 23:00:00,28.9,21.8760518385962,27.8738272677672,24.3876325442389,"Rosh_HaNikra 25 m"
2025-08-29,28.4,21.7551987313274,27.4142795891449,23.8715851449016,"Rosh_HaNikra 25 m"
2025-08-29 01:00:00,27.9,21.3841278126888,26.4510291679098,23.3409686854534,"Rosh_HaNikra 25 m"
2025-08-29 02:00:00,27.6,21.1451586359671,26.1929053889925,22.816344010227,"Rosh_HaNikra 25 m"
2025-08-29 03:00:00,27.2,20.9804441227368,26.0756622672644,22.2100677980832,"Rosh_HaNikra 25 m"
2025-08-29 04:00:00,26.8,21.273296960672,26.2158619808826,21.6847815299831,"Rosh_HaNikra 25 m"
2025-08-29 05:00:00,26.7,29.2638103206824,26.2854447327012,24.4240385730933,"Rosh_HaNikra 25 m"
2025-08-29 06:00:00,27.6,34.9203692564139,27.7907840553882,27.6309467443595,"Rosh_HaNikra 25 m"
2025-08-29 07:00:00,29.2,46.3408141090321,30.4386825650863,32.8007941200184,"Rosh_HaNikra 25 m"
2025-08-29 08:00:00,31.5,57.6067077722699,33.4776111963147,36.3528053369672,"Rosh_HaNikra 25 m"
2025-08-29 09:00:00,33.9,62.2050526661664,36.1082481626961,39.0857918782025,"Rosh_HaNikra 25 m"
2025-08-29 10:00:00,36,62.8018443347717,37.8394221814627,41.3487422229553,"Rosh_HaNikra 25 m"
2025-08-29 11:00:00,37.7,59.9813634191437,38.798006344217,41.375949982254,"Rosh_HaNikra 25 m"
2025-08-29 12:00:00,38.9,55.4605427793864,39.15408431573,40.725232224882,"Rosh_HaNikra 25 m"
2025-08-29 13:00:00,39.3,49.8300994371951,39.5483204166925,39.4234250521243,"Rosh_HaNikra 25 m"
2025-08-29 14:00:00,39,42.9941046601888,39.3290952870541,37.6435239678975,"Rosh_HaNikra 25 m"
2025-08-29 15:00:00,38.2,35.7323625486292,38.000018901402,35.9854326944746,"Rosh_HaNikra 25 m"
2025-08-29 16:00:00,36.9,28.7021569116132,36.5010066576276,33.3188852174299,"Rosh_HaNikra 25 m"
2025-08-29 17:00:00,35.2,25.4915310475123,33.7284912390119,31.4517041775477,"Rosh_HaNikra 25 m"
2025-08-29 18:00:00,33.8,24.3487476564204,31.9924600324278,29.9193686700618,"Rosh_HaNikra 25 m"
2025-08-29 19:00:00,32.6,23.5930504400621,30.2247209993271,27.9160623152147,"Rosh_HaNikra 25 m"
2025-08-29 20:00:00,31.5,22.982861794325,29.4051305877422,26.1826043499433,"Rosh_HaNikra 25 m"
2025-08-29 21:00:00,30.5,22.4415128664736,28.5635679815396,24.9455752806429,"Rosh_HaNikra 25 m"
2025-08-29 22:00:00,29.6,22.1026776734408,27.9159476178608,24.0546424094256,"Rosh_HaNikra 25 m"
2025-08-29 23:00:00,28.8,22.0100063335922,27.843300051281,23.8164298784759,"Rosh_HaNikra 25 m"
2025-08-30,28.2,21.939007087456,27.2084519535554,23.7484237391818,"Rosh_HaNikra 25 m"
2025-08-30 01:00:00,27.6,21.5379797201501,27.018060200686,23.3103685360299,"Rosh_HaNikra 25 m"
2025-08-30 02:00:00,27.2,21.0672877485995,25.391837151526,23.3721478636508,"Rosh_HaNikra 25 m"
2025-08-30 03:00:00,26.7,21.0103774519443,25.4822007524091,21.8779010029315,"Rosh_HaNikra 25 m"
2025-08-30 04:00:00,26.3,21.3691355766173,25.8161257980847,21.6279023767825,"Rosh_HaNikra 25 m"
2025-08-30 05:00:00,26.1,30.0794844288356,26.3184006471384,24.1181525845058,"Rosh_HaNikra 25 m"
2025-08-30 06:00:00,26.9,37.6435750861922,28.2141176539311,27.760418309764,"Rosh_HaNikra 25 m"
2025-08-30 07:00:00,28.6,50.2497390777718,31.5782778390139,31.6048759491097,"Rosh_HaNikra 25 m"
2025-08-30 08:00:00,31.1,56.6652547930916,34.6312481370804,34.349407396241,"Rosh_HaNikra 25 m"
2025-08-30 09:00:00,33.6,57.6510231404128,35.5337608988772,35.6249916462722,"Rosh_HaNikra 25 m"
2025-08-30 10:00:00,35.6,59.6741659358389,36.9167777948145,39.3249761775381,"Rosh_HaNikra 25 m"
2025-08-30 11:00:00,37.2,59.5257564762939,38.6303524536887,41.2637478093017,"Rosh_HaNikra 25 m"
2025-08-30 12:00:00,38.3,57.328159834077,39.793311349991,41.7432055722972,"Rosh_HaNikra 25 m"
2025-08-30 13:00:00,38.9,52.223083959335,40.0116217990864,40.3284449441372,"Rosh_HaNikra 25 m"
2025-08-30 14:00:00,38.8,44.9847007048122,39.2889508059293,37.7862568151943,"Rosh_HaNikra 25 m"
2025-08-30 15:00:00,38,36.5957493018047,37.9083509919235,35.5995288323299,"Rosh_HaNikra 25 m"
2025-08-30 16:00:00,36.7,29.0785909923684,36.691755783199,33.1928921970498,"Rosh_HaNikra 25 m"
2025-08-30 17:00:00,35.1,25.8305016413458,34.019096234991,31.4701772585638,"Rosh_HaNikra 25 m"
2025-08-30 18:00:00,33.6,24.7164383712556,32.3534798065252,30.1339841666963,"Rosh_HaNikra 25 m"
2025-08-30 19:00:00,32.4,24.1331884269731,30.5739653918733,28.5600783233659,"Rosh_HaNikra 25 m"
2025-08-30 20:00:00,31.3,23.5593082928902,29.9217742795472,27.3602433228737,"Rosh_HaNikra 25 m"
2025-08-30 21:00:00,30.3,23.0614692376602,28.6536896250115,26.0156408952225,"Rosh_HaNikra 25 m"
2025-08-30 22:00:00,29.6,22.4089678037506,27.3064223256063,25.145800422464,"Rosh_HaNikra 25 m"
2025-08-30 23:00:00,28.9,22.0809799082889,27.5833374478333,23.6654384978427,"Rosh_HaNikra 25 m"
2025-09-07 01:00:00,28.3,23.0192655636843,27.581725608348,26.4443284585055,"Rosh_HaNikra 25 m"
2025-09-07 02:00:00,27.9,23.006039102918,26.9621617153138,25.8072561820806,"Rosh_HaNikra 25 m"
2025-09-07 03:00:00,27.4,22.880851522969,26.3152231812439,25.8138904729354,"Rosh_HaNikra 25 m"
2025-09-07 04:00:00,27.1,22.6302536031488,26.7067853136469,24.2165998718027,"Rosh_HaNikra 25 m"
2025-09-07 05:00:00,27,29.6913234747964,26.7646797938357,26.1939484633523,"Rosh_HaNikra 25 m"
2025-09-07 06:00:00,27.7,35.2829011722086,27.854810028465,27.3543976588724,"Rosh_HaNikra 25 m"
2025-09-07 07:00:00,29.1,45.1115827770128,29.9505669906256,30.3818731517687,"Rosh_HaNikra 25 m"
2025-09-07 08:00:00,31.2,53.0840268992272,32.0360342591998,31.8043180369225,"Rosh_HaNikra 25 m"
2025-09-07 09:00:00,33.6,58.6945627995538,34.8849361626173,36.3289259739923,"Rosh_HaNikra 25 m"
2025-09-07 10:00:00,35.6,61.1662285932167,36.2587090469949,40.1360657819374,"Rosh_HaNikra 25 m"
2025-09-07 11:00:00,37.2,58.9159047597231,38.410400172306,40.2686765187563,"Rosh_HaNikra 25 m"
2025-09-07 12:00:00,38.2,54.4590915021612,38.736556801136,39.7287400541021,"Rosh_HaNikra 25 m"
2025-09-07 13:00:00,38.7,48.5541493942748,39.0401669518943,38.1448199799071,"Rosh_HaNikra 25 m"
2025-09-07 14:00:00,38.5,41.7459357522609,38.5009374686972,36.5457685731532,"Rosh_HaNikra 25 m"
2025-09-07 15:00:00,37.7,34.3244670195074,37.4025026984478,35.020675615737,"Rosh_HaNikra 25 m"
2025-09-07 16:00:00,36.4,27.8977368143617,35.9661829003585,32.7857277658998,"Rosh_HaNikra 25 m"
2025-09-07 17:00:00,34.8,25.5552651247494,34.0897242405,31.7580587229244,"Rosh_HaNikra 25 m"
2025-09-07 18:00:00,33.5,24.9023979774278,32.6775891398243,30.7225144973558,"Rosh_HaNikra 25 m"
2025-09-07 19:00:00,32.4,24.3472599238629,31.5266814374202,29.4264730662579,"Rosh_HaNikra 25 m"
2025-09-07 20:00:00,31.4,23.8977143296971,30.1731685107958,28.5246040353551,"Rosh_HaNikra 25 m"
2025-09-07 21:00:00,30.4,23.5608209892376,29.6602360106506,27.4698011203869,"Rosh_HaNikra 25 m"
2025-09-07 22:00:00,29.6,22.3213813159262,28.8075391830777,26.3198017928397,"Rosh_HaNikra 25 m"
2025-09-07 23:00:00,28.9,22.2090900286209,27.9852795959614,26.9243362291824,"Rosh_HaNikra 25 m"
2025-09-08,28.3,22.1271577936047,27.6299380255232,26.6579376321667,"Rosh_HaNikra 25 m"
2025-09-08 01:00:00,27.8,22.2528191959262,27.356568838446,25.9056233322024,"Rosh_HaNikra 25 m"
2025-09-08 02:00:00,27.5,22.0976613950878,27.2238744593805,24.8391882372051,"Rosh_HaNikra 25 m"
2025-09-08 03:00:00,27.4,21.8637268315455,27.0684711893273,24.3028843175074,"Rosh_HaNikra 25 m"
2025-09-08 04:00:00,27.2,21.8369798600763,26.8872890127081,23.7481373488992,"Rosh_HaNikra 25 m"
2025-09-08 05:00:00,27.2,25.9283713652692,26.2382377753121,24.0260055615506,"Rosh_HaNikra 25 m"
2025-09-08 06:00:00,27.9,30.0878424070292,27.6629944403146,27.1496374032908,"Rosh_HaNikra 25 m"
2025-09-08 07:00:00,29.1,32.7690760223141,29.5856427995638,28.2501107780209,"Rosh_HaNikra 25 m"
2025-09-08 08:00:00,30.9,34.9109403953909,31.584535482516,31.1960801945089,"Rosh_HaNikra 25 m"
2025-09-08 09:00:00,33.2,34.9712886620104,33.855694461764,34.4733818281233,"Rosh_HaNikra 25 m"
2025-09-08 10:00:00,35.1,35.1882375267473,35.8161431129756,36.5118510511843,"Rosh_HaNikra 25 m"
2025-09-08 11:00:00,36.8,45.1094805733635,37.5805547431392,43.120701386161,"Rosh_HaNikra 25 m"
2025-09-08 12:00:00,38.1,49.2364926723392,38.1374016231687,40.8880105403812,"Rosh_HaNikra 25 m"
2025-09-08 13:00:00,38.3,45.3884230186928,38.4197732828214,38.4480758240212,"Rosh_HaNikra 25 m"
2025-09-08 14:00:00,37.7,38.661994876977,37.2800754827711,36.593900623437,"Rosh_HaNikra 25 m"
2025-09-08 15:00:00,36.9,31.7154557354993,36.1499022843788,35.0740620740003,"Rosh_HaNikra 25 m"
2025-09-08 16:00:00,35.7,26.6760358760063,34.9088706881692,33.2606568286125,"Rosh_HaNikra 25 m"
2025-09-08 17:00:00,34.4,25.0956123026763,33.5858349264023,32.2709791811858,"Rosh_HaNikra 25 m"
2025-09-08 18:00:00,33.3,24.5395168679269,32.6717628267228,31.2189983742746,"Rosh_HaNikra 25 m"
2025-09-08 19:00:00,32.4,24.086761469355,31.8288606510305,29.7305741257576,"Rosh_HaNikra 25 m"
2025-09-08 20:00:00,31.6,23.7227512564247,30.9484231579519,28.5828577246254,"Rosh_HaNikra 25 m"
2025-09-08 21:00:00,30.8,23.4129653655364,30.0310288730605,27.6040058814361,"Rosh_HaNikra 25 m"
2025-09-08 22:00:00,30.2,22.9371724440335,29.4439825246349,26.6349470926999,"Rosh_HaNikra 25 m"
2025-09-08 23:00:00,29.5,22.782947149808,28.9577167634405,26.5745118527957,"Rosh_HaNikra 25 m"
2025-09-09,28.7,22.6171453348101,28.2958315349683,25.4913630834521,"Rosh_HaNikra 25 m"
2025-09-09 01:00:00,28.1,22.3659714408793,27.4667470560773,24.9780260272898,"Rosh_HaNikra 25 m"
2025-09-09 02:00:00,27.5,22.004542976014,27.1219776568098,24.9429172569436,"Rosh_HaNikra 25 m"
2025-09-09 03:00:00,26.9,21.8257620500932,26.4559187556846,24.0765381025682,"Rosh_HaNikra 25 m"
2025-09-09 04:00:00,26.4,21.7996682280002,26.3733213166503,23.5091147774158,"Rosh_HaNikra 25 m"
2025-09-09 05:00:00,26.1,26.9030587207252,25.8540676240757,23.8605997096473,"Rosh_HaNikra 25 m"
2025-09-09 06:00:00,26.9,31.4163514458023,27.4591112294007,27.7060817562424,"Rosh_HaNikra 25 m"
2025-09-09 07:00:00,28.6,32.5347665613142,29.5245201717732,28.0545319383589,"Rosh_HaNikra 25 m"
2025-09-09 08:00:00,31,33.5222180821526,31.766091057398,31.4274650551903,"Rosh_HaNikra 25 m"
2025-09-09 09:00:00,33.3,33.4750876619556,33.4617979118671,34.1610813333728,"Rosh_HaNikra 25 m"
2025-09-09 10:00:00,35.5,32.7092367556147,35.2274455323547,35.7974547293238,"Rosh_HaNikra 25 m"
2025-09-09 11:00:00,37.1,33.863610539033,36.5303544270298,37.87710169275,"Rosh_HaNikra 25 m"
2025-09-09 12:00:00,38.2,42.4677779444657,37.5075063320597,42.9572376676999,"Rosh_HaNikra 25 m"
2025-09-09 13:00:00,38.6,43.6994032577634,38.1309216684171,40.0178844646573,"Rosh_HaNikra 25 m"
2025-09-09 14:00:00,38.4,38.1025994836928,37.5051579841052,36.7922888815047,"Rosh_HaNikra 25 m"
2025-09-09 15:00:00,37.4,31.05718399631,36.1506539216744,34.6690268670223,"Rosh_HaNikra 25 m"
2025-09-09 16:00:00,36,25.2406768460075,34.1426672249618,32.3360314030449,"Rosh_HaNikra 25 m"
2025-09-09 17:00:00,34.6,23.1899719359939,32.0027397428928,30.7687192084854,"Rosh_HaNikra 25 m"
2025-09-09 18:00:00,33.2,22.4798029845497,30.9823683497178,29.1596354430458,"Rosh_HaNikra 25 m"
2025-09-09 19:00:00,32.1,22.0890384536812,30.4139514838492,27.4335704666207,"Rosh_HaNikra 25 m"
2025-09-09 20:00:00,31.3,21.689775428364,29.3583611830542,26.2769178958628,"Rosh_HaNikra 25 m"
2025-09-09 21:00:00,30.5,21.384260739984,28.9349191266073,25.3066113850493,"Rosh_HaNikra 25 m"
2025-09-09 22:00:00,29.7,21.4171262434621,28.3948134452892,24.64322263514,"Rosh_HaNikra 25 m"
2025-09-09 23:00:00,28.8,21.1914203109321,27.6913611224322,25.025237077671,"Rosh_HaNikra 25 m"
2025-09-10,28.1,21.0474134363847,27.3408675852358,24.1168731131273,"Rosh_HaNikra 25 m"
2025-09-10 01:00:00,27.6,20.7726410656051,26.5926553102324,23.9228583602981,"Rosh_HaNikra 25 m"
2025-09-10 02:00:00,27.1,20.4376483495849,25.607225475261,23.4876921709197,"Rosh_HaNikra 25 m"
2025-09-10 03:00:00,26.5,20.118159501026,24.8041466557704,22.2696351689795,"Rosh_HaNikra 25 m"
2025-09-10 04:00:00,26.1,20.2109846711057,25.3686198316388,20.8739716648954,"Rosh_HaNikra 25 m"
2025-09-10 05:00:00,26.1,29.2649980204322,25.8169332180903,23.9972553866126,"Rosh_HaNikra 25 m"
2025-09-10 06:00:00,26.8,37.712140463928,28.2060461722613,29.3788417807615,"Rosh_HaNikra 25 m"
2025-09-10 07:00:00,28,41.7995103103082,30.4779312653707,27.7650664550226,"Rosh_HaNikra 25 m"
2025-09-10 08:00:00,30.2,54.2000731911165,33.2329839908136,36.1192893471224,"Rosh_HaNikra 25 m"
2025-09-10 09:00:00,32.6,62.0978123452564,35.6488043378781,39.9073406960865,"Rosh_HaNikra 25 m"
2025-09-10 10:00:00,34.6,62.7118926326614,36.873979245001,40.8122115413528,"Rosh_HaNikra 25 m"
2025-09-10 11:00:00,36.2,58.5296353435681,37.8638404944485,39.5402592754529,"Rosh_HaNikra 25 m"
2025-09-10 12:00:00,37.3,53.7077168806,37.9452300813822,39.3400182111664,"Rosh_HaNikra 25 m"
2025-09-10 13:00:00,37.7,47.5651617061812,38.2127573320486,38.0024318706709,"Rosh_HaNikra 25 m"
2025-09-10 14:00:00,37.6,40.0471186031867,38.168644589886,36.2225717892219,"Rosh_HaNikra 25 m"
2025-09-10 15:00:00,36.8,32.6324256194239,36.687114153918,34.7503581774836,"Rosh_HaNikra 25 m"
2025-09-10 16:00:00,35.5,26.9436742589562,35.0194534793837,32.787390403518,"Rosh_HaNikra 25 m"
2025-09-10 17:00:00,34,25.0796116040969,33.526896801607,31.6784609006667,"Rosh_HaNikra 25 m"
2025-09-10 18:00:00,32.8,24.7078521178795,32.4506162882655,30.833574049337,"Rosh_HaNikra 25 m"
2025-09-10 19:00:00,31.9,24.3682586783555,31.4958259232001,29.8593804473069,"Rosh_HaNikra 25 m"
2025-09-10 20:00:00,31.1,24.1575952506121,30.8547246593935,29.0672527289446,"Rosh_HaNikra 25 m"
2025-09-10 21:00:00,30.6,23.9404431108193,30.1673521345077,28.6104293588357,"Rosh_HaNikra 25 m"
2025-09-10 22:00:00,30.2,23.7179287574511,29.9799901154378,28.3726457259875,"Rosh_HaNikra 25 m"
2025-09-10 23:00:00,29.8,23.5546821548163,29.6847871812158,28.1993416740119,"Rosh_HaNikra 25 m"
2025-09-11,29.5,23.4236913207283,29.1611917015746,28.1346426490059,"Rosh_HaNikra 25 m"
2025-09-11 01:00:00,29.2,22.9895121822045,28.843782843873,26.8626246223138,"Rosh_HaNikra 25 m"
2025-09-11 02:00:00,29,22.6577505322712,28.3151127611485,26.54172436917,"Rosh_HaNikra 25 m"
2025-09-11 03:00:00,28.6,22.3955423811712,27.6694711386759,25.371726034049,"Rosh_HaNikra 25 m"
2025-09-11 04:00:00,28.1,22.1928933494497,27.4181522727939,24.2186320655752,"Rosh_HaNikra 25 m"
2025-09-11 05:00:00,27.8,31.695666129812,27.7073226961497,26.8921378209436,"Rosh_HaNikra 25 m"
2025-09-11 06:00:00,28.3,42.9068870054355,30.4503564569183,29.9485187040439,"Rosh_HaNikra 25 m"
2025-09-11 07:00:00,29.9,48.3709371058901,29.8591869977916,28.5153653590639,"Rosh_HaNikra 25 m"
2025-09-11 08:00:00,31.9,59.8889402338877,32.6969713490796,37.2054380366221,"Rosh_HaNikra 25 m"
2025-09-11 09:00:00,34,63.4486254832225,34.937641433609,39.21901122541,"Rosh_HaNikra 25 m"
2025-09-11 10:00:00,35.7,62.9799478737482,36.0139474210679,40.6876390663752,"Rosh_HaNikra 25 m"
2025-09-11 11:00:00,37.2,59.6960793860063,37.523327502765,40.7768384344682,"Rosh_HaNikra 25 m"
2025-09-11 12:00:00,38.1,54.76457092887,38.38233340999,40.0750386489017,"Rosh_HaNikra 25 m"
2025-09-11 13:00:00,38.3,48.4377939089478,38.461666200661,38.0696842058838,"Rosh_HaNikra 25 m"
2025-09-11 14:00:00,38.3,41.8023012054473,38.811745919509,36.496416367343,"Rosh_HaNikra 25 m"
2025-09-11 15:00:00,37.5,34.4573629365126,37.4210426862377,34.8202364013354,"Rosh_HaNikra 25 m"
2025-09-11 16:00:00,36.1,28.2166813390816,35.6956968750893,32.8868969457711,"Rosh_HaNikra 25 m"
2025-09-11 17:00:00,34.5,26.0599241622622,34.0764490500823,32.1106038459475,"Rosh_HaNikra 25 m"
2025-09-11 18:00:00,33.1,25.3643259951109,33.2071135570551,31.3149356791014,"Rosh_HaNikra 25 m"
2025-09-11 19:00:00,32,24.6218483406503,31.3409990073554,29.9372994858224,"Rosh_HaNikra 25 m"
2025-09-11 20:00:00,31,24.0185773158374,29.9504972147216,28.5289642596545,"Rosh_HaNikra 25 m"
2025-09-11 21:00:00,30,23.5110443571159,29.3302059955292,27.4127064683982,"Rosh_HaNikra 25 m"
2025-09-11 22:00:00,29.2,23.2749621962181,29.0572497082775,26.6364183519951,"Rosh_HaNikra 25 m"
2025-09-11 23:00:00,28.6,22.9307653513736,28.1285561702409,26.3650497999973,"Rosh_HaNikra 25 m"
2025-09-12,28,22.7923877202234,27.8804794346422,25.4494514428339,"Rosh_HaNikra 25 m"
2025-09-12 01:00:00,27.4,22.3060073505516,27.2954896994746,24.8907334457512,"Rosh_HaNikra 25 m"
2025-09-12 02:00:00,27.1,22.0068950164651,26.9358760943857,23.9134252775048,"Rosh_HaNikra 25 m"
2025-09-12 03:00:00,26.7,21.8264778958767,26.6160162289179,23.4756965743511,"Rosh_HaNikra 25 m"
2025-09-12 04:00:00,26.4,21.9138345462667,26.3609069620027,22.8720634919988,"Rosh_HaNikra 25 m"
2025-09-12 05:00:00,26.3,30.4116380745855,26.3571376394569,25.8099940354314,"Rosh_HaNikra 25 m"
2025-09-12 06:00:00,26.8,37.7554361898811,27.5528299240647,27.9173843939216,"Rosh_HaNikra 25 m"
2025-09-12 07:00:00,28.6,49.8623546081015,29.9323220224435,32.4321273284384,"Rosh_HaNikra 25 m"
2025-09-12 08:00:00,30.6,58.6339602769569,31.7114453938602,35.4916110337928,"Rosh_HaNikra 25 m"
2025-09-12 09:00:00,32.9,62.4481077833817,33.4967281006068,38.6273985548661,"Rosh_HaNikra 25 m"
2025-09-12 10:00:00,35,62.8152965640581,35.9931362376351,40.6639179324663,"Rosh_HaNikra 25 m"
2025-09-12 11:00:00,36.7,60.1432643930982,37.9700563857531,40.9188877146314,"Rosh_HaNikra 25 m"
2025-09-12 12:00:00,37.8,56.4161907576846,38.6757455545855,40.8112751387881,"Rosh_HaNikra 25 m"
2025-09-12 13:00:00,38.3,51.1421982804049,38.8911131801949,39.0357424774874,"Rosh_HaNikra 25 m"
2025-09-12 14:00:00,38.1,44.3676036861575,38.5289810752123,36.8870142963565,"Rosh_HaNikra 25 m"
2025-09-12 15:00:00,37.3,36.0456848535074,37.5048113961796,34.9089351090921,"Rosh_HaNikra 25 m"
2025-09-12 16:00:00,36,29.2002360821063,35.8243596198829,33.0040435791308,"Rosh_HaNikra 25 m"
2025-09-12 17:00:00,34.4,26.8023623961357,34.3941661019196,32.2887949484733,"Rosh_HaNikra 25 m"
2025-09-12 18:00:00,33.1,26.101772772185,33.1239551563872,31.6124038566271,"Rosh_HaNikra 25 m"
2025-09-12 19:00:00,31.9,25.3967467342697,32.1379378642972,30.3752971683823,"Rosh_HaNikra 25 m"
2025-09-12 20:00:00,30.9,24.5558551618386,30.5576412906618,28.9507030317116,"Rosh_HaNikra 25 m"
2025-09-12 21:00:00,30,23.8606805045458,28.7822781617643,27.3800961215349,"Rosh_HaNikra 25 m"
2025-09-12 22:00:00,29.1,23.348836735095,28.5582137771076,26.1063366683378,"Rosh_HaNikra 25 m"
2025-09-12 23:00:00,28.5,23.0143360722928,27.783358295057,25.550039969769,"Rosh_HaNikra 25 m"
2025-09-13,27.8,22.8347614232836,27.7735678526013,25.0618529741106,"Rosh_HaNikra 25 m"
2025-09-13 01:00:00,27.2,22.4205805888318,26.9304640190103,24.8306738963269,"Rosh_HaNikra 25 m"
2025-09-13 02:00:00,26.6,22.0548755673971,26.2473355146468,23.7642017154302,"Rosh_HaNikra 25 m"
2025-09-13 03:00:00,26.2,21.7367638819346,26.0096880701116,22.9273155205378,"Rosh_HaNikra 25 m"
2025-09-13 04:00:00,25.8,21.6751263104205,25.9435502928796,22.1632160208945,"Rosh_HaNikra 25 m"
2025-09-13 05:00:00,25.7,30.8632909193274,26.3092143049718,25.2126819029089,"Rosh_HaNikra 25 m"
2025-09-13 06:00:00,26.5,37.9754914254658,27.5153606365305,27.3714560479634,"Rosh_HaNikra 25 m"
2025-09-13 07:00:00,28,50.8144439471076,30.220067649693,32.4180701983283,"Rosh_HaNikra 25 m"
2025-09-13 08:00:00,30.3,61.0259047738573,32.5546190718059,37.24052154937,"Rosh_HaNikra 25 m"
2025-09-13 09:00:00,32.7,62.7087083039633,33.817037937046,38.293837088143,"Rosh_HaNikra 25 m"
2025-09-13 10:00:00,34.9,62.2476961420232,36.2444729425498,40.2608434961492,"Rosh_HaNikra 25 m"
2025-09-13 11:00:00,36.6,59.2635710220996,37.7283439166871,40.5029509049121,"Rosh_HaNikra 25 m"
2025-09-13 12:00:00,37.6,54.5000018435844,37.9689124002308,39.6630791980156,"Rosh_HaNikra 25 m"
2025-09-13 13:00:00,37.9,49.0318063532047,38.3020714509341,38.5733522211246,"Rosh_HaNikra 25 m"
2025-09-13 14:00:00,37.6,42.2838693981454,38.0213101018299,37.1604129200265,"Rosh_HaNikra 25 m"
2025-09-13 15:00:00,36.8,34.8208379012264,36.869286328455,35.719814584843,"Rosh_HaNikra 25 m"
2025-09-13 16:00:00,35.5,28.7145847380847,35.5690141387589,33.6004637778491,"Rosh_HaNikra 25 m"
2025-09-13 17:00:00,34.1,26.4300861349374,33.8357617866238,32.3090338697702,"Rosh_HaNikra 25 m"
2025-09-13 18:00:00,32.9,25.7489132990127,32.4741967112862,30.9919357408767,"Rosh_HaNikra 25 m"
2025-09-13 19:00:00,31.7,25.2185781905496,30.9830993401641,29.4861443946206,"Rosh_HaNikra 25 m"
2025-09-13 20:00:00,30.6,24.7607545341849,30.1279842501301,28.0690736259818,"Rosh_HaNikra 25 m"
2025-09-13 21:00:00,29.8,24.3049541781281,29.1213927077433,27.0455900500153,"Rosh_HaNikra 25 m"
2025-09-13 22:00:00,29,23.6978890072006,28.0757018784608,26.0035552154678,"Rosh_HaNikra 25 m"
2025-09-13 23:00:00,28.4,23.3181745733315,27.2342492900445,25.2568987335259,"Rosh_HaNikra 25 m"
2025-09-21 01:00:00,25.8,20.1421636137185,26.9186211382266,23.0331965479073,"Rosh_HaNikra 25 m"
2025-09-21 02:00:00,25.1,19.6019506639449,25.813206879025,22.0464563554732,"Rosh_HaNikra 25 m"
2025-09-21 03:00:00,24.5,19.2670682101896,24.6625670577998,20.3804051309278,"Rosh_HaNikra 25 m"
2025-09-21 04:00:00,24.1,19.150135504011,23.9938297150456,19.0320489275492,"Rosh_HaNikra 25 m"
2025-09-21 05:00:00,24.3,27.8137983772258,26.1430599170791,21.0827970001201,"Rosh_HaNikra 25 m"
2025-09-21 06:00:00,26.8,39.9317680633082,33.5344583258049,26.1272646224513,"Rosh_HaNikra 25 m"
2025-09-21 07:00:00,30.4,55.3999362249859,39.6406343651567,32.8535704870709,"Rosh_HaNikra 25 m"
2025-09-21 08:00:00,34.1,64.9669374734523,44.5609753672875,38.7206110269191,"Rosh_HaNikra 25 m"
2025-09-21 09:00:00,37.2,65.2360770523655,44.8773659424572,38.8477027237522,"Rosh_HaNikra 25 m"
2025-07-27 01:00:00,26.5,24.4140056585359,26.6056672380125,26.1153136705446,"Rosh_HaNikra 45 m"
2025-07-27 02:00:00,25.9,24.2185289800022,26.1405574942636,25.6467080056522,"Rosh_HaNikra 45 m"
2025-07-27 03:00:00,25.6,23.8393236631787,25.8643216343164,24.8906733030713,"Rosh_HaNikra 45 m"
2025-07-27 04:00:00,26.8,28.407553085256,26.6281149320449,26.3087316836599,"Rosh_HaNikra 45 m"
2025-07-27 05:00:00,29.4,34.7257104881768,29.3782774789406,28.521588421679,"Rosh_HaNikra 45 m"
2025-07-27 06:00:00,33.4,45.2921964286232,33.3877444755985,32.3119746802711,"Rosh_HaNikra 45 m"
2025-07-27 07:00:00,37.9,54.6100574002171,37.7877218502183,35.6895938382054,"Rosh_HaNikra 45 m"
2025-07-27 08:00:00,41.3,60.7582779708744,41.2016409356209,40.1295319381596,"Rosh_HaNikra 45 m"
2025-07-27 09:00:00,44.3,63.54466253458,44.2978536768241,43.2512436503027,"Rosh_HaNikra 45 m"
2025-07-27 10:00:00,47.1,64.1541364261111,46.7342188933339,45.7971494265994,"Rosh_HaNikra 45 m"
2025-07-27 11:00:00,48.1,63.6744504058391,47.7265084474388,47.4101071441204,"Rosh_HaNikra 45 m"
2025-07-27 12:00:00,48.4,61.4224972284104,48.284868128053,47.0558228051926,"Rosh_HaNikra 45 m"
2025-07-27 13:00:00,47.6,57.7863842314187,47.532605719438,45.7907558744851,"Rosh_HaNikra 45 m"
2025-07-27 14:00:00,44.8,52.2902283856222,44.5483535091719,43.2339501568624,"Rosh_HaNikra 45 m"
2025-07-27 15:00:00,41.4,45.1715757647041,41.4866857367955,39.8933856287483,"Rosh_HaNikra 45 m"
2025-07-27 16:00:00,37.2,36.7211956078641,37.3336965902851,35.7251773173444,"Rosh_HaNikra 45 m"
2025-07-27 17:00:00,33.9,31.0225920430589,33.8916189093498,32.2289088717866,"Rosh_HaNikra 45 m"
2025-07-27 18:00:00,31.9,28.9931839274603,31.931292444664,30.8271708058554,"Rosh_HaNikra 45 m"
2025-07-27 19:00:00,30.4,27.7817978684113,30.8673675640504,30.1440100495026,"Rosh_HaNikra 45 m"
2025-07-27 20:00:00,29.3,26.5192955184496,29.8169856450182,28.7839101005114,"Rosh_HaNikra 45 m"
2025-07-27 21:00:00,28.1,25.5927320214232,28.4602700522384,27.7567399235686,"Rosh_HaNikra 45 m"
2025-07-27 22:00:00,27.4,24.7680307547612,27.5284378705983,26.8050390402837,"Rosh_HaNikra 45 m"
2025-07-27 23:00:00,26.8,24.1948914255952,27.0444464600703,25.8940849032258,"Rosh_HaNikra 45 m"
2025-07-28,25.9,23.9328014580161,26.1083110102209,24.4979607788474,"Rosh_HaNikra 45 m"
2025-07-28 01:00:00,25,24.0687726439,25.1414795541725,26.2282579840184,"Rosh_HaNikra 45 m"
2025-07-28 02:00:00,24.9,23.8342487578192,25.0462987497597,25.613167620162,"Rosh_HaNikra 45 m"
2025-07-28 03:00:00,24.9,23.9968748835585,25.1057636308468,25.5742301491759,"Rosh_HaNikra 45 m"
2025-07-28 04:00:00,26.2,30.1111113583844,26.0675811878642,27.7636532342236,"Rosh_HaNikra 45 m"
2025-07-28 05:00:00,29.1,37.4570266758283,29.1427222625381,29.7208311115583,"Rosh_HaNikra 45 m"
2025-07-28 06:00:00,31.9,48.3982423680495,32.415379675381,32.974647893257,"Rosh_HaNikra 45 m"
2025-07-28 07:00:00,38.3,57.077667359544,38.1250830706754,36.2106133739483,"Rosh_HaNikra 45 m"
2025-07-28 08:00:00,42.6,62.176929830405,42.4875142420108,40.066463826987,"Rosh_HaNikra 45 m"
2025-07-28 09:00:00,46.2,63.9732065430788,45.7860515428543,43.1311731568483,"Rosh_HaNikra 45 m"
2025-07-28 10:00:00,48.8,64.6974031939255,48.1390257599536,46.2483561053024,"Rosh_HaNikra 45 m"
2025-07-28 11:00:00,49.6,62.683166220665,48.7328610990698,46.5739762334824,"Rosh_HaNikra 45 m"
2025-07-28 12:00:00,49.7,59.5028260824035,48.9840973744748,46.2854283925842,"Rosh_HaNikra 45 m"
2025-07-28 13:00:00,47.1,55.2838213061545,46.889783288568,45.1442901705954,"Rosh_HaNikra 45 m"
2025-07-28 14:00:00,44.6,50.2642025277372,44.4996460961057,43.8463200852628,"Rosh_HaNikra 45 m"
2025-07-28 15:00:00,41.5,43.7504249121305,41.3704881958868,40.9938488508817,"Rosh_HaNikra 45 m"
2025-07-28 16:00:00,37.9,35.325346397539,37.8711079569814,36.3557382098635,"Rosh_HaNikra 45 m"
2025-07-28 17:00:00,34.4,29.5521549598995,34.4498083848459,32.6758014576259,"Rosh_HaNikra 45 m"
2025-07-28 18:00:00,32.5,27.7414968975561,32.6798605316485,30.9929953583258,"Rosh_HaNikra 45 m"
2025-07-28 19:00:00,31.4,27.0367854935485,31.4294789909065,30.1577116352874,"Rosh_HaNikra 45 m"
2025-07-28 20:00:00,30.4,26.4168256370085,30.3389364515279,29.0345598308104,"Rosh_HaNikra 45 m"
2025-07-28 21:00:00,29.3,25.7961828467257,29.3319782869568,27.9437684771426,"Rosh_HaNikra 45 m"
2025-07-28 22:00:00,28.6,25.5384584052358,28.5972093400426,27.1876625401769,"Rosh_HaNikra 45 m"
2025-07-28 23:00:00,27.7,25.174785688424,27.9490806903902,27.7000880985497,"Rosh_HaNikra 45 m"
2025-07-29,27.7,24.985738142743,27.6083141760983,26.8475291574143,"Rosh_HaNikra 45 m"
2025-07-29 01:00:00,27.2,25.2581134509696,27.286216408081,27.4203239154471,"Rosh_HaNikra 45 m"
2025-07-29 02:00:00,26.8,25.1701259134269,27.0615218028447,26.9716652152992,"Rosh_HaNikra 45 m"
2025-07-29 03:00:00,26.6,25.2581349892722,26.9709809544091,26.6242769045936,"Rosh_HaNikra 45 m"
2025-07-29 04:00:00,27.7,29.0359191594867,27.8036755889076,28.3184309898166,"Rosh_HaNikra 45 m"
2025-07-29 05:00:00,29.7,32.8012645414092,29.5965523965409,28.5285685231902,"Rosh_HaNikra 45 m"
2025-07-29 06:00:00,32.7,41.3749893536233,32.4781527251659,32.2181585659646,"Rosh_HaNikra 45 m"
2025-07-29 07:00:00,36.2,49.1974271620874,35.1926745024863,34.1240075911645,"Rosh_HaNikra 45 m"
2025-07-29 08:00:00,39.4,56.6679829343591,39.4233634057501,38.2713116391931,"Rosh_HaNikra 45 m"
2025-07-29 09:00:00,44.4,59.9448415563375,43.4463210984568,42.4131871984273,"Rosh_HaNikra 45 m"
2025-07-29 10:00:00,48.3,62.0640687255644,47.3694684616506,45.6325959472441,"Rosh_HaNikra 45 m"
2025-07-29 11:00:00,48.9,60.8737867774429,48.2881378467933,46.5189083518448,"Rosh_HaNikra 45 m"
2025-07-29 12:00:00,48.5,57.8682853037934,47.6628376568655,46.1220914179902,"Rosh_HaNikra 45 m"
2025-07-29 13:00:00,47.1,53.5639928478448,46.3396092529866,45.0591100353448,"Rosh_HaNikra 45 m"
2025-07-29 14:00:00,43.3,47.3432539131432,43.1485511255003,42.9204972412377,"Rosh_HaNikra 45 m"
2025-07-29 15:00:00,40.1,40.6893411040244,40.027191104364,40.4594566881595,"Rosh_HaNikra 45 m"
2025-07-29 16:00:00,37.2,33.2712541136772,37.2858373810842,36.4505734953911,"Rosh_HaNikra 45 m"
2025-07-29 17:00:00,35.1,28.8160595752522,34.4681772957191,33.1232414104268,"Rosh_HaNikra 45 m"
2025-07-29 18:00:00,33.5,27.4274643364384,32.9422011612084,31.6079276504948,"Rosh_HaNikra 45 m"
2025-07-29 19:00:00,32.4,26.7239585395647,31.8512981151278,30.5100238796068,"Rosh_HaNikra 45 m"
2025-07-29 20:00:00,31.7,26.1821051329951,30.8440546878167,29.3536425322871,"Rosh_HaNikra 45 m"
2025-07-29 21:00:00,30.5,25.8575892897222,29.7847959357616,28.4313695879552,"Rosh_HaNikra 45 m"
2025-07-29 22:00:00,29.5,24.7785493280913,28.769594858781,27.5638038065459,"Rosh_HaNikra 45 m"
2025-07-29 23:00:00,28.9,24.3425330742855,28.3991861139842,27.0963124856014,"Rosh_HaNikra 45 m"
2025-07-30,28.5,24.2052755060156,28.1158590202297,26.4017491044958,"Rosh_HaNikra 45 m"
2025-07-30 01:00:00,28.1,24.2128798687485,27.8129512812737,27.3055286133316,"Rosh_HaNikra 45 m"
2025-07-30 02:00:00,28.1,24.0513556017637,27.7821923488376,26.920923711276,"Rosh_HaNikra 45 m"
2025-07-30 03:00:00,27.6,24.0586466249322,27.4100495453219,26.5548731740808,"Rosh_HaNikra 45 m"
2025-07-30 04:00:00,28,26.0338630777068,27.5770694101731,27.1036379438109,"Rosh_HaNikra 45 m"
2025-07-30 05:00:00,29.7,28.3158682498881,29.3633607316993,28.5963130209395,"Rosh_HaNikra 45 m"
2025-07-30 06:00:00,31.8,30.3027161598747,31.4076617193658,30.1949044406955,"Rosh_HaNikra 45 m"
2025-07-30 07:00:00,35.2,32.2672180801648,34.9164111644562,33.3753267198819,"Rosh_HaNikra 45 m"
2025-07-30 08:00:00,38.7,34.2477847587453,38.347116146208,36.538819218813,"Rosh_HaNikra 45 m"
2025-07-30 09:00:00,42.1,35.9214141639526,41.1820052179996,38.94823315466,"Rosh_HaNikra 45 m"
2025-07-30 10:00:00,45.1,51.2333448861995,43.5673121437406,49.2430332635799,"Rosh_HaNikra 45 m"
2025-07-30 11:00:00,44.8,57.9511058993408,44.5218075962069,47.3884962267944,"Rosh_HaNikra 45 m"
2025-07-30 12:00:00,45.6,56.1062387611896,45.2067325901666,45.4591516640216,"Rosh_HaNikra 45 m"
2025-07-30 13:00:00,45.5,52.1937554626829,44.7001636673111,43.9509967117674,"Rosh_HaNikra 45 m"
2025-07-30 14:00:00,43.6,46.5138983372446,43.061715961316,41.8821320179697,"Rosh_HaNikra 45 m"
2025-07-30 15:00:00,41.2,39.4649804020011,40.6554582395721,39.3834285819614,"Rosh_HaNikra 45 m"
2025-07-30 16:00:00,38.3,31.7846807614698,37.512309694782,35.8348793164625,"Rosh_HaNikra 45 m"
2025-07-30 17:00:00,35.5,27.1588275344613,34.9234236957858,32.8167745979073,"Rosh_HaNikra 45 m"
2025-07-30 18:00:00,33.6,25.8726692217984,33.3605416593002,31.372466089169,"Rosh_HaNikra 45 m"
2025-07-30 19:00:00,32.3,25.5959563001732,32.1265435060876,30.2474546178917,"Rosh_HaNikra 45 m"
2025-07-30 20:00:00,31.2,25.2797337607772,31.0335243828231,29.4402667121322,"Rosh_HaNikra 45 m"
2025-07-30 21:00:00,30.7,24.9293749102754,30.3794461672783,28.7459578284425,"Rosh_HaNikra 45 m"
2025-07-30 22:00:00,30.6,23.5688037390244,30.1064582417738,27.472009849025,"Rosh_HaNikra 45 m"
2025-07-30 23:00:00,30.2,23.2941663236509,29.8236364875094,27.1687016458402,"Rosh_HaNikra 45 m"
2025-07-31,29.8,23.1647345986625,29.3599035674327,26.6391463246604,"Rosh_HaNikra 45 m"
2025-07-31 01:00:00,29.5,22.9478543563044,29.064181293184,26.2730811400568,"Rosh_HaNikra 45 m"
2025-07-31 02:00:00,29.4,22.7009256389795,28.8973236970901,25.934241106814,"Rosh_HaNikra 45 m"
2025-07-31 03:00:00,28.7,22.5326156508764,28.2961683574003,25.55643009065,"Rosh_HaNikra 45 m"
2025-07-31 04:00:00,29,24.0202804855498,28.3514898645392,25.5991181186827,"Rosh_HaNikra 45 m"
2025-07-31 05:00:00,29.7,25.3044557730176,28.7541397221331,27.0173328081586,"Rosh_HaNikra 45 m"
2025-07-31 06:00:00,32,27.8023469885673,31.5480434016084,28.9222860773887,"Rosh_HaNikra 45 m"
2025-07-31 07:00:00,35.3,30.458856661825,34.7694539871117,33.2880185442255,"Rosh_HaNikra 45 m"
2025-07-31 08:00:00,38.6,32.1492595131261,37.9652837063876,36.3807053024633,"Rosh_HaNikra 45 m"
2025-07-31 09:00:00,40.7,33.3403020149762,39.8616148137335,38.2861719376141,"Rosh_HaNikra 45 m"
2025-07-31 10:00:00,43.2,36.4006919958147,42.6170876689348,40.8175673582109,"Rosh_HaNikra 45 m"
2025-07-31 11:00:00,44.9,48.6310496722182,43.588515574359,47.5286642704924,"Rosh_HaNikra 45 m"
2025-07-31 12:00:00,45.2,50.9080553678547,44.3583971601827,43.9334173826252,"Rosh_HaNikra 45 m"
2025-07-31 13:00:00,44.4,46.0858647932494,43.5482771001863,40.7460496534789,"Rosh_HaNikra 45 m"
2025-07-31 14:00:00,42.3,41.840467687768,41.4861788715803,39.7335751020136,"Rosh_HaNikra 45 m"
2025-07-31 15:00:00,40.2,35.6834235923689,39.6596340322585,37.9127600925367,"Rosh_HaNikra 45 m"
2025-07-31 16:00:00,37.3,29.9913870604049,36.7868265952617,35.1156818182479,"Rosh_HaNikra 45 m"
2025-07-31 17:00:00,34.9,26.9428007033534,34.4703156835531,33.1832096007533,"Rosh_HaNikra 45 m"
2025-07-31 18:00:00,33,26.1000033956209,33.0684121258791,32.0422531705538,"Rosh_HaNikra 45 m"
2025-07-31 19:00:00,31.9,25.5643902409096,31.8645872554512,30.9542337048073,"Rosh_HaNikra 45 m"
2025-07-31 20:00:00,31.2,25.0771980523351,31.088417864714,30.0522179841283,"Rosh_HaNikra 45 m"
2025-07-31 21:00:00,30.6,24.9963515425398,30.3940513736855,29.2436311865522,"Rosh_HaNikra 45 m"
2025-07-31 22:00:00,30,23.3977315481463,29.5990036016186,27.766615157918,"Rosh_HaNikra 45 m"
2025-07-31 23:00:00,29.5,23.1918556162965,29.3552374041746,27.76609391662,"Rosh_HaNikra 45 m"
2025-08-01,28.9,23.0989199724741,28.7726649727442,27.1868568506784,"Rosh_HaNikra 45 m"
2025-08-01 01:00:00,28.5,22.8787576136857,28.5347855634712,27.0609957156449,"Rosh_HaNikra 45 m"
2025-08-01 02:00:00,28.4,22.6877914044823,28.2835310770897,26.4489000413384,"Rosh_HaNikra 45 m"
2025-08-01 03:00:00,28.2,22.6261754341451,28.085188692936,25.8613477058736,"Rosh_HaNikra 45 m"
2025-08-01 04:00:00,28.5,24.0673557201588,28.0888806785533,25.9824947992527,"Rosh_HaNikra 45 m"
2025-08-01 05:00:00,29.1,26.0820752856782,28.7437643539533,27.6134377000382,"Rosh_HaNikra 45 m"
2025-08-01 06:00:00,31.6,28.4570717975799,31.4440864917086,30.1275307104293,"Rosh_HaNikra 45 m"
2025-08-01 07:00:00,34.8,30.3721540684475,34.9652236118505,32.8969653363003,"Rosh_HaNikra 45 m"
2025-08-01 08:00:00,38.1,31.5474481580122,37.6326907754851,35.3333456513746,"Rosh_HaNikra 45 m"
2025-08-01 09:00:00,39.8,32.9918695344246,39.4141468313305,37.1321535958565,"Rosh_HaNikra 45 m"
2025-08-01 10:00:00,40.7,36.3746381471539,41.15887003249,40.4929543207074,"Rosh_HaNikra 45 m"
2025-08-01 11:00:00,43.4,51.6065825778866,43.4724516563489,49.986251886549,"Rosh_HaNikra 45 m"
2025-08-01 12:00:00,44.9,53.4803775601819,44.2739497403006,45.3699983411267,"Rosh_HaNikra 45 m"
2025-08-01 13:00:00,44.5,48.9067461388997,43.6776375719547,42.0889260667256,"Rosh_HaNikra 45 m"
2025-08-01 14:00:00,42.8,43.3989626296718,42.3152155755409,40.3092664607723,"Rosh_HaNikra 45 m"
2025-08-01 15:00:00,40.2,36.4929203693042,39.9931380358135,38.1121000949512,"Rosh_HaNikra 45 m"
2025-08-01 16:00:00,37.3000000000001,29.9792272416737,36.8070361954377,34.9071833459523,"Rosh_HaNikra 45 m"
2025-08-01 17:00:00,34.6,26.0536874615989,34.353950623285,32.1961649739585,"Rosh_HaNikra 45 m"
2025-08-01 18:00:00,32.7,24.715459028789,32.6249153138619,30.7133270898547,"Rosh_HaNikra 45 m"
2025-08-01 19:00:00,31.5,24.312801934068,31.5808395189799,29.4821244247601,"Rosh_HaNikra 45 m"
2025-08-01 20:00:00,30.8,23.9793426675956,30.6564295041723,28.4284436388175,"Rosh_HaNikra 45 m"
2025-08-01 21:00:00,30.1,23.814492680707,29.9546360743168,27.9128627559328,"Rosh_HaNikra 45 m"
2025-08-01 22:00:00,30,22.8984988068588,29.6565090885134,26.9790542458542,"Rosh_HaNikra 45 m"
2025-08-01 23:00:00,29.7,22.8648377250833,29.452798495122,27.4291764091653,"Rosh_HaNikra 45 m"
2025-08-02,29,22.799485259388,28.7924838352092,27.1058602860909,"Rosh_HaNikra 45 m"
2025-08-02 01:00:00,27.9,22.7648995387633,27.8814049238478,26.4079628455718,"Rosh_HaNikra 45 m"
2025-08-02 02:00:00,27.5,22.6451347781409,27.6219399519248,26.2328811599005,"Rosh_HaNikra 45 m"
2025-08-02 03:00:00,27.4,22.5600012016668,27.5194398818076,25.6974569034948,"Rosh_HaNikra 45 m"
2025-08-02 04:00:00,27.6,24.4562849735699,27.213807096928,25.9363147949658,"Rosh_HaNikra 45 m"
2025-08-02 05:00:00,28.9,27.2158569962715,28.8186776367494,27.6699689001774,"Rosh_HaNikra 45 m"
2025-08-02 06:00:00,31.7,29.3551993488081,31.4633276930208,30.0356413244017,"Rosh_HaNikra 45 m"
2025-08-02 07:00:00,34.3,30.7771922337213,34.0022494074475,33.5073779808679,"Rosh_HaNikra 45 m"
2025-08-02 08:00:00,38.1,32.2669008298698,37.8148569485405,35.1340776010337,"Rosh_HaNikra 45 m"
2025-08-02 09:00:00,41.1,33.1578874005779,40.3632711219777,36.7944130315288,"Rosh_HaNikra 45 m"
2025-08-02 10:00:00,43.5,34.2330163590109,42.0034689471951,38.4069651238119,"Rosh_HaNikra 45 m"
2025-08-02 11:00:00,44.9,37.6256184841641,44.1802154266705,41.0900404716977,"Rosh_HaNikra 45 m"
2025-08-02 12:00:00,45.4,45.1863585062168,43.6491604560971,45.4340042717598,"Rosh_HaNikra 45 m"
2025-08-02 13:00:00,44.5,45.105736634438,43.5112023229279,42.1114384147572,"Rosh_HaNikra 45 m"
2025-08-02 14:00:00,43,40.5877989643682,41.7005145927571,39.7186982744802,"Rosh_HaNikra 45 m"
2025-08-02 15:00:00,40.7,36.2051353990671,39.9632183858767,38.5730867921945,"Rosh_HaNikra 45 m"
2025-08-02 16:00:00,37.8,30.3582950674702,36.8357771181822,35.6379157149006,"Rosh_HaNikra 45 m"
2025-08-02 17:00:00,35.1,26.184335243236,34.1709141424067,32.3586735839953,"Rosh_HaNikra 45 m"
2025-08-02 18:00:00,33.3,24.9384159327012,32.736016847781,30.7574357271653,"Rosh_HaNikra 45 m"
2025-08-02 19:00:00,32.2,24.3904725431902,31.5703186445919,29.2925335287554,"Rosh_HaNikra 45 m"
2025-08-02 20:00:00,31.2,24.0032807856987,30.3875948111257,28.1258627444695,"Rosh_HaNikra 45 m"
2025-08-02 21:00:00,30.2,23.7323677452218,29.5830140453903,27.3992638500344,"Rosh_HaNikra 45 m"
2025-08-02 22:00:00,29.7,23.6464447772405,29.3620797825065,26.9023983275792,"Rosh_HaNikra 45 m"
2025-08-02 23:00:00,29,23.4867726505614,28.6957264841325,26.9620457828856,"Rosh_HaNikra 45 m"
2025-08-17 01:00:00,25.5,24.271263445821,25.6182714632088,25.943898881879,"Rosh_HaNikra 45 m"
2025-08-17 02:00:00,24.9,23.9104562985932,25.2601163169438,26.0066212403809,"Rosh_HaNikra 45 m"
2025-08-17 03:00:00,24.5,24.023906740441,24.7783592612402,24.734249743714,"Rosh_HaNikra 45 m"
2025-08-17 04:00:00,27.1,27.0927994352106,26.5048594782284,26.2836437326197,"Rosh_HaNikra 45 m"
2025-08-17 05:00:00,34.5,33.1042846533575,32.8622443519621,28.0928725096502,"Rosh_HaNikra 45 m"
2025-08-17 06:00:00,35.2,42.5058365261057,36.7364033776118,30.9793272411326,"Rosh_HaNikra 45 m"
2025-08-17 07:00:00,35.4,50.8058486413599,36.5809555075223,33.6117988061548,"Rosh_HaNikra 45 m"
2025-08-17 08:00:00,47.5,57.0973510412641,45.7874258785343,37.1083392767377,"Rosh_HaNikra 45 m"
2025-08-17 09:00:00,51.5,60.4605775582408,48.6224061527849,41.2346368538951,"Rosh_HaNikra 45 m"
2025-08-17 10:00:00,52.6,62.3811661774611,50.3098336528135,44.7203118378615,"Rosh_HaNikra 45 m"
2025-08-17 11:00:00,50.8,61.0424613610205,49.1232407463142,45.9063825264868,"Rosh_HaNikra 45 m"
2025-08-17 12:00:00,48.7,57.2984918170898,47.3322841651041,45.2219222598999,"Rosh_HaNikra 45 m"
2025-08-17 13:00:00,44.2,52.2855831807011,44.1761735984993,43.8246494953984,"Rosh_HaNikra 45 m"
2025-08-17 14:00:00,40.8,45.4267355972273,40.7970012175752,41.260128217314,"Rosh_HaNikra 45 m"
2025-08-17 15:00:00,36.6,38.2234290076245,36.6065982274195,38.7690376473416,"Rosh_HaNikra 45 m"
2025-08-17 16:00:00,33,31.2635178864166,33.2402697427924,35.4824390709564,"Rosh_HaNikra 45 m"
2025-08-17 17:00:00,31,27.9705667754964,31.3971742156837,33.3770041724996,"Rosh_HaNikra 45 m"
2025-08-17 18:00:00,29.8,27.2355829830403,30.4912711855463,32.507316743874,"Rosh_HaNikra 45 m"
2025-08-17 19:00:00,29,26.7720437778431,29.9302770620814,31.384317947765,"Rosh_HaNikra 45 m"
2025-08-17 20:00:00,28.3,26.266890608169,28.9896398161459,30.363027654983,"Rosh_HaNikra 45 m"
2025-08-17 21:00:00,27.9,25.8679817647973,28.50985025047,29.5106926889459,"Rosh_HaNikra 45 m"
2025-08-17 22:00:00,26.7,25.3200796262947,27.148405532898,28.8416591303078,"Rosh_HaNikra 45 m"
2025-08-17 23:00:00,26.2,24.9279412050071,26.6131223399226,28.1460276861015,"Rosh_HaNikra 45 m"
2025-08-18,25.4,24.8331399102272,25.7964279484665,27.8257050652565,"Rosh_HaNikra 45 m"
2025-08-18 01:00:00,25.2,24.6745008946068,25.4535438794827,27.3526179314263,"Rosh_HaNikra 45 m"
2025-08-18 02:00:00,24.7,24.6993149144498,24.9824093947046,27.060699544653,"Rosh_HaNikra 45 m"
2025-08-18 03:00:00,24.2,24.5004101093705,24.7393078686074,26.3851057585175,"Rosh_HaNikra 45 m"
2025-08-18 04:00:00,26.6,27.4085856086866,26.1697417017159,27.2437113530294,"Rosh_HaNikra 45 m"
2025-08-18 05:00:00,33.5,33.2544966866929,31.6605449859775,28.372775666948,"Rosh_HaNikra 45 m"
2025-08-18 06:00:00,33.1,42.614166092289,33.8724935061775,31.2306307071572,"Rosh_HaNikra 45 m"
2025-08-18 07:00:00,35.4,52.4285385753587,36.5932811495158,34.8939907695726,"Rosh_HaNikra 45 m"
2025-08-18 08:00:00,45.7,57.3331837946336,44.1546622470736,37.7551732355516,"Rosh_HaNikra 45 m"
2025-08-18 09:00:00,50.4,60.9752322071608,48.7937338502044,41.7421847218092,"Rosh_HaNikra 45 m"
2025-08-18 10:00:00,52,61.8029333338782,50.2353468039377,44.5963102564856,"Rosh_HaNikra 45 m"
2025-08-18 11:00:00,51.6,60.4174796828987,50.4003964320703,45.7992202529671,"Rosh_HaNikra 45 m"
2025-08-18 12:00:00,48.6,56.7907199511402,47.7557114383173,45.6486787447803,"Rosh_HaNikra 45 m"
2025-08-18 13:00:00,43.2,51.3782777210679,44.0171204902224,43.994537295958,"Rosh_HaNikra 45 m"
2025-08-18 14:00:00,39.8,44.8017573255875,40.3423913423492,41.8025126356461,"Rosh_HaNikra 45 m"
2025-08-18 15:00:00,36.7,37.6135830917443,37.2540171876622,38.9597904720391,"Rosh_HaNikra 45 m"
