"model","rmse_base","rmse_corr","improvement_pct"
"RF",11.9459786416395,1.39888387183268,88.2899181909076
"LSTM_2h",11.9459786416395,2.50080355546953,79.0657288909541
