"time","measured","base","rf","lstm","site"
2025-05-25 07:00:00,31.2,31.015782329782,31.3253644772516,33.2019343111358,"Range_24 25 m"
2025-05-25 08:00:00,32.9,32.7991872999779,33.555060766964,36.9439817640892,"Range_24 25 m"
2025-05-25 09:00:00,35.5,34.6713018875251,36.8145937973997,40.2698817711005,"Range_24 25 m"
2025-05-25 10:00:00,39,45.7236412761711,39.7729613190127,42.7954195735954,"Range_24 25 m"
2025-05-25 11:00:00,41.8,52.4993625127442,42.5557082376008,42.6118274175294,"Range_24 25 m"
2025-05-25 12:00:00,41.4,51.3712937794395,42.5605411959166,42.0521266422935,"Range_24 25 m"
2025-05-25 13:00:00,40.5,47.5860888085091,40.9534451444503,40.9007202706063,"Range_24 25 m"
2025-05-25 14:00:00,37.8,40.6271588727815,38.2936753801585,38.4726979657991,"Range_24 25 m"
2025-05-25 15:00:00,34.6,33.2448949711792,34.8465481592697,35.8565506833069,"Range_24 25 m"
2025-05-25 16:00:00,30.7,25.5031966354411,31.340675862557,32.6110476638835,"Range_24 25 m"
2025-05-25 17:00:00,27.4,22.1074545088407,27.1896478034628,29.3011238279935,"Range_24 25 m"
2025-05-25 18:00:00,25.9,21.3121295444128,26.288962183915,27.07149796406,"Range_24 25 m"
2025-05-25 19:00:00,24.7,20.9376092976851,24.7117878136612,26.2356196469588,"Range_24 25 m"
2025-05-25 20:00:00,23.8,20.387661484423,23.7058370161322,24.4741587912467,"Range_24 25 m"
2025-05-25 21:00:00,22.8,20.1823527668386,22.7166697497503,23.2965228413015,"Range_24 25 m"
2025-05-25 22:00:00,21.8,19.7664827865875,21.8701261208787,22.4626807731903,"Range_24 25 m"
2025-05-25 23:00:00,20.7,19.2172316036349,20.8414609949945,21.3228167019015,"Range_24 25 m"
2025-05-26,19.9,18.9676785861033,19.8137286704506,20.4908734951991,"Range_24 25 m"
2025-05-26 01:00:00,19.3,18.6784067522341,19.1246808937616,19.9562673937136,"Range_24 25 m"
2025-05-26 02:00:00,18.8,18.5802856350843,18.8469523658421,20.6766234303419,"Range_24 25 m"
2025-05-26 03:00:00,18.7,19.0781372583622,18.841196882959,21.0606794155354,"Range_24 25 m"
2025-05-26 04:00:00,20.2000000000001,23.8767615163053,20.1930437984382,22.6048545443738,"Range_24 25 m"
2025-05-26 05:00:00,24.3,29.1680978643244,24.4286508005903,24.9242204534357,"Range_24 25 m"
2025-05-26 06:00:00,29,34.650955713904,28.8279611140472,30.1676812540651,"Range_24 25 m"
2025-05-26 07:00:00,33.9,39.6842728329813,33.0971386509229,33.7605124188578,"Range_24 25 m"
2025-05-26 08:00:00,37,41.3136029841218,36.9085327223127,36.3092866541657,"Range_24 25 m"
2025-05-26 09:00:00,38,38.37790894921,38.6631339217037,39.4426630776661,"Range_24 25 m"
2025-05-26 10:00:00,39.3,41.2790974107158,40.3680928187433,41.8510110702884,"Range_24 25 m"
2025-05-26 11:00:00,37.8,52.2166826391343,38.4205780049235,43.0782663488511,"Range_24 25 m"
2025-05-26 12:00:00,40.9,52.8082001062148,41.2058302337988,42.5982830377334,"Range_24 25 m"
2025-05-26 13:00:00,39.7,48.3831610275492,39.8693027624337,41.6407322479471,"Range_24 25 m"
2025-05-26 14:00:00,36.4,41.5095465842258,36.7861367678184,38.8079722586643,"Range_24 25 m"
2025-05-26 15:00:00,32.9,34.2706298002345,33.3636561870698,35.6560445198161,"Range_24 25 m"
2025-05-26 16:00:00,30,27.0077613420544,30.672762468874,31.7803886957226,"Range_24 25 m"
2025-05-26 17:00:00,27.3,22.945733612372,28.3956046054751,28.9441228564516,"Range_24 25 m"
2025-05-26 18:00:00,26.1,21.6337424528569,26.9496976077112,27.5347114813298,"Range_24 25 m"
2025-05-26 19:00:00,24.7,21.3153467981957,24.7296019283545,26.7751894800805,"Range_24 25 m"
2025-05-26 20:00:00,25.3,20.0013976261504,24.9545643328535,25.7853422329314,"Range_24 25 m"
2025-05-26 21:00:00,25.2,20.3346413089186,24.6579201441657,26.1159003688246,"Range_24 25 m"
2025-05-26 22:00:00,25.6,20.6719204254528,25.1606680106327,25.461996204414,"Range_24 25 m"
2025-05-26 23:00:00,25.2,20.8339944173187,24.8208912198238,25.226386575827,"Range_24 25 m"
2025-05-27,25,21.0297140376372,24.8328775029547,24.8735603587432,"Range_24 25 m"
2025-05-27 01:00:00,24.8,21.1362486238978,24.8545808364596,25.6574726458094,"Range_24 25 m"
2025-05-27 02:00:00,24.6,20.7487822350652,24.6099158607945,24.9204922494085,"Range_24 25 m"
2025-05-27 03:00:00,24.4,20.5097589642582,24.1497315550844,24.1183748395023,"Range_24 25 m"
2025-05-27 04:00:00,24.5,22.5973146769062,24.2004955501701,24.7302840563313,"Range_24 25 m"
2025-05-27 05:00:00,26.6,24.4825844788666,26.2914763617603,27.075844290268,"Range_24 25 m"
2025-05-27 06:00:00,29.3,27.1719186688143,28.8989057926168,29.7146132374483,"Range_24 25 m"
2025-05-27 07:00:00,32,29.3915615445332,31.8440454609536,33.2288666135029,"Range_24 25 m"
2025-05-27 08:00:00,33.9,31.1829946538288,34.660926940498,36.9845064183552,"Range_24 25 m"
2025-05-27 09:00:00,36.3,38.1353313940732,37.5801055365717,39.4012722986905,"Range_24 25 m"
2025-05-27 10:00:00,38.9,47.2120456606537,39.6578842380565,40.4677901178986,"Range_24 25 m"
2025-05-27 11:00:00,40,47.8601201946106,40.5790992818106,40.6051982814636,"Range_24 25 m"
2025-05-27 12:00:00,39.1,45.7266508573439,40.368304363914,39.7004734510329,"Range_24 25 m"
2025-05-27 13:00:00,37.9,41.9625717623015,38.7647391934682,38.4474932176848,"Range_24 25 m"
2025-05-27 14:00:00,35.4,36.4019941713141,36.5108857260565,35.8562396194266,"Range_24 25 m"
2025-05-27 15:00:00,32.2,29.9489504408785,33.1592728767001,33.274810464377,"Range_24 25 m"
2025-05-27 16:00:00,28.8,22.395202688765,29.5475942572416,29.488126806807,"Range_24 25 m"
2025-05-27 17:00:00,26,19.2777687876362,26.4758721814351,26.0064665644306,"Range_24 25 m"
2025-05-27 18:00:00,25,18.6175273439309,25.1469838938486,24.5423878213784,"Range_24 25 m"
2025-05-27 19:00:00,24.4,18.4562734009129,24.381843658504,24.0687335373265,"Range_24 25 m"
2025-05-27 20:00:00,24.2,18.3488022832843,24.2100176906287,23.9493443517657,"Range_24 25 m"
2025-05-27 21:00:00,24,18.1218735559372,23.9658252449933,23.508510289946,"Range_24 25 m"
2025-05-27 22:00:00,23.6,17.9900883993982,23.4523176274756,22.8038625082849,"Range_24 25 m"
2025-05-27 23:00:00,23,17.6662816105802,23.1427841873772,21.3324441014249,"Range_24 25 m"
2025-05-28,23,17.5418644683211,22.9736089072177,21.4681826369612,"Range_24 25 m"
2025-05-28 01:00:00,22.7,17.3421129374715,22.6970875872981,21.1579860835286,"Range_24 25 m"
2025-05-28 02:00:00,22.8,17.2389844946051,22.6091120258395,20.4579276136542,"Range_24 25 m"
2025-05-28 03:00:00,22.5,17.4297998158544,22.4827698267358,20.3385932652563,"Range_24 25 m"
2025-05-28 04:00:00,23,20.0940535902842,22.5226081271908,21.5706417202815,"Range_24 25 m"
2025-05-28 05:00:00,24.9,22.5524039651163,24.7596670168865,24.3815349723108,"Range_24 25 m"
2025-05-28 06:00:00,27.7,25.1837150053579,27.4777281056447,27.6377951101858,"Range_24 25 m"
2025-05-28 07:00:00,30.9,27.3474503631073,30.5906873168089,31.2272878760773,"Range_24 25 m"
2025-05-28 08:00:00,32.3,28.7174972376174,32.8184376072264,34.8797363123244,"Range_24 25 m"
2025-05-28 09:00:00,34.9,29.9558614306483,35.9387626477128,36.8174241595301,"Range_24 25 m"
2025-05-28 10:00:00,36.3000000000001,30.8404883562605,37.3186320712547,39.1788119494001,"Range_24 25 m"
2025-05-28 11:00:00,38.8,30.3239983203336,39.4952563475038,40.7702711703702,"Range_24 25 m"
2025-05-28 12:00:00,37.4,28.4647956509885,38.2092944555428,39.8907676358518,"Range_24 25 m"
2025-05-28 13:00:00,36.4,27.0036945498507,37.1119319850538,38.4306869662325,"Range_24 25 m"
2025-05-28 14:00:00,34.2,24.7944956375163,34.9976820244466,36.5717297149699,"Range_24 25 m"
2025-05-28 15:00:00,30.8,22.5229140919472,31.3781768675483,33.2406312626625,"Range_24 25 m"
2025-05-28 16:00:00,28,19.4689350276112,28.0689819767892,29.4493827967762,"Range_24 25 m"
2025-05-28 17:00:00,25.9,18.4068319952049,26.3045232905146,26.2818138753929,"Range_24 25 m"
2025-05-28 18:00:00,24.8,18.2177503484222,24.6307315277516,24.897310532901,"Range_24 25 m"
2025-05-28 19:00:00,24.2,18.0711965142972,23.9804793488771,23.6333455621488,"Range_24 25 m"
2025-05-28 20:00:00,23.7,18.0057731094018,23.5032441609683,22.5502400817529,"Range_24 25 m"
2025-05-28 21:00:00,23.5,17.9706389275565,23.437910571052,22.4547516671195,"Range_24 25 m"
2025-05-28 22:00:00,23.1,18.0406801693869,23.1427748443557,22.4165461056662,"Range_24 25 m"
2025-05-28 23:00:00,23,17.9018833940924,23.0403611555388,22.0237343614996,"Range_24 25 m"
2025-05-29,22.8,17.8351110548392,22.8330197132833,21.6832274526969,"Range_24 25 m"
2025-05-29 01:00:00,22.4,17.5877848435686,22.25695372344,20.8254304696367,"Range_24 25 m"
2025-05-29 02:00:00,21.2,17.3950649859622,21.0142780809195,19.9810406329349,"Range_24 25 m"
2025-05-29 03:00:00,20.7,17.4257329679669,20.4729461223693,19.5943368650616,"Range_24 25 m"
2025-05-29 04:00:00,21.4,20.5269825663986,21.2551655171411,20.7712416854324,"Range_24 25 m"
2025-05-29 05:00:00,23.9,24.0884645789412,24.3258359193872,24.1587428360728,"Range_24 25 m"
2025-05-29 06:00:00,27.9,26.9771296614033,28.1884633195652,28.3454446428639,"Range_24 25 m"
2025-05-29 07:00:00,31.8,28.763657263904,30.9086271724992,31.7238241950563,"Range_24 25 m"
2025-05-29 08:00:00,33.9,30.8970275894537,34.2670503857132,34.1747866646185,"Range_24 25 m"
2025-05-29 09:00:00,35.6,31.3781152001609,36.2854107155727,37.8508005372275,"Range_24 25 m"
2025-05-29 10:00:00,38.8,33.1534501488869,39.1443681269032,39.5774008210366,"Range_24 25 m"
2025-05-29 11:00:00,40.8,32.8645117289515,41.4750531143921,41.2879059321375,"Range_24 25 m"
2025-05-29 12:00:00,39.9,30.7529635693007,40.4660647320301,41.4713101650649,"Range_24 25 m"
2025-05-29 13:00:00,38,28.6282241991574,38.7224956936054,40.5131977251584,"Range_24 25 m"
2025-05-29 14:00:00,35.6,25.8736042030114,36.1364755544281,38.4281810767907,"Range_24 25 m"
2025-05-29 15:00:00,32.6,23.0196937633647,32.5134367562089,34.9532569957866,"Range_24 25 m"
2025-05-29 16:00:00,28.9,20.1452203048458,29.0706038512998,30.6766553176632,"Range_24 25 m"
2025-05-29 17:00:00,26.3,18.8229186683385,26.6791373565765,26.5499580054967,"Range_24 25 m"
2025-05-29 18:00:00,24.6,18.6511756817168,24.4131235987214,24.0384542385405,"Range_24 25 m"
2025-05-29 19:00:00,23.6,18.4399905604861,23.3700842888774,22.228561441376,"Range_24 25 m"
2025-05-29 20:00:00,22.7,18.2465447530085,22.5042947059965,21.0678943738276,"Range_24 25 m"
2025-05-29 21:00:00,22.2,17.9150765912552,21.7797032552549,20.3471706883927,"Range_24 25 m"
2025-05-29 22:00:00,21.6,17.5365659751555,21.2717980732281,20.1229846038481,"Range_24 25 m"
2025-05-29 23:00:00,20.9,17.1372848273016,20.7151028980323,19.5815754652716,"Range_24 25 m"
2025-05-30,20.0999999999999,16.9228499042449,20.0191091593687,18.9862139331756,"Range_24 25 m"
2025-05-30 01:00:00,20.1,16.2867372382831,19.9357645218337,18.1043013681125,"Range_24 25 m"
2025-05-30 02:00:00,19.4,15.8366027156742,19.3624469158185,17.5906704942615,"Range_24 25 m"
2025-05-30 03:00:00,19.5,15.6461297092505,19.205680375216,17.4078440485068,"Range_24 25 m"
2025-05-30 04:00:00,20.7,19.5632974696247,20.3809994937391,19.2742289495556,"Range_24 25 m"
2025-05-30 05:00:00,24.4,24.2376033956805,24.1303936412156,23.1882551605502,"Range_24 25 m"
2025-05-30 06:00:00,29,28.6354330023502,28.4034046533719,27.9045249065136,"Range_24 25 m"
2025-05-30 07:00:00,32.8,32.3467681615996,31.2651449248825,31.6931138246703,"Range_24 25 m"
2025-05-30 08:00:00,35.5,34.3029697360978,35.0737531162857,35.4307716312394,"Range_24 25 m"
2025-05-30 09:00:00,36.5,34.3943353579659,37.7425654620868,38.4509859965462,"Range_24 25 m"
2025-05-30 10:00:00,39.9,35.2314603438868,39.7041072483864,40.7268750777735,"Range_24 25 m"
2025-05-30 11:00:00,40.8,34.0004028165565,40.7999297964513,42.1121200406776,"Range_24 25 m"
2025-05-30 12:00:00,40.8,33.5422242731886,40.5921730123866,42.5513347239332,"Range_24 25 m"
2025-05-30 13:00:00,39.2,35.524377774624,39.2883068370277,42.3762201780359,"Range_24 25 m"
2025-05-30 14:00:00,37.1,33.6085977884026,36.7678303667884,39.0533252092095,"Range_24 25 m"
2025-05-30 15:00:00,34,28.1015945179148,34.0737903529871,34.8320165378733,"Range_24 25 m"
2025-05-30 16:00:00,29.8,21.572598944973,29.9126546346966,30.3200631249657,"Range_24 25 m"
2025-05-30 17:00:00,26.5,18.6830165622824,26.6572703561727,26.4995582340353,"Range_24 25 m"
2025-05-30 18:00:00,24.5,17.9040672746984,24.4332819968353,25.0483996836034,"Range_24 25 m"
2025-05-30 19:00:00,23.2,17.4942819059675,23.1592093738591,24.1602803648298,"Range_24 25 m"
2025-05-30 20:00:00,22.7,17.2313042098855,22.7086015270811,23.3613710815286,"Range_24 25 m"
2025-05-30 21:00:00,23,17.0839518829228,22.7936688491466,22.5285481735112,"Range_24 25 m"
2025-05-30 22:00:00,22.5,16.9242904736336,22.4575770652825,21.9621236874398,"Range_24 25 m"
2025-05-30 23:00:00,21.7,16.801000845466,21.6790261491599,21.1485054612497,"Range_24 25 m"
2025-05-31,20.8,16.7911490064424,20.770107687833,20.2363742452424,"Range_24 25 m"
2025-05-31 01:00:00,19.9,15.8366597882133,19.735631249595,18.3758348217826,"Range_24 25 m"
2025-05-31 02:00:00,19.2,15.4566742415168,18.9980764774378,17.7343107695319,"Range_24 25 m"
2025-05-31 03:00:00,18.7,15.4210368304094,18.5083909312273,17.5055581240495,"Range_24 25 m"
2025-05-31 04:00:00,20.4,20.3358758161487,20.0193699862696,19.3746340344371,"Range_24 25 m"
2025-05-31 05:00:00,24.4,28.4803739389846,24.1019829341049,23.2048192820022,"Range_24 25 m"
2025-05-31 06:00:00,29.3,35.9472427705833,28.8039369500423,27.5544681886741,"Range_24 25 m"
2025-05-31 07:00:00,32.8,35.4642265916641,32.6350400217819,32.3201221109207,"Range_24 25 m"
2025-05-31 08:00:00,35.9,34.8798684383721,35.2617296451433,35.959686329493,"Range_24 25 m"
2025-05-31 09:00:00,37.3,34.3102822423829,37.2302197871919,38.4347043157472,"Range_24 25 m"
2025-05-31 10:00:00,34.5,41.712698698871,36.2070714180623,41.3752702482866,"Range_24 25 m"
2025-05-31 11:00:00,38.4,48.618206343862,38.8601088168984,41.6796291687216,"Range_24 25 m"
2025-05-31 12:00:00,39.6,46.685901828559,39.244298246018,39.9977724035102,"Range_24 25 m"
2025-05-31 13:00:00,37.9,43.2454335456275,38.0009775199924,38.3773028617286,"Range_24 25 m"
2025-05-31 14:00:00,35.9,38.0054283445608,35.7523948599813,36.5735286777746,"Range_24 25 m"
2025-05-31 15:00:00,33.3,32.1927551845373,33.3374775657978,34.5446495631994,"Range_24 25 m"
2025-05-31 16:00:00,29.9,24.4792828265362,29.4783825843594,31.1996216479473,"Range_24 25 m"
2025-05-31 17:00:00,27,21.2199580273,26.6697425173944,27.8756410679189,"Range_24 25 m"
2025-05-31 18:00:00,25.9,20.2475235537256,25.3039954883684,26.4180271700586,"Range_24 25 m"
2025-05-31 19:00:00,25.2,19.8565722178058,24.5569703414362,25.3093710611896,"Range_24 25 m"
2025-05-31 20:00:00,24.7,19.6986206460795,24.2422257509072,24.319893686851,"Range_24 25 m"
2025-05-31 21:00:00,24.2,19.5762808439404,23.5136886286468,23.3417527792126,"Range_24 25 m"
2025-05-31 22:00:00,23.9,19.3002521110999,23.1325510838545,22.3147965980994,"Range_24 25 m"
2025-05-31 23:00:00,23.3,19.0725039431117,22.5900570352017,21.1394418665431,"Range_24 25 m"
2025-06-08 01:00:00,21,19.7029822490709,20.9903159797767,21.6384395978944,"Range_24 25 m"
2025-06-08 02:00:00,20.3,19.1438811598037,20.1637382932789,20.975543218634,"Range_24 25 m"
2025-06-08 03:00:00,20.4,19.2836300722049,20.4135243799869,20.5955386749194,"Range_24 25 m"
2025-06-08 04:00:00,21.3,23.2693670732201,21.591281783228,22.0870183450402,"Range_24 25 m"
2025-06-08 05:00:00,24.7,26.6903380912905,24.6558490364301,25.8565798563128,"Range_24 25 m"
2025-06-08 06:00:00,28.1,30.1680068525071,28.1190819328883,29.5112448486085,"Range_24 25 m"
2025-06-08 07:00:00,32.3,35.4185599514032,32.57608495755,32.2227610775018,"Range_24 25 m"
2025-06-08 08:00:00,34.9,49.716989575733,35.2936861617816,34.9863281835211,"Range_24 25 m"
2025-06-08 09:00:00,36.4,56.1337058009903,36.772451006487,39.781895345668,"Range_24 25 m"
2025-06-08 10:00:00,39,58.382580927819,39.5077639721206,43.5046502866447,"Range_24 25 m"
2025-06-08 11:00:00,41.1,56.6917145356423,42.1387259633676,44.0557167634255,"Range_24 25 m"
2025-06-08 12:00:00,41.9,53.0827986402517,42.3438443704137,43.0723492307668,"Range_24 25 m"
2025-06-08 13:00:00,40.4,49.5088569999557,40.9760772113615,41.791630017839,"Range_24 25 m"
2025-06-08 14:00:00,38.1,43.9899216408848,38.5510581066136,39.6539903397679,"Range_24 25 m"
2025-06-08 15:00:00,34.2,37.1553448352004,34.5873620715784,37.0488831910277,"Range_24 25 m"
2025-06-08 16:00:00,31,28.6259157833426,31.4911555218232,33.6217148479788,"Range_24 25 m"
2025-06-08 17:00:00,28.0999999999999,24.0054467341317,28.0322997505925,30.3236416003121,"Range_24 25 m"
2025-06-08 18:00:00,26.5,22.9459336098924,26.4096293980226,27.9112303551927,"Range_24 25 m"
2025-06-08 19:00:00,25.1,22.4820871759619,25.1118994402406,26.1451473642554,"Range_24 25 m"
2025-06-08 20:00:00,24.1,21.6325857028204,24.0396619843352,25.0156256541449,"Range_24 25 m"
2025-06-08 21:00:00,23.7,21.342026092216,23.375396872523,24.141963340446,"Range_24 25 m"
2025-06-08 22:00:00,24,21.0790472011607,23.729711407443,23.921926973347,"Range_24 25 m"
2025-06-08 23:00:00,24.5,20.7621315463082,23.8380074946703,23.8065775378243,"Range_24 25 m"
2025-06-09,24.4,20.6437051354366,23.7243891735586,23.3839967308956,"Range_24 25 m"
2025-06-09 01:00:00,24.5,20.5998434321587,24.0800770716701,22.9485143916314,"Range_24 25 m"
2025-06-09 02:00:00,24.3,20.3564180941631,23.710647271293,22.7886480898906,"Range_24 25 m"
2025-06-09 03:00:00,24.1,20.5468214286953,23.5395326277238,22.5852731002956,"Range_24 25 m"
2025-06-09 04:00:00,24.6,23.9337523097527,24.1405026465858,23.8924116010201,"Range_24 25 m"
2025-06-09 05:00:00,26.4,27.2957438905145,26.3530416425122,26.8429264504815,"Range_24 25 m"
2025-06-09 06:00:00,28.9,32.1981458434008,29.1860189714996,30.4144872197054,"Range_24 25 m"
2025-06-09 07:00:00,32.8,41.0110423349005,32.8679176823213,34.6045944474798,"Range_24 25 m"
2025-06-09 08:00:00,35.7,52.7637289505157,36.6983038944584,37.299917076126,"Range_24 25 m"
2025-06-09 09:00:00,37.1,57.8998393796178,38.7203547436126,40.9066982053014,"Range_24 25 m"
2025-06-09 10:00:00,41,60.3362161800499,42.6893164680827,43.9770281002159,"Range_24 25 m"
2025-06-09 11:00:00,42.9,58.7214421058413,44.2845513695994,44.6863526130434,"Range_24 25 m"
2025-06-09 12:00:00,41.8,54.3423075458283,42.7686993077859,43.411735989737,"Range_24 25 m"
2025-06-09 13:00:00,40.6,49.9145626960738,40.6899824691124,41.7933707176192,"Range_24 25 m"
2025-06-09 14:00:00,37.9,43.9013950220367,38.0446964466973,39.4718796602508,"Range_24 25 m"
2025-06-09 15:00:00,34.7,36.9690993671124,34.7515036094243,37.0386840943997,"Range_24 25 m"
2025-06-09 16:00:00,31.2,28.3865570708557,31.3113624863697,33.3817062064453,"Range_24 25 m"
2025-06-09 17:00:00,28.1,24.0857165253419,28.0796769187116,30.2665069496888,"Range_24 25 m"
2025-06-09 18:00:00,26.7,22.9423944470268,26.483536374455,27.9509841915947,"Range_24 25 m"
2025-06-09 19:00:00,25.5,22.4977858134818,25.1684022911522,26.1072328158927,"Range_24 25 m"
2025-06-09 20:00:00,24.7,21.7732055102792,24.44357685825,24.9730050479379,"Range_24 25 m"
2025-06-09 21:00:00,24.5,21.5195886545897,24.2323053078725,23.7295238428832,"Range_24 25 m"
2025-06-09 22:00:00,24.7,21.2554092248809,23.9916381264792,23.3239602884185,"Range_24 25 m"
2025-06-09 23:00:00,25,20.8987266768518,24.214772480019,23.0719744910303,"Range_24 25 m"
2025-06-10,24.7,20.7626385852936,23.5770854637783,22.9704322979096,"Range_24 25 m"
2025-06-10 01:00:00,24.7,20.3050545712755,23.6201419375419,22.2718518039034,"Range_24 25 m"
2025-06-10 02:00:00,24.4,20.1321634959003,23.7503463805081,21.7397198389789,"Range_24 25 m"
2025-06-10 03:00:00,23.9,20.3027496187792,23.4587069485296,21.563045844327,"Range_24 25 m"
2025-06-10 04:00:00,24.7,25.9184445511779,24.3808169550615,23.673467792221,"Range_24 25 m"
2025-06-10 05:00:00,27,30.4967772206462,26.8589619751394,27.0875899037517,"Range_24 25 m"
2025-06-10 06:00:00,30.1,33.9975852391169,29.7313237020077,30.5449928662226,"Range_24 25 m"
2025-06-10 07:00:00,33.8,39.6921583047408,33.1399777971679,34.7602153649825,"Range_24 25 m"
2025-06-10 08:00:00,36.4,52.5446262777439,36.3578165866484,37.7042961538425,"Range_24 25 m"
2025-06-10 09:00:00,37.5,57.4468649483465,37.7306223125061,41.0043886757635,"Range_24 25 m"
2025-06-10 10:00:00,41.1,59.3918297801145,41.9397106725607,43.9226058039792,"Range_24 25 m"
2025-06-10 11:00:00,43,58.9429646321225,44.1703982944365,44.9386931248593,"Range_24 25 m"
2025-06-10 12:00:00,42.2,55.1855499214306,43.1428491852996,43.7678081459179,"Range_24 25 m"
2025-06-10 13:00:00,39.6,50.5085166057242,40.1276020709158,42.2423689921988,"Range_24 25 m"
2025-06-10 14:00:00,37.3,43.3368892787438,37.7660697436217,39.415678036068,"Range_24 25 m"
2025-06-10 15:00:00,33.7,36.0604125323431,34.4434866821592,36.7982292237417,"Range_24 25 m"
2025-06-10 16:00:00,31,28.4894358611606,31.3464318783643,33.4996740317844,"Range_24 25 m"
2025-06-10 17:00:00,29,24.5662050248784,28.792719114031,30.347854614417,"Range_24 25 m"
2025-06-10 18:00:00,27.2,23.6310087230739,27.4626226837109,28.645006277853,"Range_24 25 m"
2025-06-10 19:00:00,25.7,23.1138944463166,25.8841967818258,27.0387739972504,"Range_24 25 m"
2025-06-10 20:00:00,24.8,22.4952074493686,24.7875174942881,25.7976232971469,"Range_24 25 m"
2025-06-10 21:00:00,24.2,22.1712814215899,24.2046840344997,24.7689286116839,"Range_24 25 m"
2025-06-10 22:00:00,23.8,21.5220437821853,23.7108391035387,23.9513850984084,"Range_24 25 m"
2025-06-10 23:00:00,23.7,21.1764469026966,23.3946847239784,23.3700976252003,"Range_24 25 m"
2025-06-11,23.8,21.0430402748864,23.5286061226988,23.0836162560265,"Range_24 25 m"
2025-06-11 01:00:00,23.4,20.9625369377575,23.1729372115775,22.78445816712,"Range_24 25 m"
2025-06-11 02:00:00,23.5,20.8773513936562,23.204507468664,22.496552457766,"Range_24 25 m"
2025-06-11 03:00:00,23.3,21.0720564559662,23.0858137352057,22.4906423524582,"Range_24 25 m"
2025-06-11 04:00:00,24.1,25.1838958143396,23.985337658867,23.9404899954004,"Range_24 25 m"
2025-06-11 05:00:00,26.3,28.9721687369148,26.2934472526912,27.0341631703178,"Range_24 25 m"
2025-06-11 06:00:00,30.1,32.5656764468268,29.9221905145019,31.0164283474997,"Range_24 25 m"
2025-06-11 07:00:00,33.1,40.4585108423479,32.7729574057009,35.0666174555071,"Range_24 25 m"
2025-06-11 08:00:00,35.8,53.1180887451094,36.3349554761176,38.1475162734907,"Range_24 25 m"
2025-06-11 09:00:00,37.2,58.3543997247124,38.0944562180254,41.3652410943413,"Range_24 25 m"
2025-06-11 10:00:00,40.8,59.8168744088781,41.2539979593666,43.9559811593664,"Range_24 25 m"
2025-06-11 11:00:00,43.5,57.9102925939197,44.1255928876146,44.5002956075305,"Range_24 25 m"
2025-06-11 12:00:00,43.9,54.5944896509325,43.621656402473,43.8160339166796,"Range_24 25 m"
2025-06-11 13:00:00,42,49.74666203295,42.2206876813763,42.0542682531954,"Range_24 25 m"
2025-06-11 14:00:00,38.8,43.7745630091933,38.9843943778298,39.8186985797194,"Range_24 25 m"
2025-06-11 15:00:00,35.4,38.1419526458977,35.5890256124368,37.8599043012856,"Range_24 25 m"
2025-06-11 16:00:00,31.9,29.7747795567756,32.647271332564,34.0812184796577,"Range_24 25 m"
2025-06-11 17:00:00,28.6,25.0710367287667,28.8027380176354,30.9446863259347,"Range_24 25 m"
2025-06-11 18:00:00,26.7,24.1779535476191,27.3629041339942,28.7268646422846,"Range_24 25 m"
2025-06-11 19:00:00,25.7,23.1029110107101,25.6288719821522,27.2382726821579,"Range_24 25 m"
2025-06-11 20:00:00,24.9,22.4737748342093,24.663834690229,25.6562546926077,"Range_24 25 m"
2025-06-11 21:00:00,24.2,22.0562113091461,24.2830599010678,24.2214659020416,"Range_24 25 m"
2025-06-11 22:00:00,23.2,21.6030312172728,23.6838271175956,23.7993126503783,"Range_24 25 m"
2025-06-11 23:00:00,22.7,21.4282898644299,23.5735134767333,23.5306462982983,"Range_24 25 m"
2025-06-12,24.1,21.2388359917052,24.0449601183236,23.2550789726622,"Range_24 25 m"
2025-06-12 01:00:00,23.6,20.8756600435265,23.4753920374403,22.8240127380379,"Range_24 25 m"
2025-06-12 02:00:00,23.6,20.6880949881026,23.1210358147314,22.3880701210448,"Range_24 25 m"
2025-06-12 03:00:00,22.6,21.0216607963112,22.7506187448807,22.004702201989,"Range_24 25 m"
2025-06-12 04:00:00,23.3,27.4169939531728,23.0590025622515,24.1668809427663,"Range_24 25 m"
2025-06-12 05:00:00,26.1,31.2111478715243,26.1668910624227,27.3547984032931,"Range_24 25 m"
2025-06-12 06:00:00,29.5,34.3688355395579,29.3076315727076,31.2854286143565,"Range_24 25 m"
2025-06-12 07:00:00,34,43.6771680577908,33.2675807010031,34.9936906560574,"Range_24 25 m"
2025-06-12 08:00:00,37.1,57.3444681275653,37.0421770625648,38.5931100953387,"Range_24 25 m"
2025-06-12 09:00:00,38.1,60.7586410711147,39.9817376099146,41.9795482824184,"Range_24 25 m"
2025-06-12 10:00:00,42.6,62.3483949702268,42.9340778282237,44.866564373303,"Range_24 25 m"
2025-06-12 11:00:00,44.6,59.9936227308777,44.9333658643851,45.3776111113098,"Range_24 25 m"
2025-06-12 12:00:00,43.9,56.4128028636837,44.2293916823778,44.675803351965,"Range_24 25 m"
2025-06-12 13:00:00,41.7,51.4470008397585,41.7932808360703,42.8399146581179,"Range_24 25 m"
2025-06-12 14:00:00,39.1,44.7752324832539,39.0550342439174,40.0132552875142,"Range_24 25 m"
2025-06-12 15:00:00,36.4,38.0595686599514,36.2645923250614,37.4886104032299,"Range_24 25 m"
2025-06-12 16:00:00,32.5,29.6280219940981,32.6928662910418,33.5939309983095,"Range_24 25 m"
2025-06-12 17:00:00,28.8,24.9918345069658,28.9349883247162,30.6552651977312,"Range_24 25 m"
2025-06-12 18:00:00,26.9,23.9132805613077,27.3186965433909,28.4723749903238,"Range_24 25 m"
2025-06-12 19:00:00,25.8,22.5286150221522,25.3638088045968,26.7722721342738,"Range_24 25 m"
2025-06-12 20:00:00,24.9,21.9322553526013,24.4327715358594,24.8529482732861,"Range_24 25 m"
2025-06-12 21:00:00,24.7,21.2434264521381,24.2223168794749,23.5255571703693,"Range_24 25 m"
2025-06-12 22:00:00,24.4,20.7007140431864,23.8370738540268,22.5591550384028,"Range_24 25 m"
2025-06-12 23:00:00,24.2,20.2609478422538,23.2587031920981,21.979099292411,"Range_24 25 m"
2025-06-13,24.2,19.9725911320743,22.9119554152355,21.7397793234882,"Range_24 25 m"
2025-06-13 01:00:00,24.1,19.9455525071746,23.057620706358,22.1464063317901,"Range_24 25 m"
2025-06-13 02:00:00,22.5,19.6015573046891,22.0810506846298,21.9041915438859,"Range_24 25 m"
2025-06-13 03:00:00,22.1,19.7422360796357,21.7497273517318,21.0620129722977,"Range_24 25 m"
2025-06-13 04:00:00,23.9,24.8984948800918,23.5276977197523,22.8388952421066,"Range_24 25 m"
2025-06-13 05:00:00,26.6,29.1432782226287,26.496930410472,26.3172551208221,"Range_24 25 m"
2025-06-13 06:00:00,30.6,35.3783641615993,30.4781676668994,30.6889229575283,"Range_24 25 m"
2025-06-13 07:00:00,34.1,48.0659408758065,33.6602295924099,34.9328279683968,"Range_24 25 m"
2025-06-13 08:00:00,37.1,56.9841268605066,37.4136398094045,37.9449728077722,"Range_24 25 m"
2025-06-13 09:00:00,37.8,60.8520883951789,40.1239932418473,42.1863283548957,"Range_24 25 m"
2025-06-13 10:00:00,42.1,62.9042724836574,43.2311731903833,45.1029400099025,"Range_24 25 m"
2025-06-13 11:00:00,43.7,59.7678992613328,44.1567280602524,45.2131306990159,"Range_24 25 m"
2025-06-13 12:00:00,43.1,56.589365730938,43.378939199657,44.7687213522759,"Range_24 25 m"
2025-06-13 13:00:00,41.6,51.5883723609187,41.4027786927062,42.8859530799128,"Range_24 25 m"
2025-06-13 14:00:00,39.2,45.7230260644367,39.1146490345662,40.7434251580646,"Range_24 25 m"
2025-06-13 15:00:00,36.5,39.0552987985042,36.5195015493175,38.2233012847331,"Range_24 25 m"
2025-06-13 16:00:00,32.8,30.5629954821257,33.0204666284392,34.29675059382,"Range_24 25 m"
2025-06-13 17:00:00,29.4,25.8512455646074,30.694613624322,31.2364436809099,"Range_24 25 m"
2025-06-13 18:00:00,27.6,24.609961529703,28.099686852894,29.4984226426791,"Range_24 25 m"
2025-06-13 19:00:00,26.6,24.1384494954442,26.6720100903783,27.8779161626195,"Range_24 25 m"
2025-06-13 20:00:00,25.5,23.1529570503857,25.4054087790062,26.6260047836926,"Range_24 25 m"
2025-06-13 21:00:00,24.3,22.804481087189,24.3192617798171,25.177329121094,"Range_24 25 m"
2025-06-13 22:00:00,23.5999999999999,22.2006307053904,23.6781601105791,24.523540060554,"Range_24 25 m"
2025-06-13 23:00:00,24.1,21.8060775557829,23.8184134519369,23.8405729094816,"Range_24 25 m"
2025-06-14,24.2,21.6273053309575,23.8406836793907,23.3610910794393,"Range_24 25 m"
2025-06-14 01:00:00,23.3,21.2556702573557,23.2761780037687,22.944733210351,"Range_24 25 m"
2025-06-14 02:00:00,23.2,20.9814745958688,22.9978602970149,22.4262182291391,"Range_24 25 m"
2025-06-14 03:00:00,23.6,21.1508259463713,23.2337489724212,22.3286248135969,"Range_24 25 m"
2025-06-14 04:00:00,24.5,25.2347721209237,24.1747640991527,23.7713332524011,"Range_24 25 m"
2025-06-14 05:00:00,26.4,27.7876329147462,26.2007336270404,26.7969866716508,"Range_24 25 m"
2025-06-14 06:00:00,30.5,32.9490450773593,30.3884678438687,30.2400497351047,"Range_24 25 m"
2025-06-14 07:00:00,33.9,46.1460542691981,33.5243407759103,34.2443218244349,"Range_24 25 m"
2025-06-14 08:00:00,36.6,56.6461663526477,37.3319409054195,38.3190789503039,"Range_24 25 m"
2025-06-14 09:00:00,37.9,60.103316186105,39.0959040360911,41.7339905482876,"Range_24 25 m"
2025-06-14 10:00:00,42.2,62.4361229295539,42.7061137230661,45.0311279649543,"Range_24 25 m"
2025-06-14 11:00:00,44.9,59.3564924690828,44.9108863200252,45.2667278740511,"Range_24 25 m"
2025-06-14 12:00:00,43.4,56.1096148813174,43.7547889147349,44.759142431061,"Range_24 25 m"
2025-06-14 13:00:00,42.2,51.2188343828002,42.0859005424189,42.8311629121581,"Range_24 25 m"
2025-06-14 14:00:00,39.8,45.5220987385715,39.6899142933503,40.6679584568943,"Range_24 25 m"
2025-06-14 15:00:00,36.3,39.1680664276269,36.3826771982036,38.246921822944,"Range_24 25 m"
2025-06-14 16:00:00,32.4,30.6368536092829,32.6286965397832,34.3885168172907,"Range_24 25 m"
2025-06-14 17:00:00,29.3,25.5215365288808,29.3624933218954,31.2488533852651,"Range_24 25 m"
2025-06-14 18:00:00,27.4,24.1917947121802,27.6573461249928,28.9972837754431,"Range_24 25 m"
2025-06-14 19:00:00,26.3,23.8347029632622,26.2951546098533,27.4042935318047,"Range_24 25 m"
2025-06-14 20:00:00,26.6,23.1757329881394,26.3111280961779,26.5185755670273,"Range_24 25 m"
2025-06-14 21:00:00,26.1,22.939972124069,25.7099677480826,25.446458539932,"Range_24 25 m"
2025-06-14 22:00:00,25.3,22.919260811557,24.8091772649961,25.0331671950714,"Range_24 25 m"
2025-06-14 23:00:00,24.7,22.2437300301581,24.2101076259901,24.217896781066,"Range_24 25 m"
2025-07-27 01:00:00,24.7,23.5802916429835,24.7491027012624,25.5924223802882,"Range_24 25 m"
2025-07-27 02:00:00,24.2,23.3154764678405,24.3517928964526,25.0338124539779,"Range_24 25 m"
2025-07-27 03:00:00,23.6,22.8834173971163,23.6549203716794,24.5869213634478,"Range_24 25 m"
2025-07-27 04:00:00,24.2,27.3426741841534,23.9536808270115,25.1549181225994,"Range_24 25 m"
2025-07-27 05:00:00,27.5,35.5286243642459,27.6596497411218,27.2214573110232,"Range_24 25 m"
2025-07-27 06:00:00,31.9,46.1852312198989,32.3156153662598,30.9782562366836,"Range_24 25 m"
2025-07-27 07:00:00,37,55.4146749840743,36.1950278507728,34.259081112004,"Range_24 25 m"
2025-07-27 08:00:00,40.8,61.594341975032,40.5894896232818,38.3556983287918,"Range_24 25 m"
2025-07-27 09:00:00,42.2,64.7028349757046,42.5755447021036,42.3285483240933,"Range_24 25 m"
2025-07-27 10:00:00,46.7,66.2910063024771,46.5023282054115,45.6938211675894,"Range_24 25 m"
2025-07-27 11:00:00,49.1,64.9550282942689,48.5922742616402,47.1355969893373,"Range_24 25 m"
2025-07-27 12:00:00,49.1,61.9646120497389,48.5634523120038,47.3080063292189,"Range_24 25 m"
2025-07-27 13:00:00,47.9,57.5089179535833,47.6400014875153,46.246899749848,"Range_24 25 m"
2025-07-27 14:00:00,45.8,51.8512612684908,45.2431376078611,44.3065468176546,"Range_24 25 m"
2025-07-27 15:00:00,41.8,45.4671232032331,41.7978753638302,41.5765301513227,"Range_24 25 m"
2025-07-27 16:00:00,36.6,37.3401989672206,36.9965857824497,37.648378703358,"Range_24 25 m"
2025-07-27 17:00:00,32.2,31.3659951070605,32.7424986626127,34.6102616170703,"Range_24 25 m"
2025-07-27 18:00:00,30.4,29.4919776253709,30.6728088785648,31.6509160332688,"Range_24 25 m"
2025-07-27 19:00:00,29,28.356208170836,29.2583654685476,30.8978489293504,"Range_24 25 m"
2025-07-27 20:00:00,27.4,27.4550944954439,27.9723996861078,29.2888949305101,"Range_24 25 m"
2025-07-27 21:00:00,27.3,26.8061125832777,27.6976769874968,28.1334881144743,"Range_24 25 m"
2025-07-27 22:00:00,27.2,26.1104903552851,27.4282980229177,27.5892001722178,"Range_24 25 m"
2025-07-27 23:00:00,27.8,25.0817726630605,27.7436197853862,26.6575590152181,"Range_24 25 m"
2025-07-28,27.1,24.6059881558288,27.0190044362659,26.1561071982253,"Range_24 25 m"
2025-07-28 01:00:00,26.6,24.2599163758961,26.5636149145371,26.2080025184361,"Range_24 25 m"
2025-07-28 02:00:00,25.9,24.141376179386,25.9552074169748,25.7144189297446,"Range_24 25 m"
2025-07-28 03:00:00,25.1,24.0859958088716,25.3146882269082,25.3430019772371,"Range_24 25 m"
2025-07-28 04:00:00,25.9,28.1347159130998,25.8518357340094,26.6247559769578,"Range_24 25 m"
2025-07-28 05:00:00,28.7,34.1431508463251,28.6440299309242,28.5300794046747,"Range_24 25 m"
2025-07-28 06:00:00,31.9,43.7802849716128,31.7413367648288,31.7846747344912,"Range_24 25 m"
2025-07-28 07:00:00,36.3,53.8179167475453,35.5617466559926,34.8992575373402,"Range_24 25 m"
2025-07-28 08:00:00,39.6,59.9344073496699,39.18887366292,38.0203448496699,"Range_24 25 m"
2025-07-28 09:00:00,41.4,63.8627633142438,42.1466039401379,41.9294251489606,"Range_24 25 m"
2025-07-28 10:00:00,45.3,65.8892504010859,45.4588126718172,45.0719438825312,"Range_24 25 m"
2025-07-28 11:00:00,46.7,62.6126283866372,47.2699545281086,45.2943224173989,"Range_24 25 m"
2025-07-28 12:00:00,46.7,58.7893699089032,47.3724114040955,45.6443990150433,"Range_24 25 m"
2025-07-28 13:00:00,45.5,53.4546205608013,45.8892958494586,44.5608198253277,"Range_24 25 m"
2025-07-28 14:00:00,42.6,47.3374527394678,42.9968193815863,42.6922563016321,"Range_24 25 m"
2025-07-28 15:00:00,39,41.0101895031136,39.5102850157644,40.1228602823418,"Range_24 25 m"
2025-07-28 16:00:00,34.8,34.4682254570138,35.4503089356504,36.6057986992013,"Range_24 25 m"
2025-07-28 17:00:00,31.4,29.8942135298715,32.1379525367949,33.7428019965158,"Range_24 25 m"
2025-07-28 18:00:00,29.9,28.5051454681179,30.1795071994789,31.2433942931911,"Range_24 25 m"
2025-07-28 19:00:00,29.1,27.6155011502512,29.1094765888265,30.4050671902903,"Range_24 25 m"
2025-07-28 20:00:00,28.3,27.0326973306812,28.4476467067725,28.9851825344242,"Range_24 25 m"
2025-07-28 21:00:00,27.6,26.4810190276214,28.0014107702977,28.3310064152786,"Range_24 25 m"
2025-07-28 22:00:00,28,25.699514534308,28.0358010782944,27.8621064685121,"Range_24 25 m"
2025-07-28 23:00:00,27.6,25.1689125876314,27.5743551532363,27.4303762297518,"Range_24 25 m"
2025-07-29,27.2000000000001,24.8261529366031,27.2574211459369,27.1059147278323,"Range_24 25 m"
2025-07-29 01:00:00,27,24.859794565617,27.0299988508703,27.0466708626141,"Range_24 25 m"
2025-07-29 02:00:00,26.3,24.9298819673022,26.4834875155348,26.6302166354617,"Range_24 25 m"
2025-07-29 03:00:00,25.4,24.78224767172,25.7781816099778,26.1583339067664,"Range_24 25 m"
2025-07-29 04:00:00,26,28.4079717970561,26.2064087700183,27.0398746109675,"Range_24 25 m"
2025-07-29 05:00:00,28.8,33.5574875800797,28.7387321192837,28.8287449805924,"Range_24 25 m"
2025-07-29 06:00:00,32.4,41.7696620681398,32.1866620114219,31.9141465880983,"Range_24 25 m"
2025-07-29 07:00:00,35.8999999999999,48.6592769057835,35.0357627625213,33.3459376723851,"Range_24 25 m"
2025-07-29 08:00:00,39.3,55.671421162363,38.3439548853787,36.1515122573337,"Range_24 25 m"
2025-07-29 09:00:00,41,61.5124990705828,41.4530793533052,40.8554174665789,"Range_24 25 m"
2025-07-29 10:00:00,44.7,63.2153939798086,44.6729487069872,44.5470590188711,"Range_24 25 m"
2025-07-29 11:00:00,46.3,61.5548989655852,46.5700981722842,45.9646069886565,"Range_24 25 m"
2025-07-29 12:00:00,46.4,57.6759834339267,46.5614411614852,45.4602317859775,"Range_24 25 m"
2025-07-29 13:00:00,44.2,52.6855941622491,44.7133634073754,44.2125955431695,"Range_24 25 m"
2025-07-29 14:00:00,41.4,46.7601545611914,41.912639173387,42.3394149104651,"Range_24 25 m"
2025-07-29 15:00:00,37.9,40.1779390093128,38.4122381716765,39.6940392967502,"Range_24 25 m"
2025-07-29 16:00:00,34.1,33.4388596453966,34.8259279168013,36.1580235400499,"Range_24 25 m"
2025-07-29 17:00:00,31.4,28.9496456003584,31.7487137794325,33.0455942964949,"Range_24 25 m"
2025-07-29 18:00:00,30.1,27.8392050368984,30.3351303816862,31.3088185889919,"Range_24 25 m"
2025-07-29 19:00:00,29.4,27.4954843058007,29.5864293302351,30.3310904039758,"Range_24 25 m"
2025-07-29 20:00:00,29,27.0597068251688,28.9944309014424,29.5852643431742,"Range_24 25 m"
2025-07-29 21:00:00,28.5,26.743674294276,28.5192922225918,28.8719840209911,"Range_24 25 m"
2025-07-29 22:00:00,28.6,25.5896246459055,28.3514930056885,28.1002390410471,"Range_24 25 m"
2025-07-29 23:00:00,28,25.1001436277,27.9207942963709,27.5733978314964,"Range_24 25 m"
2025-07-30,27.7,24.9362183249508,27.6986626230315,27.4083443320309,"Range_24 25 m"
2025-07-30 01:00:00,27.7,24.708005964784,27.5764553255132,27.3132706284803,"Range_24 25 m"
2025-07-30 02:00:00,27.2999999999999,24.6247373288372,27.1814413389577,26.9741931622723,"Range_24 25 m"
2025-07-30 03:00:00,26.6,24.4994406766998,26.6710246503366,26.9064097471344,"Range_24 25 m"
2025-07-30 04:00:00,27,25.8769665105716,26.9151402336247,27.1514596088306,"Range_24 25 m"
2025-07-30 05:00:00,30.5,28.064755486572,30.0391469471749,28.4873612991216,"Range_24 25 m"
2025-07-30 06:00:00,32.5,30.994473467195,32.043252951239,31.2406672337889,"Range_24 25 m"
2025-07-30 07:00:00,36,32.4920082735392,34.4680217629985,34.922738139567,"Range_24 25 m"
2025-07-30 08:00:00,40.1,33.5964580524492,39.2484393268328,37.6576658237505,"Range_24 25 m"
2025-07-30 09:00:00,42.4,35.4801409251991,42.5153994364263,39.8800899989906,"Range_24 25 m"
2025-07-30 10:00:00,45.7,38.0084433669596,45.6861709251286,43.4391608352213,"Range_24 25 m"
2025-07-30 11:00:00,46.8,44.295746791002,46.3642851072129,46.444717871782,"Range_24 25 m"
2025-07-30 12:00:00,47.3,50.8827983840215,46.9558463497072,45.1293022139776,"Range_24 25 m"
2025-07-30 13:00:00,45.9,49.7857050832007,45.6229826154918,43.3478031094763,"Range_24 25 m"
2025-07-30 14:00:00,43.1,44.9959765192005,42.7779748383158,41.2498536821338,"Range_24 25 m"
2025-07-30 15:00:00,39.2,38.9509091808556,39.3418562937181,38.8468670084237,"Range_24 25 m"
2025-07-30 16:00:00,34.7,31.5016554487729,35.0403241400458,35.2780383718991,"Range_24 25 m"
2025-07-30 17:00:00,30.5,26.6839504867979,31.6470956823681,31.995968404431,"Range_24 25 m"
2025-07-30 18:00:00,28.9,25.4278757499544,29.7103892672345,30.0106728004305,"Range_24 25 m"
2025-07-30 19:00:00,28.1,24.9444386802879,28.928554565878,28.8616311393943,"Range_24 25 m"
2025-07-30 20:00:00,27.8,24.5968363174143,28.3604582350946,28.11987518155,"Range_24 25 m"
2025-07-30 21:00:00,27.7,24.232267925146,27.9248152061461,27.5375133246211,"Range_24 25 m"
2025-07-30 22:00:00,27.6,23.6714865808382,27.9724453190808,26.9555046205416,"Range_24 25 m"
2025-07-30 23:00:00,27.7,23.2721714293567,27.9622307926553,26.355011395177,"Range_24 25 m"
2025-07-31,27.5,23.1347022251275,27.5298749463829,26.2525425151971,"Range_24 25 m"
2025-07-31 01:00:00,27.5,22.6180381548799,27.3128571076616,25.8266930354036,"Range_24 25 m"
2025-07-31 02:00:00,27.6,22.4321780978815,27.3448247019666,25.4202442943232,"Range_24 25 m"
2025-07-31 03:00:00,26.9,22.4602690775853,27.0463624044763,25.4285980303746,"Range_24 25 m"
2025-07-31 04:00:00,27,24.2089503382215,27.0295326564893,26.2250054453382,"Range_24 25 m"
2025-07-31 05:00:00,29.5,26.623373307499,29.3761899393802,27.9837296383706,"Range_24 25 m"
2025-07-31 06:00:00,31.8,29.3282650251571,31.6421243547535,30.9612872142974,"Range_24 25 m"
2025-07-31 07:00:00,36.9,30.6116783436122,35.5463703374742,33.5388037975612,"Range_24 25 m"
2025-07-31 08:00:00,39.3,33.8118229983238,38.1983794168201,35.7561905262855,"Range_24 25 m"
2025-07-31 09:00:00,41.3,34.8136285306163,41.0755113901896,40.1417850018687,"Range_24 25 m"
2025-07-31 10:00:00,44.9,34.1681927247899,44.4110812865119,42.1961239381688,"Range_24 25 m"
2025-07-31 11:00:00,45.6,34.5449663030849,45.766211429479,43.4482484686122,"Range_24 25 m"
2025-07-31 12:00:00,46.1,42.1130190120217,45.7666140799439,44.7451315150735,"Range_24 25 m"
2025-07-31 13:00:00,45.3,44.6555638497949,45.1735665715546,42.4874916261316,"Range_24 25 m"
2025-07-31 14:00:00,42.5,41.8060399054063,42.3364752162474,40.8044619320405,"Range_24 25 m"
2025-07-31 15:00:00,37.4,36.2429092908299,37.9712842442981,38.4991220021641,"Range_24 25 m"
2025-07-31 16:00:00,33.7,30.0934918063802,34.198792573453,34.8428046840352,"Range_24 25 m"
2025-07-31 17:00:00,30.5,26.0540587360769,31.4504558805144,31.6530754024893,"Range_24 25 m"
2025-07-31 18:00:00,29.3,24.8908836793044,29.900536945518,29.7472245644668,"Range_24 25 m"
2025-07-31 19:00:00,28.6,24.2714853631141,29.0224119141526,28.8072748528602,"Range_24 25 m"
2025-07-31 20:00:00,28,23.8502882983283,28.2066415701751,27.851025965412,"Range_24 25 m"
2025-07-31 21:00:00,27.5,23.4422715940523,27.6708946186303,27.1290940084505,"Range_24 25 m"
2025-07-31 22:00:00,27.6,23.2464602457417,27.6633933389716,27.0390122400654,"Range_24 25 m"
2025-07-31 23:00:00,27.1,22.926330089089,27.2169448135229,26.6168236727682,"Range_24 25 m"
2025-08-01,27.1,22.8446931625255,27.0742410410198,26.298971154774,"Range_24 25 m"
2025-08-01 01:00:00,26.6,22.4536166077078,26.6387060883154,25.8087940102041,"Range_24 25 m"
2025-08-01 02:00:00,26.6,22.2782738033245,26.6431919869902,25.676375133128,"Range_24 25 m"
2025-08-01 03:00:00,26.2,22.2500722492853,26.4178354922578,25.403473147265,"Range_24 25 m"
2025-08-01 04:00:00,26.8,23.7631483730926,26.9245736970385,25.864865845169,"Range_24 25 m"
2025-08-01 05:00:00,29,26.0166478887227,28.917660950299,27.5300505891469,"Range_24 25 m"
2025-08-01 06:00:00,32.2,28.7660414375425,32.176415686064,30.2919116415144,"Range_24 25 m"
2025-08-01 07:00:00,36.6,29.8936667517073,35.1258347817727,33.4102792814619,"Range_24 25 m"
2025-08-01 08:00:00,39.6,31.1408387912799,38.5897750893981,35.098418880849,"Range_24 25 m"
2025-08-01 09:00:00,41.6,32.4174772781007,41.0063057185127,38.007548002588,"Range_24 25 m"
2025-08-01 10:00:00,44.8,34.0981963927708,44.5927755378161,41.6912492568455,"Range_24 25 m"
2025-08-01 11:00:00,45.8,33.9742071312372,45.6637025536678,44.3298647087518,"Range_24 25 m"
2025-08-01 12:00:00,45.6,34.7563551103879,45.8669928423189,44.8426616823483,"Range_24 25 m"
2025-08-01 13:00:00,44.4,40.0920831904145,44.5501131368154,45.1505038485261,"Range_24 25 m"
2025-08-01 14:00:00,41.5,40.4529584097306,41.9541350955349,41.7832362102906,"Range_24 25 m"
2025-08-01 15:00:00,38.3,35.8911950199015,38.6649121222772,38.3896076290018,"Range_24 25 m"
2025-08-01 16:00:00,34.3,29.2569683543851,34.7160725673924,34.6513589374234,"Range_24 25 m"
2025-08-01 17:00:00,30.5,25.1142030279366,31.194634649424,31.1908059637276,"Range_24 25 m"
2025-08-01 18:00:00,28.9,24.0052727687078,29.3262037247286,29.2583073603826,"Range_24 25 m"
2025-08-01 19:00:00,28.2,23.7560588662278,28.4905091078413,28.3273717705857,"Range_24 25 m"
2025-08-01 20:00:00,27.3,23.3978185039574,27.6382909286173,27.5404161792809,"Range_24 25 m"
2025-08-01 21:00:00,26.8,23.079468785482,27.19095692306,27.0153408634239,"Range_24 25 m"
2025-08-01 22:00:00,26.6,23.0760350171,27.0886471551913,27.0743250790507,"Range_24 25 m"
2025-08-01 23:00:00,26,22.7868296865148,26.6379223952782,26.502599454276,"Range_24 25 m"
2025-08-02,25.5,22.6717185087175,26.1230577179199,26.3002604551286,"Range_24 25 m"
2025-08-02 01:00:00,25.1,22.5294758983756,25.8511004278245,25.8507077404166,"Range_24 25 m"
2025-08-02 02:00:00,24.9,22.5227206375641,25.3249758221758,25.5608313705963,"Range_24 25 m"
2025-08-02 03:00:00,25,22.5439752979574,25.3086759552296,25.4432382030782,"Range_24 25 m"
2025-08-02 04:00:00,25.5,24.0019355139521,25.6730308409976,25.9375158867625,"Range_24 25 m"
2025-08-02 05:00:00,28.3,26.6643045428496,28.2686722755968,27.6010469678145,"Range_24 25 m"
2025-08-02 06:00:00,32.2,29.3688826005563,31.8279087492024,30.4315601031884,"Range_24 25 m"
2025-08-02 07:00:00,35.6,33.3027132565781,34.4190527766598,33.4739173466965,"Range_24 25 m"
2025-08-02 08:00:00,39.3,35.3506454060858,38.5462275122488,37.9774344991034,"Range_24 25 m"
2025-08-02 09:00:00,41.4,35.7379686434684,41.6036881451676,40.841880996984,"Range_24 25 m"
2025-08-02 10:00:00,43.8,36.7047575304243,43.9227019150686,43.6719806978437,"Range_24 25 m"
2025-08-02 11:00:00,44.7,34.8380938425471,45.273028374421,45.371525849383,"Range_24 25 m"
2025-08-02 12:00:00,45.1,33.7866315011916,45.2529634276967,44.8957509164748,"Range_24 25 m"
2025-08-02 13:00:00,44.5,37.7577216879599,44.5219602517677,44.7112024084799,"Range_24 25 m"
2025-08-02 14:00:00,42,38.8109645997873,41.6700413906986,42.5738659059396,"Range_24 25 m"
2025-08-02 15:00:00,38.6,34.6632662203099,38.3725542904633,38.8161306764867,"Range_24 25 m"
2025-08-02 16:00:00,34.3,29.0103943841727,34.5899160987697,35.0261533754142,"Range_24 25 m"
2025-08-02 17:00:00,30.8,25.3428805598015,31.3281764290883,31.7108643778557,"Range_24 25 m"
2025-08-02 18:00:00,29.3,24.3968343657659,29.6588316802547,29.8031773490118,"Range_24 25 m"
2025-08-02 19:00:00,29.1,24.1264514843671,29.2184035622986,28.8651599804608,"Range_24 25 m"
2025-08-02 20:00:00,28.3,23.9485538446915,28.5050050478688,28.0750568354142,"Range_24 25 m"
2025-08-02 21:00:00,28.1,23.6797122472933,28.1314791440042,27.4839133733919,"Range_24 25 m"
2025-08-02 22:00:00,27.4,23.6741966932011,27.8058108433778,27.1051101415348,"Range_24 25 m"
2025-08-02 23:00:00,27.3,23.3640860993076,27.5924328275208,26.7654823738742,"Range_24 25 m"
2025-08-17 01:00:00,27.2,24.8109527592806,27.0282522928358,26.3897393708376,"Range_24 25 m"
2025-08-17 02:00:00,26.9,24.4725525026444,26.756378237322,26.2030936126832,"Range_24 25 m"
2025-08-17 03:00:00,26.1,24.4596144473117,26.3065791845819,25.9409153973621,"Range_24 25 m"
2025-08-17 04:00:00,26.6,24.5465169640218,26.4680412463395,25.5916182490026,"Range_24 25 m"
2025-08-17 05:00:00,28.7,32.6930939966073,28.7178506891526,26.8195135408273,"Range_24 25 m"
2025-08-17 06:00:00,33.3,40.837492414561,32.8583877239017,30.2379593335063,"Range_24 25 m"
2025-08-17 07:00:00,38.3,51.2623776294674,37.087194889396,33.4768437244381,"Range_24 25 m"
2025-08-17 08:00:00,41.7,58.0763771906786,41.1731260579813,36.492785729497,"Range_24 25 m"
2025-08-17 09:00:00,44.7,61.3929936087206,43.6907522630518,40.5309940970019,"Range_24 25 m"
2025-08-17 10:00:00,47.4,61.4613988420826,46.185292835847,43.4817311785084,"Range_24 25 m"
2025-08-17 11:00:00,48.4,61.4516205180126,47.8512981148243,45.8063396799999,"Range_24 25 m"
2025-08-17 12:00:00,47.8,57.6570497414255,47.3691384988031,45.4412847420359,"Range_24 25 m"
2025-08-17 13:00:00,45.8,52.880857087971,45.4653076591602,44.2808424013865,"Range_24 25 m"
2025-08-17 14:00:00,41.6,46.3726896141699,41.5825587206469,42.288172135227,"Range_24 25 m"
2025-08-17 15:00:00,37.4,38.9936883232001,37.587942796795,39.2844320318106,"Range_24 25 m"
2025-08-17 16:00:00,33.4,31.9777468531314,33.7424253290528,35.504688629407,"Range_24 25 m"
2025-08-17 17:00:00,30.7,28.7817037577851,31.120628453376,32.6979272837861,"Range_24 25 m"
2025-08-17 18:00:00,29.6,27.9260966851832,29.9060688779646,31.3167383744837,"Range_24 25 m"
2025-08-17 19:00:00,28.8,27.49863804727,29.0185538540709,30.7364524736921,"Range_24 25 m"
2025-08-17 20:00:00,28.2,27.3763333527422,28.4397601003709,30.0643826691485,"Range_24 25 m"
2025-08-17 21:00:00,27.6,27.0452205693952,27.9170875321066,29.3931190526716,"Range_24 25 m"
2025-08-17 22:00:00,27.3,26.1169166984398,27.5019392059502,28.8836894454796,"Range_24 25 m"
2025-08-17 23:00:00,27.7,25.958434900754,27.8142219913048,28.4007113785677,"Range_24 25 m"
2025-08-18,27.6,25.6600010337084,27.5701117087905,28.002122157976,"Range_24 25 m"
2025-08-18 01:00:00,26.7,25.6042668625314,26.896823385313,27.6306159302194,"Range_24 25 m"
2025-08-18 02:00:00,26.4,25.359416815457,26.5132734360026,27.4596084086272,"Range_24 25 m"
2025-08-18 03:00:00,26.8,25.3669200352775,26.7164295970988,27.4661651066886,"Range_24 25 m"
2025-08-18 04:00:00,27.1,25.5326274210534,26.9192356921087,27.0277486616692,"Range_24 25 m"
2025-08-18 05:00:00,28.6,30.9421703478375,28.4192887940163,27.2891347071209,"Range_24 25 m"
2025-08-18 06:00:00,32.6,39.4800269772435,32.3236871341797,29.992467658701,"Range_24 25 m"
2025-08-18 07:00:00,37.4,51.0362222381642,36.7029469313166,32.9121301361134,"Range_24 25 m"
2025-08-18 08:00:00,41.3,57.1342001145786,40.5355530107022,36.2568731492466,"Range_24 25 m"
2025-08-18 09:00:00,44.2,61.3724114691632,43.2201780787987,40.6956803595441,"Range_24 25 m"
2025-08-18 10:00:00,47.7,63.8531304962607,45.8797865091841,44.75753990483,"Range_24 25 m"
2025-08-18 11:00:00,49.1,62.6106464225674,48.1121236956426,46.0674716789151,"Range_24 25 m"
2025-08-18 12:00:00,48.4,58.669090681501,47.7705464615529,45.5240034393745,"Range_24 25 m"
2025-08-18 13:00:00,45.6,52.6836877152617,45.1565578463762,43.7181086823637,"Range_24 25 m"
2025-08-18 14:00:00,41.3,45.9414927008055,41.3048240506845,41.6848918440245,"Range_24 25 m"
2025-08-18 15:00:00,37.8,38.4150269887,37.7949065056487,38.5015070101767,"Range_24 25 m"
2025-08-18 16:00:00,33.8,31.4371019699426,34.0288746691665,34.7166596748681,"Range_24 25 m"
2025-08-18 17:00:00,30.4,28.2069613197475,30.8391921912447,32.063287422958,"Range_24 25 m"
2025-08-18 18:00:00,29.1,27.0538172609241,29.5075693367938,30.6485209352405,"Range_24 25 m"
2025-08-18 19:00:00,28.1,26.7201324304966,28.3792844548355,29.4606695970921,"Range_24 25 m"
2025-08-18 20:00:00,27.4,25.7999104330718,28.0017647228628,28.5104397604644,"Range_24 25 m"
2025-08-18 21:00:00,27,25.2596708229003,27.139567952865,27.446772187036,"Range_24 25 m"
2025-08-18 22:00:00,26.5,24.6721917684676,27.1871478456585,26.6284756954314,"Range_24 25 m"
2025-08-18 23:00:00,25.4,24.1811900946706,26.4344189469549,26.1002411458104,"Range_24 25 m"
2025-08-19,24.5,23.9456449460178,25.8135271763957,25.6744305800586,"Range_24 25 m"
2025-08-19 01:00:00,24.2,23.4524310708781,25.2628896961995,25.0873038650294,"Range_24 25 m"
2025-08-19 02:00:00,23.9,23.297488469648,24.4580080166229,24.5827275701042,"Range_24 25 m"
2025-08-19 03:00:00,23.5,23.0628358335396,24.5119330236639,24.4366471977135,"Range_24 25 m"
2025-08-19 04:00:00,24.1,22.9541492228277,24.5678601388016,23.8376523022421,"Range_24 25 m"
2025-08-19 05:00:00,26.9,32.5964898982353,27.105909552614,25.8522767939873,"Range_24 25 m"
2025-08-19 06:00:00,31.1,40.2963423080397,30.9288147524315,30.0679315872145,"Range_24 25 m"
2025-08-19 07:00:00,35.3999999999999,52.2680938909891,34.9092125592919,33.8222587774637,"Range_24 25 m"
2025-08-19 08:00:00,38.9,60.4394985468903,38.8568715510821,37.2438427241364,"Range_24 25 m"
2025-08-19 09:00:00,42.8,63.7693477048277,42.9695843065616,41.4889827145933,"Range_24 25 m"
2025-08-19 10:00:00,47,66.1822329477266,46.3971916682168,45.1058112100557,"Range_24 25 m"
2025-08-19 11:00:00,48.7,64.4781768529396,48.1443999280306,46.0537612645607,"Range_24 25 m"
2025-08-19 12:00:00,47.7,60.5135023129572,47.5291175674467,45.6037466061701,"Range_24 25 m"
2025-08-19 13:00:00,45.7,54.7158406711054,45.7216075213476,43.924395892663,"Range_24 25 m"
2025-08-19 14:00:00,42.5,47.7696466281509,42.6048039010955,41.8455333545303,"Range_24 25 m"
2025-08-19 15:00:00,38.4,40.5204658405142,38.6270731439018,39.1536143915014,"Range_24 25 m"
2025-08-19 16:00:00,33.9,32.9833049837932,34.3504154278222,35.5295467440471,"Range_24 25 m"
2025-08-19 17:00:00,30.8,29.0231475923609,31.3599633873033,32.7400889490198,"Range_24 25 m"
2025-08-19 18:00:00,29.1,28.1375628983605,29.4610954566291,30.8501378571618,"Range_24 25 m"
2025-08-19 19:00:00,28.1,27.25431686086,28.282213866374,30.0111694876605,"Range_24 25 m"
2025-08-19 20:00:00,27,26.5774692294547,27.3200792533157,28.5385026929328,"Range_24 25 m"
2025-08-19 21:00:00,26.2,25.8784660322295,26.7364910584154,27.5734300834761,"Range_24 25 m"
2025-08-19 22:00:00,25.5,25.2058546120967,26.0349573181701,26.8294502074565,"Range_24 25 m"
2025-08-19 23:00:00,25.1,24.6564206359672,25.6399296133719,26.0744296787071,"Range_24 25 m"
2025-08-20,25.2,24.4224955501976,25.4694736699874,25.5519601765099,"Range_24 25 m"
2025-08-20 01:00:00,24.6,23.8548826183715,24.9245248542934,24.9332671369949,"Range_24 25 m"
2025-08-20 02:00:00,24,23.4868994004731,24.3903341878735,24.6010471827988,"Range_24 25 m"
2025-08-20 03:00:00,23.8,23.1985249248823,24.2498045891908,24.2426757541975,"Range_24 25 m"
2025-08-20 04:00:00,24.2,23.4422927512806,24.4883384347177,23.8916429295223,"Range_24 25 m"
2025-08-20 05:00:00,27.6,32.8203605545264,27.6049978928309,25.9926628006202,"Range_24 25 m"
2025-08-20 06:00:00,32.3,41.8072635315022,31.9365331222743,30.4380170486531,"Range_24 25 m"
2025-08-20 07:00:00,36.7,54.8047293116056,35.8260377524822,34.9047277857267,"Range_24 25 m"
2025-08-20 08:00:00,40.3,62.2457148761067,40.3927881642876,38.2278659076008,"Range_24 25 m"
2025-08-20 09:00:00,44.8,64.416213742389,44.4240831338317,41.6579244052308,"Range_24 25 m"
2025-08-20 10:00:00,48,65.0297465322513,46.8930020532433,44.497142314722,"Range_24 25 m"
2025-08-20 11:00:00,49.1,62.4533115743592,48.5152746776526,45.3422771810487,"Range_24 25 m"
2025-08-20 12:00:00,48.8,58.4353358909681,48.080854734108,45.021071212013,"Range_24 25 m"
2025-08-20 13:00:00,46.6,53.1063821669302,46.3328154574186,43.6243560667715,"Range_24 25 m"
2025-08-20 14:00:00,43.4,46.7755422865507,43.2541458664145,41.6928572928068,"Range_24 25 m"
2025-08-20 15:00:00,39,40.0416107995834,39.0737946303792,39.1409892661895,"Range_24 25 m"
2025-08-20 16:00:00,34.2,32.5206906174885,34.4433901707434,35.5399367188679,"Range_24 25 m"
2025-08-20 17:00:00,30.7,28.7068445389746,31.2515833904511,32.7124011223791,"Range_24 25 m"
2025-08-20 18:00:00,29.3,27.5909687194539,29.5998382066326,31.0017825278951,"Range_24 25 m"
2025-08-20 19:00:00,28.6,26.9298164781693,28.9549535497231,29.8639094766739,"Range_24 25 m"
2025-08-20 20:00:00,28.1,26.5420002960201,28.3853157631808,28.9461450599666,"Range_24 25 m"
2025-08-20 21:00:00,28,26.0696278189684,28.0452743284886,28.3358951186205,"Range_24 25 m"
2025-08-20 22:00:00,27.6,25.6989192411179,27.7877304736667,27.9210676595444,"Range_24 25 m"
2025-08-20 23:00:00,27.4,25.5212027711279,27.5185909245738,27.6514231843359,"Range_24 25 m"
2025-08-21,26.9,25.2005239489079,26.9915433827523,27.1899261238575,"Range_24 25 m"
2025-08-21 01:00:00,26.2000000000001,25.0721831571125,26.3230120412811,26.8464812289738,"Range_24 25 m"
2025-08-21 02:00:00,25.5,24.9615438930139,25.7238677154441,26.4864527932748,"Range_24 25 m"
2025-08-21 03:00:00,25.4,24.9311720582772,25.5895728097604,26.3773992511559,"Range_24 25 m"
2025-08-21 04:00:00,25.9,25.0761041467903,25.9043671599438,26.372064215493,"Range_24 25 m"
2025-08-21 05:00:00,27.8,32.2213054716501,27.630195266038,27.3855448782358,"Range_24 25 m"
2025-08-21 06:00:00,31.4,38.8152283440807,31.1697898123323,30.1395205270031,"Range_24 25 m"
2025-08-21 07:00:00,36.1,44.7474948413612,35.0107453678645,31.3291293628456,"Range_24 25 m"
2025-08-21 08:00:00,38.3,53.7708689698998,37.534849897174,34.4404112825219,"Range_24 25 m"
2025-08-21 09:00:00,42.4,58.5738022098925,41.3407156997581,39.5049068699267,"Range_24 25 m"
2025-08-21 10:00:00,45.9,61.8813380997579,45.6221237204484,43.5471305649679,"Range_24 25 m"
2025-08-21 11:00:00,47.6,60.776354187483,47.8189171178319,45.228650444502,"Range_24 25 m"
2025-08-21 12:00:00,46.9,57.5334730333558,46.8343586884638,45.1632089800111,"Range_24 25 m"
2025-08-21 13:00:00,45.7,52.3361871596029,45.5651510512361,43.7163551207235,"Range_24 25 m"
2025-08-21 14:00:00,42.4,46.6548806098301,42.3529080787951,41.9821272757847,"Range_24 25 m"
2025-08-21 15:00:00,38,39.6098346415152,38.3687353995444,38.9936839047064,"Range_24 25 m"
2025-08-21 16:00:00,33.4,32.2420056069192,33.9295704983463,35.4302804673013,"Range_24 25 m"
2025-08-21 17:00:00,30.7,28.4540811339382,30.9862611366622,32.6777640143398,"Range_24 25 m"
2025-08-21 18:00:00,29.4,27.6074288350844,29.6739079675966,30.9072187406325,"Range_24 25 m"
2025-08-21 19:00:00,28,26.8949865339957,28.3547175950909,29.9394067763053,"Range_24 25 m"
2025-08-21 20:00:00,27.2,26.2755378526495,27.6505855991109,28.8186897081182,"Range_24 25 m"
2025-08-21 21:00:00,27.1,25.7219009351815,27.3073188670857,27.5148256969537,"Range_24 25 m"
2025-08-21 22:00:00,26.3,25.508624889861,26.8853640252788,27.1461770320042,"Range_24 25 m"
2025-08-21 23:00:00,26,24.8946322203519,26.3641990504334,26.4910613299253,"Range_24 25 m"
2025-08-22,25.4,24.6610687693505,25.9151496580734,26.2751824578194,"Range_24 25 m"
2025-08-22 01:00:00,25.1,24.2035086738612,25.4878770473793,25.568176447108,"Range_24 25 m"
2025-08-22 02:00:00,24.7,23.9300812500992,25.0356211495218,25.3194199818649,"Range_24 25 m"
2025-08-22 03:00:00,24.3,23.6618693056703,24.7746992599677,25.0027383747697,"Range_24 25 m"
2025-08-22 04:00:00,24.9,23.5897859580513,25.0491685630978,24.7211165673729,"Range_24 25 m"
2025-08-22 05:00:00,27.3,28.2677186483847,27.06441370953,25.9591687674033,"Range_24 25 m"
2025-08-22 06:00:00,31.4,32.9467491729567,30.7615198700695,30.5776590926955,"Range_24 25 m"
2025-08-22 07:00:00,35.9,35.8483269693723,34.0734512420238,34.2525879623761,"Range_24 25 m"
2025-08-22 08:00:00,38.9,38.1777386491891,38.4921130615109,37.5390060966607,"Range_24 25 m"
2025-08-22 09:00:00,43.6,37.9274015416977,43.0743917156325,40.8344569196579,"Range_24 25 m"
2025-08-22 10:00:00,46.9,42.476434494733,46.1476410383923,43.9880160348407,"Range_24 25 m"
2025-08-22 11:00:00,48.1,57.2101853389836,47.1714486290237,46.3931458492375,"Range_24 25 m"
2025-08-22 12:00:00,47.5,56.3165544051821,47.0644342261022,44.700647689789,"Range_24 25 m"
2025-08-22 13:00:00,45.7,52.4275474070117,45.375593485005,43.6716355799243,"Range_24 25 m"
2025-08-22 14:00:00,42.6,46.5025705080308,42.4120066642639,41.7202233057298,"Range_24 25 m"
2025-08-22 15:00:00,39.1,39.338423669171,38.9766082224781,38.8266263602492,"Range_24 25 m"
2025-08-22 16:00:00,34.3,32.0135552794981,34.2253817614529,35.4872090728331,"Range_24 25 m"
2025-08-22 17:00:00,31.1,28.570345106972,31.3107739456409,32.7348219784625,"Range_24 25 m"
2025-08-22 18:00:00,30.1,27.6626861517092,30.1740021140791,31.340739530768,"Range_24 25 m"
2025-08-22 19:00:00,29,27.1321866194959,29.1159247699599,30.2330338637586,"Range_24 25 m"
2025-08-22 20:00:00,28,26.7793863622112,28.212706887368,29.3096750585003,"Range_24 25 m"
2025-08-22 21:00:00,27.1,26.1355535116626,27.36612186688,28.4602634039355,"Range_24 25 m"
2025-08-22 22:00:00,26.5,25.49261527039,26.8849930724795,27.4519337890286,"Range_24 25 m"
2025-08-22 23:00:00,25.9,24.9273257899213,26.3959248784143,26.4058405804563,"Range_24 25 m"
2025-08-23,25.8,24.6740986397352,26.0931168633375,26.154762058505,"Range_24 25 m"
2025-08-23 01:00:00,25.4,24.2266529594883,25.7919161124743,25.4535836969837,"Range_24 25 m"
2025-08-23 02:00:00,25.6,24.0551597837055,25.6817475870569,25.2766994002903,"Range_24 25 m"
2025-08-23 03:00:00,25.2,23.9233282115639,25.5759686490805,25.0092587974251,"Range_24 25 m"
2025-08-23 04:00:00,25.7,24.1092175921667,25.7132348578269,24.7371919831503,"Range_24 25 m"
2025-08-23 05:00:00,27.4,32.2418660882237,27.2434289163273,26.5822896722081,"Range_24 25 m"
2025-08-23 06:00:00,31,37.8426302955391,30.5832655043208,29.9592284248116,"Range_24 25 m"
2025-08-23 07:00:00,35.6000000000001,50.9974007541512,34.9374322813668,34.6883130008553,"Range_24 25 m"
2025-08-23 08:00:00,38.3,60.1374856003457,38.9885956925626,38.2535096176797,"Range_24 25 m"
2025-08-23 09:00:00,43.1,63.1660228998381,43.1139623171057,41.6375309259611,"Range_24 25 m"
2025-08-23 10:00:00,46,63.6930060727946,45.5902333988719,44.3789382322184,"Range_24 25 m"
2025-08-23 11:00:00,47.3,61.587765676139,47.2860622134587,45.4888238731605,"Range_24 25 m"
2025-08-23 12:00:00,47.8,57.8044097772833,47.4799197671782,45.3096664301153,"Range_24 25 m"
2025-08-23 13:00:00,46,53.6993957772777,45.8767588075658,44.6331726327465,"Range_24 25 m"
2025-08-23 14:00:00,43.2,47.7843233584047,42.9009249514064,42.6025659083009,"Range_24 25 m"
2025-08-23 15:00:00,39.5,40.8470255167793,39.4788830542775,39.6791660816978,"Range_24 25 m"
2025-08-23 16:00:00,34.7,33.627217621093,34.9097944573228,36.1606052820732,"Range_24 25 m"
2025-08-23 17:00:00,31.3,30.0020626774807,31.7126891589416,33.5835870495815,"Range_24 25 m"
2025-08-23 18:00:00,29.8,29.0192764108071,30.0939458651768,31.805008203257,"Range_24 25 m"
2025-08-23 19:00:00,28.6,28.1205220581003,28.941737304783,30.8965273261972,"Range_24 25 m"
2025-08-23 20:00:00,28.1,27.421197827889,28.2635531105686,29.4687699638143,"Range_24 25 m"
2025-08-23 21:00:00,27.2,26.8762553341107,27.6567763812356,28.6995922929959,"Range_24 25 m"
2025-08-23 22:00:00,26.7,26.3478972558868,27.2505271855664,28.2262726669204,"Range_24 25 m"
2025-08-23 23:00:00,26.2,25.8660578606037,26.722528173881,27.830255377045,"Range_24 25 m"
2025-08-24,25.7,25.6539815544514,26.1605861563253,27.3990175604252,"Range_24 25 m"
2025-08-24 01:00:00,25.1,25.1035854100855,25.4906842269504,26.6519189357432,"Range_24 25 m"
2025-08-24 02:00:00,24.7,24.9941788220377,25.1201306136623,26.3535000586481,"Range_24 25 m"
2025-08-24 03:00:00,24.3,24.9012872765371,24.8258901024122,26.0457287619421,"Range_24 25 m"
2025-08-24 04:00:00,24.5,24.7557405258807,24.7299604394164,25.845412733713,"Range_24 25 m"
2025-08-24 05:00:00,26.6,32.2221448310855,26.6934218398546,27.4281031974795,"Range_24 25 m"
2025-08-24 06:00:00,30.9,39.0544571738608,30.542259200249,30.8955607276328,"Range_24 25 m"
2025-08-24 07:00:00,34.9,50.9103367315963,34.7577227739972,34.203904389067,"Range_24 25 m"
2025-08-24 08:00:00,37.4,57.4224502646818,37.8600740611082,36.817042549838,"Range_24 25 m"
2025-08-24 09:00:00,41.6,62.9209647014456,41.9871728792068,41.0019450023489,"Range_24 25 m"
2025-08-24 10:00:00,44.2,65.0028683458034,44.8768510359778,44.7285115037624,"Range_24 25 m"
2025-08-24 11:00:00,45.9,63.8627761747713,46.5504391910514,46.0046371366854,"Range_24 25 m"
2025-08-24 12:00:00,46.2,59.9017200000162,46.7186968838974,45.509620619523,"Range_24 25 m"
2025-08-24 13:00:00,45,53.5124107134116,45.3800462765968,43.6505304109824,"Range_24 25 m"
2025-08-24 14:00:00,42.2,46.0978679727124,42.4274812935221,41.4219403337048,"Range_24 25 m"
2025-08-24 15:00:00,38.1,38.87555282133,38.3734850219864,38.5073304654874,"Range_24 25 m"
2025-08-24 16:00:00,33.5,32.0134622880883,33.9022318913205,34.8916957208581,"Range_24 25 m"
2025-08-24 17:00:00,30.7,28.8152771176955,31.2800775400786,32.4970894040725,"Range_24 25 m"
2025-08-24 18:00:00,29.7,28.0197874569357,30.0560796089627,31.2470284962118,"Range_24 25 m"
2025-08-24 19:00:00,29.1,27.4977273398378,29.2238171245963,30.2387403899171,"Range_24 25 m"
2025-08-24 20:00:00,28.4,26.6040312286374,28.5195708460873,29.2968689437863,"Range_24 25 m"
2025-08-24 21:00:00,28.2,26.3288530309224,28.0606899608526,28.4375852544331,"Range_24 25 m"
2025-08-24 22:00:00,27.8,25.6678494149692,27.7883808527608,27.7751964265354,"Range_24 25 m"
2025-08-24 23:00:00,27.7,25.4549379534627,27.5982269426013,27.3199273533727,"Range_24 25 m"
2025-08-25,26.2,25.2588597899491,26.4657838201377,26.947856700998,"Range_24 25 m"
2025-08-25 01:00:00,25.9,24.9536929490822,26.1309375740124,26.6872765186089,"Range_24 25 m"
2025-08-25 02:00:00,25.5,25.0126629449846,25.7258428478259,26.4567894317629,"Range_24 25 m"
2025-08-25 03:00:00,25.2,25.0653428038058,25.5191157805342,26.3990410765109,"Range_24 25 m"
2025-08-25 04:00:00,25.6,25.1157229142999,25.7602799719465,26.5308662849283,"Range_24 25 m"
2025-08-25 05:00:00,27.8,32.3649144696541,27.8509859493595,27.6492906140633,"Range_24 25 m"
2025-08-25 06:00:00,31.9,38.7560572116279,31.4166093127703,30.3845676867866,"Range_24 25 m"
2025-08-25 07:00:00,35.6,46.2390168101898,34.6119946241264,32.4595826060882,"Range_24 25 m"
2025-08-25 08:00:00,37.7,51.589842270954,37.3361394069974,34.7750763407782,"Range_24 25 m"
2025-08-25 09:00:00,41.4,56.4051564556182,40.0998267279552,38.6383927684844,"Range_24 25 m"
2025-08-25 10:00:00,43.8,61.1418293912905,43.9648108597951,43.0514611204165,"Range_24 25 m"
2025-08-25 11:00:00,44.4,60.8170623621163,44.8534349833567,44.7755470117745,"Range_24 25 m"
2025-08-25 12:00:00,44.4,57.9867566095162,45.2122485350563,44.7977440820504,"Range_24 25 m"
2025-08-25 13:00:00,43.5,52.9901296750415,43.9480479970101,43.2356712476123,"Range_24 25 m"
2025-08-25 14:00:00,41.1,46.3526769021637,41.5948504237841,40.9915852883942,"Range_24 25 m"
2025-08-25 15:00:00,37.1,38.9563363471479,37.8361905440422,38.1602418103666,"Range_24 25 m"
2025-08-25 16:00:00,32.7,31.7166528079456,33.4785283079613,34.8417820308155,"Range_24 25 m"
2025-08-25 17:00:00,30.2,28.415023500476,30.9153826043957,32.4234248943664,"Range_24 25 m"
2025-08-25 18:00:00,29.2,27.3996904649203,29.6946775124738,31.0911091126864,"Range_24 25 m"
2025-08-25 19:00:00,28.7,26.9090719289748,28.8851221263288,29.9425339765517,"Range_24 25 m"
2025-08-25 20:00:00,28.6,26.537313020958,28.5873249829057,29.1737766630784,"Range_24 25 m"
2025-08-25 21:00:00,28.4,26.2482837676379,28.2414967585544,28.610064411101,"Range_24 25 m"
2025-08-25 22:00:00,28,24.5949207382751,28.1398266758423,27.4634600716186,"Range_24 25 m"
2025-08-25 23:00:00,27.8,24.0913156388122,27.9071475306265,27.1846474526245,"Range_24 25 m"
2025-08-26,27.5,23.9677134589435,27.4500093926879,26.8769184188129,"Range_24 25 m"
2025-08-26 01:00:00,26.6,23.6654002058816,26.7357496460471,26.575853048594,"Range_24 25 m"
2025-08-26 02:00:00,25.5,23.4144261517069,25.6640429868537,26.3440702595255,"Range_24 25 m"
2025-08-26 03:00:00,25.1,23.3219645058235,25.4484569571604,25.9431660210213,"Range_24 25 m"
2025-08-26 04:00:00,25.8,23.2044169984744,25.6990367883613,25.5259130083011,"Range_24 25 m"
2025-08-26 05:00:00,28.5,25.793393281319,28.2177991714142,25.9505574973606,"Range_24 25 m"
2025-05-25 07:00:00,27,31.015782329782,28.9768687892325,32.1664312813125,"Range_24 45 m"
2025-05-25 08:00:00,33,32.7991872999779,33.4232646490685,36.122884866964,"Range_24 45 m"
2025-05-25 09:00:00,38.4,34.6713018875251,38.9334932322364,39.761901901258,"Range_24 45 m"
2025-05-25 10:00:00,42.1,45.7236412761711,41.3437671301458,42.8460115192436,"Range_24 45 m"
2025-05-25 11:00:00,45.2,52.4993625127442,43.778360355739,42.2585235082276,"Range_24 45 m"
2025-05-25 12:00:00,45.2,51.3712937794395,43.9401033420986,41.473523851461,"Range_24 45 m"
2025-05-25 13:00:00,42.1,47.5860888085091,41.4707589521622,40.2698580345833,"Range_24 45 m"
2025-05-25 14:00:00,38.6,40.6271588727815,38.3850866639907,37.2905194684846,"Range_24 45 m"
2025-05-25 15:00:00,34.5,33.2448949711792,34.7532679008568,34.4267405169479,"Range_24 45 m"
2025-05-25 16:00:00,30.7,25.5031966354411,31.0460934263545,31.2052382614177,"Range_24 45 m"
2025-05-25 17:00:00,27.3,22.1074545088407,27.1441499740578,28.4403993788358,"Range_24 45 m"
2025-05-25 18:00:00,25.5,21.3121295444128,26.1213489703767,26.4874463550207,"Range_24 45 m"
2025-05-25 19:00:00,24.2,20.9376092976851,24.5433808954161,25.4634672231001,"Range_24 45 m"
2025-05-25 20:00:00,23.1,20.387661484423,23.4405749413794,23.9203505789665,"Range_24 45 m"
2025-05-25 21:00:00,21.8,20.1823527668386,22.2670759152093,22.7960040424734,"Range_24 45 m"
2025-05-25 22:00:00,20.5,19.7664827865875,21.2110784658509,22.058838324002,"Range_24 45 m"
2025-05-25 23:00:00,19.3,19.2172316036349,20.2253236626496,20.9873830995684,"Range_24 45 m"
2025-05-26,18.4,18.9676785861033,19.1253137712504,20.1520092879313,"Range_24 45 m"
2025-05-26 01:00:00,17.8,18.6784067522341,18.4128524306993,19.6886768709475,"Range_24 45 m"
2025-05-26 02:00:00,17.4,18.5802856350843,18.085906528849,20.2928173209135,"Range_24 45 m"
2025-05-26 03:00:00,17.2,19.0781372583622,18.0233590308306,20.4674269951099,"Range_24 45 m"
2025-05-26 04:00:00,19.1,23.8767615163053,19.7869526291676,22.4112604462827,"Range_24 45 m"
2025-05-26 05:00:00,24,29.1680978643244,24.3159188499293,24.9751037465876,"Range_24 45 m"
2025-05-26 06:00:00,28.6,34.650955713904,28.72577634166,29.9596329104067,"Range_24 45 m"
2025-05-26 07:00:00,29.1,39.6842728329813,30.391153420773,33.0395866109049,"Range_24 45 m"
2025-05-26 08:00:00,35.9,41.3136029841218,36.457813948997,35.3213992716584,"Range_24 45 m"
2025-05-26 09:00:00,39.8,38.37790894921,39.3244888371678,38.8307890337246,"Range_24 45 m"
2025-05-26 10:00:00,41.5,41.2790974107158,41.1373570182305,42.5506434169185,"Range_24 45 m"
2025-05-26 11:00:00,38.7,52.2166826391343,39.0375030106128,44.1919319296006,"Range_24 45 m"
2025-05-26 12:00:00,41.1,52.8082001062148,41.3737037113531,43.2338116021865,"Range_24 45 m"
2025-05-26 13:00:00,38.7,48.3831610275492,39.4640185811121,41.6610416961893,"Range_24 45 m"
2025-05-26 14:00:00,35.8,41.5095465842258,36.4612282873231,37.9547384444248,"Range_24 45 m"
2025-05-26 15:00:00,32.4,34.2706298002345,32.9575159835809,34.2160475620372,"Range_24 45 m"
2025-05-26 16:00:00,29.6,27.0077613420544,30.4233801473019,30.3310731477795,"Range_24 45 m"
2025-05-26 17:00:00,27.1,22.945733612372,27.9957050390854,28.2058768924013,"Range_24 45 m"
2025-05-26 18:00:00,25.7,21.6337424528569,26.6898759300149,27.1154853117436,"Range_24 45 m"
2025-05-26 19:00:00,24.2,21.3153467981957,24.6370294570811,26.2105894892357,"Range_24 45 m"
2025-05-26 20:00:00,24.5,20.0013976261504,24.6045731574496,25.8354263470061,"Range_24 45 m"
2025-05-26 21:00:00,24.3,20.3346413089186,24.1404411375588,25.9583242846876,"Range_24 45 m"
2025-05-26 22:00:00,24.6,20.6719204254528,24.5686038181526,25.2241860695263,"Range_24 45 m"
2025-05-26 23:00:00,24.4,20.8339944173187,24.3683653804824,25.1208472539276,"Range_24 45 m"
2025-05-27,24.3,21.0297140376372,24.3688407923386,24.8878902690215,"Range_24 45 m"
2025-05-27 01:00:00,24.1,21.1362486238978,24.2811384998505,25.704777276089,"Range_24 45 m"
2025-05-27 02:00:00,23.9,20.7487822350652,23.9522307964757,25.1046863373906,"Range_24 45 m"
2025-05-27 03:00:00,23.8,20.5097589642582,23.7624919945839,24.3313946873722,"Range_24 45 m"
2025-05-27 04:00:00,23.9,22.5973146769062,23.9295153603906,24.9261639925495,"Range_24 45 m"
2025-05-27 05:00:00,26.4,24.4825844788666,26.1747493285874,26.7179923081513,"Range_24 45 m"
2025-05-27 06:00:00,28.5,27.1719186688143,28.5786132596611,29.1312243128496,"Range_24 45 m"
2025-05-27 07:00:00,28.6,29.3915615445332,29.1654842072626,32.2963266736226,"Range_24 45 m"
2025-05-27 08:00:00,34.8,31.1829946538288,34.7358080101828,36.1238773366291,"Range_24 45 m"
2025-05-27 09:00:00,39,38.1353313940732,38.5546468711669,38.8764816540448,"Range_24 45 m"
2025-05-27 10:00:00,42.2,47.2120456606537,41.7566617157566,39.9845280558258,"Range_24 45 m"
2025-05-27 11:00:00,43.3,47.8601201946106,42.2856949999637,39.613460915741,"Range_24 45 m"
2025-05-27 12:00:00,42.1,45.7266508573439,41.320595746828,38.7906199926283,"Range_24 45 m"
2025-05-27 13:00:00,40.7,41.9625717623015,39.7047121754069,37.3537146074553,"Range_24 45 m"
2025-05-27 14:00:00,37.4,36.4019941713141,36.9547024885002,34.4503849174307,"Range_24 45 m"
2025-05-27 15:00:00,33.5,29.9489504408785,33.3455079930471,31.5704977822252,"Range_24 45 m"
2025-05-27 16:00:00,29.6,22.395202688765,29.7576283941343,28.0017586274857,"Range_24 45 m"
2025-05-27 17:00:00,26.1,19.2777687876362,26.3832839672752,25.5459601252217,"Range_24 45 m"
2025-05-27 18:00:00,24.7,18.6175273439309,24.9179467286265,24.4062913438699,"Range_24 45 m"
2025-05-27 19:00:00,23.9,18.4562734009129,24.1141547263123,23.9203198791844,"Range_24 45 m"
2025-05-27 20:00:00,23.5,18.3488022832843,23.6661868825751,23.7071940450641,"Range_24 45 m"
2025-05-27 21:00:00,23.4,18.1218735559372,23.4085481456215,23.2385899408249,"Range_24 45 m"
2025-05-27 22:00:00,22.8,17.9900883993982,22.8793106503521,22.4934491476892,"Range_24 45 m"
2025-05-27 23:00:00,22.3,17.6662816105802,22.3945771036303,21.3248652516324,"Range_24 45 m"
2025-05-28,22.3,17.5418644683211,22.3362791925513,21.4470167891829,"Range_24 45 m"
2025-05-28 01:00:00,21.9,17.3421129374715,22.0429309344751,21.1847728877278,"Range_24 45 m"
2025-05-28 02:00:00,22,17.2389844946051,21.9505439728306,20.4896229795599,"Range_24 45 m"
2025-05-28 03:00:00,21.8,17.4297998158544,21.9266575038128,20.2099316327184,"Range_24 45 m"
2025-05-28 04:00:00,22.6,20.0940535902842,22.3953199902077,21.6313428521021,"Range_24 45 m"
2025-05-28 05:00:00,24.8,22.5524039651163,24.6308693117135,24.1204092885263,"Range_24 45 m"
2025-05-28 06:00:00,27.4,25.1837150053579,27.0775252309349,27.1225161747533,"Range_24 45 m"
2025-05-28 07:00:00,27,27.3474503631073,28.210119378648,30.3831015700775,"Range_24 45 m"
2025-05-28 08:00:00,33.4,28.7174972376174,33.0947964186106,34.1838716348952,"Range_24 45 m"
2025-05-28 09:00:00,38.3,29.9558614306483,37.7640946991971,36.2681988291774,"Range_24 45 m"
2025-05-28 10:00:00,39.4,30.8404883562605,38.9764196516612,38.7868479906599,"Range_24 45 m"
2025-05-28 11:00:00,42,30.3239983203336,41.4881741170111,40.4992512347623,"Range_24 45 m"
2025-05-28 12:00:00,40.8,28.4647956509885,40.3868745408113,39.4240222592649,"Range_24 45 m"
2025-05-28 13:00:00,39.2,27.0036945498507,38.8186449796351,37.7714548266451,"Range_24 45 m"
2025-05-28 14:00:00,36.6,24.7944956375163,36.0647758604086,35.667541558842,"Range_24 45 m"
2025-05-28 15:00:00,32.4,22.5229140919472,31.9889890981002,32.3673049610878,"Range_24 45 m"
2025-05-28 16:00:00,28.7,19.4689350276112,28.2201132963869,28.7743415980458,"Range_24 45 m"
2025-05-28 17:00:00,26.1,18.4068319952049,26.2640292820538,26.0860760366478,"Range_24 45 m"
2025-05-28 18:00:00,24.6,18.2177503484222,24.4832048534354,24.6818282979461,"Range_24 45 m"
2025-05-28 19:00:00,23.9,18.0711965142972,23.8412979614854,23.2915677606351,"Range_24 45 m"
2025-05-28 20:00:00,23.2,18.0057731094018,23.1656448643421,22.4129357757226,"Range_24 45 m"
2025-05-28 21:00:00,22.8,17.9706389275565,22.7946059395281,22.2876965371146,"Range_24 45 m"
2025-05-28 22:00:00,22.4,18.0406801693869,22.456020901863,22.2762777798605,"Range_24 45 m"
2025-05-28 23:00:00,22.1,17.9018833940924,22.2497328209796,21.9037597483099,"Range_24 45 m"
2025-05-29,22,17.8351110548392,22.1223048785321,21.5568975538626,"Range_24 45 m"
2025-05-29 01:00:00,21.7,17.5877848435686,21.7854796692654,20.6995564271257,"Range_24 45 m"
2025-05-29 02:00:00,20.5,17.3950649859622,20.6391387641005,19.7505747439578,"Range_24 45 m"
2025-05-29 03:00:00,19.9,17.4257329679669,20.0989137331439,19.1595082260312,"Range_24 45 m"
2025-05-29 04:00:00,21.1,20.5269825663986,21.0925895960244,20.4731731620254,"Range_24 45 m"
2025-05-29 05:00:00,24,24.0884645789412,24.3078251218433,23.5692630022315,"Range_24 45 m"
2025-05-29 06:00:00,27.3,26.9771296614033,27.7728038619971,27.2949019306523,"Range_24 45 m"
2025-05-29 07:00:00,26.9,28.763657263904,27.9803814972605,30.4333737412981,"Range_24 45 m"
2025-05-29 08:00:00,34.9,30.8970275894537,34.5781389693668,33.2135044113531,"Range_24 45 m"
2025-05-29 09:00:00,39.2,31.3781152001609,38.3276111095827,37.207446121334,"Range_24 45 m"
2025-05-29 10:00:00,42.2,33.1534501488869,41.0506129255271,39.2323180611794,"Range_24 45 m"
2025-05-29 11:00:00,44.1,32.8645117289515,42.7545569579054,40.9473679072352,"Range_24 45 m"
2025-05-29 12:00:00,43.1,30.7529635693007,42.1756759364583,41.1068167950087,"Range_24 45 m"
2025-05-29 13:00:00,41.2,28.6282241991574,40.5030024691764,39.9639328173215,"Range_24 45 m"
2025-05-29 14:00:00,38.1,25.8736042030114,37.2804588146328,37.6433071143883,"Range_24 45 m"
2025-05-29 15:00:00,34.4,23.0196937633647,33.09290202114,34.0961917949809,"Range_24 45 m"
2025-05-29 16:00:00,29.8,20.1452203048458,29.3581835065731,29.8961615813961,"Range_24 45 m"
2025-05-29 17:00:00,26.5,18.8229186683385,26.583474637796,26.0033662467687,"Range_24 45 m"
2025-05-29 18:00:00,24.5,18.6511756817168,24.3498859977079,23.7418915668792,"Range_24 45 m"
2025-05-29 19:00:00,23.2,18.4399905604861,23.1991726109027,22.0410333079837,"Range_24 45 m"
2025-05-29 20:00:00,22.3,18.2465447530085,22.2717997725673,20.9365729436213,"Range_24 45 m"
2025-05-29 21:00:00,21.5,17.9150765912552,21.4139368362255,20.287306167366,"Range_24 45 m"
2025-05-29 22:00:00,20.8,17.5365659751555,20.8560363914988,20.0103971519133,"Range_24 45 m"
2025-05-29 23:00:00,19.9,17.1372848273016,20.1611019537566,19.5252667189337,"Range_24 45 m"
2025-05-30,19.2,16.9228499042449,19.4642780207716,18.9481284725127,"Range_24 45 m"
2025-05-30 01:00:00,19.1,16.2867372382831,19.2168851032117,17.9377142537784,"Range_24 45 m"
2025-05-30 02:00:00,18.4,15.8366027156742,18.5958001730405,17.3295276443394,"Range_24 45 m"
2025-05-30 03:00:00,18.5,15.6461297092505,18.517131116543,16.965742093093,"Range_24 45 m"
2025-05-30 04:00:00,20.1,19.5632974696247,20.1541533339329,19.1132751298038,"Range_24 45 m"
2025-05-30 05:00:00,24.3,24.2376033956805,24.1328809611921,22.8001986439029,"Range_24 45 m"
2025-05-30 06:00:00,28.6,28.6354330023502,28.1871185015914,26.9203517874454,"Range_24 45 m"
2025-05-30 07:00:00,27.6,32.3467681615996,28.8823251066237,30.2247088163542,"Range_24 45 m"
2025-05-30 08:00:00,35.3,34.3029697360978,34.7696891263142,33.8094334723935,"Range_24 45 m"
2025-05-30 09:00:00,40.1,34.3943353579659,39.4664487362262,37.1448040888924,"Range_24 45 m"
2025-05-30 10:00:00,41.9,35.2314603438868,41.1251939794586,39.9595191588892,"Range_24 45 m"
2025-05-30 11:00:00,40.1,34.0004028165565,40.6210923587299,41.5454143369422,"Range_24 45 m"
2025-05-30 12:00:00,39.7,33.5422242731886,40.2697405320363,42.0924409479933,"Range_24 45 m"
2025-05-30 13:00:00,38.1,35.524377774624,39.0059289882787,41.7811994070093,"Range_24 45 m"
2025-05-30 14:00:00,35.6,33.6085977884026,36.1402146124965,37.7436037393303,"Range_24 45 m"
2025-05-30 15:00:00,32.7,28.1015945179148,33.6570549372274,33.2522216541453,"Range_24 45 m"
2025-05-30 16:00:00,29.1,21.572598944973,29.7061710960116,29.0367574799767,"Range_24 45 m"
2025-05-30 17:00:00,26,18.6830165622824,26.3815033621564,26.1874749897116,"Range_24 45 m"
2025-05-30 18:00:00,24.1,17.9040672746984,24.2673461910899,25.0318949190465,"Range_24 45 m"
2025-05-30 19:00:00,22.9,17.4942819059675,23.0283414900945,24.1103068769758,"Range_24 45 m"
2025-05-30 20:00:00,22.2,17.2313042098855,22.3073374089539,23.1864023620461,"Range_24 45 m"
2025-05-30 21:00:00,22.4,17.0839518829228,22.2630639140492,22.3752354904057,"Range_24 45 m"
2025-05-30 22:00:00,21.8,16.9242904736336,21.8113987982851,21.837260062867,"Range_24 45 m"
2025-05-30 23:00:00,20.8,16.801000845466,21.1098103110722,20.9783690095285,"Range_24 45 m"
2025-05-31,19.8,16.7911490064424,20.1121555906376,20.0670646291536,"Range_24 45 m"
2025-05-31 01:00:00,18.9,15.8366597882133,19.064633941362,18.2671841374259,"Range_24 45 m"
2025-05-31 02:00:00,18.2,15.4566742415168,18.3486806950789,17.5462695593574,"Range_24 45 m"
2025-05-31 03:00:00,17.6,15.4210368304094,17.9130445966911,17.1552219300111,"Range_24 45 m"
2025-05-31 04:00:00,19.6,20.3358758161487,19.7351953419386,19.2770269582691,"Range_24 45 m"
2025-05-31 05:00:00,24,28.4803739389846,23.9951666482913,23.3430429300735,"Range_24 45 m"
2025-05-31 06:00:00,29.4,35.9472427705833,28.8612589271079,27.1789455751487,"Range_24 45 m"
2025-05-31 07:00:00,33.2,35.4642265916641,31.7705446173971,30.5565818429764,"Range_24 45 m"
2025-05-31 08:00:00,35.2,34.8798684383721,34.9293790727536,34.8238734508843,"Range_24 45 m"
2025-05-31 09:00:00,37.1,34.3102822423829,37.8253579160122,38.1884689451112,"Range_24 45 m"
2025-05-31 10:00:00,37.9,41.712698698871,37.566479034038,41.8512673386263,"Range_24 45 m"
2025-05-31 11:00:00,39.4,48.618206343862,39.5927242419741,41.5693620063986,"Range_24 45 m"
2025-05-31 12:00:00,38.2,46.685901828559,38.9324635303197,39.44520921305,"Range_24 45 m"
2025-05-31 13:00:00,36.7,43.2454335456275,37.7531296128925,37.8168074851417,"Range_24 45 m"
2025-05-31 14:00:00,34.5,38.0054283445608,35.097878276808,35.4885382955801,"Range_24 45 m"
2025-05-31 15:00:00,32.2,32.1927551845373,32.8470947761271,33.0014255861105,"Range_24 45 m"
2025-05-31 16:00:00,29.5,24.4792828265362,29.3724647557803,29.5197248164349,"Range_24 45 m"
2025-05-31 17:00:00,26.7,21.2199580273,26.5632026336556,27.1627852520314,"Range_24 45 m"
2025-05-31 18:00:00,25.3,20.2475235537256,25.2084630585508,26.0350029543604,"Range_24 45 m"
2025-05-31 19:00:00,24.5,19.8565722178058,24.3604523840649,24.8541293810443,"Range_24 45 m"
2025-05-31 20:00:00,24,19.6986206460795,23.9114061265144,23.8742941308817,"Range_24 45 m"
2025-05-31 21:00:00,23.4,19.5762808439404,23.1626157901695,23.0104081747204,"Range_24 45 m"
2025-05-31 22:00:00,22.9,19.3002521110999,22.6467836072966,21.894240529679,"Range_24 45 m"
2025-05-31 23:00:00,22.3,19.0725039431117,22.0537353120842,20.9829507061503,"Range_24 45 m"
2025-06-08 01:00:00,19.7,19.7029822490709,20.4998766763499,21.3957244775789,"Range_24 45 m"
2025-06-08 02:00:00,19,19.1438811598037,19.7547946136858,20.6743557033752,"Range_24 45 m"
2025-06-08 03:00:00,19.1,19.2836300722049,19.7706994562736,20.1138381353305,"Range_24 45 m"
2025-06-08 04:00:00,20.3,23.2693670732201,20.8820684288621,21.9649137002648,"Range_24 45 m"
2025-06-08 05:00:00,24.2,26.6903380912905,24.4903293924376,25.2543705267077,"Range_24 45 m"
2025-06-08 06:00:00,27.6,30.1680068525071,27.8483362719939,28.3666861804719,"Range_24 45 m"
2025-06-08 07:00:00,28.4,35.4185599514032,29.263774006258,31.0511140056635,"Range_24 45 m"
2025-06-08 08:00:00,35,49.716989575733,35.25622394436,34.908510266651,"Range_24 45 m"
2025-06-08 09:00:00,39.4,56.1337058009903,39.6411586242024,39.7529189052383,"Range_24 45 m"
2025-06-08 10:00:00,41.8,58.382580927819,41.9713204235919,43.3426753797233,"Range_24 45 m"
2025-06-08 11:00:00,44.4,56.6917145356423,44.1723941711624,43.5928146943337,"Range_24 45 m"
2025-06-08 12:00:00,45,53.0827986402517,43.9724935594662,42.4992443723684,"Range_24 45 m"
2025-06-08 13:00:00,42.9,49.5088569999557,41.9844317808615,41.2418367744308,"Range_24 45 m"
2025-06-08 14:00:00,39.7,43.9899216408848,38.9270541865401,38.7010927910923,"Range_24 45 m"
2025-06-08 15:00:00,35.1,37.1553448352004,34.7644357710469,35.7504045876647,"Range_24 45 m"
2025-06-08 16:00:00,31.4,28.6259157833426,31.4935065064584,32.2389486011832,"Range_24 45 m"
2025-06-08 17:00:00,28.3,24.0054467341317,27.9993362590342,29.3719938418282,"Range_24 45 m"
2025-06-08 18:00:00,26.3,22.9459336098924,26.3227870188331,27.2449076470628,"Range_24 45 m"
2025-06-08 19:00:00,24.7,22.4820871759619,24.9908641532474,25.6287913728918,"Range_24 45 m"
2025-06-08 20:00:00,23.5,21.6325857028204,23.602277886558,24.5020062312323,"Range_24 45 m"
2025-06-08 21:00:00,22.9,21.342026092216,22.980594699159,23.8619617001262,"Range_24 45 m"
2025-06-08 22:00:00,23.1,21.0790472011607,23.39048906592,23.7436890583079,"Range_24 45 m"
2025-06-08 23:00:00,23.7,20.7621315463082,23.5676430096557,23.5404594882027,"Range_24 45 m"
2025-06-09,23.7,20.6437051354366,23.45471134161,23.109041458221,"Range_24 45 m"
2025-06-09 01:00:00,23.8,20.5998434321587,23.6842177531282,22.7280744807427,"Range_24 45 m"
2025-06-09 02:00:00,23.6,20.3564180941631,23.3607922224613,22.4927143664409,"Range_24 45 m"
2025-06-09 03:00:00,23.5,20.5468214286953,23.1772854443359,22.1749562753826,"Range_24 45 m"
2025-06-09 04:00:00,24.1,23.9337523097527,23.7655672346962,23.7181226129067,"Range_24 45 m"
2025-06-09 05:00:00,26.2,27.2957438905145,26.2494138709365,26.26947981905,"Range_24 45 m"
2025-06-09 06:00:00,28.7,32.1981458434008,29.0330233572866,29.4571804770373,"Range_24 45 m"
2025-06-09 07:00:00,29.4,41.0110423349005,30.1843722188606,33.6241738580328,"Range_24 45 m"
2025-06-09 08:00:00,35.6,52.7637289505157,36.6070258547121,36.951980445877,"Range_24 45 m"
2025-06-09 09:00:00,40.8,57.8998393796178,40.5909650203279,40.811470010111,"Range_24 45 m"
2025-06-09 10:00:00,44.2,60.3362161800499,44.0432807220037,43.8127348110313,"Range_24 45 m"
2025-06-09 11:00:00,45.9,58.7214421058413,45.6038189889729,44.2248495841738,"Range_24 45 m"
2025-06-09 12:00:00,44.4,54.3423075458283,44.0436112018033,42.7501082202668,"Range_24 45 m"
2025-06-09 13:00:00,40.5,49.9145626960738,40.8028387785256,41.1358647285445,"Range_24 45 m"
2025-06-09 14:00:00,37.6,43.9013950220367,37.9441306421759,38.487824617984,"Range_24 45 m"
2025-06-09 15:00:00,34.5,36.9690993671124,34.6307016168709,35.7340161447232,"Range_24 45 m"
2025-06-09 16:00:00,31.1,28.3865570708557,31.2632247000949,32.0201472922607,"Range_24 45 m"
2025-06-09 17:00:00,27.9,24.0857165253419,28.0269048371997,29.3358004486817,"Range_24 45 m"
2025-06-09 18:00:00,26.3,22.9423944470268,26.3674967948664,27.2987720486503,"Range_24 45 m"
2025-06-09 19:00:00,24.9,22.4977858134818,25.057967790139,25.6360523768973,"Range_24 45 m"
2025-06-09 20:00:00,24,21.7732055102792,23.9336084461413,24.3835246478524,"Range_24 45 m"
2025-06-09 21:00:00,23.5,21.5195886545897,23.464694673691,23.3845849686385,"Range_24 45 m"
2025-06-09 22:00:00,23.9,21.2554092248809,23.5586119973496,23.0286282142532,"Range_24 45 m"
2025-06-09 23:00:00,24.1,20.8987266768518,23.8524485494905,22.8330136288705,"Range_24 45 m"
2025-06-10,23.9,20.7626385852936,23.421953608934,22.7285560533646,"Range_24 45 m"
2025-06-10 01:00:00,23.9,20.3050545712755,23.3631578364653,21.9399984141634,"Range_24 45 m"
2025-06-10 02:00:00,23.6,20.1321634959003,23.2933442589115,21.2849946926853,"Range_24 45 m"
2025-06-10 03:00:00,23.2,20.3027496187792,22.916863774277,20.9054344742403,"Range_24 45 m"
2025-06-10 04:00:00,23.9,25.9184445511779,24.0212279615126,23.4236973893127,"Range_24 45 m"
2025-06-10 05:00:00,27,30.4967772206462,26.8767941555649,26.4305478772319,"Range_24 45 m"
2025-06-10 06:00:00,29.9,33.9975852391169,29.6847184190347,29.2499894520686,"Range_24 45 m"
2025-06-10 07:00:00,30.1,39.6921583047408,30.3125184905169,33.2519079080123,"Range_24 45 m"
2025-06-10 08:00:00,36.1,52.5446262777439,36.3580974809825,37.3211059988132,"Range_24 45 m"
2025-06-10 09:00:00,41.2,57.4468649483465,40.7865007259076,40.8548639870428,"Range_24 45 m"
2025-06-10 10:00:00,44.2,59.3918297801145,43.9324697766355,43.7193310771116,"Range_24 45 m"
2025-06-10 11:00:00,45.9,58.9429646321225,45.4008056522761,44.5695067234921,"Range_24 45 m"
2025-06-10 12:00:00,44.5,55.1855499214306,44.3565545132428,43.2375986045971,"Range_24 45 m"
2025-06-10 13:00:00,40.1,50.5085166057242,40.3518802194722,41.6478322108878,"Range_24 45 m"
2025-06-10 14:00:00,37.7,43.3368892787438,37.8643542607893,38.3788733600121,"Range_24 45 m"
2025-06-10 15:00:00,34.1,36.0604125323431,34.4770042178914,35.4654836716787,"Range_24 45 m"
2025-06-10 16:00:00,31.2,28.4894358611606,31.32508508415,32.146365354111,"Range_24 45 m"
2025-06-10 17:00:00,29.1,24.5662050248784,28.7505096234607,29.5546951295537,"Range_24 45 m"
2025-06-10 18:00:00,27,23.6310087230739,27.3473558932719,28.0333333995876,"Range_24 45 m"
2025-06-10 19:00:00,25.4,23.1138944463166,25.7775303452156,26.4896368817719,"Range_24 45 m"
2025-06-10 20:00:00,24.1,22.4952074493686,24.3417131736523,25.2582065071384,"Range_24 45 m"
2025-06-10 21:00:00,23.5,22.1712814215899,23.7588683023054,24.3875733260394,"Range_24 45 m"
2025-06-10 22:00:00,22.8,21.5220437821853,22.9916049501058,23.6262603578079,"Range_24 45 m"
2025-06-10 23:00:00,22.7,21.1764469026966,22.7574119923144,23.1383081554813,"Range_24 45 m"
2025-06-11,22.8,21.0430402748864,22.8066467332146,22.8723317377847,"Range_24 45 m"
2025-06-11 01:00:00,22.4,20.9625369377575,22.5822950550885,22.5468198128185,"Range_24 45 m"
2025-06-11 02:00:00,22.6,20.8773513936562,22.6175778693553,22.1801729106469,"Range_24 45 m"
2025-06-11 03:00:00,22.3,21.0720564559662,22.4224164026246,21.9649808839523,"Range_24 45 m"
2025-06-11 04:00:00,23.3,25.1838958143396,23.4694095496498,23.7116215109033,"Range_24 45 m"
2025-06-11 05:00:00,26.1,28.9721687369148,26.1917053132005,26.4490697912971,"Range_24 45 m"
2025-06-11 06:00:00,29.9,32.5656764468268,29.9150260641922,29.9105317553595,"Range_24 45 m"
2025-06-11 07:00:00,29.7,40.4585108423479,30.1011988887949,34.0301222467668,"Range_24 45 m"
2025-06-11 08:00:00,35.9,53.1180887451094,36.4768729900195,37.8648796310347,"Range_24 45 m"
2025-06-11 09:00:00,40.6,58.3543997247124,40.6386734596153,41.3048944909478,"Range_24 45 m"
2025-06-11 10:00:00,43.9,59.8168744088781,43.8510755796756,43.7918118478429,"Range_24 45 m"
2025-06-11 11:00:00,46.7,57.9102925939197,46.0743576594761,44.165534941637,"Range_24 45 m"
2025-06-11 12:00:00,46.8,54.5944896509325,45.2979186595145,43.4462209512865,"Range_24 45 m"
2025-06-11 13:00:00,44.5,49.74666203295,43.3963242606687,41.610751045096,"Range_24 45 m"
2025-06-11 14:00:00,39.7,43.7745630091933,39.4057450357402,38.964202100685,"Range_24 45 m"
2025-06-11 15:00:00,35.6,38.1419526458977,35.5437569310944,36.6774726034401,"Range_24 45 m"
2025-06-11 16:00:00,32,29.7747795567756,32.5594856041856,32.793311356092,"Range_24 45 m"
2025-06-11 17:00:00,28.5,25.0710367287667,28.7480422443412,30.0443080987008,"Range_24 45 m"
2025-06-11 18:00:00,26.4,24.1779535476191,27.2600910043687,28.1766536895258,"Range_24 45 m"
2025-06-11 19:00:00,25.0999999999999,23.1029110107101,25.5362261103313,26.5293727073349,"Range_24 45 m"
2025-06-11 20:00:00,24.1,22.4737748342093,24.2692626285595,24.9938577848013,"Range_24 45 m"
2025-06-11 21:00:00,23.2,22.0562113091461,23.6003653226548,23.8511662051193,"Range_24 45 m"
2025-06-11 22:00:00,22.2,21.6030312172728,22.7755422245701,23.4832960955458,"Range_24 45 m"
2025-06-11 23:00:00,21.8,21.4282898644299,22.5504014801224,23.2449837664456,"Range_24 45 m"
2025-06-12,23.1,21.2388359917052,23.1327384078664,22.9783745420821,"Range_24 45 m"
2025-06-12 01:00:00,22.6,20.8756600435265,22.7811979056201,22.4410773332604,"Range_24 45 m"
2025-06-12 02:00:00,22.6,20.6880949881026,22.456935914972,21.8326772596785,"Range_24 45 m"
2025-06-12 03:00:00,21.5,21.0216607963112,21.8805704108163,21.3194986497429,"Range_24 45 m"
2025-06-12 04:00:00,22.3,27.4169939531728,22.6962550690117,24.1456182970449,"Range_24 45 m"
2025-06-12 05:00:00,25.7,31.2111478715243,26.0724734532688,26.812992659122,"Range_24 45 m"
2025-06-12 06:00:00,28.9,34.3688355395579,29.1359197554259,30.0804143855357,"Range_24 45 m"
2025-06-12 07:00:00,29.7,43.6771680577908,30.84100522466,34.1423980458889,"Range_24 45 m"
2025-06-12 08:00:00,36.4,57.3444681275653,36.7679794459142,38.5607500184344,"Range_24 45 m"
2025-06-12 09:00:00,42.3,60.7586410711147,42.2440705953967,42.086655444894,"Range_24 45 m"
2025-06-12 10:00:00,46,62.3483949702268,45.4646616746788,44.9711366694455,"Range_24 45 m"
2025-06-12 11:00:00,47.3,59.9936227308777,46.648070590528,45.2371634947327,"Range_24 45 m"
2025-06-12 12:00:00,46.9,56.4128028636837,45.758912073503,44.4608766322994,"Range_24 45 m"
2025-06-12 13:00:00,41.6,51.4470008397585,41.6644259107217,42.5026258016115,"Range_24 45 m"
2025-06-12 14:00:00,38.5,44.7752324832539,38.7469797122079,39.2415792239766,"Range_24 45 m"
2025-06-12 15:00:00,35.4,38.0595686599514,35.736682160625,36.2921415731213,"Range_24 45 m"
2025-06-12 16:00:00,31.8,29.6280219940981,32.4142102330247,32.2355153946718,"Range_24 45 m"
2025-06-12 17:00:00,28.4,24.9918345069658,28.8476668938291,29.741108760811,"Range_24 45 m"
2025-06-12 18:00:00,26.5,23.9132805613077,27.1660050718694,27.9786520746744,"Range_24 45 m"
2025-06-12 19:00:00,25.3,22.5286150221522,25.260526781282,26.0068264250453,"Range_24 45 m"
2025-06-12 20:00:00,24.3,21.9322553526013,24.3168949674804,24.3448410879223,"Range_24 45 m"
2025-06-12 21:00:00,23.9,21.2434264521381,23.9082716989824,23.1274409394046,"Range_24 45 m"
2025-06-12 22:00:00,23.6,20.7007140431864,23.4842204662339,22.2666698012812,"Range_24 45 m"
2025-06-12 23:00:00,23.2,20.2609478422538,22.9702964817845,21.7988749929801,"Range_24 45 m"
2025-06-13,23.1,19.9725911320743,22.5828507136394,21.6245323123035,"Range_24 45 m"
2025-06-13 01:00:00,23,19.9455525071746,22.6550038297509,21.7952070624953,"Range_24 45 m"
2025-06-13 02:00:00,21.3,19.6015573046891,21.541306664056,21.1947283051698,"Range_24 45 m"
2025-06-13 03:00:00,20.9,19.7422360796357,21.201369789876,20.3675430435563,"Range_24 45 m"
2025-06-13 04:00:00,23.1,24.8984948800918,23.1033808170034,22.6593758272048,"Range_24 45 m"
2025-06-13 05:00:00,26.4,29.1432782226287,26.4044049949688,25.807266336032,"Range_24 45 m"
2025-06-13 06:00:00,30.2,35.3783641615993,30.2045973667732,29.9376893798,"Range_24 45 m"
2025-06-13 07:00:00,29.9,48.0659408758065,31.2075024353613,34.4937181661507,"Range_24 45 m"
2025-06-13 08:00:00,36.4,56.9841268605066,37.1352516123675,37.8834684437586,"Range_24 45 m"
2025-06-13 09:00:00,41.6,60.8520883951789,41.7863627756777,42.2764543924934,"Range_24 45 m"
2025-06-13 10:00:00,45.2,62.9042724836574,45.0231303212608,45.1549000013576,"Range_24 45 m"
2025-06-13 11:00:00,43.2,59.7678992613328,44.6434143842634,45.0193660124314,"Range_24 45 m"
2025-06-13 12:00:00,42.1,56.589365730938,43.6520647089927,44.5809438330498,"Range_24 45 m"
2025-06-13 13:00:00,40.4,51.5883723609187,41.036433719292,42.5923348777034,"Range_24 45 m"
2025-06-13 14:00:00,38.2,45.7230260644367,38.708040317845,40.0266516480854,"Range_24 45 m"
2025-06-13 15:00:00,35.6,39.0552987985042,36.0853409204244,37.1066664389995,"Range_24 45 m"
2025-06-13 16:00:00,32.2,30.5629954821257,32.9806841105834,33.0912471300749,"Range_24 45 m"
2025-06-13 17:00:00,29.1,25.8512455646074,30.3797514679113,30.4145151797807,"Range_24 45 m"
2025-06-13 18:00:00,27.1,24.609961529703,27.9436852303281,28.8879914483737,"Range_24 45 m"
2025-06-13 19:00:00,25.9,24.1384494954442,26.5631450423364,27.427233999381,"Range_24 45 m"
2025-06-13 20:00:00,24.6,23.1529570503857,24.9925531898029,25.9139901085522,"Range_24 45 m"
2025-06-13 21:00:00,23.3,22.804481087189,23.9393873700358,24.7713422159961,"Range_24 45 m"
2025-06-13 22:00:00,22.6,22.2006307053904,23.2129256999771,24.1655830550532,"Range_24 45 m"
2025-06-13 23:00:00,23.1,21.8060775557829,23.297963859011,23.5972082177473,"Range_24 45 m"
2025-06-14,23.1,21.6273053309575,23.2285297725491,23.2186258456365,"Range_24 45 m"
2025-06-14 01:00:00,22.1,21.2556702573557,22.5677969693268,22.7355756242533,"Range_24 45 m"
2025-06-14 02:00:00,22.2,20.9814745958688,22.4320721768524,22.0966152723672,"Range_24 45 m"
2025-06-14 03:00:00,22.6,21.1508259463713,22.5593896221356,21.8204110551283,"Range_24 45 m"
2025-06-14 04:00:00,23.5,25.2347721209237,23.614923067084,23.6606209625909,"Range_24 45 m"
2025-06-14 05:00:00,26,27.7876329147462,26.0930314513422,26.2588699781541,"Range_24 45 m"
2025-06-14 06:00:00,30.1,32.9490450773593,30.2034273919746,29.6879104528781,"Range_24 45 m"
2025-06-14 07:00:00,30.1,46.1460542691981,31.1133640710833,34.055125237826,"Range_24 45 m"
2025-06-14 08:00:00,36.3,56.6461663526477,37.3297591584605,38.2629742902698,"Range_24 45 m"
2025-06-14 09:00:00,41.3,60.103316186105,41.6015494382427,41.8949784022915,"Range_24 45 m"
2025-06-14 10:00:00,45.1,62.4361229295539,45.1415066510516,45.1697159166145,"Range_24 45 m"
2025-06-14 11:00:00,47.5,59.3564924690828,47.0715691709046,45.0694918129549,"Range_24 45 m"
2025-06-14 12:00:00,44,56.1096148813174,44.5482040356569,44.5786843622134,"Range_24 45 m"
2025-06-14 13:00:00,41.5,51.2188343828002,41.8598355783568,42.5552162950316,"Range_24 45 m"
2025-06-14 14:00:00,38.7,45.5220987385715,39.1475138367552,39.9781968182529,"Range_24 45 m"
2025-06-14 15:00:00,35.5,39.1680664276269,35.8461116112573,37.1159385894921,"Range_24 45 m"
2025-06-14 16:00:00,32,30.6368536092829,32.483450053307,33.1288723089289,"Range_24 45 m"
2025-06-14 17:00:00,29,25.5215365288808,29.2884844422969,30.3078543541982,"Range_24 45 m"
2025-06-14 18:00:00,27.1,24.1917947121802,27.5819320526813,28.3382600136939,"Range_24 45 m"
2025-06-14 19:00:00,25.8,23.8347029632622,26.2295757078027,26.9252667373711,"Range_24 45 m"
2025-06-14 20:00:00,25.9,23.1757329881394,25.8112610584178,25.9088491380417,"Range_24 45 m"
2025-06-14 21:00:00,25.4,22.939972124069,25.2519229744257,25.0535928821256,"Range_24 45 m"
2025-06-14 22:00:00,24.5,22.919260811557,24.537618392022,24.7511324403183,"Range_24 45 m"
2025-06-14 23:00:00,23.9,22.2437300301581,23.8736889621343,23.993951878646,"Range_24 45 m"
2025-07-27 01:00:00,23.6,23.5802916429835,23.9975576420992,25.7074769876795,"Range_24 45 m"
2025-07-27 02:00:00,23,23.3154764678405,23.6015494895235,25.2242988850997,"Range_24 45 m"
2025-07-27 03:00:00,22.5,22.8834173971163,23.007800023642,24.6855179363238,"Range_24 45 m"
2025-07-27 04:00:00,23.1,27.3426741841534,23.6304225441973,25.7585386517742,"Range_24 45 m"
2025-07-27 05:00:00,26.5,35.5286243642459,27.3837581416557,27.7588804448733,"Range_24 45 m"
2025-07-27 06:00:00,31.6,46.1852312198989,31.830689844535,30.9750270954482,"Range_24 45 m"
2025-07-27 07:00:00,32.5,55.4146749840743,34.1681357462764,34.5835707055098,"Range_24 45 m"
2025-07-27 08:00:00,38.5,61.594341975032,39.7774251349916,39.3010527904617,"Range_24 45 m"
2025-07-27 09:00:00,42.7,64.7028349757046,43.1507836689248,43.4327639460415,"Range_24 45 m"
2025-07-27 10:00:00,47.2,66.2910063024771,46.975620891808,46.745695328356,"Range_24 45 m"
2025-07-27 11:00:00,49.1,64.9550282942689,48.7280864802404,48.0037610518373,"Range_24 45 m"
2025-07-27 12:00:00,48.4,61.9646120497389,48.1251409108198,48.0272655913038,"Range_24 45 m"
2025-07-27 13:00:00,47.6,57.5089179535833,47.5295966361202,46.6902972718206,"Range_24 45 m"
2025-07-27 14:00:00,45.6,51.8512612684908,45.2133419294147,44.2899862631502,"Range_24 45 m"
2025-07-27 15:00:00,42.4,45.4671232032331,42.017416602362,41.4114047812971,"Range_24 45 m"
2025-07-27 16:00:00,38,37.3401989672206,37.4627996006253,37.3590200874827,"Range_24 45 m"
2025-07-27 17:00:00,33.9,31.3659951070605,33.6311839839392,34.0566384176074,"Range_24 45 m"
2025-07-27 18:00:00,31.6,29.4919776253709,31.3582600856155,31.2759290270814,"Range_24 45 m"
2025-07-27 19:00:00,30,28.356208170836,29.9178572111245,30.2796184672761,"Range_24 45 m"
2025-07-27 20:00:00,28.6,27.4550944954439,28.5171064310525,28.8567243010088,"Range_24 45 m"
2025-07-27 21:00:00,28,26.8061125832777,27.9645060257629,27.8511612969618,"Range_24 45 m"
2025-07-27 22:00:00,27.4,26.1104903552851,27.4870901246917,27.4053323600611,"Range_24 45 m"
2025-07-27 23:00:00,27.6,25.0817726630605,27.6064665075224,26.5558712262548,"Range_24 45 m"
2025-07-28,27.2,24.6059881558288,26.990973493234,26.1990610470642,"Range_24 45 m"
2025-07-28 01:00:00,26.6,24.2599163758961,26.5105675302176,26.1475634086338,"Range_24 45 m"
2025-07-28 02:00:00,26,24.141376179386,25.9612081155962,25.5403792082556,"Range_24 45 m"
2025-07-28 03:00:00,25.4,24.0859958088716,25.3785890065772,25.0923900759538,"Range_24 45 m"
2025-07-28 04:00:00,25.7,28.1347159130998,25.8048194580185,26.8759933693834,"Range_24 45 m"
2025-07-28 05:00:00,28.3,34.1431508463251,28.5375615371931,29.0073256891596,"Range_24 45 m"
2025-07-28 06:00:00,31.4,43.7802849716128,31.511368004642,32.0255166000308,"Range_24 45 m"
2025-07-28 07:00:00,32.3,53.8179167475453,33.4913833641966,34.8259352411976,"Range_24 45 m"
2025-07-28 08:00:00,38.3,59.9344073496699,38.7746916089887,38.5504866801142,"Range_24 45 m"
2025-07-28 09:00:00,43.1,63.8627633142438,43.2335822405331,42.7976216363874,"Range_24 45 m"
2025-07-28 10:00:00,47.1,65.8892504010859,46.0498461859897,45.9082399640742,"Range_24 45 m"
2025-07-28 11:00:00,48.9,62.6126283866372,48.0295880791734,45.8888258201089,"Range_24 45 m"
2025-07-28 12:00:00,48.5,58.7893699089032,47.8682929580543,46.1423247734052,"Range_24 45 m"
2025-07-28 13:00:00,46.8,53.4546205608013,46.3365412883,44.7450248805645,"Range_24 45 m"
2025-07-28 14:00:00,43.6,47.3374527394678,43.3499671669579,42.2321766316797,"Range_24 45 m"
2025-07-28 15:00:00,40,41.0101895031136,39.686146929628,39.3708578046959,"Range_24 45 m"
2025-07-28 16:00:00,36.2,34.4682254570138,35.9597591665713,35.9263659494531,"Range_24 45 m"
2025-07-28 17:00:00,32.9,29.8942135298715,32.9029123159323,33.1067775214181,"Range_24 45 m"
2025-07-28 18:00:00,31,28.5051454681179,30.9076793161226,30.7916444915554,"Range_24 45 m"
2025-07-28 19:00:00,30,27.6155011502512,29.6810744118266,29.7549393025644,"Range_24 45 m"
2025-07-28 20:00:00,29.1,27.0326973306812,28.856530411017,28.6468482124485,"Range_24 45 m"
2025-07-28 21:00:00,28.2,26.4810190276214,28.1747836336957,28.116285927684,"Range_24 45 m"
2025-07-28 22:00:00,28.2,25.699514534308,28.0425452725674,27.767976429297,"Range_24 45 m"
2025-07-28 23:00:00,27.7,25.1689125876314,27.6161046549482,27.4643418173677,"Range_24 45 m"
2025-07-29,27.4000000000001,24.8261529366031,27.2150116920096,27.202322141315,"Range_24 45 m"
2025-07-29 01:00:00,27.2,24.859794565617,26.9886062032024,27.1891998733868,"Range_24 45 m"
2025-07-29 02:00:00,26.4,24.9298819673022,26.3817283344554,26.790435589548,"Range_24 45 m"
2025-07-29 03:00:00,25.5,24.78224767172,25.6510747575709,26.2498620840277,"Range_24 45 m"
2025-07-29 04:00:00,26,28.4079717970561,26.2370598182232,27.4951854325007,"Range_24 45 m"
2025-07-29 05:00:00,28.6,33.5574875800797,28.6338228403232,29.3399797408768,"Range_24 45 m"
2025-07-29 06:00:00,31.7,41.7696620681398,31.8712149139737,32.069193051111,"Range_24 45 m"
2025-07-29 07:00:00,32.2,48.6592769057835,33.2771197370104,33.1317166717137,"Range_24 45 m"
2025-07-29 08:00:00,37.7,55.671421162363,38.2154902822062,36.5911122481784,"Range_24 45 m"
2025-07-29 09:00:00,41.9,61.5124990705828,42.3097667748264,41.6845018629412,"Range_24 45 m"
2025-07-29 10:00:00,45.5,63.2153939798086,45.673734384082,45.1990403726309,"Range_24 45 m"
2025-07-29 11:00:00,47.8,61.5548989655852,47.2516663462833,46.3483598115325,"Range_24 45 m"
2025-07-29 12:00:00,47.3,57.6759834339267,46.9723427605169,45.6985492756015,"Range_24 45 m"
2025-07-29 13:00:00,45.2,52.6855941622491,45.0568863305348,44.2271362154718,"Range_24 45 m"
2025-07-29 14:00:00,42.4,46.7601545611914,42.2632710563683,41.7992156306799,"Range_24 45 m"
2025-07-29 15:00:00,39.1,40.1779390093128,38.8824283662861,38.9058145996372,"Range_24 45 m"
2025-07-29 16:00:00,35.5,33.4388596453966,35.3834173904002,35.3955474534334,"Range_24 45 m"
2025-07-29 17:00:00,32.8,28.9496456003584,32.3072437557612,32.4628454065718,"Range_24 45 m"
2025-07-29 18:00:00,31.2,27.8392050368984,30.908034157689,30.9287726981838,"Range_24 45 m"
2025-07-29 19:00:00,30.2,27.4954843058007,30.0476188427783,30.0363478197472,"Range_24 45 m"
2025-07-29 20:00:00,29.4,27.0597068251688,29.2319192474918,29.3290354193766,"Range_24 45 m"
2025-07-29 21:00:00,28.7,26.743674294276,28.5801243745995,28.7046078603694,"Range_24 45 m"
2025-07-29 22:00:00,28.7,25.5896246459055,28.3510415455244,27.8484938170481,"Range_24 45 m"
2025-07-29 23:00:00,28.1,25.1001436277,27.9050925112406,27.5058424039451,"Range_24 45 m"
2025-07-30,27.7,24.9362183249508,27.6339970105473,27.4488926566158,"Range_24 45 m"
2025-07-30 01:00:00,27.6,24.708005964784,27.4908476532832,27.3510037064832,"Range_24 45 m"
2025-07-30 02:00:00,27.2999999999999,24.6247373288372,27.1178307333772,27.0103359883526,"Range_24 45 m"
2025-07-30 03:00:00,26.7,24.4994406766998,26.6039762607332,26.7721586294281,"Range_24 45 m"
2025-07-30 04:00:00,26.9,25.8769665105716,26.8921338527755,27.1166986568347,"Range_24 45 m"
2025-07-30 05:00:00,30,28.064755486572,29.8733264931195,28.5464533439519,"Range_24 45 m"
2025-07-30 06:00:00,31.9,30.994473467195,31.8475778737733,31.2779193023085,"Range_24 45 m"
2025-07-30 07:00:00,32.6,32.4920082735392,33.3327683678771,34.6803351091715,"Range_24 45 m"
2025-07-30 08:00:00,38.6,33.5964580524492,38.6504403347834,37.5400806415605,"Range_24 45 m"
2025-07-30 09:00:00,43.7,35.4801409251991,43.3780429407879,40.0096180446449,"Range_24 45 m"
2025-07-30 10:00:00,47.2,38.0084433669596,46.4775464148034,43.6089391822367,"Range_24 45 m"
2025-07-30 11:00:00,48.5,44.295746791002,47.1113266121065,46.4426059600084,"Range_24 45 m"
2025-07-30 12:00:00,48.1,50.8827983840215,47.3121012360154,45.1315080626714,"Range_24 45 m"
2025-07-30 13:00:00,46.6,49.7857050832007,45.9465050495896,43.1049823697302,"Range_24 45 m"
2025-07-30 14:00:00,43.6,44.9959765192005,42.9039911004679,40.5118103738758,"Range_24 45 m"
2025-07-30 15:00:00,39.9,38.9509091808556,39.5471791409633,37.8791219427346,"Range_24 45 m"
2025-07-30 16:00:00,35.9,31.5016554487729,35.261354968652,34.3180626524472,"Range_24 45 m"
2025-07-30 17:00:00,32,26.6839504867979,31.6652040623711,31.1972203880735,"Range_24 45 m"
2025-07-30 18:00:00,30.1,25.4278757499544,29.8284609849412,29.4317238258211,"Range_24 45 m"
2025-07-30 19:00:00,29,24.9444386802879,29.0737617139256,28.4356286369529,"Range_24 45 m"
2025-07-30 20:00:00,28.5,24.5968363174143,28.4853848655594,27.7099382766428,"Range_24 45 m"
2025-07-30 21:00:00,28.2,24.232267925146,27.9857687675744,27.1897235602168,"Range_24 45 m"
2025-07-30 22:00:00,28.1,23.6714865808382,28.1080370439811,26.7081973199739,"Range_24 45 m"
2025-07-30 23:00:00,28.2,23.2721714293567,28.1311502988585,26.2456878935901,"Range_24 45 m"
2025-07-31,27.9,23.1347022251275,27.6997807683401,26.2039976314691,"Range_24 45 m"
2025-07-31 01:00:00,27.9,22.6180381548799,27.3759522294506,25.7877483141817,"Range_24 45 m"
2025-07-31 02:00:00,27.9,22.4321780978815,27.4428308871185,25.4117451488153,"Range_24 45 m"
2025-07-31 03:00:00,27.4,22.4602690775853,27.2520501236296,25.3601909716588,"Range_24 45 m"
2025-07-31 04:00:00,27.2,24.2089503382215,27.1237201832359,26.3960459803113,"Range_24 45 m"
2025-07-31 05:00:00,29.2,26.623373307499,29.213743074547,28.2180911677209,"Range_24 45 m"
2025-07-31 06:00:00,31.1,29.3282650251571,31.1417057155412,31.1090356846038,"Range_24 45 m"
2025-07-31 07:00:00,32.1,30.6116783436122,33.1062525590772,33.4271771725001,"Range_24 45 m"
2025-07-31 08:00:00,37.6,33.8118229983238,37.4642547192041,35.967271911898,"Range_24 45 m"
2025-07-31 09:00:00,42.4,34.8136285306163,41.9081232596327,40.2569559575267,"Range_24 45 m"
2025-07-31 10:00:00,46.5,34.1681927247899,45.3747748384668,42.5533379121678,"Range_24 45 m"
2025-07-31 11:00:00,47.9,34.5449663030849,47.3711614164529,43.937424265121,"Range_24 45 m"
2025-07-31 12:00:00,47.9,42.1130190120217,46.6686796714755,45.1954593883034,"Range_24 45 m"
2025-07-31 13:00:00,46.6,44.6555638497949,45.550283483707,41.9837045854211,"Range_24 45 m"
2025-07-31 14:00:00,43.8,41.8060399054063,42.6618863796494,39.9302115200532,"Range_24 45 m"
2025-07-31 15:00:00,39.2,36.2429092908299,38.5806567282901,37.3725449824727,"Range_24 45 m"
2025-07-31 16:00:00,35.3,30.0934918063802,34.5738589923909,33.7760555881185,"Range_24 45 m"
2025-07-31 17:00:00,32.1,26.0540587360769,31.7532669708436,30.9632160122305,"Range_24 45 m"
2025-07-31 18:00:00,30.6,24.8908836793044,30.2463589608978,29.3628599595168,"Range_24 45 m"
2025-07-31 19:00:00,29.5,24.2714853631141,29.328536513759,28.4302425728919,"Range_24 45 m"
2025-07-31 20:00:00,28.8,23.8502882983283,28.5401640031506,27.533504393299,"Range_24 45 m"
2025-07-31 21:00:00,28.1,23.4422715940523,27.9827137737486,26.9378341474581,"Range_24 45 m"
2025-07-31 22:00:00,28,23.2464602457417,27.9184386170604,26.9236653314961,"Range_24 45 m"
2025-07-31 23:00:00,27.5,22.926330089089,27.4253838604683,26.5600633616415,"Range_24 45 m"
2025-08-01,27.3,22.8446931625255,27.1604070636018,26.3191356445201,"Range_24 45 m"
2025-08-01 01:00:00,26.9,22.4536166077078,26.8050571173776,25.887792575878,"Range_24 45 m"
2025-08-01 02:00:00,26.8,22.2782738033245,26.7450930492626,25.7526542964886,"Range_24 45 m"
2025-08-01 03:00:00,26.4,22.2500722492853,26.5315787633385,25.4616253460565,"Range_24 45 m"
2025-08-01 04:00:00,26.8,23.7631483730926,26.9731381035433,26.1326547321929,"Range_24 45 m"
2025-08-01 05:00:00,28.8,26.0166478887227,28.7679148951078,27.9275602832463,"Range_24 45 m"
2025-08-01 06:00:00,31.6,28.7660414375425,31.7243478720895,30.6481466688276,"Range_24 45 m"
2025-08-01 07:00:00,31.6,29.8936667517073,32.4439519724608,33.5195937231428,"Range_24 45 m"
2025-08-01 08:00:00,38.1,31.1408387912799,37.7329505073182,35.4859973682452,"Range_24 45 m"
2025-08-01 09:00:00,42.4,32.4174772781007,41.4590401975797,38.7075244468324,"Range_24 45 m"
2025-08-01 10:00:00,46.1,34.0981963927708,45.5033032021303,42.4736217315159,"Range_24 45 m"
2025-08-01 11:00:00,47.9,33.9742071312372,47.2550033735502,44.7616636436884,"Range_24 45 m"
2025-08-01 12:00:00,47.7,34.7563551103879,47.2837894442914,44.9366357958127,"Range_24 45 m"
2025-08-01 13:00:00,46.5,40.0920831904145,45.4507246212339,45.0607688173981,"Range_24 45 m"
2025-08-01 14:00:00,43.6,40.4529584097306,42.6625743920286,40.9756385731141,"Range_24 45 m"
2025-08-01 15:00:00,40,35.8911950199015,39.2736549644468,37.361921390713,"Range_24 45 m"
2025-08-01 16:00:00,36.1,29.2569683543851,35.144772246756,33.5994060985257,"Range_24 45 m"
2025-08-01 17:00:00,32.3,25.1142030279366,31.4889834081693,30.4529758016793,"Range_24 45 m"
2025-08-01 18:00:00,30.5,24.0052727687078,29.6578382406701,28.7680315005498,"Range_24 45 m"
2025-08-01 19:00:00,29.4,23.7560588662278,28.8265654652878,27.8723022286546,"Range_24 45 m"
2025-08-01 20:00:00,28.5,23.3978185039574,28.0721609539086,27.1727237087303,"Range_24 45 m"
2025-08-01 21:00:00,27.9,23.079468785482,27.620968240882,26.7676911937767,"Range_24 45 m"
2025-08-01 22:00:00,27.6,23.0760350171,27.4624672235203,26.8530659619242,"Range_24 45 m"
2025-08-01 23:00:00,26.8,22.7868296865148,26.9065796452038,26.3138248685522,"Range_24 45 m"
2025-08-02,26.3,22.6717185087175,26.4209441027007,26.1513570852251,"Range_24 45 m"
2025-08-02 01:00:00,25.7,22.5294758983756,25.9758274301246,25.7641861148978,"Range_24 45 m"
2025-08-02 02:00:00,25.3,22.5227206375641,25.4374765555237,25.4907725479645,"Range_24 45 m"
2025-08-02 03:00:00,25.3,22.5439752979574,25.3612027934428,25.3046225948629,"Range_24 45 m"
2025-08-02 04:00:00,25.4,24.0019355139521,25.6008572497983,25.9231375775126,"Range_24 45 m"
2025-08-02 05:00:00,28.1,26.6643045428496,28.1967799586221,27.8641671422225,"Range_24 45 m"
2025-08-02 06:00:00,31.2,29.3688826005563,31.2569215367858,30.5983366410836,"Range_24 45 m"
2025-08-02 07:00:00,30.9,33.3027132565781,32.286062202243,33.662968021135,"Range_24 45 m"
2025-08-02 08:00:00,37.8,35.3506454060858,37.9221039242044,37.8800033162421,"Range_24 45 m"
2025-08-02 09:00:00,42,35.7379686434684,41.9982007711977,41.0151464541373,"Range_24 45 m"
2025-08-02 10:00:00,45.2,36.7047575304243,44.6821979238263,44.1584232637617,"Range_24 45 m"
2025-08-02 11:00:00,46.6,34.8380938425471,46.4935021803554,45.6270247354914,"Range_24 45 m"
2025-08-02 12:00:00,46.6,33.7866315011916,46.166242985332,44.8256930475173,"Range_24 45 m"
2025-08-02 13:00:00,45.5,37.7577216879599,45.008537441603,44.4564330832236,"Range_24 45 m"
2025-08-02 14:00:00,42.3,38.8109645997873,41.9357635022978,41.6648998414865,"Range_24 45 m"
2025-08-02 15:00:00,39.1,34.6632662203099,38.5775211805758,37.7404890444066,"Range_24 45 m"
2025-08-02 16:00:00,35.5,29.0103943841727,35.0146544605239,34.0083539979727,"Range_24 45 m"
2025-08-02 17:00:00,32.1,25.3428805598015,31.6131689952967,30.9251368769402,"Range_24 45 m"
2025-08-02 18:00:00,30.4,24.3968343657659,29.9893655365107,29.2444658202337,"Range_24 45 m"
2025-08-02 19:00:00,29.7,24.1264514843671,29.4469749638105,28.3951287190168,"Range_24 45 m"
2025-08-02 20:00:00,28.9,23.9485538446915,28.7506418555199,27.6686909639847,"Range_24 45 m"
2025-08-02 21:00:00,28.4,23.6797122472933,28.2949196496007,27.0911759847811,"Range_24 45 m"
2025-08-02 22:00:00,27.8,23.6741966932011,27.9668380754585,26.7124609677983,"Range_24 45 m"
2025-08-02 23:00:00,27.6,23.3640860993076,27.6231949243444,26.5241808373142,"Range_24 45 m"
2025-08-17 01:00:00,27.1,24.8109527592806,26.9736399953076,26.4353759055285,"Range_24 45 m"
2025-08-17 02:00:00,26.8,24.4725525026444,26.7102772532178,26.1275521164063,"Range_24 45 m"
2025-08-17 03:00:00,26.2,24.4596144473117,26.2693980333463,25.7683206116717,"Range_24 45 m"
2025-08-17 04:00:00,26.4000000000001,24.5465169640218,26.3781967666295,25.3200888128911,"Range_24 45 m"
2025-08-17 05:00:00,28.5000000000001,32.6930939966073,28.7915296926133,27.7443616205087,"Range_24 45 m"
2025-08-17 06:00:00,31.6,40.837492414561,32.0835907117728,30.6170258007915,"Range_24 45 m"
2025-08-17 07:00:00,34.1,51.2623776294674,34.8469692162037,33.3551968433346,"Range_24 45 m"
2025-08-17 08:00:00,40.9,58.0763771906786,40.6984691046026,37.0376427546434,"Range_24 45 m"
2025-08-17 09:00:00,44.5,61.3929936087206,44.0977475120909,41.3167835867479,"Range_24 45 m"
2025-08-17 10:00:00,47.3,61.4613988420826,46.756525754773,44.1244294664723,"Range_24 45 m"
2025-08-17 11:00:00,47.5,61.4516205180126,47.6445327609904,46.4399914133983,"Range_24 45 m"
2025-08-17 12:00:00,46.5,57.6570497414255,46.90213358334,45.7877374550485,"Range_24 45 m"
2025-08-17 13:00:00,44.7,52.880857087971,45.1170648164828,44.3943611162913,"Range_24 45 m"
2025-08-17 14:00:00,41.2,46.3726896141699,41.5081196865547,41.8411964272192,"Range_24 45 m"
2025-08-17 15:00:00,37.8,38.9936883232001,37.8024165628425,38.6066156408194,"Range_24 45 m"
2025-08-17 16:00:00,34.2,31.9777468531314,34.2587297680925,34.7671192972842,"Range_24 45 m"
2025-08-17 17:00:00,31.5,28.7817037577851,31.5930946719282,32.1981966967805,"Range_24 45 m"
2025-08-17 18:00:00,30.4,27.9260966851832,30.3999308132419,31.0354931428553,"Range_24 45 m"
2025-08-17 19:00:00,29.3,27.49863804727,29.3527952836183,30.4860223665754,"Range_24 45 m"
2025-08-17 20:00:00,28.7,27.3763333527422,28.6244113667578,29.8963876931047,"Range_24 45 m"
2025-08-17 21:00:00,27.8,27.0452205693952,27.9396346723816,29.2906891858808,"Range_24 45 m"
2025-08-17 22:00:00,27.6,26.1169166984398,27.580801326992,28.7030954780418,"Range_24 45 m"
2025-08-17 23:00:00,27.7,25.958434900754,27.7949426194971,28.4322965950899,"Range_24 45 m"
2025-08-18,27.7,25.6600010337084,27.5746878936364,28.0207669676989,"Range_24 45 m"
2025-08-18 01:00:00,26.9,25.6042668625314,26.9361807500987,27.7619478508432,"Range_24 45 m"
2025-08-18 02:00:00,26.4,25.359416815457,26.5026464830412,27.5909608332487,"Range_24 45 m"
2025-08-18 03:00:00,26.7,25.3669200352775,26.6678048745025,27.5281677655326,"Range_24 45 m"
2025-08-18 04:00:00,26.9,25.5326274210534,26.8364878774171,26.9950578981957,"Range_24 45 m"
2025-08-18 05:00:00,28.2,30.9421703478375,28.3634400862015,28.1601650377789,"Range_24 45 m"
2025-08-18 06:00:00,31.8,39.4800269772435,31.8596143395622,30.6809642483617,"Range_24 45 m"
2025-08-18 07:00:00,34.4,51.0362222381642,34.5651535330507,32.9886663147023,"Range_24 45 m"
2025-08-18 08:00:00,39.9,57.1342001145786,39.7490322661669,36.714800853104,"Range_24 45 m"
2025-08-18 09:00:00,42.6,61.3724114691632,43.0767906362714,41.4306771551984,"Range_24 45 m"
2025-08-18 10:00:00,45.5,63.8531304962607,45.6098501825137,45.3485337860556,"Range_24 45 m"
2025-08-18 11:00:00,47.1,62.6106464225674,47.4584477327183,46.4553558189297,"Range_24 45 m"
2025-08-18 12:00:00,46.6,58.669090681501,47.2304449948125,45.7671655945259,"Range_24 45 m"
2025-08-18 13:00:00,44.6,52.6836877152617,44.8092197218048,43.752253083914,"Range_24 45 m"
2025-08-18 14:00:00,41.3,45.9414927008055,41.3203471878238,41.2293282987974,"Range_24 45 m"
2025-08-18 15:00:00,37.7,38.4150269887,37.8120575838387,37.7859880587607,"Range_24 45 m"
2025-08-18 16:00:00,34.4,31.4371019699426,34.2731188036768,33.9461103775354,"Range_24 45 m"
2025-08-18 17:00:00,31.2,28.2069613197475,31.1980954903433,31.5719086387783,"Range_24 45 m"
2025-08-18 18:00:00,29.7,27.0538172609241,29.7569321638668,30.3076791650684,"Range_24 45 m"
2025-08-18 19:00:00,28.7,26.7201324304966,28.696946619521,29.2393718561558,"Range_24 45 m"
2025-08-18 20:00:00,27.9,25.7999104330718,28.0996713538197,28.1011494467437,"Range_24 45 m"
2025-08-18 21:00:00,27.2,25.2596708229003,27.2055397906415,27.0706638982711,"Range_24 45 m"
2025-08-18 22:00:00,26.7,24.6721917684676,27.0441693945484,26.3735416229369,"Range_24 45 m"
2025-08-18 23:00:00,25.8,24.1811900946706,26.2834464841344,25.9153866383641,"Range_24 45 m"
2025-08-19,24.9,23.9456449460178,25.4560735541626,25.5715374659687,"Range_24 45 m"
2025-08-19 01:00:00,24.4,23.4524310708781,24.9994364519183,24.9088848710795,"Range_24 45 m"
2025-08-19 02:00:00,24,23.297488469648,24.3298087006374,24.3451601453301,"Range_24 45 m"
2025-08-19 03:00:00,23.6,23.0628358335396,24.1299688137739,23.9531059474846,"Range_24 45 m"
2025-08-19 04:00:00,23.9,22.9541492228277,24.2366138725255,23.2847139601476,"Range_24 45 m"
2025-08-19 05:00:00,26.6,32.5964898982353,26.9998150055899,26.6806015887565,"Range_24 45 m"
2025-08-19 06:00:00,29.9,40.2963423080397,30.456432191189,30.0987705535841,"Range_24 45 m"
2025-08-19 07:00:00,32.1,52.2680938909891,32.9046887052161,33.6646583746317,"Range_24 45 m"
2025-08-19 08:00:00,38.1,60.4394985468903,38.4812473059696,37.7921444209137,"Range_24 45 m"
2025-08-19 09:00:00,43.3,63.7693477048277,43.5959689843487,42.236012972772,"Range_24 45 m"
2025-08-19 10:00:00,47.2,66.1822329477266,46.8303842799287,45.8386603311495,"Range_24 45 m"
2025-08-19 11:00:00,47.8,64.4781768529396,47.713067939377,46.5763480870705,"Range_24 45 m"
2025-08-19 12:00:00,46.5,60.5135023129572,46.9663763031069,45.9812776578058,"Range_24 45 m"
2025-08-19 13:00:00,44.7,54.7158406711054,44.9714082983803,44.1342977023554,"Range_24 45 m"
2025-08-19 14:00:00,42,47.7696466281509,42.2133785272775,41.5829047992324,"Range_24 45 m"
2025-08-19 15:00:00,38.6,40.5204658405142,38.7330644310625,38.7298940316992,"Range_24 45 m"
2025-08-19 16:00:00,34.6,32.9833049837932,34.7449242398775,35.0197715823039,"Range_24 45 m"
2025-08-19 17:00:00,31.6,29.0231475923609,31.6547027118379,32.2607183549952,"Range_24 45 m"
2025-08-19 18:00:00,30,28.1375628983605,29.9546482314545,30.5351664101708,"Range_24 45 m"
2025-08-19 19:00:00,28.8,27.25431686086,28.8052166677034,29.4138851706439,"Range_24 45 m"
2025-08-19 20:00:00,27.7,26.5774692294547,27.6586032790124,28.1937487122962,"Range_24 45 m"
2025-08-19 21:00:00,26.9,25.8784660322295,26.8980445352461,27.2734432441817,"Range_24 45 m"
2025-08-19 22:00:00,26.1,25.2058546120967,26.1506213757308,26.5210178668346,"Range_24 45 m"
2025-08-19 23:00:00,25.5,24.6564206359672,25.6550704736045,25.8281696317481,"Range_24 45 m"
2025-08-20,25.3,24.4224955501976,25.4369648839089,25.3502728405418,"Range_24 45 m"
2025-08-20 01:00:00,24.7,23.8548826183715,24.8737091041713,24.6325816120544,"Range_24 45 m"
2025-08-20 02:00:00,24.2,23.4868994004731,24.3709389095942,24.1504789836411,"Range_24 45 m"
2025-08-20 03:00:00,23.9,23.1985249248823,24.139948737494,23.6282627312025,"Range_24 45 m"
2025-08-20 04:00:00,24.1,23.4422927512806,24.2961902840163,23.3534621610325,"Range_24 45 m"
2025-08-20 05:00:00,27.1,32.8203605545264,27.4517212630762,26.875059021781,"Range_24 45 m"
2025-08-20 06:00:00,31,41.8072635315022,31.3586592698829,30.799046673592,"Range_24 45 m"
2025-08-20 07:00:00,33,54.8047293116056,34.1730812380183,34.7969168116056,"Range_24 45 m"
2025-08-20 08:00:00,39.7,62.2457148761067,39.9709612216135,38.7964045733723,"Range_24 45 m"
2025-08-20 09:00:00,45.2,64.416213742389,44.8838506574727,42.4753987704652,"Range_24 45 m"
2025-08-20 10:00:00,48.3,65.0297465322513,47.5514592518666,45.2417330739993,"Range_24 45 m"
2025-08-20 11:00:00,49.3,62.4533115743592,48.8375871215805,45.8634678243592,"Range_24 45 m"
2025-08-20 12:00:00,48.7,58.4353358909681,48.0989019367462,45.4451673194959,"Range_24 45 m"
2025-08-20 13:00:00,46.6,53.1063821669302,46.2385366956067,43.8398588057241,"Range_24 45 m"
2025-08-20 14:00:00,43.6,46.7755422865507,43.3666559366021,41.3650627409574,"Range_24 45 m"
2025-08-20 15:00:00,39.6,40.0416107995834,39.3755132221158,38.6632523162689,"Range_24 45 m"
2025-08-20 16:00:00,35.3,32.5206906174885,35.057292979879,34.9610821580158,"Range_24 45 m"
2025-08-20 17:00:00,31.8,28.7068445389746,31.7698626271975,32.1566412156103,"Range_24 45 m"
2025-08-20 18:00:00,30.2,27.5909687194539,30.1796779900185,30.5206366691304,"Range_24 45 m"
2025-08-20 19:00:00,29.2,26.9298164781693,29.2469798606526,29.4715940889481,"Range_24 45 m"
2025-08-20 20:00:00,28.5,26.5420002960201,28.5635378034206,28.7152667068477,"Range_24 45 m"
2025-08-20 21:00:00,28.2,26.0696278189684,28.104009131491,28.1644139861132,"Range_24 45 m"
2025-08-20 22:00:00,27.8,25.6989192411179,27.8116451671633,27.8380007192368,"Range_24 45 m"
2025-08-20 23:00:00,27.6,25.5212027711279,27.5536787370882,27.6590025109655,"Range_24 45 m"
2025-08-21,27.1,25.2005239489079,26.9866047076982,27.2277394297123,"Range_24 45 m"
2025-08-21 01:00:00,26.6,25.0721831571125,26.4143821698266,26.9407285701298,"Range_24 45 m"
2025-08-21 02:00:00,25.8,24.9615438930139,25.7577383637707,26.5753526441202,"Range_24 45 m"
2025-08-21 03:00:00,25.5,24.9311720582772,25.6034414491185,26.3839484903146,"Range_24 45 m"
2025-08-21 04:00:00,25.8,25.0761041467903,25.8754654521024,26.2837757890938,"Range_24 45 m"
2025-08-21 05:00:00,27.4,32.2213054716501,27.526905124776,28.1946631491098,"Range_24 45 m"
2025-08-21 06:00:00,30.6,38.8152283440807,30.697445702236,30.3472307931163,"Range_24 45 m"
2025-08-21 07:00:00,33.4,44.7474948413612,33.9036380338809,31.0155574329139,"Range_24 45 m"
2025-08-21 08:00:00,38.6,53.7708689698998,37.9893690413864,34.9045378694359,"Range_24 45 m"
2025-08-21 09:00:00,43.4,58.5738022098925,42.8055002001733,40.2363636265185,"Range_24 45 m"
2025-08-21 10:00:00,46.6,61.8813380997579,46.7341981282536,44.3156299393575,"Range_24 45 m"
2025-08-21 11:00:00,47.8,60.776354187483,47.7826655441455,45.6935981450025,"Range_24 45 m"
2025-08-21 12:00:00,46.9,57.5334730333558,46.7975860739958,45.4395561403504,"Range_24 45 m"
2025-08-21 13:00:00,45.7,52.3361871596029,45.5303183249481,43.712836062496,"Range_24 45 m"
2025-08-21 14:00:00,42.7,46.6548806098301,42.4881230627013,41.6426564124424,"Range_24 45 m"
2025-08-21 15:00:00,38.7,39.6098346415152,38.6943933650229,38.5210030975928,"Range_24 45 m"
2025-08-21 16:00:00,34.6,32.2420056069192,34.6304567003817,34.8461964333352,"Range_24 45 m"
2025-08-21 17:00:00,31.7,28.4540811339382,31.6017585344039,32.1124716559414,"Range_24 45 m"
2025-08-21 18:00:00,30.3,27.6074288350844,30.3325042764121,30.5546648961806,"Range_24 45 m"
2025-08-21 19:00:00,29,26.8949865339957,28.9147955757042,29.4858397482596,"Range_24 45 m"
2025-08-21 20:00:00,28,26.2755378526495,27.948281716988,28.2708151382254,"Range_24 45 m"
2025-08-21 21:00:00,27.4,25.7219009351815,27.3538975937327,27.1159886074151,"Range_24 45 m"
2025-08-21 22:00:00,26.8,25.508624889861,26.9078047922904,26.8893863940343,"Range_24 45 m"
2025-08-21 23:00:00,26.5,24.8946322203519,26.3889248776759,26.2811968327405,"Range_24 45 m"
2025-08-22,25.8,24.6610687693505,25.8972504558664,26.0641529282479,"Range_24 45 m"
2025-08-22 01:00:00,25.3,24.2035086738612,25.414513547314,25.3620206701304,"Range_24 45 m"
2025-08-22 02:00:00,24.7,23.9300812500992,24.9637044371903,24.9844158906021,"Range_24 45 m"
2025-08-22 03:00:00,24.5,23.6618693056703,24.7352201926006,24.5042883339525,"Range_24 45 m"
2025-08-22 04:00:00,24.8,23.5897859580513,24.8520466516305,24.1442539937492,"Range_24 45 m"
2025-08-22 05:00:00,26.9,28.2677186483847,26.9594473992466,26.1594050878989,"Range_24 45 m"
2025-08-22 06:00:00,30.3,32.9467491729567,30.4439997467176,30.5289845092604,"Range_24 45 m"
2025-08-22 07:00:00,33.1,35.8483269693723,33.0170466456694,33.7232468607297,"Range_24 45 m"
2025-08-22 08:00:00,39,38.1777386491891,37.7634162283081,36.9106690710183,"Range_24 45 m"
2025-08-22 09:00:00,44.2,37.9274015416977,43.4629146469919,40.354778288829,"Range_24 45 m"
2025-08-22 10:00:00,47.1,42.476434494733,46.4237762819456,44.0970541493885,"Range_24 45 m"
2025-08-22 11:00:00,47.7,57.2101853389836,47.2359831676415,47.1691315670109,"Range_24 45 m"
2025-08-22 12:00:00,47.1,56.3165544051821,47.0718944112118,45.0706418533022,"Range_24 45 m"
2025-08-22 13:00:00,45.2,52.4275474070117,45.1749241637199,43.7298211573169,"Range_24 45 m"
2025-08-22 14:00:00,42.5,46.5025705080308,42.4856763174021,41.2147721033372,"Range_24 45 m"
2025-08-22 15:00:00,39.3,39.338423669171,39.1863560815429,38.1301599143263,"Range_24 45 m"
2025-08-22 16:00:00,35.1,32.0135552794981,34.7616071309879,34.7359597594786,"Range_24 45 m"
2025-08-22 17:00:00,32,28.570345106972,31.7876614438003,32.2112814816363,"Range_24 45 m"
2025-08-22 18:00:00,30.8,27.6626861517092,30.6349250601454,30.9576657240053,"Range_24 45 m"
2025-08-22 19:00:00,29.7,27.1321866194959,29.5784706671313,29.9238512198682,"Range_24 45 m"
2025-08-22 20:00:00,28.5,26.7793863622112,28.4697840585127,29.0526889172954,"Range_24 45 m"
2025-08-22 21:00:00,27.6,26.1355535116626,27.5261215643046,28.0827763405277,"Range_24 45 m"
2025-08-22 22:00:00,26.9,25.49261527039,26.9380078272024,26.969626950993,"Range_24 45 m"
2025-08-22 23:00:00,26.2,24.9273257899213,26.3686116056659,26.1344938921857,"Range_24 45 m"
2025-08-23,25.9,24.6740986397352,26.0560550082407,25.9104278376188,"Range_24 45 m"
2025-08-23 01:00:00,25.4,24.2266529594883,25.5390083857134,25.2902667318806,"Range_24 45 m"
2025-08-23 02:00:00,25.4,24.0551597837055,25.4100212017321,25.0460299018467,"Range_24 45 m"
2025-08-23 03:00:00,25.1,23.9233282115639,25.2777333884175,24.581907680291,"Range_24 45 m"
2025-08-23 04:00:00,25.2,24.1092175921667,25.4196126541143,24.1918440541494,"Range_24 45 m"
2025-08-23 05:00:00,26.8,32.2418660882237,27.0758409203228,27.1763877633336,"Range_24 45 m"
2025-08-23 06:00:00,30.4,37.8426302955391,30.3184081580458,29.9975785300972,"Range_24 45 m"
2025-08-23 07:00:00,33.2000000000001,50.9974007541512,33.4313313550634,34.7533059055184,"Range_24 45 m"
2025-08-23 08:00:00,39,60.1374856003457,38.9241325441933,38.4396630295449,"Range_24 45 m"
2025-08-23 09:00:00,44.1,63.1660228998381,43.9323452639289,42.3262096674162,"Range_24 45 m"
2025-08-23 10:00:00,47.2,63.6930060727946,46.4926244919062,45.0497184141032,"Range_24 45 m"
2025-08-23 11:00:00,48.4,61.587765676139,47.7518084209149,46.0852460685951,"Range_24 45 m"
2025-08-23 12:00:00,48.1,57.8044097772833,47.6882530676254,45.8297307840582,"Range_24 45 m"
2025-08-23 13:00:00,46,53.6993957772777,45.8926985278979,44.8744941964672,"Range_24 45 m"
2025-08-23 14:00:00,43.4,47.7843233584047,42.7737124169916,42.2983881472231,"Range_24 45 m"
2025-08-23 15:00:00,40.1,40.8470255167793,39.4943567079371,39.1839046509575,"Range_24 45 m"
2025-08-23 16:00:00,35.9,33.627217621093,35.3415695650014,35.5768358414223,"Range_24 45 m"
2025-08-23 17:00:00,32.4,30.0020626774807,32.3792649105689,33.0671228161831,"Range_24 45 m"
2025-08-23 18:00:00,30.6,29.0192764108071,30.6745887272397,31.4342310731301,"Range_24 45 m"
2025-08-23 19:00:00,29.2,28.1205220581003,29.3997531822536,30.3145032287546,"Range_24 45 m"
2025-08-23 20:00:00,28.4,27.421197827889,28.5312389923568,29.0710824094549,"Range_24 45 m"
2025-08-23 21:00:00,27.6,26.8762553341107,27.7633376453857,28.4263690120892,"Range_24 45 m"
2025-08-23 22:00:00,27,26.3478972558868,27.3300689424817,28.1384638194931,"Range_24 45 m"
2025-08-23 23:00:00,26.3,25.8660578606037,26.7089897029089,27.7643097517399,"Range_24 45 m"
2025-08-24,25.8,25.6539815544514,26.1429016264221,27.445090043488,"Range_24 45 m"
2025-08-24 01:00:00,25.2,25.1035854100855,25.4716296332931,26.7730927943857,"Range_24 45 m"
2025-08-24 02:00:00,24.7,24.9941788220377,25.0236778889521,26.4929941201181,"Range_24 45 m"
2025-08-24 03:00:00,24.3,24.9012872765371,24.7214614819082,26.0903280566045,"Range_24 45 m"
2025-08-24 04:00:00,24.3,24.7557405258807,24.6082804371583,25.7069575812014,"Range_24 45 m"
2025-08-24 05:00:00,26.1,32.2221448310855,26.5304063227056,28.2012426742557,"Range_24 45 m"
2025-08-24 06:00:00,29.5,39.0544571738608,29.9732601559647,31.1166100364096,"Range_24 45 m"
2025-08-24 07:00:00,32.7,50.9103367315963,33.4030175576665,34.1818516241744,"Range_24 45 m"
2025-08-24 08:00:00,38.5,57.4224502646818,38.2032797398252,37.1319629752531,"Range_24 45 m"
2025-08-24 09:00:00,42.4,62.9209647014456,42.5984352502499,41.8528456523733,"Range_24 45 m"
2025-08-24 10:00:00,45.7,65.0028683458034,45.5716367776203,45.5314251695339,"Range_24 45 m"
2025-08-24 11:00:00,47.1,63.8627761747713,46.8086587284096,46.6453308012361,"Range_24 45 m"
2025-08-24 12:00:00,47.2,59.9017200000162,46.8678880695562,45.9891833789224,"Range_24 45 m"
2025-08-24 13:00:00,45.8,53.5124107134116,45.6641660611433,43.8309989702475,"Range_24 45 m"
2025-08-24 14:00:00,43.1,46.0978679727124,42.7293764690982,40.9203891824292,"Range_24 45 m"
2025-08-24 15:00:00,39.1,38.87555282133,38.7956353805862,37.6793795110502,"Range_24 45 m"
2025-08-24 16:00:00,34.6999999999999,32.0134622880883,34.4973056823909,34.0412638017602,"Range_24 45 m"
2025-08-24 17:00:00,31.7,28.8152771176955,31.6977890883294,31.9713864507338,"Range_24 45 m"
2025-08-24 18:00:00,30.4,28.0197874569357,30.5782038785551,30.968982841915,"Range_24 45 m"
2025-08-24 19:00:00,29.6,27.4977273398378,29.6033106845297,30.053368037317,"Range_24 45 m"
2025-08-24 20:00:00,28.7,26.6040312286374,28.7042888382317,29.0430051322934,"Range_24 45 m"
2025-08-24 21:00:00,28.4,26.3288530309224,28.1316453853263,28.2888155181432,"Range_24 45 m"
2025-08-24 22:00:00,27.9,25.6678494149692,27.7972377377153,27.6293609076984,"Range_24 45 m"
2025-08-24 23:00:00,27.7,25.4549379534627,27.6039566440948,27.2813381142522,"Range_24 45 m"
2025-08-25,26.4,25.2588597899491,26.4840180629516,27.0220811730439,"Range_24 45 m"
2025-08-25 01:00:00,26,24.9536929490822,26.0499635956725,26.7878665092247,"Range_24 45 m"
2025-08-25 02:00:00,25.6,25.0126629449846,25.7068368536142,26.6675514556886,"Range_24 45 m"
2025-08-25 03:00:00,25.2,25.0653428038058,25.4304116957903,26.6106586655078,"Range_24 45 m"
2025-08-25 04:00:00,25.4,25.1157229142999,25.6608261053775,26.6492245393609,"Range_24 45 m"
2025-08-25 05:00:00,27.5,32.3649144696541,27.7074052992668,28.4331851529427,"Range_24 45 m"
2025-08-25 06:00:00,30.6,38.7560572116279,30.8199376945995,30.4932465045356,"Range_24 45 m"
2025-08-25 07:00:00,34.2,46.2390168101898,33.7688777246387,32.351346293222,"Range_24 45 m"
2025-08-25 08:00:00,38.4,51.589842270954,37.7726827914515,35.1142429820136,"Range_24 45 m"
2025-08-25 09:00:00,41.9,56.4051564556182,41.6100667237057,39.4149583202422,"Range_24 45 m"
2025-08-25 10:00:00,45,61.1418293912905,44.9097814709062,43.9180821378725,"Range_24 45 m"
2025-08-25 11:00:00,45.8,60.8170623621163,45.866080890612,45.3175945123849,"Range_24 45 m"
2025-08-25 12:00:00,45.6,57.9867566095162,45.5431229374947,45.162341402607,"Range_24 45 m"
2025-08-25 13:00:00,44.9,52.9901296750415,44.4124195550941,43.3396799222339,"Range_24 45 m"
2025-08-25 14:00:00,42.5,46.3526769021637,42.0985339120603,40.5158458093292,"Range_24 45 m"
2025-08-25 15:00:00,38.6,38.9563363471479,38.3887996336866,37.3639106431455,"Range_24 45 m"
2025-08-25 16:00:00,34.3,31.7166528079456,34.2113801865624,34.0224732730335,"Range_24 45 m"
2025-08-25 17:00:00,31.4,28.415023500476,31.4537589817614,31.8999726124145,"Range_24 45 m"
2025-08-25 18:00:00,29.9,27.3996904649203,30.0634111136075,30.7139671601718,"Range_24 45 m"
2025-08-25 19:00:00,29.1,26.9090719289748,29.1277456945803,29.6751880712477,"Range_24 45 m"
2025-08-25 20:00:00,28.9,26.537313020958,28.7505742641958,28.9768095381394,"Range_24 45 m"
2025-08-25 21:00:00,28.4,26.2482837676379,28.2661605548004,28.5103215216967,"Range_24 45 m"
2025-08-25 22:00:00,27.9,24.5949207382751,28.0112435728641,27.3459988670898,"Range_24 45 m"
2025-08-25 23:00:00,27.7,24.0913156388122,27.868488910421,27.1339811203796,"Range_24 45 m"
2025-08-26,27.4,23.9677134589435,27.4311788583202,26.9463440016986,"Range_24 45 m"
2025-08-26 01:00:00,26.9,23.6654002058816,26.8020996878126,26.7624098646951,"Range_24 45 m"
2025-08-26 02:00:00,25.8,23.4144261517069,25.7392259819095,26.6569836773417,"Range_24 45 m"
2025-08-26 03:00:00,25.4,23.3219645058235,25.4455712546301,26.3136131798347,"Range_24 45 m"
2025-08-26 04:00:00,25.7,23.2044169984744,25.6268983449151,25.8687994562076,"Range_24 45 m"
2025-08-26 05:00:00,28.3,25.793393281319,28.1213101100121,26.6051837476276,"Range_24 45 m"
2025-05-25 11:00:00,41.8,54.2284763837058,41.8538711776693,43.2586029553611,"Rosh_HaNikra 15 m"
2025-05-25 12:00:00,41.5,51.6581082200716,41.9378813538996,42.1606793260286,"Rosh_HaNikra 15 m"
2025-05-25 13:00:00,40.1,48.4151025599498,40.5550895574824,41.1785484141368,"Rosh_HaNikra 15 m"
2025-05-25 14:00:00,38.2,42.2625410208718,38.2256681118539,38.8986374983803,"Rosh_HaNikra 15 m"
2025-05-25 15:00:00,35.6,34.273799665246,35.5919727246579,36.1808313205576,"Rosh_HaNikra 15 m"
2025-05-25 16:00:00,32.5,25.1364760643267,32.2586845402631,33.0127625709795,"Rosh_HaNikra 15 m"
2025-05-25 17:00:00,29.6,21.4475374584313,28.9316661076597,28.1762276058312,"Rosh_HaNikra 15 m"
2025-05-25 18:00:00,27.8,20.5826506583689,27.2093012015374,25.2545485465525,"Rosh_HaNikra 15 m"
2025-05-25 19:00:00,25.7,20.3043866037208,25.4806741062655,23.923081862815,"Rosh_HaNikra 15 m"
2025-05-25 20:00:00,24.1,20.0186921590368,23.8448959408546,23.177088879923,"Rosh_HaNikra 15 m"
2025-05-25 21:00:00,22.8,19.5457066222143,22.60696885108,22.4336584731054,"Rosh_HaNikra 15 m"
2025-05-25 22:00:00,21.7,19.0682577477986,21.5752397488344,21.6021904336507,"Rosh_HaNikra 15 m"
2025-05-25 23:00:00,20.7,18.8591352030755,20.7908601171987,21.0419269129754,"Rosh_HaNikra 15 m"
2025-05-26,20,18.795888827599,19.9893780845418,20.5995924933323,"Rosh_HaNikra 15 m"
2025-05-26 01:00:00,19.5,18.995303508722,19.8291059993165,20.3058230847947,"Rosh_HaNikra 15 m"
2025-05-26 02:00:00,18.9,19.0513363976838,19.3253590240799,21.1091295380952,"Rosh_HaNikra 15 m"
2025-05-26 03:00:00,18.6,18.6975424126078,18.9670455608881,20.9826185539652,"Rosh_HaNikra 15 m"
2025-05-26 04:00:00,19.3,22.1528719169476,19.6235860361605,21.584477911649,"Rosh_HaNikra 15 m"
2025-05-26 05:00:00,22.3,26.19523269589,22.7070211105679,24.0887015527015,"Rosh_HaNikra 15 m"
2025-05-26 06:00:00,26,31.064149996183,26.1968258600633,29.461721679113,"Rosh_HaNikra 15 m"
2025-05-26 07:00:00,29.4,34.8604412780209,30.0297154628493,34.3086444840832,"Rosh_HaNikra 15 m"
2025-05-26 08:00:00,33,35.9599911777293,33.5283949380576,37.9838883487498,"Rosh_HaNikra 15 m"
2025-05-26 09:00:00,33.9,37.4950932673858,35.6529014841485,39.8948439769195,"Rosh_HaNikra 15 m"
2025-05-26 10:00:00,36.3,46.5485696253633,38.205917216624,41.7224177775239,"Rosh_HaNikra 15 m"
2025-05-26 11:00:00,38,54.7964530184946,39.1586255556231,41.9765219882212,"Rosh_HaNikra 15 m"
2025-05-26 12:00:00,37.8,52.9222247671343,40.0177683812924,41.7689893316485,"Rosh_HaNikra 15 m"
2025-05-26 13:00:00,37.6,46.9760062735649,39.3464771057769,40.7538812201591,"Rosh_HaNikra 15 m"
2025-05-26 14:00:00,36.7,40.9268536095261,37.6971568338246,39.3602512602448,"Rosh_HaNikra 15 m"
2025-05-26 15:00:00,35.1,34.3946388974813,35.4975112077369,36.8509043470052,"Rosh_HaNikra 15 m"
2025-05-26 16:00:00,32.8,25.8770365527467,33.036343281491,33.5310206225709,"Rosh_HaNikra 15 m"
2025-05-26 17:00:00,30,22.0143302936686,29.328673035122,29.2089594860209,"Rosh_HaNikra 15 m"
2025-05-26 18:00:00,28.1,20.8869864283689,27.5753408065174,27.0520865260251,"Rosh_HaNikra 15 m"
2025-05-26 19:00:00,26.5,20.3192232644165,26.4700569603727,26.392569402417,"Rosh_HaNikra 15 m"
2025-05-26 20:00:00,25.3,19.5067450901553,24.9169930346094,25.3874337574527,"Rosh_HaNikra 15 m"
2025-05-26 21:00:00,24.5,18.8955735925292,24.3804953628756,24.085378623352,"Rosh_HaNikra 15 m"
2025-05-26 22:00:00,24,18.7352435452818,24.0318086311522,24.1772429807066,"Rosh_HaNikra 15 m"
2025-05-26 23:00:00,23.4,18.9677451534596,23.3399586018583,24.4316872043934,"Rosh_HaNikra 15 m"
2025-05-27,24.2,19.1159217507615,23.6542722982926,23.0681121499314,"Rosh_HaNikra 15 m"
2025-05-27 01:00:00,24.1,20.3206253185551,24.0409296012193,24.0265751018803,"Rosh_HaNikra 15 m"
2025-05-27 02:00:00,24.2,20.4115539459606,24.169630709464,23.9096408752819,"Rosh_HaNikra 15 m"
2025-05-27 03:00:00,24.2,20.5673658544355,24.0631595915722,23.9731208974653,"Rosh_HaNikra 15 m"
2025-05-27 04:00:00,24.4,23.0447232961967,24.4439300616168,24.5055616140678,"Rosh_HaNikra 15 m"
2025-05-27 05:00:00,25.3,24.9212803938575,25.4987229408104,27.3052520849891,"Rosh_HaNikra 15 m"
2025-05-27 06:00:00,27.7,25.5027488940216,27.6076761996665,30.3817004435516,"Rosh_HaNikra 15 m"
2025-05-27 07:00:00,30.7,26.7709186449236,30.3437169850893,30.9732592477984,"Rosh_HaNikra 15 m"
2025-05-27 08:00:00,33.8,30.1428175014976,33.7809335248513,33.3254437489036,"Rosh_HaNikra 15 m"
2025-05-27 09:00:00,36.6,35.0796256335048,37.1066615238645,38.8225651057033,"Rosh_HaNikra 15 m"
2025-05-27 10:00:00,39.2,45.0340169699252,38.4565352704009,40.2825077803195,"Rosh_HaNikra 15 m"
2025-05-27 11:00:00,40.3,47.4111384721175,39.9010111836499,41.3347157807723,"Rosh_HaNikra 15 m"
2025-05-27 12:00:00,40.6,45.0906680776963,40.1745127930412,40.4690917684922,"Rosh_HaNikra 15 m"
2025-05-27 13:00:00,39.5,41.0561658384312,39.3320328025031,38.4746424200047,"Rosh_HaNikra 15 m"
2025-05-27 14:00:00,37.7,34.9328293075715,36.9597210859944,35.9203451147233,"Rosh_HaNikra 15 m"
2025-05-27 15:00:00,35.4,28.8443793759082,35.1219168301528,33.3677987560962,"Rosh_HaNikra 15 m"
2025-05-27 16:00:00,33,21.7855962960541,32.4474999181774,29.3793939797699,"Rosh_HaNikra 15 m"
2025-05-27 17:00:00,29.9,18.7982255575787,29.3334555620673,24.7648603079449,"Rosh_HaNikra 15 m"
2025-05-27 18:00:00,27.8,18.18192848033,27.5926922670244,22.9388526327043,"Rosh_HaNikra 15 m"
2025-05-27 19:00:00,26.6,17.7289853338076,26.3589449128048,22.4085688833071,"Rosh_HaNikra 15 m"
2025-05-27 20:00:00,25.5,17.3021374640703,25.256032698292,21.9313951430559,"Rosh_HaNikra 15 m"
2025-05-27 21:00:00,24.7,17.1257025984034,24.3479938064551,21.382371642898,"Rosh_HaNikra 15 m"
2025-05-27 22:00:00,24.1,17.6142014715625,24.0137276044317,21.7181090567065,"Rosh_HaNikra 15 m"
2025-05-27 23:00:00,23.6,17.3808239288402,23.5518545502594,21.42232115937,"Rosh_HaNikra 15 m"
2025-05-28,23.3,17.2659818013502,23.2426549497216,21.1410480817152,"Rosh_HaNikra 15 m"
2025-05-28 01:00:00,23.1,17.1641450226117,23.0774354288563,20.8190770447064,"Rosh_HaNikra 15 m"
2025-05-28 02:00:00,22.9,16.9562551835992,22.7813615749564,20.2607991556146,"Rosh_HaNikra 15 m"
2025-05-28 03:00:00,22.6,17.090983957077,22.5249284369497,19.7482372224579,"Rosh_HaNikra 15 m"
2025-05-28 04:00:00,23,19.5965117487194,22.5273389305791,20.5627988847973,"Rosh_HaNikra 15 m"
2025-05-28 05:00:00,24.3,22.2861436484987,24.2815001170513,23.7822749494249,"Rosh_HaNikra 15 m"
2025-05-28 06:00:00,26.7,24.7430310847065,26.936354873353,27.5855637194416,"Rosh_HaNikra 15 m"
2025-05-28 07:00:00,29.6,25.6063272787338,29.5059803371238,30.7169391943222,"Rosh_HaNikra 15 m"
2025-05-28 08:00:00,32.4,26.8447993107539,32.0037041068114,31.7831008740168,"Rosh_HaNikra 15 m"
2025-05-28 09:00:00,35.6,28.3558202303953,35.1887982134431,33.8066497363157,"Rosh_HaNikra 15 m"
2025-05-28 10:00:00,38.1,29.7747179546899,37.481501990038,36.8361779728479,"Rosh_HaNikra 15 m"
2025-05-28 11:00:00,38.7,29.059412327379,38.6552024015416,39.0279134183824,"Rosh_HaNikra 15 m"
2025-05-28 12:00:00,38.7,27.8606131883877,38.4771964212797,38.3929656358975,"Rosh_HaNikra 15 m"
2025-05-28 13:00:00,37.5,26.0930077965584,37.4930045006555,37.5094001229134,"Rosh_HaNikra 15 m"
2025-05-28 14:00:00,36,24.4780336186301,35.817244315444,35.5763126179587,"Rosh_HaNikra 15 m"
2025-05-28 15:00:00,33.7,21.6469025139504,33.2464413444314,32.4048447136574,"Rosh_HaNikra 15 m"
2025-05-28 16:00:00,31.3000000000001,18.8437609013775,30.7929112684359,28.3208908375958,"Rosh_HaNikra 15 m"
2025-05-28 17:00:00,28.7,18.0988842575937,28.3622620284259,25.2625724404245,"Rosh_HaNikra 15 m"
2025-05-28 18:00:00,27,18.0258413666249,26.6677691351953,24.5240370148183,"Rosh_HaNikra 15 m"
2025-05-28 19:00:00,25.8,17.934337936144,25.368150821039,23.9309542996694,"Rosh_HaNikra 15 m"
2025-05-28 20:00:00,24.9,17.8818751342043,24.6510823891379,23.3764205939516,"Rosh_HaNikra 15 m"
2025-05-28 21:00:00,24.3,17.5755023016652,24.0391265414776,22.5831369414052,"Rosh_HaNikra 15 m"
2025-05-28 22:00:00,24,17.5434415487133,23.7619813283012,22.0315339711987,"Rosh_HaNikra 15 m"
2025-05-28 23:00:00,23.7,17.4088664969088,23.4975209165681,21.926104637015,"Rosh_HaNikra 15 m"
2025-05-29,23.3,17.3568963283349,23.2490103401415,21.66982166708,"Rosh_HaNikra 15 m"
2025-05-29 01:00:00,23,17.301797710651,22.98967902515,21.429932438129,"Rosh_HaNikra 15 m"
2025-05-29 02:00:00,22.3,17.1702928985287,22.2949022137286,20.7434926475216,"Rosh_HaNikra 15 m"
2025-05-29 03:00:00,21.7,17.1494176394726,21.6620997769849,20.022815466621,"Rosh_HaNikra 15 m"
2025-05-29 04:00:00,22,20.0508271010944,21.922194009309,20.5353676827976,"Rosh_HaNikra 15 m"
2025-05-29 05:00:00,23.4,22.6051803797902,23.5782459214044,23.5905947655858,"Rosh_HaNikra 15 m"
2025-05-29 06:00:00,26.4,24.9742339760067,26.5390548477474,27.3036245018246,"Rosh_HaNikra 15 m"
2025-05-29 07:00:00,29.1,27.6302295015553,29.4753167786582,30.144503145049,"Rosh_HaNikra 15 m"
2025-05-29 08:00:00,32.8,29.6158497993728,32.7899390731085,34.1403859321853,"Rosh_HaNikra 15 m"
2025-05-29 09:00:00,36.2,30.4710217413711,36.2836502191726,37.1413451132583,"Rosh_HaNikra 15 m"
2025-05-29 10:00:00,38.7,31.1419694635155,38.2990212792398,38.4694230767968,"Rosh_HaNikra 15 m"
2025-05-29 11:00:00,39.8,30.9832662965292,39.7911599157676,39.5356783296103,"Rosh_HaNikra 15 m"
2025-05-29 12:00:00,40,29.2561739496243,39.7929067968777,39.4882763437283,"Rosh_HaNikra 15 m"
2025-05-29 13:00:00,38.5,26.9807703650372,38.6379862595024,38.1384051001446,"Rosh_HaNikra 15 m"
2025-05-29 14:00:00,37.5,24.4382981448505,37.1199158376783,35.842343249831,"Rosh_HaNikra 15 m"
2025-05-29 15:00:00,35.5,22.0387858566984,34.7583864298672,32.4430989441618,"Rosh_HaNikra 15 m"
2025-05-29 16:00:00,32.9,19.2088962462602,31.996349948341,28.4146018889604,"Rosh_HaNikra 15 m"
2025-05-29 17:00:00,30,18.4681838533233,29.2965585745671,25.1414679071258,"Rosh_HaNikra 15 m"
2025-05-29 18:00:00,28,18.2952940570812,27.6050350739205,23.6862099277477,"Rosh_HaNikra 15 m"
2025-05-29 19:00:00,26.4,18.1377781633662,26.2365708832658,22.7566784624385,"Rosh_HaNikra 15 m"
2025-05-29 20:00:00,25.2,17.7487765740837,24.888225238986,21.864644665667,"Rosh_HaNikra 15 m"
2025-05-29 21:00:00,24,17.6409517280587,23.351629665355,21.0198894493111,"Rosh_HaNikra 15 m"
2025-05-29 22:00:00,23.1,17.3444575013,22.8500621871036,20.393315667041,"Rosh_HaNikra 15 m"
2025-05-29 23:00:00,22.6,17.1201290370039,22.3121396766665,19.4158176661543,"Rosh_HaNikra 15 m"
2025-05-30,21.9,17.0296809528404,21.5234493189834,18.9831567857795,"Rosh_HaNikra 15 m"
2025-05-30 01:00:00,21.7,16.9677089220347,21.5566863783109,18.666710830337,"Rosh_HaNikra 15 m"
2025-05-30 02:00:00,21.1,16.7926740040058,20.9457523706873,18.4222548593754,"Rosh_HaNikra 15 m"
2025-05-30 03:00:00,20.7,16.840222508311,20.4700830502304,18.2145037955043,"Rosh_HaNikra 15 m"
2025-05-30 04:00:00,21.1,20.0864437199623,20.9539335443625,19.4675880051643,"Rosh_HaNikra 15 m"
2025-05-30 05:00:00,23.6,23.444828366881,23.6018696923162,22.837747788077,"Rosh_HaNikra 15 m"
2025-05-30 06:00:00,24.8,27.0563608472792,25.496931062297,27.6493291919676,"Rosh_HaNikra 15 m"
2025-05-30 07:00:00,28.5,30.1412415968568,29.2186799967981,32.4026623236329,"Rosh_HaNikra 15 m"
2025-05-30 08:00:00,33.5,31.6977380046415,33.9646441944811,36.3785622844267,"Rosh_HaNikra 15 m"
2025-05-30 09:00:00,37.9,32.5282305863029,37.5688615402698,38.4596633103019,"Rosh_HaNikra 15 m"
2025-05-30 10:00:00,37.2,33.0734596477233,37.7418649022739,40.4601869807921,"Rosh_HaNikra 15 m"
2025-05-30 11:00:00,37.9,32.6122630614357,38.7161574078869,41.0520375746803,"Rosh_HaNikra 15 m"
2025-05-30 12:00:00,37.6,31.5589592183758,38.31700294169,40.85201284539,"Rosh_HaNikra 15 m"
2025-05-30 13:00:00,38.7,30.1891739799592,38.1614937718322,39.8632796241853,"Rosh_HaNikra 15 m"
2025-05-30 14:00:00,38.8,28.0712724654424,38.4037428264509,37.9087034194219,"Rosh_HaNikra 15 m"
2025-05-30 15:00:00,37.1,25.3305623379989,36.3584894802349,34.6377932874008,"Rosh_HaNikra 15 m"
2025-05-30 16:00:00,34,20.9975284219063,33.3345822077837,29.9469216943062,"Rosh_HaNikra 15 m"
2025-05-30 17:00:00,30.5,18.6554138909412,29.7176661222992,24.9118688355518,"Rosh_HaNikra 15 m"
2025-05-30 18:00:00,27.9,17.8419261154084,27.1402064677709,22.0062055763154,"Rosh_HaNikra 15 m"
2025-05-30 19:00:00,26.1,17.3175225855455,25.7259342356756,21.2478762270555,"Rosh_HaNikra 15 m"
2025-05-30 20:00:00,24.9,16.8632011316474,24.5113665902467,20.6102690599616,"Rosh_HaNikra 15 m"
2025-05-30 21:00:00,23.9,16.6599453201441,23.3930150956052,19.865451168075,"Rosh_HaNikra 15 m"
2025-05-30 22:00:00,23.1,16.5319248564465,22.8388093525089,19.4402963049633,"Rosh_HaNikra 15 m"
2025-05-30 23:00:00,22.6,16.3161488603475,22.1915934381832,19.0638066362264,"Rosh_HaNikra 15 m"
2025-05-31,21.7,16.204093990358,21.1536794873753,18.6098232841812,"Rosh_HaNikra 15 m"
2025-05-31 01:00:00,20.6,15.7783774486914,20.2266292451148,17.79409161724,"Rosh_HaNikra 15 m"
2025-05-31 02:00:00,19.4,15.6925965593968,19.2735622119015,17.5706334160481,"Rosh_HaNikra 15 m"
2025-05-31 03:00:00,18.5,15.969946170198,18.4106893060188,17.7157618049255,"Rosh_HaNikra 15 m"
2025-05-31 04:00:00,19.1,19.9545860108302,19.0316356901711,19.3381942924426,"Rosh_HaNikra 15 m"
2025-05-31 05:00:00,22.3,25.0627167070344,22.4486824627114,22.7783710802033,"Rosh_HaNikra 15 m"
2025-05-31 06:00:00,26.1,33.3616897830464,26.061202239405,28.1887786159016,"Rosh_HaNikra 15 m"
2025-05-31 07:00:00,29.1,34.7742919293617,29.7166603574711,33.3825028506492,"Rosh_HaNikra 15 m"
2025-05-31 08:00:00,29.6,33.7193212203718,30.83079430336,36.4389757804609,"Rosh_HaNikra 15 m"
2025-05-31 09:00:00,33.1,32.6678563290895,34.3023889623271,38.3390661412538,"Rosh_HaNikra 15 m"
2025-05-31 10:00:00,35.9,32.4909224378169,36.1844563920288,39.1178536283076,"Rosh_HaNikra 15 m"
2025-05-31 11:00:00,37.9,31.5941036791198,38.1558902283596,40.6760729402892,"Rosh_HaNikra 15 m"
2025-05-31 12:00:00,36.6,30.2635222944494,37.6440241563419,40.3507310423132,"Rosh_HaNikra 15 m"
2025-05-31 13:00:00,40.6,29.0328060989777,40.2792334916594,39.5280892258088,"Rosh_HaNikra 15 m"
2025-05-31 14:00:00,37.7,26.8933707355053,37.4310110770876,38.1074000476391,"Rosh_HaNikra 15 m"
2025-05-31 15:00:00,33,24.2438342402901,33.0510454524469,34.9092070888008,"Rosh_HaNikra 15 m"
2025-05-31 16:00:00,27.8,21.0173788124641,27.9435681723162,31.0065984779914,"Rosh_HaNikra 15 m"
2025-05-31 17:00:00,24.6,19.8864655381083,24.7623021392965,27.5508017426371,"Rosh_HaNikra 15 m"
2025-05-31 18:00:00,23.4,19.3935194810748,23.6549742613165,25.7154551347613,"Rosh_HaNikra 15 m"
2025-05-31 19:00:00,23,19.1679735571178,23.1178770949403,24.8874292761119,"Rosh_HaNikra 15 m"
2025-05-31 20:00:00,22.5,19.0689548813643,22.4924330450861,23.9908060395064,"Rosh_HaNikra 15 m"
2025-05-31 21:00:00,23.1,19.0599342079023,22.8071373744117,23.3433433265546,"Rosh_HaNikra 15 m"
2025-05-31 22:00:00,22.5,18.9837761988361,22.1665501448797,22.9188638796528,"Rosh_HaNikra 15 m"
2025-05-31 23:00:00,22.6,18.6958420415673,22.2109458990988,22.0603726049218,"Rosh_HaNikra 15 m"
2025-06-08 01:00:00,18.1,18.9731729209386,18.6419875132693,20.729430574175,"Rosh_HaNikra 15 m"
2025-06-08 02:00:00,18.5,18.9034956923135,18.7503854291868,20.2195987930902,"Rosh_HaNikra 15 m"
2025-06-08 03:00:00,18.5,19.3607552639833,18.5855165920299,20.4528622023454,"Rosh_HaNikra 15 m"
2025-06-08 04:00:00,20.9,24.0321555712395,21.0110210947246,22.1800219395333,"Rosh_HaNikra 15 m"
2025-06-08 05:00:00,28.3,28.0190576178804,28.3585870690598,26.3389527661577,"Rosh_HaNikra 15 m"
2025-06-08 06:00:00,32.5,31.9804949356938,32.8340378482034,30.8038253380681,"Rosh_HaNikra 15 m"
2025-06-08 07:00:00,35.4,36.5519848975889,35.3491344724923,35.9318862471334,"Rosh_HaNikra 15 m"
2025-06-08 08:00:00,42.1999999999999,50.5349631153913,42.1409687782016,39.4467282139631,"Rosh_HaNikra 15 m"
2025-06-08 09:00:00,45.9,57.016583823465,46.2136144748698,41.8633684151398,"Rosh_HaNikra 15 m"
2025-06-08 10:00:00,48.7,58.8385614890436,49.1155994773846,44.5703348655084,"Rosh_HaNikra 15 m"
2025-06-08 11:00:00,43,57.4261816866174,44.3522703519831,44.8034218675866,"Rosh_HaNikra 15 m"
2025-06-08 12:00:00,40.6,53.1262828238461,41.2084955348532,43.1726628668759,"Rosh_HaNikra 15 m"
2025-06-08 13:00:00,39.5,49.5462785699651,40.2054571592306,41.2486654260442,"Rosh_HaNikra 15 m"
2025-06-08 14:00:00,40.7,44.9553416084898,40.4256880151015,39.7825272392881,"Rosh_HaNikra 15 m"
2025-06-08 15:00:00,35.9,38.2661098631548,35.7802950132677,37.670020619266,"Rosh_HaNikra 15 m"
2025-06-08 16:00:00,30,28.7861552875742,30.4964651083547,33.6463752430185,"Rosh_HaNikra 15 m"
2025-06-08 17:00:00,26.2,23.3838502910669,26.6855878462327,29.2550603893335,"Rosh_HaNikra 15 m"
2025-06-08 18:00:00,24,21.9633302583429,24.6169289161564,26.0591544999811,"Rosh_HaNikra 15 m"
2025-06-08 19:00:00,22.7,21.2376351077802,23.2793319945456,24.6454162318952,"Rosh_HaNikra 15 m"
2025-06-08 20:00:00,23.7,20.8976338753115,23.5122190393841,23.8409512886416,"Rosh_HaNikra 15 m"
2025-06-08 21:00:00,22.8,20.8278440855963,22.901104130077,23.4934982680304,"Rosh_HaNikra 15 m"
2025-06-08 22:00:00,22.8,20.554033554958,22.7346632320001,23.1201088799702,"Rosh_HaNikra 15 m"
2025-06-08 23:00:00,22.6,20.4720241517739,22.821234290356,22.7821471185403,"Rosh_HaNikra 15 m"
2025-06-09,22.2,20.3727540103384,22.4816508415315,22.8427452174612,"Rosh_HaNikra 15 m"
2025-06-09 01:00:00,22.1,20.0067198897687,22.0985586107357,22.4605878020612,"Rosh_HaNikra 15 m"
2025-06-09 02:00:00,22.1,19.9961469537792,22.0925554942763,22.0960176355419,"Rosh_HaNikra 15 m"
2025-06-09 03:00:00,21.9,20.2740643249507,21.908373968388,22.1367386804576,"Rosh_HaNikra 15 m"
2025-06-09 04:00:00,23.5,23.9292013404648,23.3750214791773,23.3668608424942,"Rosh_HaNikra 15 m"
2025-06-09 05:00:00,27.2,27.4719654942608,26.6397010410053,26.1882432128048,"Rosh_HaNikra 15 m"
2025-06-09 06:00:00,31.8,31.6417445191501,31.0054783278613,30.0496586808322,"Rosh_HaNikra 15 m"
2025-06-09 07:00:00,39.1,36.6065872410647,37.4426190520293,34.3868139485232,"Rosh_HaNikra 15 m"
2025-06-09 08:00:00,40.8,48.7641286355734,40.8542182903328,37.5306653482199,"Rosh_HaNikra 15 m"
2025-06-09 09:00:00,44.7,56.4258117545847,43.6034970176206,40.5172195304636,"Rosh_HaNikra 15 m"
2025-06-09 10:00:00,45.6,59.3308379857545,44.9183332324635,43.7194564549928,"Rosh_HaNikra 15 m"
2025-06-09 11:00:00,47.6,57.3796569385527,46.2629878855718,43.5898019351958,"Rosh_HaNikra 15 m"
2025-06-09 12:00:00,45.5,54.6150203870373,45.1766408148641,43.1075788663464,"Rosh_HaNikra 15 m"
2025-06-09 13:00:00,42.5,50.5012488356406,42.2563537056404,42.0328688612754,"Rosh_HaNikra 15 m"
2025-06-09 14:00:00,37.9,44.2978319199192,38.7388166139537,39.9676832230198,"Rosh_HaNikra 15 m"
2025-06-09 15:00:00,34.3,37.0125320008443,34.5855931030517,37.4398475936101,"Rosh_HaNikra 15 m"
2025-06-09 16:00:00,29.4,28.1171340501772,30.2123866317172,33.6619753396975,"Rosh_HaNikra 15 m"
2025-06-09 17:00:00,26.6,23.4940777093827,27.1017481984115,29.3905411035477,"Rosh_HaNikra 15 m"
2025-06-09 18:00:00,25.3,22.3759968909926,25.9709373177169,26.8302176627822,"Rosh_HaNikra 15 m"
2025-06-09 19:00:00,24.2,21.7396714415667,24.6901571960001,25.4050805297015,"Rosh_HaNikra 15 m"
2025-06-09 20:00:00,24.1,21.3890380535048,24.2716223946271,24.3648790988844,"Rosh_HaNikra 15 m"
2025-06-09 21:00:00,24.3,21.1031750059783,24.1895566025652,23.758953890866,"Rosh_HaNikra 15 m"
2025-06-09 22:00:00,23.9,20.93886999775,24.0344849086617,23.555306956063,"Rosh_HaNikra 15 m"
2025-06-09 23:00:00,23.2,20.4848374019699,23.2094186230173,23.1455248485641,"Rosh_HaNikra 15 m"
2025-06-10,23.1,20.3626412940261,22.7694023185574,22.960493047261,"Rosh_HaNikra 15 m"
2025-06-10 01:00:00,22.5,19.879668176872,22.0486069511838,22.0554985410993,"Rosh_HaNikra 15 m"
2025-06-10 02:00:00,20.7,19.6533027887893,21.1144727262708,21.3757653236938,"Rosh_HaNikra 15 m"
2025-06-10 03:00:00,20.9,19.906900983255,21.0074242679066,21.3041128925491,"Rosh_HaNikra 15 m"
2025-06-10 04:00:00,22.9,25.0791240136596,23.2780485615482,22.9202299516174,"Rosh_HaNikra 15 m"
2025-06-10 05:00:00,28.5,29.5371838921104,28.3226301186656,26.6156727188621,"Rosh_HaNikra 15 m"
2025-06-10 06:00:00,33.4,33.2740075224499,32.5718089744222,30.7279417151074,"Rosh_HaNikra 15 m"
2025-06-10 07:00:00,39.4,37.6775858170891,37.9202267655547,34.6223199136162,"Rosh_HaNikra 15 m"
2025-06-10 08:00:00,44.1,50.7654955888322,42.6798635823483,38.0883200669816,"Rosh_HaNikra 15 m"
2025-06-10 09:00:00,46.1,57.8806303962809,45.7028732396774,41.3393630012614,"Rosh_HaNikra 15 m"
2025-06-10 10:00:00,47.8,61.6582200974706,47.2546756708888,44.1598451585058,"Rosh_HaNikra 15 m"
2025-06-10 11:00:00,46.7,60.3224285614719,46.2427570285369,44.8914774430027,"Rosh_HaNikra 15 m"
2025-06-10 12:00:00,42,55.6826156955447,43.186744884345,43.9508089404788,"Rosh_HaNikra 15 m"
2025-06-10 13:00:00,37.2,49.6846705376053,39.0686875187609,41.8666149078751,"Rosh_HaNikra 15 m"
2025-06-10 14:00:00,39.8,42.7577698421814,39.7696668656389,39.8529102993347,"Rosh_HaNikra 15 m"
2025-06-10 15:00:00,35.2,36.5524474913218,35.9287221210035,37.7720957333186,"Rosh_HaNikra 15 m"
2025-06-10 16:00:00,30.4,28.7942189357592,31.9208896340624,34.3716720722033,"Rosh_HaNikra 15 m"
2025-06-10 17:00:00,27.4000000000001,24.573744396365,28.655680049486,30.6035152475003,"Rosh_HaNikra 15 m"
2025-06-10 18:00:00,27.2,23.4771537194864,27.7575549613251,28.4111899743692,"Rosh_HaNikra 15 m"
2025-06-10 19:00:00,26.9,22.9312775514677,27.2158763880301,26.9905078790739,"Rosh_HaNikra 15 m"
2025-06-10 20:00:00,26.5,22.5880293435207,26.6132014808113,26.0762881821743,"Rosh_HaNikra 15 m"
2025-06-10 21:00:00,25.6,22.0286085397191,25.6378194511843,25.2922804147191,"Rosh_HaNikra 15 m"
2025-06-10 22:00:00,25.4,21.6740260320246,25.2638088439982,24.4207010465204,"Rosh_HaNikra 15 m"
2025-06-10 23:00:00,24.2,21.6029513380687,24.5927357678382,23.7237141630809,"Rosh_HaNikra 15 m"
2025-06-11,23.9,21.5277529171871,23.9719443036435,23.5725794247555,"Rosh_HaNikra 15 m"
2025-06-11 01:00:00,23.9,21.1019119378186,23.9143003029615,23.0091512557126,"Rosh_HaNikra 15 m"
2025-06-11 02:00:00,23.6,20.92134256142,23.5570231311643,22.7125280596576,"Rosh_HaNikra 15 m"
2025-06-11 03:00:00,22.7,21.3671360937356,22.7502661051116,22.5480464426278,"Rosh_HaNikra 15 m"
2025-06-11 04:00:00,24.9,26.0056711935536,24.8070155909936,24.0535053514973,"Rosh_HaNikra 15 m"
2025-06-11 05:00:00,28.1,29.9452261844511,27.7836227984698,27.1397890964384,"Rosh_HaNikra 15 m"
2025-06-11 06:00:00,32.8,33.9746194133099,32.388512656487,31.3990569361981,"Rosh_HaNikra 15 m"
2025-06-11 07:00:00,38.2,39.42719088498,36.7581610804666,36.3005314916695,"Rosh_HaNikra 15 m"
2025-06-11 08:00:00,41.5,53.1683517742894,40.7730066135524,39.7734066296361,"Rosh_HaNikra 15 m"
2025-06-11 09:00:00,44.8,58.5618369761488,44.5080978319996,42.2896049204847,"Rosh_HaNikra 15 m"
2025-06-11 10:00:00,45.9,59.4991437468269,45.0830957613714,44.5963651213386,"Rosh_HaNikra 15 m"
2025-06-11 11:00:00,47.7,58.3837390089805,47.2174833113831,45.2821822310264,"Rosh_HaNikra 15 m"
2025-06-11 12:00:00,45.3,55.6271759823735,45.4871560538017,44.4214827374394,"Rosh_HaNikra 15 m"
2025-06-11 13:00:00,43.4,51.1295919716212,43.4060899502895,42.6245985329005,"Rosh_HaNikra 15 m"
2025-06-11 14:00:00,42.1,45.3723492205009,41.6224284089642,40.5220083773002,"Rosh_HaNikra 15 m"
2025-06-11 15:00:00,37.4,38.9858129636545,37.4757383482967,38.2058894054193,"Rosh_HaNikra 15 m"
2025-06-11 16:00:00,31.4,30.199539925368,31.819198873688,34.3763134734942,"Rosh_HaNikra 15 m"
2025-06-11 17:00:00,27.5,24.6415631503025,28.3056251335636,30.39321634473,"Rosh_HaNikra 15 m"
2025-06-11 18:00:00,24.9,23.2713515829293,26.4306501378879,27.1024096082894,"Rosh_HaNikra 15 m"
2025-06-11 19:00:00,23.3,22.5190108006867,24.6617845228356,26.0418393796357,"Rosh_HaNikra 15 m"
2025-06-11 20:00:00,21.9,21.8870931304262,23.1253788606425,24.9552641547487,"Rosh_HaNikra 15 m"
2025-06-11 21:00:00,21.6,21.4253280931955,22.5699088816568,24.0691316896921,"Rosh_HaNikra 15 m"
2025-06-11 22:00:00,20.8,21.1785884971134,22.1503366938983,23.6088992232792,"Rosh_HaNikra 15 m"
2025-06-11 23:00:00,19.9,20.9215564802746,21.0012619588622,23.1876359060864,"Rosh_HaNikra 15 m"
2025-06-12,20.4,20.8092970145698,20.9481848417104,22.7882431043144,"Rosh_HaNikra 15 m"
2025-06-12 01:00:00,20,20.7754860426651,20.6844987200015,22.6847764755951,"Rosh_HaNikra 15 m"
2025-06-12 02:00:00,18.7,20.3380611182977,19.8419645565595,22.0172420980264,"Rosh_HaNikra 15 m"
2025-06-12 03:00:00,19.4,20.6228885544269,19.7767528382419,21.9909213674991,"Rosh_HaNikra 15 m"
2025-06-12 04:00:00,22.3,25.5751015178773,22.3761314886909,23.3415299884889,"Rosh_HaNikra 15 m"
2025-06-12 05:00:00,27.4,28.9737562262706,27.1436675513427,26.462249668806,"Rosh_HaNikra 15 m"
2025-06-12 06:00:00,34.6,33.4488774063614,34.0629808669886,31.1294847252396,"Rosh_HaNikra 15 m"
2025-06-12 07:00:00,39.9,44.0100889155386,37.8889890374181,36.0368137309073,"Rosh_HaNikra 15 m"
2025-06-12 08:00:00,44.9,56.8657304211261,43.7807213939365,39.5556966229083,"Rosh_HaNikra 15 m"
2025-06-12 09:00:00,48.8,60.7695066672969,47.5158117120891,42.6568987113643,"Rosh_HaNikra 15 m"
2025-06-12 10:00:00,51.5,61.8699169404257,50.5756431988066,45.1695060975302,"Rosh_HaNikra 15 m"
2025-06-12 11:00:00,51.8,61.0857252751638,50.4738618262901,45.8439087544729,"Rosh_HaNikra 15 m"
2025-06-12 12:00:00,49.9,58.2903659234085,49.4204341143179,45.2443988213577,"Rosh_HaNikra 15 m"
2025-06-12 13:00:00,43.9,53.9554871178797,43.8698797689971,43.4938124276331,"Rosh_HaNikra 15 m"
2025-06-12 14:00:00,40.7,48.0096803341098,41.0886918122968,41.1421394977756,"Rosh_HaNikra 15 m"
2025-06-12 15:00:00,37.2,41.2439314284716,37.3350419003739,38.6082140365038,"Rosh_HaNikra 15 m"
2025-06-12 16:00:00,30.9,31.5300508776433,31.6591034930881,34.5942994395024,"Rosh_HaNikra 15 m"
2025-06-12 17:00:00,27.2,25.4078337739611,28.3382662146938,30.3724820207262,"Rosh_HaNikra 15 m"
2025-06-12 18:00:00,25.3,23.5308418516144,26.1901398910142,27.6416793111786,"Rosh_HaNikra 15 m"
2025-06-12 19:00:00,23.2,22.4751451759701,24.3522806727329,26.0805519371395,"Rosh_HaNikra 15 m"
2025-06-12 20:00:00,21.8,21.6504741069026,22.7634770617596,24.3567190524287,"Rosh_HaNikra 15 m"
2025-06-12 21:00:00,20.5,20.9964653978129,21.8639030789363,23.2909619340678,"Rosh_HaNikra 15 m"
2025-06-12 22:00:00,19.4,20.3105920394837,20.6045843710639,22.4212292274415,"Rosh_HaNikra 15 m"
2025-06-12 23:00:00,19.5,19.7595047830485,20.2452014201046,21.6400791286372,"Rosh_HaNikra 15 m"
2025-06-13,18.6,19.4940874979579,19.5899902008251,21.4249035523021,"Rosh_HaNikra 15 m"
2025-06-13 01:00:00,18,18.9727760896729,18.9147269445628,21.1430532083558,"Rosh_HaNikra 15 m"
2025-06-13 02:00:00,18,18.3961115149954,18.4727025692779,20.5654778747061,"Rosh_HaNikra 15 m"
2025-06-13 03:00:00,18.8,18.588180699315,18.9701999884817,20.4895973586702,"Rosh_HaNikra 15 m"
2025-06-13 04:00:00,21.4,23.9311176050408,21.4478275955701,22.1506614196999,"Rosh_HaNikra 15 m"
2025-06-13 05:00:00,27.2,28.8966626177847,27.019753025194,26.2301043520987,"Rosh_HaNikra 15 m"
2025-06-13 06:00:00,31.9,35.4419966834736,31.6279171109348,30.7364522117329,"Rosh_HaNikra 15 m"
2025-06-13 07:00:00,38.7,48.861246864078,38.5382916700664,35.6113670270419,"Rosh_HaNikra 15 m"
2025-06-13 08:00:00,45,58.1842693341305,44.1970366667512,39.0975536358883,"Rosh_HaNikra 15 m"
2025-06-13 09:00:00,49,61.5443863464987,47.8626668353692,42.570944268862,"Rosh_HaNikra 15 m"
2025-06-13 10:00:00,51.4,63.2465305470846,49.4120552662523,44.9216079854391,"Rosh_HaNikra 15 m"
2025-06-13 11:00:00,52,61.8528431864036,50.2344303807008,45.800236603762,"Rosh_HaNikra 15 m"
2025-06-13 12:00:00,49.1,58.9213726550398,48.3494684753932,45.1337168246565,"Rosh_HaNikra 15 m"
2025-06-13 13:00:00,43.3,54.5984760411001,43.7968999824334,43.7431179173208,"Rosh_HaNikra 15 m"
2025-06-13 14:00:00,42.1,48.201749385869,41.9097345180539,41.4531155243273,"Rosh_HaNikra 15 m"
2025-06-13 15:00:00,37.4,40.986331054322,38.1490213778385,38.8194475856941,"Rosh_HaNikra 15 m"
2025-06-13 16:00:00,31.3,31.516445474067,32.7409452662853,35.0095866483834,"Rosh_HaNikra 15 m"
2025-06-13 17:00:00,27.6,25.7727677241497,29.3310905322634,31.2870947734051,"Rosh_HaNikra 15 m"
2025-06-13 18:00:00,26,24.1754383797992,27.4345088823537,28.2555985207904,"Rosh_HaNikra 15 m"
2025-06-13 19:00:00,24.1,23.488887381882,25.6917767741997,26.8034220460361,"Rosh_HaNikra 15 m"
2025-06-13 20:00:00,22.7,22.7634979363244,23.8651682660352,25.8894291992944,"Rosh_HaNikra 15 m"
2025-06-13 21:00:00,21.9,22.2745012513493,22.9964015764142,24.9058260194157,"Rosh_HaNikra 15 m"
2025-06-13 22:00:00,22.2,21.5342262623794,22.8465952867517,24.0073226330764,"Rosh_HaNikra 15 m"
2025-06-13 23:00:00,21.1,20.8865366797018,21.905099813304,23.0380831579733,"Rosh_HaNikra 15 m"
2025-06-14,20.4,20.6939563359051,21.2889979178825,22.6429832781582,"Rosh_HaNikra 15 m"
2025-06-14 01:00:00,21.2,20.6413363666627,21.8548021907046,22.2335815878007,"Rosh_HaNikra 15 m"
2025-06-14 02:00:00,20.8,20.6317333147026,21.7581068133355,22.6454891130424,"Rosh_HaNikra 15 m"
2025-06-14 03:00:00,21.4,20.8777760408008,21.5996895332118,22.6990838191593,"Rosh_HaNikra 15 m"
2025-06-14 04:00:00,23.9,25.8481582162784,23.993516781844,23.878706908028,"Rosh_HaNikra 15 m"
2025-06-14 05:00:00,27.5,29.7909431486916,27.1453318901624,27.2226529150795,"Rosh_HaNikra 15 m"
2025-06-14 06:00:00,33.6,35.2465622067386,32.7794354076476,31.3123347401554,"Rosh_HaNikra 15 m"
2025-06-14 07:00:00,38.5,47.7044649305874,37.8324572513499,36.3008833113247,"Rosh_HaNikra 15 m"
2025-06-14 08:00:00,43.8,57.0435698739079,41.5832575640001,39.2153781167058,"Rosh_HaNikra 15 m"
2025-06-14 09:00:00,47.6,60.983411713322,44.8143423477471,42.373720093449,"Rosh_HaNikra 15 m"
2025-06-14 10:00:00,51.5,63.2636765266878,49.5779507522045,45.5950917030794,"Rosh_HaNikra 15 m"
2025-06-14 11:00:00,52.6,61.4843519748407,50.3605428430544,46.2669027866083,"Rosh_HaNikra 15 m"
2025-06-14 12:00:00,51.6,58.5243754759063,50.4522310373675,45.6823926344146,"Rosh_HaNikra 15 m"
2025-06-14 13:00:00,41.2,54.8836160070871,42.4139903759528,44.0895963079904,"Rosh_HaNikra 15 m"
2025-06-14 14:00:00,41.8,49.2240721857265,42.0909042372125,41.7251894151882,"Rosh_HaNikra 15 m"
2025-06-14 15:00:00,36.8,41.9475999745615,37.4919672024135,38.794775572706,"Rosh_HaNikra 15 m"
2025-06-14 16:00:00,31.1,31.6945133386274,32.0774527289406,34.8474841294904,"Rosh_HaNikra 15 m"
2025-06-14 17:00:00,27.7,25.4228041255998,28.8141045273526,30.9066269481706,"Rosh_HaNikra 15 m"
2025-06-14 18:00:00,26.4,23.8002152256858,27.1113451600143,27.6042136959922,"Rosh_HaNikra 15 m"
2025-06-14 19:00:00,25,23.0377754245138,25.4944239656042,26.4150857005453,"Rosh_HaNikra 15 m"
2025-06-14 20:00:00,23.9,22.4057087870122,24.3302169017762,25.1871976824285,"Rosh_HaNikra 15 m"
2025-06-14 21:00:00,22.5,21.7602727740187,22.9555700529007,24.2136223643202,"Rosh_HaNikra 15 m"
2025-06-14 22:00:00,21.7,21.1787874265782,22.0403591379323,23.4262268110386,"Rosh_HaNikra 15 m"
2025-06-14 23:00:00,20.8,21.0316018314926,21.6361425114972,23.0117633791534,"Rosh_HaNikra 15 m"
2025-07-27 01:00:00,26.2,24.4140056585359,26.5439897519549,26.344113132863,"Rosh_HaNikra 15 m"
2025-07-27 02:00:00,25.8,24.2185289800022,26.1140167724671,25.8265206754063,"Rosh_HaNikra 15 m"
2025-07-27 03:00:00,25.3,23.8393236631787,25.3990975837728,25.4814532036221,"Rosh_HaNikra 15 m"
2025-07-27 04:00:00,26.3,28.407553085256,26.3339466703686,26.1112355078939,"Rosh_HaNikra 15 m"
2025-07-27 05:00:00,28.7,34.7257104881768,28.835226965661,28.6084533699517,"Rosh_HaNikra 15 m"
2025-07-27 06:00:00,33.7,45.2921964286232,33.1534405980642,32.9432212470436,"Rosh_HaNikra 15 m"
2025-07-27 07:00:00,37.8,54.6100574002171,37.2009718620494,35.7729106411839,"Rosh_HaNikra 15 m"
2025-07-27 08:00:00,40.3,60.7582779708744,40.4746307081738,39.3883896652103,"Rosh_HaNikra 15 m"
2025-07-27 09:00:00,44,63.54466253458,43.8916640687874,42.9188519114111,"Rosh_HaNikra 15 m"
2025-07-27 10:00:00,46.9,64.1541364261111,46.5643735842998,45.7509648868045,"Rosh_HaNikra 15 m"
2025-07-27 11:00:00,47.6,63.6744504058391,47.4924717377571,47.2270150268108,"Rosh_HaNikra 15 m"
2025-07-27 12:00:00,48,61.4224972284104,48.0404309094988,47.2435631311204,"Rosh_HaNikra 15 m"
2025-07-27 13:00:00,47.3,57.7863842314187,47.5180404014441,46.3509212797585,"Rosh_HaNikra 15 m"
2025-07-27 14:00:00,44.4,52.2902283856222,44.5424196065129,44.2072873303243,"Rosh_HaNikra 15 m"
2025-07-27 15:00:00,41.4,45.1715757647041,41.7594689264181,41.2094824114326,"Rosh_HaNikra 15 m"
2025-07-27 16:00:00,37.6,36.7211956078641,37.6413341199752,37.7633421713941,"Rosh_HaNikra 15 m"
2025-07-27 17:00:00,34.5,31.0225920430589,34.2747143434641,34.3990311376024,"Rosh_HaNikra 15 m"
2025-07-27 18:00:00,32.2,28.9931839274603,32.1899383542685,32.0734394358832,"Rosh_HaNikra 15 m"
2025-07-27 19:00:00,30.6,27.7817978684113,30.6541115925253,30.8803329292939,"Rosh_HaNikra 15 m"
2025-07-27 20:00:00,29.5,26.5192955184496,29.6046840681132,29.3171551871813,"Rosh_HaNikra 15 m"
2025-07-27 21:00:00,28.2,25.5927320214232,28.3659382614117,28.1614399643858,"Rosh_HaNikra 15 m"
2025-07-27 22:00:00,27.3,24.7680307547612,27.5232390131078,27.233871571259,"Rosh_HaNikra 15 m"
2025-07-27 23:00:00,26.7,24.1948914255952,26.9695479535495,26.4360003199433,"Rosh_HaNikra 15 m"
2025-07-28,26,23.9328014580161,26.0949163307817,25.7318962541968,"Rosh_HaNikra 15 m"
2025-07-28 01:00:00,24.8,24.0687726439,25.0670209563376,26.3609503210545,"Rosh_HaNikra 15 m"
2025-07-28 02:00:00,24.6,23.8342487578192,24.8322982588902,26.0099603895941,"Rosh_HaNikra 15 m"
2025-07-28 03:00:00,24.6,23.9968748835585,24.8879918497357,25.9731905011198,"Rosh_HaNikra 15 m"
2025-07-28 04:00:00,25.7,30.1111113583844,25.8910390014227,26.7642275845807,"Rosh_HaNikra 15 m"
2025-07-28 05:00:00,28.5,37.4570266758283,28.6338072757031,29.2536241566022,"Rosh_HaNikra 15 m"
2025-07-28 06:00:00,31.5,48.3982423680495,32.662309846208,33.373217953987,"Rosh_HaNikra 15 m"
2025-07-28 07:00:00,38,57.077667359544,38.1326641603147,36.6510163585674,"Rosh_HaNikra 15 m"
2025-07-28 08:00:00,42.2,62.176929830405,41.4752954405733,39.8755630243747,"Rosh_HaNikra 15 m"
2025-07-28 09:00:00,46,63.9732065430788,45.1461817374892,43.2269582978395,"Rosh_HaNikra 15 m"
2025-07-28 10:00:00,48.8,64.6974031939255,48.0037292403723,45.7582895769821,"Rosh_HaNikra 15 m"
2025-07-28 11:00:00,49.7,62.683166220665,48.8573803416024,46.5598408727646,"Rosh_HaNikra 15 m"
2025-07-28 12:00:00,49.8,59.5028260824035,49.2136072487202,46.3310931798766,"Rosh_HaNikra 15 m"
2025-07-28 13:00:00,47.6,55.2838213061545,47.2895612229732,45.4219095324729,"Rosh_HaNikra 15 m"
2025-07-28 14:00:00,45.1,50.2642025277372,44.7435275247552,43.9494833276029,"Rosh_HaNikra 15 m"
2025-07-28 15:00:00,41.8,43.7504249121305,41.4827658360164,41.1712232138273,"Rosh_HaNikra 15 m"
2025-07-28 16:00:00,38.4,35.325346397539,38.0508928477089,37.4588121644457,"Rosh_HaNikra 15 m"
2025-07-28 17:00:00,34.9,29.5521549598995,34.4787320214951,34.079313220245,"Rosh_HaNikra 15 m"
2025-07-28 18:00:00,32.9,27.7414968975561,32.4678849876923,31.2074297436254,"Rosh_HaNikra 15 m"
2025-07-28 19:00:00,31.6,27.0367854935485,31.4241559713284,30.2198757035094,"Rosh_HaNikra 15 m"
2025-07-28 20:00:00,30.5,26.4168256370085,30.2251258154106,29.197380885269,"Rosh_HaNikra 15 m"
2025-07-28 21:00:00,29.6,25.7961828467257,29.2696402917226,28.2728025671847,"Rosh_HaNikra 15 m"
2025-07-28 22:00:00,28.7,25.5384584052358,28.526441463938,27.8142605407033,"Rosh_HaNikra 15 m"
2025-07-28 23:00:00,27.9,25.174785688424,27.8759302143991,27.6199303417443,"Rosh_HaNikra 15 m"
2025-07-29,27.7,24.985738142743,27.4313025025066,27.0248411739014,"Rosh_HaNikra 15 m"
2025-07-29 01:00:00,27.2,25.2581134509696,27.120789122889,27.0914139222754,"Rosh_HaNikra 15 m"
2025-07-29 02:00:00,27,25.1701259134269,26.9040466099137,26.7389982459998,"Rosh_HaNikra 15 m"
2025-07-29 03:00:00,26.6,25.2581349892722,26.6457282766786,26.6487684531318,"Rosh_HaNikra 15 m"
2025-07-29 04:00:00,27.5,29.0359191594867,27.5159816391953,27.4097580610065,"Rosh_HaNikra 15 m"
2025-07-29 05:00:00,29.5,32.8012645414092,29.311634704628,28.8461897542693,"Rosh_HaNikra 15 m"
2025-07-29 06:00:00,33.5,41.3749893536233,32.5601698965112,32.1871393551492,"Rosh_HaNikra 15 m"
2025-07-29 07:00:00,35.7,49.1974271620874,35.5339161927054,34.4057267989282,"Rosh_HaNikra 15 m"
2025-07-29 08:00:00,40.1,56.6679829343591,38.8930577525809,37.3419598325525,"Rosh_HaNikra 15 m"
2025-07-29 09:00:00,44,59.9448415563375,42.9733746929056,41.6994535253316,"Rosh_HaNikra 15 m"
2025-07-29 10:00:00,48,62.0640687255644,47.2712054549836,44.737976959207,"Rosh_HaNikra 15 m"
2025-07-29 11:00:00,49.7,60.8737867774429,49.39693790356,46.0241955222549,"Rosh_HaNikra 15 m"
2025-07-29 12:00:00,48.8,57.8682853037934,47.9922776450668,45.576352244101,"Rosh_HaNikra 15 m"
2025-07-29 13:00:00,47.1,53.5639928478448,46.4703899282539,44.7004903454034,"Rosh_HaNikra 15 m"
2025-07-29 14:00:00,43.5,47.3432539131432,43.3213850787032,42.911296191433,"Rosh_HaNikra 15 m"
2025-07-29 15:00:00,40.2,40.6893411040244,40.1380034164035,40.350799000257,"Rosh_HaNikra 15 m"
2025-07-29 16:00:00,37.5,33.2712541136772,37.2213847275286,36.8847008261711,"Rosh_HaNikra 15 m"
2025-07-29 17:00:00,34.1,28.8160595752522,33.9989080781479,33.6197161533162,"Rosh_HaNikra 15 m"
2025-07-29 18:00:00,32.3,27.4274643364384,32.2916769323578,31.3827908935978,"Rosh_HaNikra 15 m"
2025-07-29 19:00:00,31.5,26.7239585395647,31.4491923717053,30.3098502631975,"Rosh_HaNikra 15 m"
2025-07-29 20:00:00,30.8,26.1821051329951,30.7494327240908,29.2676606864314,"Rosh_HaNikra 15 m"
2025-07-29 21:00:00,29.6,25.8575892897222,29.4818041642943,28.546273276386,"Rosh_HaNikra 15 m"
2025-07-29 22:00:00,28.5,24.7785493280913,28.3428622742233,27.7850872423674,"Rosh_HaNikra 15 m"
2025-07-29 23:00:00,28.1,24.3425330742855,28.0547825330416,27.1182651146908,"Rosh_HaNikra 15 m"
2025-07-30,27.6,24.2052755060156,27.6015404225754,26.6202239694555,"Rosh_HaNikra 15 m"
2025-07-30 01:00:00,27.3,24.2128798687485,27.4232406918326,26.8505160534409,"Rosh_HaNikra 15 m"
2025-07-30 02:00:00,27.5,24.0513556017637,27.373243066071,26.54356217525,"Rosh_HaNikra 15 m"
2025-07-30 03:00:00,27,24.0586466249322,27.0525848669278,26.3852633890008,"Rosh_HaNikra 15 m"
2025-07-30 04:00:00,27.5,26.0338630777068,27.4213109996263,26.8541791539855,"Rosh_HaNikra 15 m"
2025-07-30 05:00:00,30,28.3158682498881,29.7599620124134,28.9053687963435,"Rosh_HaNikra 15 m"
2025-07-30 06:00:00,32.8,30.3027161598747,32.2195011057549,31.8375981092994,"Rosh_HaNikra 15 m"
2025-07-30 07:00:00,37.1,32.2672180801648,35.6512058630511,34.8435640007275,"Rosh_HaNikra 15 m"
2025-07-30 08:00:00,40.8,34.2477847587453,39.7391085506806,37.5810014259206,"Rosh_HaNikra 15 m"
2025-07-30 09:00:00,45.4,35.9214141639526,43.0854102577289,40.8788373740966,"Rosh_HaNikra 15 m"
2025-07-30 10:00:00,48.3,51.2333448861995,46.3685558795609,43.5792854761043,"Rosh_HaNikra 15 m"
2025-07-30 11:00:00,46.8,57.9511058993408,46.1514756059882,43.6150778002807,"Rosh_HaNikra 15 m"
2025-07-30 12:00:00,47.1,56.1062387611896,46.5487833789865,44.3995517876178,"Rosh_HaNikra 15 m"
2025-07-30 13:00:00,46.1,52.1937554626829,45.4651715650237,43.1828625946409,"Rosh_HaNikra 15 m"
2025-07-30 14:00:00,43.5,46.5138983372446,43.109678058978,41.5131673458811,"Rosh_HaNikra 15 m"
2025-07-30 15:00:00,40.5,39.4649804020011,40.1118729197475,39.0715500497901,"Rosh_HaNikra 15 m"
2025-07-30 16:00:00,37.4,31.7846807614698,36.9739407316165,35.792560018672,"Rosh_HaNikra 15 m"
2025-07-30 17:00:00,34.7,27.1588275344613,34.1124120897619,32.5563604743722,"Rosh_HaNikra 15 m"
2025-07-30 18:00:00,32.7,25.8726692217984,32.379509947245,30.3311224002042,"Rosh_HaNikra 15 m"
2025-07-30 19:00:00,31.6,25.5959563001732,31.495055569671,29.3156089529137,"Rosh_HaNikra 15 m"
2025-07-30 20:00:00,30.5,25.2797337607772,30.4762221020287,28.811980827275,"Rosh_HaNikra 15 m"
2025-07-30 21:00:00,30.1,24.9293749102754,29.9884592605165,28.294047571103,"Rosh_HaNikra 15 m"
2025-07-30 22:00:00,30.2,23.5688037390244,29.8745732747173,27.2471718306077,"Rosh_HaNikra 15 m"
2025-07-30 23:00:00,29.7,23.2941663236509,29.3917813939085,26.8078262777219,"Rosh_HaNikra 15 m"
2025-07-31,29.4,23.1647345986625,29.1479389595956,26.4031250443717,"Rosh_HaNikra 15 m"
2025-07-31 01:00:00,28.9,22.9478543563044,28.7852953112375,26.1530173583186,"Rosh_HaNikra 15 m"
2025-07-31 02:00:00,28.9,22.7009256389795,28.6622809249799,25.827500632113,"Rosh_HaNikra 15 m"
2025-07-31 03:00:00,28.3,22.5326156508764,28.0304210370926,25.7298374068578,"Rosh_HaNikra 15 m"
2025-07-31 04:00:00,28.5,24.0202804855498,28.3892076155478,26.0383831314238,"Rosh_HaNikra 15 m"
2025-07-31 05:00:00,29.3,25.3044557730176,29.1205665778542,27.4487266699292,"Rosh_HaNikra 15 m"
2025-07-31 06:00:00,33.2,27.8023469885673,32.2128423989104,29.184505148777,"Rosh_HaNikra 15 m"
2025-07-31 07:00:00,37.1,30.458856661825,36.2839431234941,32.8780041532801,"Rosh_HaNikra 15 m"
2025-07-31 08:00:00,40.1,32.1492595131261,39.1316453323127,36.1431297714574,"Rosh_HaNikra 15 m"
2025-07-31 09:00:00,42.4,33.3403020149762,41.1923002337287,38.5272355324323,"Rosh_HaNikra 15 m"
2025-07-31 10:00:00,45.9,36.4006919958147,44.8509754338635,41.0188040830645,"Rosh_HaNikra 15 m"
2025-07-31 11:00:00,47.1,48.6310496722182,44.1270422328658,42.503722230049,"Rosh_HaNikra 15 m"
2025-07-31 12:00:00,47.1,50.9080553678547,45.2664779532987,41.4547329572712,"Rosh_HaNikra 15 m"
2025-07-31 13:00:00,45.7,46.0858647932494,44.5923015755892,40.451043855139,"Rosh_HaNikra 15 m"
2025-07-31 14:00:00,42.9,41.840467687768,42.2430887639778,39.3224341832819,"Rosh_HaNikra 15 m"
2025-07-31 15:00:00,40,35.6834235923689,39.5639623071486,37.8272672431868,"Rosh_HaNikra 15 m"
2025-07-31 16:00:00,36.9,29.9913870604049,36.572989645118,35.0016667158614,"Rosh_HaNikra 15 m"
2025-07-31 17:00:00,34.3,26.9428007033534,33.9387628848383,32.6292693045802,"Rosh_HaNikra 15 m"
2025-07-31 18:00:00,32.4,26.1000033956209,32.3194356629035,30.9087792974153,"Rosh_HaNikra 15 m"
2025-07-31 19:00:00,31.5,25.5643902409096,31.4196729202505,29.9334016430397,"Rosh_HaNikra 15 m"
2025-07-31 20:00:00,30.6,25.0771980523351,30.6865347337918,29.1922645806554,"Rosh_HaNikra 15 m"
2025-07-31 21:00:00,30.3,24.9963515425398,30.1219540996102,28.6421511793806,"Rosh_HaNikra 15 m"
2025-07-31 22:00:00,29.5,23.3977315481463,29.3823030605652,27.4440939482012,"Rosh_HaNikra 15 m"
2025-07-31 23:00:00,29.1,23.1918556162965,29.1042967939139,27.183893866266,"Rosh_HaNikra 15 m"
2025-08-01,28.4,23.0989199724741,28.4665227765623,26.7990919199533,"Rosh_HaNikra 15 m"
2025-08-01 01:00:00,28,22.8787576136857,28.1169565376574,26.5287887034684,"Rosh_HaNikra 15 m"
2025-08-01 02:00:00,27.9,22.6877914044823,27.7976372474569,26.1195431325402,"Rosh_HaNikra 15 m"
2025-08-01 03:00:00,27.7,22.6261754341451,27.6690871386347,25.7811975784627,"Rosh_HaNikra 15 m"
2025-08-01 04:00:00,28,24.0673557201588,27.9809955634913,26.122999278661,"Rosh_HaNikra 15 m"
2025-08-01 05:00:00,29,26.0820752856782,28.7653545632762,27.8087718961289,"Rosh_HaNikra 15 m"
2025-08-01 06:00:00,32.6,28.4570717975799,32.2711674260973,30.4633059665862,"Rosh_HaNikra 15 m"
2025-08-01 07:00:00,36.5,30.3721540684475,36.0396103573625,33.2885044331326,"Rosh_HaNikra 15 m"
2025-08-01 08:00:00,39.8,31.5474481580122,38.7313351683061,35.7557020184858,"Rosh_HaNikra 15 m"
2025-08-01 09:00:00,42.9,32.9918695344246,41.5012901370396,38.026562775544,"Rosh_HaNikra 15 m"
2025-08-01 10:00:00,42.8,36.3746381471539,42.6251452659515,41.4699636171246,"Rosh_HaNikra 15 m"
2025-08-01 11:00:00,46.3,51.6065825778866,44.290813302009,44.8217601138973,"Rosh_HaNikra 15 m"
2025-08-01 12:00:00,47.8,53.4803775601819,45.1733081273281,43.653693562074,"Rosh_HaNikra 15 m"
2025-08-01 13:00:00,46.6,48.9067461388997,44.6395838057341,41.9902050393514,"Rosh_HaNikra 15 m"
2025-08-01 14:00:00,44,43.3989626296718,42.9969746760513,40.042186392184,"Rosh_HaNikra 15 m"
2025-08-01 15:00:00,40.4,36.4929203693042,40.035024225205,37.747486919559,"Rosh_HaNikra 15 m"
2025-08-01 16:00:00,37,29.9792272416737,36.4601585926138,34.6988436547902,"Rosh_HaNikra 15 m"
2025-08-01 17:00:00,34.3,26.0536874615989,33.2662229244237,31.7605956876121,"Rosh_HaNikra 15 m"
2025-08-01 18:00:00,32.4,24.715459028789,31.7725782230842,29.6787149110522,"Rosh_HaNikra 15 m"
2025-08-01 19:00:00,31.2,24.312801934068,31.1919780557804,28.5193234451459,"Rosh_HaNikra 15 m"
2025-08-01 20:00:00,30.4,23.9793426675956,30.3291538938866,27.8670046014945,"Rosh_HaNikra 15 m"
2025-08-01 21:00:00,29.6,23.814492680707,29.5574636330723,27.5331482669497,"Rosh_HaNikra 15 m"
2025-08-01 22:00:00,29.8,22.8984988068588,29.4928984032675,26.8881981705673,"Rosh_HaNikra 15 m"
2025-08-01 23:00:00,29.5,22.8648377250833,29.2269217927731,26.8455415558023,"Rosh_HaNikra 15 m"
2025-08-02,28.8,22.799485259388,28.5599451715091,26.5518284371834,"Rosh_HaNikra 15 m"
2025-08-02 01:00:00,27.6,22.7648995387633,27.5953129310492,26.1683052051146,"Rosh_HaNikra 15 m"
2025-08-02 02:00:00,27,22.6451347781409,27.2155943866743,26.0293930484046,"Rosh_HaNikra 15 m"
2025-08-02 03:00:00,27,22.5600012016668,27.1023330891325,25.7994774055853,"Rosh_HaNikra 15 m"
2025-08-02 04:00:00,27.2,24.4562849735699,27.1760690930978,26.0759955381832,"Rosh_HaNikra 15 m"
2025-08-02 05:00:00,29.1,27.2158569962715,28.8459553217504,27.908321109507,"Rosh_HaNikra 15 m"
2025-08-02 06:00:00,32.8,29.3551993488081,32.6507686274373,31.4036917804487,"Rosh_HaNikra 15 m"
2025-08-02 07:00:00,34.9,30.7771922337213,34.8668811053588,34.5510665165582,"Rosh_HaNikra 15 m"
2025-08-02 08:00:00,39.4,32.2669008298698,39.078342159831,36.0422971769157,"Rosh_HaNikra 15 m"
2025-08-02 09:00:00,43.6,33.1578874005779,42.2256092807535,38.2625741376384,"Rosh_HaNikra 15 m"
2025-08-02 10:00:00,46,34.2330163590109,44.2537634437184,40.2271545998251,"Rosh_HaNikra 15 m"
2025-08-02 11:00:00,47,37.6256184841641,46.0214079829849,42.7114787365445,"Rosh_HaNikra 15 m"
2025-08-02 12:00:00,46.6,45.1863585062168,45.5720965592296,44.0372576065204,"Rosh_HaNikra 15 m"
2025-08-02 13:00:00,45.7,45.105736634438,44.8207325637699,41.285592934792,"Rosh_HaNikra 15 m"
2025-08-02 14:00:00,43.5,40.5877989643682,42.6725395646881,39.9052307718862,"Rosh_HaNikra 15 m"
2025-08-02 15:00:00,40.5,36.2051353990671,40.0352712866645,38.3925428926584,"Rosh_HaNikra 15 m"
2025-08-02 16:00:00,37.1,30.3582950674702,36.7937861162034,35.8822280012776,"Rosh_HaNikra 15 m"
2025-08-02 17:00:00,33.7,26.184335243236,33.3565560061647,32.4196419830431,"Rosh_HaNikra 15 m"
2025-08-02 18:00:00,32.1,24.9384159327012,31.6877450178517,30.047724175499,"Rosh_HaNikra 15 m"
2025-08-02 19:00:00,31,24.3904725431902,30.6340647932991,28.6830064177019,"Rosh_HaNikra 15 m"
2025-08-02 20:00:00,30.1,24.0032807856987,29.9493620538032,27.8331376582573,"Rosh_HaNikra 15 m"
2025-08-02 21:00:00,29.1,23.7323677452218,29.0233964153146,27.265053025068,"Rosh_HaNikra 15 m"
2025-08-02 22:00:00,28.9,23.6464447772405,28.8846117104205,26.9831852710149,"Rosh_HaNikra 15 m"
2025-08-02 23:00:00,28,23.4867726505614,28.1980759064348,26.7444611729003,"Rosh_HaNikra 15 m"
2025-08-17 01:00:00,24.5,24.271263445821,25.2456630755301,26.240342821088,"Rosh_HaNikra 15 m"
2025-08-17 02:00:00,24.1,23.9104562985932,24.6629495253721,26.075298904184,"Rosh_HaNikra 15 m"
2025-08-17 03:00:00,23.7,24.023906740441,24.3169012064118,25.3649038403174,"Rosh_HaNikra 15 m"
2025-08-17 04:00:00,25.6,27.0927994352106,25.8837051558841,26.3418006997827,"Rosh_HaNikra 15 m"
2025-08-17 05:00:00,32.9,33.1042846533575,32.4345781502035,27.4476856085577,"Rosh_HaNikra 15 m"
2025-08-17 06:00:00,42,42.5058365261057,38.3128446460813,30.8215313350657,"Rosh_HaNikra 15 m"
2025-08-17 07:00:00,43.6,50.8058486413599,40.4375944602737,33.7561393212915,"Rosh_HaNikra 15 m"
2025-08-17 08:00:00,48.5,57.0973510412641,46.48756990381,36.2241820959516,"Rosh_HaNikra 15 m"
2025-08-17 09:00:00,51.9,60.4605775582408,47.9715066280663,40.1769853341197,"Rosh_HaNikra 15 m"
2025-08-17 10:00:00,52.2,62.3811661774611,50.8075538576731,43.4390770966505,"Rosh_HaNikra 15 m"
2025-08-17 11:00:00,51,61.0424613610205,50.2069177627968,45.1812390938696,"Rosh_HaNikra 15 m"
2025-08-17 12:00:00,46.4,57.2984918170898,46.7158835235808,44.8026822620361,"Rosh_HaNikra 15 m"
2025-08-17 13:00:00,44,52.2855831807011,44.3676166455455,43.7970568364018,"Rosh_HaNikra 15 m"
2025-08-17 14:00:00,40.1,45.4267355972273,41.0291050069422,41.9850565963728,"Rosh_HaNikra 15 m"
2025-08-17 15:00:00,35.5,38.2234290076245,36.9681342780995,39.3618628216733,"Rosh_HaNikra 15 m"
2025-08-17 16:00:00,32,31.2635178864166,33.1602605598991,36.0241322815582,"Rosh_HaNikra 15 m"
2025-08-17 17:00:00,31,27.9705667754964,31.4886218088717,33.1959834358052,"Rosh_HaNikra 15 m"
2025-08-17 18:00:00,30.1,27.2355829830403,30.470613878645,31.6257301922078,"Rosh_HaNikra 15 m"
2025-08-17 19:00:00,29.3,26.7720437778431,29.7395341609925,30.5935216678577,"Rosh_HaNikra 15 m"
2025-08-17 20:00:00,28.3,26.266890608169,28.586828233776,29.7912107337488,"Rosh_HaNikra 15 m"
2025-08-17 21:00:00,27.9,25.8679817647973,28.1746665560223,29.0757192106286,"Rosh_HaNikra 15 m"
2025-08-17 22:00:00,26.6,25.3200796262947,26.9885594212345,28.4632471220222,"Rosh_HaNikra 15 m"
2025-08-17 23:00:00,26.5,24.9279412050071,26.822786779067,27.7902873773399,"Rosh_HaNikra 15 m"
2025-08-18,25.2,24.8331399102272,25.6507835575801,27.4574799676002,"Rosh_HaNikra 15 m"
2025-08-18 01:00:00,25.3,24.6745008946068,25.3903188534089,27.1207780361778,"Rosh_HaNikra 15 m"
2025-08-18 02:00:00,24.5,24.6993149144498,24.8522863424715,26.9304045064298,"Rosh_HaNikra 15 m"
2025-08-18 03:00:00,24.2,24.5004101093705,24.4538100937397,26.6746068294938,"Rosh_HaNikra 15 m"
2025-08-18 04:00:00,24.5,27.4085856086866,25.2397400952189,26.9384565956251,"Rosh_HaNikra 15 m"
2025-08-18 05:00:00,29.7,33.2544966866929,30.7255808326854,27.8874770333726,"Rosh_HaNikra 15 m"
2025-08-18 06:00:00,35.5,42.614166092289,35.0954487499061,31.3139780277138,"Rosh_HaNikra 15 m"
2025-08-18 07:00:00,41.8,52.4285385753587,39.5777906407217,35.0870812084153,"Rosh_HaNikra 15 m"
2025-08-18 08:00:00,44.7,57.3331837946336,43.7121417002225,37.6865582758348,"Rosh_HaNikra 15 m"
2025-08-18 09:00:00,49,60.9752322071608,47.9583073557137,40.811474882942,"Rosh_HaNikra 15 m"
2025-08-18 10:00:00,51.6,61.8029333338782,50.3816814987252,43.6036382899329,"Rosh_HaNikra 15 m"
2025-08-18 11:00:00,52.3,60.4174796828987,51.2771427394685,44.8956176528694,"Rosh_HaNikra 15 m"
2025-08-18 12:00:00,47.3,56.7907199511402,47.2346864184466,44.7217731127613,"Rosh_HaNikra 15 m"
2025-08-18 13:00:00,45.6,51.3782777210679,44.7702617899301,43.3470448872056,"Rosh_HaNikra 15 m"
2025-08-18 14:00:00,40.5,44.8017573255875,40.8011793026555,41.4865727323868,"Rosh_HaNikra 15 m"
2025-08-18 15:00:00,37.9,37.6135830917443,37.7561027000498,38.5730232038583,"Rosh_HaNikra 15 m"
2025-05-25 11:00:00,43.7,54.2284763837058,42.594169450881,43.2501266980369,"Rosh_HaNikra 25 m"
2025-05-25 12:00:00,43.6,51.6581082200716,43.143484266657,41.7996258592318,"Rosh_HaNikra 25 m"
2025-05-25 13:00:00,42.1,48.4151025599498,41.6966551007842,40.7487841433543,"Rosh_HaNikra 25 m"
2025-05-25 14:00:00,38.9,42.2625410208718,38.7157205695911,38.4695317397134,"Rosh_HaNikra 25 m"
2025-05-25 15:00:00,36.2,34.273799665246,35.9289792776199,35.98905552176,"Rosh_HaNikra 25 m"
2025-05-25 16:00:00,32.6,25.1364760643267,32.2869940619554,33.1222119575762,"Rosh_HaNikra 25 m"
2025-05-25 17:00:00,29.4,21.4475374584313,28.9203841978604,28.7512512569542,"Rosh_HaNikra 25 m"
2025-05-25 18:00:00,27.4,20.5826506583689,27.1172950174789,25.9708447425364,"Rosh_HaNikra 25 m"
2025-05-25 19:00:00,25.3,20.3043866037208,25.2465952929235,24.3935932992774,"Rosh_HaNikra 25 m"
2025-05-25 20:00:00,23.6,20.0186921590368,23.6399344656136,23.4221588605444,"Rosh_HaNikra 25 m"
2025-05-25 21:00:00,22.4,19.5457066222143,22.444958357171,22.524953715415,"Rosh_HaNikra 25 m"
2025-05-25 22:00:00,21.3,19.0682577477986,21.4701315336641,21.6174635278279,"Rosh_HaNikra 25 m"
2025-05-25 23:00:00,20.4,18.8591352030755,20.6505595706642,20.9949389025689,"Rosh_HaNikra 25 m"
2025-05-26,19.7,18.795888827599,19.8701548900334,20.5010219080815,"Rosh_HaNikra 25 m"
2025-05-26 01:00:00,19.3,18.995303508722,19.7928861038658,20.1791563005082,"Rosh_HaNikra 25 m"
2025-05-26 02:00:00,18.7,19.0513363976838,19.3318545624051,21.0984974999787,"Rosh_HaNikra 25 m"
2025-05-26 03:00:00,18.4,18.6975424126078,18.8963522913726,21.018172009318,"Rosh_HaNikra 25 m"
2025-05-26 04:00:00,19.2,22.1528719169476,19.5791337387896,21.7613684040883,"Rosh_HaNikra 25 m"
2025-05-26 05:00:00,22.6,26.19523269589,22.7952873710084,24.7604171698814,"Rosh_HaNikra 25 m"
2025-05-26 06:00:00,26.3,31.064149996183,26.4355849619065,29.8729292358375,"Rosh_HaNikra 25 m"
2025-05-26 07:00:00,29.9,34.8604412780209,30.6851882956072,34.5591481433316,"Rosh_HaNikra 25 m"
2025-05-26 08:00:00,33.7,35.9599911777293,34.1586527597627,38.2540585605418,"Rosh_HaNikra 25 m"
2025-05-26 09:00:00,38.2,37.4950932673858,37.336283745865,40.412450712149,"Rosh_HaNikra 25 m"
2025-05-26 10:00:00,41.1,46.5485696253633,40.4335602322744,42.0271963534212,"Rosh_HaNikra 25 m"
2025-05-26 11:00:00,43.1,54.7964530184946,41.3230534113231,42.3463254168711,"Rosh_HaNikra 25 m"
2025-05-26 12:00:00,42.8,52.9222247671343,41.7947000009193,41.9050452779986,"Rosh_HaNikra 25 m"
2025-05-26 13:00:00,41,46.9760062735649,40.2265876184976,40.3203856986137,"Rosh_HaNikra 25 m"
2025-05-26 14:00:00,38.6,40.9268536095261,38.2763748205763,38.7346748833298,"Rosh_HaNikra 25 m"
2025-05-26 15:00:00,36.3,34.3946388974813,35.9388297653452,36.395789505544,"Rosh_HaNikra 25 m"
2025-05-26 16:00:00,33.4,25.8770365527467,33.1192556510441,33.3505539706544,"Rosh_HaNikra 25 m"
2025-05-26 17:00:00,30,22.0143302936686,29.2841201606993,29.3096488971842,"Rosh_HaNikra 25 m"
2025-05-26 18:00:00,28,20.8869864283689,27.5585826743605,27.1109072505125,"Rosh_HaNikra 25 m"
2025-05-26 19:00:00,26.4,20.3192232644165,26.4205530647948,26.331814626416,"Rosh_HaNikra 25 m"
2025-05-26 20:00:00,25.2,19.5067450901553,24.9726688823751,25.3190581699893,"Rosh_HaNikra 25 m"
2025-05-26 21:00:00,24.4,18.8955735925292,24.3611584115743,24.1344699624633,"Rosh_HaNikra 25 m"
2025-05-26 22:00:00,24,18.7352435452818,24.0377029117994,24.1624972684263,"Rosh_HaNikra 25 m"
2025-05-26 23:00:00,23.4,18.9677451534596,23.307459415481,24.3481763286915,"Rosh_HaNikra 25 m"
2025-05-27,24.2,19.1159217507615,23.6173281042817,23.0284321458115,"Rosh_HaNikra 25 m"
2025-05-27 01:00:00,24.2,20.3206253185551,24.083318706056,23.9811124935429,"Rosh_HaNikra 25 m"
2025-05-27 02:00:00,24.3,20.4115539459606,24.2823589655721,23.8955446152111,"Rosh_HaNikra 25 m"
2025-05-27 03:00:00,24.3,20.5673658544355,24.1178276606619,24.0365407163435,"Rosh_HaNikra 25 m"
2025-05-27 04:00:00,24.5,23.0447232961967,24.4218678604341,24.7149080276802,"Rosh_HaNikra 25 m"
2025-05-27 05:00:00,25.4,24.9212803938575,25.4683718741918,27.4971690275855,"Rosh_HaNikra 25 m"
2025-05-27 06:00:00,27.8,25.5027488940216,27.5953027747263,30.6372141116119,"Rosh_HaNikra 25 m"
2025-05-27 07:00:00,30.6,26.7709186449236,30.2252765317063,31.4216492548174,"Rosh_HaNikra 25 m"
2025-05-27 08:00:00,33.8,30.1428175014976,34.0467518549388,33.8363432926658,"Rosh_HaNikra 25 m"
2025-05-27 09:00:00,36.5,35.0796256335048,37.3610842718969,39.3248906405238,"Rosh_HaNikra 25 m"
2025-05-27 10:00:00,38.9,45.0340169699252,38.6345260808182,40.1472772390902,"Rosh_HaNikra 25 m"
2025-05-27 11:00:00,40.1,47.4111384721175,40.8646910073736,40.7488025994674,"Rosh_HaNikra 25 m"
2025-05-27 12:00:00,40.6,45.0906680776963,40.4314021531476,39.6353515341172,"Rosh_HaNikra 25 m"
2025-05-27 13:00:00,39.6,41.0561658384312,39.4633389493956,37.6278540136326,"Rosh_HaNikra 25 m"
2025-05-27 14:00:00,36.9,34.9328293075715,36.8319523017017,35.1075170507585,"Rosh_HaNikra 25 m"
2025-05-27 15:00:00,34.6,28.8443793759082,34.8036614319112,32.7545318112109,"Rosh_HaNikra 25 m"
2025-05-27 16:00:00,32,21.7855962960541,31.7822959926779,29.5364374368012,"Rosh_HaNikra 25 m"
2025-05-27 17:00:00,29,18.7982255575787,28.7369674074137,25.811458265556,"Rosh_HaNikra 25 m"
2025-05-27 18:00:00,27.1,18.18192848033,27.1351422225039,24.0296200162797,"Rosh_HaNikra 25 m"
2025-05-27 19:00:00,26,17.7289853338076,25.9442366364987,23.2543215993716,"Rosh_HaNikra 25 m"
2025-05-27 20:00:00,25,17.3021374640703,24.9162155548085,22.5439349112749,"Rosh_HaNikra 25 m"
2025-05-27 21:00:00,24.2,17.1257025984034,24.0789482936923,21.8535144117579,"Rosh_HaNikra 25 m"
2025-05-27 22:00:00,23.8,17.6142014715625,23.762382386439,22.0563916418506,"Rosh_HaNikra 25 m"
2025-05-27 23:00:00,23.3,17.3808239288402,23.3361677514055,21.7294243164134,"Rosh_HaNikra 25 m"
2025-05-28,23,17.2659818013502,23.0446694817519,21.3808585484815,"Rosh_HaNikra 25 m"
2025-05-28 01:00:00,22.9,17.1641450226117,22.9251946007468,21.0233984291364,"Rosh_HaNikra 25 m"
2025-05-28 02:00:00,22.8,16.9562551835992,22.6816733416588,20.4171025613763,"Rosh_HaNikra 25 m"
2025-05-28 03:00:00,22.4,17.090983957077,22.4314889169243,19.8101812303314,"Rosh_HaNikra 25 m"
2025-05-28 04:00:00,23,19.5965117487194,22.607459650233,20.7371640476467,"Rosh_HaNikra 25 m"
2025-05-28 05:00:00,24.3,22.2861436484987,24.2765825653069,24.1216432927782,"Rosh_HaNikra 25 m"
2025-05-28 06:00:00,26.7,24.7430310847065,26.9941111832645,28.0586233736774,"Rosh_HaNikra 25 m"
2025-05-28 07:00:00,29.5,25.6063272787338,29.5724699084692,31.2310740782028,"Rosh_HaNikra 25 m"
2025-05-28 08:00:00,32.5,26.8447993107539,32.5265350098972,32.4782193012934,"Rosh_HaNikra 25 m"
2025-05-28 09:00:00,35.8,28.3558202303953,35.8309853536461,34.6938539065428,"Rosh_HaNikra 25 m"
2025-05-28 10:00:00,38,29.7747179546899,37.9949526189123,37.7329374828881,"Rosh_HaNikra 25 m"
2025-05-28 11:00:00,38.9,29.059412327379,39.1605235113509,39.9577296644151,"Rosh_HaNikra 25 m"
2025-05-28 12:00:00,38.9,27.8606131883877,38.8332978579156,39.2588008257168,"Rosh_HaNikra 25 m"
2025-05-28 13:00:00,38.2,26.0930077965584,38.1134300376193,38.2700726921883,"Rosh_HaNikra 25 m"
2025-05-28 14:00:00,35.8,24.4780336186301,35.7335955415691,36.276623325051,"Rosh_HaNikra 25 m"
2025-05-28 15:00:00,33.4,21.6469025139504,33.0687462069688,33.1336349968606,"Rosh_HaNikra 25 m"
2025-05-28 16:00:00,30.9,18.8437609013775,30.4234779507876,29.2678188618878,"Rosh_HaNikra 25 m"
2025-05-28 17:00:00,28.3,18.0988842575937,28.0557426467107,26.2339254944711,"Rosh_HaNikra 25 m"
2025-05-28 18:00:00,26.6,18.0258413666249,26.4650816847603,25.3819443100453,"Rosh_HaNikra 25 m"
2025-05-28 19:00:00,25.4,17.934337936144,25.2208548899201,24.5567563397695,"Rosh_HaNikra 25 m"
2025-05-28 20:00:00,24.5,17.8818751342043,24.4071984759084,23.8008986479982,"Rosh_HaNikra 25 m"
2025-05-28 21:00:00,24,17.5755023016652,23.8478370223157,22.9406613363942,"Rosh_HaNikra 25 m"
2025-05-28 22:00:00,23.7,17.5434415487133,23.5555649701878,22.286529317268,"Rosh_HaNikra 25 m"
2025-05-28 23:00:00,23.4,17.4088664969088,23.3215183253392,22.0982700308443,"Rosh_HaNikra 25 m"
2025-05-29,23.1,17.3568963283349,23.1220192210322,21.8086413615991,"Rosh_HaNikra 25 m"
2025-05-29 01:00:00,22.8,17.301797710651,22.8851342803275,21.5607632028995,"Rosh_HaNikra 25 m"
2025-05-29 02:00:00,22.1,17.1702928985287,22.1971908949815,20.8237896407772,"Rosh_HaNikra 25 m"
2025-05-29 03:00:00,21.5,17.1494176394726,21.5683004806756,20.1159870631481,"Rosh_HaNikra 25 m"
2025-05-29 04:00:00,21.9,20.0508271010944,21.8693735219421,20.6491097363063,"Rosh_HaNikra 25 m"
2025-05-29 05:00:00,23.3,22.6051803797902,23.5555582737347,23.8289246529759,"Rosh_HaNikra 25 m"
2025-05-29 06:00:00,26.4,24.9742339760067,26.6085584321996,27.6600783973934,"Rosh_HaNikra 25 m"
2025-05-29 07:00:00,29.6,27.6302295015553,29.8706357034568,30.5875726030568,"Rosh_HaNikra 25 m"
2025-05-29 08:00:00,33.2,29.6158497993728,33.2810825097744,34.6600168411514,"Rosh_HaNikra 25 m"
2025-05-29 09:00:00,36.7,30.4710217413711,36.8243212685266,37.7967616019058,"Rosh_HaNikra 25 m"
2025-05-29 10:00:00,39.1,31.1419694635155,38.8165619580118,39.2598617288353,"Rosh_HaNikra 25 m"
2025-05-29 11:00:00,40.4,30.9832662965292,40.8899243197146,40.4781641389364,"Rosh_HaNikra 25 m"
2025-05-29 12:00:00,40.7,29.2561739496243,40.4492439159691,40.4228838495266,"Rosh_HaNikra 25 m"
2025-05-29 13:00:00,39.8,26.9807703650372,39.2325778464285,38.9674198782818,"Rosh_HaNikra 25 m"
2025-05-29 14:00:00,37.5,24.4382981448505,37.1187615271137,36.54037753633,"Rosh_HaNikra 25 m"
2025-05-29 15:00:00,35.2,22.0387858566984,34.4882885254446,33.1548670944914,"Rosh_HaNikra 25 m"
2025-05-29 16:00:00,32.4,19.2088962462602,31.331083897612,29.3270564940629,"Rosh_HaNikra 25 m"
2025-05-29 17:00:00,29.3,18.4681838533233,28.7330227585417,26.2458528062652,"Rosh_HaNikra 25 m"
2025-05-29 18:00:00,27.4,18.2952940570812,27.1522017179971,24.7378523456554,"Rosh_HaNikra 25 m"
2025-05-29 19:00:00,25.9,18.1377781633662,25.8758762570246,23.5234326128291,"Rosh_HaNikra 25 m"
2025-05-29 20:00:00,24.7,17.7487765740837,24.6759914801526,22.4146405648674,"Rosh_HaNikra 25 m"
2025-05-29 21:00:00,23.4,17.6409517280587,23.1961144873894,21.4335027687081,"Rosh_HaNikra 25 m"
2025-05-29 22:00:00,22.6,17.3444575013,22.5611178151697,20.7159947098571,"Rosh_HaNikra 25 m"
2025-05-29 23:00:00,22.1,17.1201290370039,22.0622016381117,19.6708053828291,"Rosh_HaNikra 25 m"
2025-05-30,21.5,17.0296809528404,21.3592514090755,19.1771590564781,"Rosh_HaNikra 25 m"
2025-05-30 01:00:00,21.5,16.9677089220347,21.4358897620031,18.7646062141718,"Rosh_HaNikra 25 m"
2025-05-30 02:00:00,20.9,16.7926740040058,20.8657596104524,18.3679571737522,"Rosh_HaNikra 25 m"
2025-05-30 03:00:00,20.4,16.840222508311,20.3496533227702,18.1161430186031,"Rosh_HaNikra 25 m"
2025-05-30 04:00:00,20.8,20.0864437199623,20.8804185057753,19.4023607946426,"Rosh_HaNikra 25 m"
2025-05-30 05:00:00,23.5,23.444828366881,23.5942955118339,23.1230487581545,"Rosh_HaNikra 25 m"
2025-05-30 06:00:00,24.8,27.0563608472792,25.5460100325009,28.0135791366545,"Rosh_HaNikra 25 m"
2025-05-30 07:00:00,29.1,30.1412415968568,29.9044180347423,32.7105527388246,"Rosh_HaNikra 25 m"
2025-05-30 08:00:00,33.9,31.6977380046415,34.8598407167308,36.808552099185,"Rosh_HaNikra 25 m"
2025-05-30 09:00:00,38,32.5282305863029,39.0184478501282,39.046457209838,"Rosh_HaNikra 25 m"
2025-05-30 10:00:00,41.4,33.0734596477233,41.1986044964787,41.2012729869567,"Rosh_HaNikra 25 m"
2025-05-30 11:00:00,42.9,32.6122630614357,41.8487995615654,41.9710868376808,"Rosh_HaNikra 25 m"
2025-05-30 12:00:00,43,31.5589592183758,41.5720553499774,41.8756658757855,"Rosh_HaNikra 25 m"
2025-05-30 13:00:00,42.1,30.1891739799592,39.8504323303845,40.9760544731233,"Rosh_HaNikra 25 m"
2025-05-30 14:00:00,39.6,28.0712724654424,38.6921109498988,39.0561777083623,"Rosh_HaNikra 25 m"
2025-05-30 15:00:00,37.2,25.3305623379989,36.3895168891978,35.8588807431503,"Rosh_HaNikra 25 m"
2025-05-30 16:00:00,33.9,20.9975284219063,33.0500896956802,31.170641291169,"Rosh_HaNikra 25 m"
2025-05-30 17:00:00,30,18.6554138909412,29.267922890015,26.1952841530872,"Rosh_HaNikra 25 m"
2025-05-30 18:00:00,27.2,17.8419261154084,26.7248132049393,23.0870328124909,"Rosh_HaNikra 25 m"
2025-05-30 19:00:00,25.4,17.3175225855455,25.3501521344046,22.0302892328844,"Rosh_HaNikra 25 m"
2025-05-30 20:00:00,24.1,16.8632011316474,24.0960277701247,21.1524152658637,"Rosh_HaNikra 25 m"
2025-05-30 21:00:00,23.2,16.6599453201441,23.0964959865106,20.2652052154688,"Rosh_HaNikra 25 m"
2025-05-30 22:00:00,22.4,16.5319248564465,22.4555075259973,19.7157517798169,"Rosh_HaNikra 25 m"
2025-05-30 23:00:00,21.9,16.3161488603475,21.8269921443188,19.2134805749776,"Rosh_HaNikra 25 m"
2025-05-31,21.1,16.204093990358,20.8892320924712,18.6632485962235,"Rosh_HaNikra 25 m"
2025-05-31 01:00:00,19.9,15.7783774486914,19.9547417659466,17.7229748121634,"Rosh_HaNikra 25 m"
2025-05-31 02:00:00,18.8,15.6925965593968,19.0402141010011,17.4485540436421,"Rosh_HaNikra 25 m"
2025-05-31 03:00:00,18,15.969946170198,18.2233740170183,17.5434632543197,"Rosh_HaNikra 25 m"
2025-05-31 04:00:00,18.7,19.9545860108302,18.9818440745837,19.2157172974513,"Rosh_HaNikra 25 m"
2025-05-31 05:00:00,22.1,25.0627167070344,22.4215666743473,22.8765363538697,"Rosh_HaNikra 25 m"
2025-05-31 06:00:00,26.4,33.3616897830464,26.4734985656564,28.1751210460164,"Rosh_HaNikra 25 m"
2025-05-31 07:00:00,29.8000000000001,34.7742919293617,30.2798486638392,33.1733531323646,"Rosh_HaNikra 25 m"
2025-05-31 08:00:00,32.7,33.7193212203718,32.2594183251778,36.4285740546919,"Rosh_HaNikra 25 m"
2025-05-31 09:00:00,35.3,32.6678563290895,36.100988789079,38.7499166661562,"Rosh_HaNikra 25 m"
2025-05-31 10:00:00,36.9,32.4909224378169,36.8315153808939,39.8644280301631,"Rosh_HaNikra 25 m"
2025-05-31 11:00:00,37.9,31.5941036791198,38.8324083869776,41.5794504732482,"Rosh_HaNikra 25 m"
2025-05-31 12:00:00,41.7,30.2635222944494,40.2387879764887,41.2927199873205,"Rosh_HaNikra 25 m"
2025-05-31 13:00:00,41.5,29.0328060989777,41.0627866859391,40.450064361612,"Rosh_HaNikra 25 m"
2025-05-31 14:00:00,37.4,26.8933707355053,37.4783029932448,38.9347172854931,"Rosh_HaNikra 25 m"
2025-05-31 15:00:00,33.6,24.2438342402901,33.2103351039934,35.490874035212,"Rosh_HaNikra 25 m"
2025-05-31 16:00:00,28.3,21.0173788124641,28.0290062733792,31.4377679878791,"Rosh_HaNikra 25 m"
2025-05-31 17:00:00,24.5,19.8864655381083,24.7551297500205,28.0312867051005,"Rosh_HaNikra 25 m"
2025-05-31 18:00:00,23.1,19.3935194810748,23.5748189530068,26.1871529420733,"Rosh_HaNikra 25 m"
2025-05-31 19:00:00,22.6,19.1679735571178,23.0312644140741,25.1909103781017,"Rosh_HaNikra 25 m"
2025-05-31 20:00:00,22.1,19.0689548813643,22.359535002853,24.1919378601851,"Rosh_HaNikra 25 m"
2025-05-31 21:00:00,22.8,19.0599342079023,22.6666018534595,23.4619613380293,"Rosh_HaNikra 25 m"
2025-05-31 22:00:00,22.2,18.9837761988361,22.0750599085406,22.9701591601093,"Rosh_HaNikra 25 m"
2025-05-31 23:00:00,22.4,18.6958420415673,22.1582004476079,22.1863024373803,"Rosh_HaNikra 25 m"
2025-06-08 01:00:00,17.7,18.9731729209386,18.6780408473862,20.65767588019,"Rosh_HaNikra 25 m"
2025-06-08 02:00:00,18.2,18.9034956923135,18.7627609857594,20.107967161239,"Rosh_HaNikra 25 m"
2025-06-08 03:00:00,18.2,19.3607552639833,18.4593509683835,20.3062253586641,"Rosh_HaNikra 25 m"
2025-06-08 04:00:00,20.9,24.0321555712395,21.0216693872812,22.18724435355,"Rosh_HaNikra 25 m"
2025-06-08 05:00:00,29.2,28.0190576178804,28.5809610344842,26.4085216386095,"Rosh_HaNikra 25 m"
2025-06-08 06:00:00,34,31.9804949356938,33.427664047885,30.7522050930882,"Rosh_HaNikra 25 m"
2025-06-08 07:00:00,37.4,36.5519848975889,36.5380718687495,35.7097279939405,"Rosh_HaNikra 25 m"
2025-06-08 08:00:00,45,50.5349631153913,43.1173957278804,38.9623884999128,"Rosh_HaNikra 25 m"
2025-06-08 09:00:00,50.2,57.016583823465,47.4182995753822,41.5394624703156,"Rosh_HaNikra 25 m"
2025-06-08 10:00:00,51.9,58.8385614890436,49.9767043630488,44.2229179877619,"Rosh_HaNikra 25 m"
2025-06-08 11:00:00,45.5,57.4261816866174,45.0833173341442,44.3655890352502,"Rosh_HaNikra 25 m"
2025-06-08 12:00:00,43,53.1262828238461,41.6086102117861,42.5790997870419,"Rosh_HaNikra 25 m"
2025-06-08 13:00:00,41.9,49.5462785699651,41.4029788658187,40.7521835305974,"Rosh_HaNikra 25 m"
2025-06-08 14:00:00,40.8,44.9553416084898,40.8206589148955,39.2972872566832,"Rosh_HaNikra 25 m"
2025-06-08 15:00:00,36.3,38.2661098631548,36.5780935860089,37.3235543163942,"Rosh_HaNikra 25 m"
2025-06-08 16:00:00,31.6,28.7861552875742,31.5701400822239,33.6836834591135,"Rosh_HaNikra 25 m"
2025-06-08 17:00:00,27.6,23.3838502910669,27.0900951415074,29.801481917196,"Rosh_HaNikra 25 m"
2025-06-08 18:00:00,25.5,21.9633302583429,25.1303535316262,26.8189639939996,"Rosh_HaNikra 25 m"
2025-06-08 19:00:00,24.1,21.2376351077802,23.837391426472,25.1944851596601,"Rosh_HaNikra 25 m"
2025-06-08 20:00:00,24.4,20.8976338753115,23.7571785040175,24.1996405968081,"Rosh_HaNikra 25 m"
2025-06-08 21:00:00,23.5,20.8278440855963,23.1629587429071,23.7249683760626,"Rosh_HaNikra 25 m"
2025-06-08 22:00:00,23.4,20.554033554958,22.9898713534418,23.2734864129292,"Rosh_HaNikra 25 m"
2025-06-08 23:00:00,23.2,20.4720241517739,23.0760800416952,22.9052550286965,"Rosh_HaNikra 25 m"
2025-06-09,22.8,20.3727540103384,22.7200598867799,22.9030183879324,"Rosh_HaNikra 25 m"
2025-06-09 01:00:00,22.8,20.0067198897687,22.3215138889279,22.4423778678266,"Rosh_HaNikra 25 m"
2025-06-09 02:00:00,22.6,19.9961469537792,22.2645223639951,22.0391252405224,"Rosh_HaNikra 25 m"
2025-06-09 03:00:00,22.3,20.2740643249507,21.985198777906,22.074509762382,"Rosh_HaNikra 25 m"
2025-06-09 04:00:00,23.6,23.9292013404648,23.3670275952996,23.4384383914749,"Rosh_HaNikra 25 m"
2025-06-09 05:00:00,26.8,27.4719654942608,26.5321354460844,26.3869170571423,"Rosh_HaNikra 25 m"
2025-06-09 06:00:00,30.8,31.6417445191501,30.6961251310677,30.2221355685352,"Rosh_HaNikra 25 m"
2025-06-09 07:00:00,35.2,36.6065872410647,35.8699712072205,34.3353226879946,"Rosh_HaNikra 25 m"
2025-06-09 08:00:00,40.5,48.7641286355734,40.2422979744411,37.2125033838034,"Rosh_HaNikra 25 m"
2025-06-09 09:00:00,43.5,56.4258117545847,43.6680299493377,40.293901430488,"Rosh_HaNikra 25 m"
2025-06-09 10:00:00,44.4,59.3308379857545,45.0158264015298,43.4816634862428,"Rosh_HaNikra 25 m"
2025-06-09 11:00:00,45.6,57.3796569385527,45.1817694793374,43.3259536304472,"Rosh_HaNikra 25 m"
2025-06-09 12:00:00,45.4,54.6150203870373,45.7709488238239,42.7287594007092,"Rosh_HaNikra 25 m"
2025-06-09 13:00:00,42.9,50.5012488356406,43.1499734782163,41.4755434981162,"Rosh_HaNikra 25 m"
2025-06-09 14:00:00,38.8,44.2978319199192,39.0404036388191,39.2825283081638,"Rosh_HaNikra 25 m"
2025-06-09 15:00:00,35.8,37.0125320008443,35.5225096072849,36.9365698149846,"Rosh_HaNikra 25 m"
2025-06-09 16:00:00,31.8,28.1171340501772,31.3279467278235,33.5202045000063,"Rosh_HaNikra 25 m"
2025-06-09 17:00:00,28.6,23.4940777093827,27.5318141278171,29.7674155504166,"Rosh_HaNikra 25 m"
2025-06-09 18:00:00,26.8,22.3759968909926,26.1560109987345,27.421025577516,"Rosh_HaNikra 25 m"
2025-06-09 19:00:00,25.5,21.7396714415667,25.0146598445998,25.8684599127886,"Rosh_HaNikra 25 m"
2025-06-09 20:00:00,25.1,21.3890380535048,24.5311718711587,24.7004952106398,"Rosh_HaNikra 25 m"
2025-06-09 21:00:00,24.9,21.1031750059783,24.2686120239999,23.9610102987945,"Rosh_HaNikra 25 m"
2025-06-09 22:00:00,24.5,20.93886999775,24.1874187930929,23.6389847247703,"Rosh_HaNikra 25 m"
2025-06-09 23:00:00,24,20.4848374019699,23.4902256243641,23.2411669384079,"Rosh_HaNikra 25 m"
2025-06-10,23.8,20.3626412940261,22.9977160925829,23.0003652167556,"Rosh_HaNikra 25 m"
2025-06-10 01:00:00,23.2,19.879668176872,22.16213932992,22.0245322592084,"Rosh_HaNikra 25 m"
2025-06-10 02:00:00,21.7,19.6533027887893,21.2576324041148,21.2686755657745,"Rosh_HaNikra 25 m"
2025-06-10 03:00:00,21.5,19.906900983255,21.1305660849709,21.1607979349304,"Rosh_HaNikra 25 m"
2025-06-10 04:00:00,23.3,25.0791240136596,23.3304153498996,22.9199743669006,"Rosh_HaNikra 25 m"
2025-06-10 05:00:00,28.6,29.5371838921104,28.3914060290631,26.7631369942222,"Rosh_HaNikra 25 m"
2025-06-10 06:00:00,33,33.2740075224499,32.47339138764,30.7465660208325,"Rosh_HaNikra 25 m"
2025-06-10 07:00:00,35.9,37.6775858170891,36.490369020115,34.4302665955925,"Rosh_HaNikra 25 m"
2025-06-10 08:00:00,42.1,50.7654955888322,42.1581704882262,37.7534239793351,"Rosh_HaNikra 25 m"
2025-06-10 09:00:00,45.8,57.8806303962809,45.5122811212192,41.1066855415446,"Rosh_HaNikra 25 m"
2025-06-10 10:00:00,46.7,61.6582200974706,47.0873658498971,44.2083471268895,"Rosh_HaNikra 25 m"
2025-06-10 11:00:00,45.3,60.3224285614719,46.0683659926475,44.8315752518406,"Rosh_HaNikra 25 m"
2025-06-10 12:00:00,45.5,55.6826156955447,44.9499993574557,43.544264255115,"Rosh_HaNikra 25 m"
2025-06-10 13:00:00,43.4,49.6846705376053,41.539647807106,41.2142764030838,"Rosh_HaNikra 25 m"
2025-06-10 14:00:00,40.4,42.7577698421814,39.812847193993,39.0740230274536,"Rosh_HaNikra 25 m"
2025-06-10 15:00:00,36.7,36.5524474913218,36.4069050842826,37.1966751152613,"Rosh_HaNikra 25 m"
2025-06-10 16:00:00,32.6,28.7942189357592,32.3341267413221,34.0354861400439,"Rosh_HaNikra 25 m"
2025-06-10 17:00:00,29.3,24.573744396365,28.6418937093671,30.6782022515896,"Rosh_HaNikra 25 m"
2025-06-10 18:00:00,28.6,23.4771537194864,27.6260966260964,28.7105578790323,"Rosh_HaNikra 25 m"
2025-06-10 19:00:00,28.1,22.9312775514677,27.2603818771653,27.2436421297148,"Rosh_HaNikra 25 m"
2025-06-10 20:00:00,27.5,22.5880293435207,26.8538131344343,26.2204541749111,"Rosh_HaNikra 25 m"
2025-06-10 21:00:00,26.6,22.0286085397191,25.8242199610372,25.3274147302098,"Rosh_HaNikra 25 m"
2025-06-10 22:00:00,26.2,21.6740260320246,25.3735262026554,24.4338584142267,"Rosh_HaNikra 25 m"
2025-06-10 23:00:00,25,21.6029513380687,24.678368886682,23.7787845633189,"Rosh_HaNikra 25 m"
2025-06-11,24.5,21.5277529171871,24.0678730891803,23.585029166119,"Rosh_HaNikra 25 m"
2025-06-11 01:00:00,24.6,21.1019119378186,24.1395130663202,22.9681370612241,"Rosh_HaNikra 25 m"
2025-06-11 02:00:00,24.2,20.92134256142,23.7510955839118,22.6068099238239,"Rosh_HaNikra 25 m"
2025-06-11 03:00:00,23.2,21.3671360937356,22.8066739099783,22.424544307351,"Rosh_HaNikra 25 m"
2025-06-11 04:00:00,25.1,26.0056711935536,24.8224736318628,24.1187083029286,"Rosh_HaNikra 25 m"
2025-06-11 05:00:00,28.3,29.9452261844511,27.9060637526309,27.2383928218718,"Rosh_HaNikra 25 m"
2025-06-11 06:00:00,33,33.9746194133099,32.5181234946404,31.2944383868512,"Rosh_HaNikra 25 m"
2025-06-11 07:00:00,35.7,39.42719088498,36.0102276252101,35.9153414815987,"Rosh_HaNikra 25 m"
2025-06-11 08:00:00,41.4,53.1683517742894,40.7902918524969,39.2806831646703,"Rosh_HaNikra 25 m"
2025-06-11 09:00:00,44,58.5618369761488,44.1730761990168,42.0237128916761,"Rosh_HaNikra 25 m"
2025-06-11 10:00:00,45.2,59.4991437468269,45.1206723629812,44.2866908583381,"Rosh_HaNikra 25 m"
2025-06-11 11:00:00,47.4,58.3837390089805,47.2086176522347,44.871165766793,"Rosh_HaNikra 25 m"
2025-06-11 12:00:00,46.1,55.6271759823735,46.0430526672239,43.9212376431401,"Rosh_HaNikra 25 m"
2025-06-11 13:00:00,44.7,51.1295919716212,44.2359599701212,42.0422468483302,"Rosh_HaNikra 25 m"
2025-06-11 14:00:00,41,45.3723492205009,40.926099156975,39.88728137611,"Rosh_HaNikra 25 m"
2025-06-11 15:00:00,37.8,38.9858129636545,37.5445836322047,37.8288914577265,"Rosh_HaNikra 25 m"
2025-06-11 16:00:00,33.5,30.199539925368,32.9996650631713,34.3589775817706,"Rosh_HaNikra 25 m"
2025-06-11 17:00:00,29.4,24.6415631503025,28.5674580304279,30.7660166949192,"Rosh_HaNikra 25 m"
2025-06-11 18:00:00,26.7,23.2713515829293,26.5615155887152,27.6740305494515,"Rosh_HaNikra 25 m"
2025-06-11 19:00:00,24.8,22.5190108006867,24.8480412696024,26.3608725255402,"Rosh_HaNikra 25 m"
2025-06-11 20:00:00,23.3,21.8870931304262,23.3884004121522,25.1219478286074,"Rosh_HaNikra 25 m"
2025-06-11 21:00:00,22.8,21.4253280931955,22.7940094427193,24.1538661295419,"Rosh_HaNikra 25 m"
2025-06-11 22:00:00,21.9,21.1785884971134,22.3470450245369,23.651532756757,"Rosh_HaNikra 25 m"
2025-06-11 23:00:00,21,20.9215564802746,21.3681389456272,23.2089018896679,"Rosh_HaNikra 25 m"
2025-06-12,21.2,20.8092970145698,21.2411184354638,22.7853849423881,"Rosh_HaNikra 25 m"
2025-06-12 01:00:00,21,20.7754860426651,21.0595420156056,22.6745416428314,"Rosh_HaNikra 25 m"
2025-06-12 02:00:00,19.7,20.3380611182977,20.1142945411923,21.9176961423684,"Rosh_HaNikra 25 m"
2025-06-12 03:00:00,19.9,20.6228885544269,19.8854664694756,21.8201805246799,"Rosh_HaNikra 25 m"
2025-06-12 04:00:00,22.1,25.5751015178773,22.3306103409396,23.4262253276918,"Rosh_HaNikra 25 m"
2025-06-12 05:00:00,27.1,28.9737562262706,27.0572574259185,26.5110067450694,"Rosh_HaNikra 25 m"
2025-06-12 06:00:00,33.8,33.4488774063614,33.8576447127736,30.9074359657791,"Rosh_HaNikra 25 m"
2025-06-12 07:00:00,34.8,44.0100889155386,36.067571263266,35.5215749690054,"Rosh_HaNikra 25 m"
2025-06-12 08:00:00,42.2,56.8657304211261,42.9832029940695,39.18833936888,"Rosh_HaNikra 25 m"
2025-06-12 09:00:00,47.1,60.7695066672969,46.7129522759953,42.6370546561885,"Rosh_HaNikra 25 m"
2025-06-12 10:00:00,49.7,61.8699169404257,49.5142681661021,45.1475696809042,"Rosh_HaNikra 25 m"
2025-06-12 11:00:00,50.5,61.0857252751638,50.5217065807136,45.7730650578786,"Rosh_HaNikra 25 m"
2025-06-12 12:00:00,49.2,58.2903659234085,49.3723755665308,45.0312697777786,"Rosh_HaNikra 25 m"
2025-06-12 13:00:00,46.2,53.9554871178797,45.4036686576324,43.1266573525599,"Rosh_HaNikra 25 m"
2025-06-12 14:00:00,41.4,48.0096803341098,41.2744286485339,40.5961595211215,"Rosh_HaNikra 25 m"
2025-06-12 15:00:00,37.8,41.2439314284716,37.7387241637858,38.1943532386217,"Rosh_HaNikra 25 m"
2025-06-12 16:00:00,33.4,31.5300508776433,33.2554093378073,34.5194264689214,"Rosh_HaNikra 25 m"
2025-06-12 17:00:00,29.3,25.4078337739611,29.1728643790301,30.6384098123217,"Rosh_HaNikra 25 m"
2025-06-12 18:00:00,27,23.5308418516144,26.8555974308032,28.0113249067291,"Rosh_HaNikra 25 m"
2025-06-12 19:00:00,24.8,22.4751451759701,24.9130884683133,26.3319414406185,"Rosh_HaNikra 25 m"
2025-06-12 20:00:00,23.2,21.6504741069026,23.1767088589323,24.533628499145,"Rosh_HaNikra 25 m"
2025-06-12 21:00:00,22,20.9964653978129,22.1429452839963,23.3934547433634,"Rosh_HaNikra 25 m"
2025-06-12 22:00:00,20.8,20.3105920394837,20.9510442999283,22.4659761032044,"Rosh_HaNikra 25 m"
2025-06-12 23:00:00,20.6,19.7595047830485,20.4778008486047,21.6488026260279,"Rosh_HaNikra 25 m"
2025-06-13,19.6,19.4940874979579,19.7958465456767,21.3819562599742,"Rosh_HaNikra 25 m"
2025-06-13 01:00:00,19.1,18.9727760896729,19.1525595057938,21.0878221139954,"Rosh_HaNikra 25 m"
2025-06-13 02:00:00,18.9,18.3961115149954,18.6912986424103,20.4104581145743,"Rosh_HaNikra 25 m"
2025-06-13 03:00:00,19.4,18.588180699315,19.0841188003318,20.2998998546266,"Rosh_HaNikra 25 m"
2025-06-13 04:00:00,21.5,23.9311176050408,21.4797736906745,22.0949424017174,"Rosh_HaNikra 25 m"
2025-06-13 05:00:00,26.6,28.8966626177847,26.8395231457154,26.182974244219,"Rosh_HaNikra 25 m"
2025-06-13 06:00:00,31.1,35.4419966834736,31.4745111983218,30.444469560976,"Rosh_HaNikra 25 m"
2025-06-13 07:00:00,36.8,48.861246864078,37.3696717367452,35.092858115909,"Rosh_HaNikra 25 m"
2025-06-13 08:00:00,43.6,58.1842693341305,43.8598073573121,38.9107917798092,"Rosh_HaNikra 25 m"
2025-06-13 09:00:00,46.9,61.5443863464987,47.040321141397,42.6403774811423,"Rosh_HaNikra 25 m"
2025-06-13 10:00:00,48.6,63.2465305470846,48.3068495387456,45.1235561513327,"Rosh_HaNikra 25 m"
2025-06-13 11:00:00,49,61.8528431864036,49.345612198755,45.8977459879173,"Rosh_HaNikra 25 m"
2025-06-13 12:00:00,48.1,58.9213726550398,47.9769876837957,45.074307683116,"Rosh_HaNikra 25 m"
2025-06-13 13:00:00,45.2,54.5984760411001,44.8794505547069,43.4658304341055,"Rosh_HaNikra 25 m"
2025-06-13 14:00:00,41.5,48.201749385869,41.4670572240771,40.9249196663255,"Rosh_HaNikra 25 m"
2025-06-13 15:00:00,38.3,40.986331054322,38.1898591959672,38.4165292469184,"Rosh_HaNikra 25 m"
2025-06-13 16:00:00,33.8,31.516445474067,33.6490136880059,34.8369544309762,"Rosh_HaNikra 25 m"
2025-06-13 17:00:00,29.7,25.7727677241497,29.5135560081373,31.436532677763,"Rosh_HaNikra 25 m"
2025-06-13 18:00:00,27.6,24.1754383797992,27.5742749673433,28.6269087548602,"Rosh_HaNikra 25 m"
2025-06-13 19:00:00,25.6,23.488887381882,25.8063559907066,27.0499702218478,"Rosh_HaNikra 25 m"
2025-06-13 20:00:00,24.1,22.7634979363244,24.070984293325,25.9728976364892,"Rosh_HaNikra 25 m"
2025-06-13 21:00:00,23.2,22.2745012513493,23.1914485710318,24.9494909516667,"Rosh_HaNikra 25 m"
2025-06-13 22:00:00,23.0999999999999,21.5342262623794,22.9610610468966,23.9817331669814,"Rosh_HaNikra 25 m"
2025-06-13 23:00:00,22.2,20.8865366797018,22.0462315439805,23.0024028639364,"Rosh_HaNikra 25 m"
2025-06-14,21.5,20.6939563359051,21.5406056964895,22.5766628588467,"Rosh_HaNikra 25 m"
2025-06-14 01:00:00,21.8,20.6413363666627,21.950485427279,22.1303817482087,"Rosh_HaNikra 25 m"
2025-06-14 02:00:00,21.4,20.6317333147026,21.9428611955916,22.5166387721992,"Rosh_HaNikra 25 m"
2025-06-14 03:00:00,21.9,20.8777760408008,21.7079178197936,22.5952680251682,"Rosh_HaNikra 25 m"
2025-06-14 04:00:00,23.7,25.8481582162784,23.9161102574619,23.9812868593143,"Rosh_HaNikra 25 m"
2025-06-14 05:00:00,27.2,29.7909431486916,27.191996629478,27.295176032145,"Rosh_HaNikra 25 m"
2025-06-14 06:00:00,32.8,35.2465622067386,32.6810355726448,31.1214353680545,"Rosh_HaNikra 25 m"
2025-06-14 07:00:00,36.6,47.7044649305874,36.7562275504533,35.747097987228,"Rosh_HaNikra 25 m"
2025-06-14 08:00:00,42.7,57.0435698739079,41.8481599445782,38.9101413002995,"Rosh_HaNikra 25 m"
2025-06-14 09:00:00,45.9,60.983411713322,44.9213131582783,42.4917659003337,"Rosh_HaNikra 25 m"
2025-06-14 10:00:00,48.1,63.2636765266878,48.4781521398289,45.7551964546663,"Rosh_HaNikra 25 m"
2025-06-14 11:00:00,48.9,61.4843519748407,49.4098679035462,46.2183035434442,"Rosh_HaNikra 25 m"
2025-06-14 12:00:00,49,58.5243754759063,49.530314459263,45.4678597822417,"Rosh_HaNikra 25 m"
2025-06-14 13:00:00,46.8,54.8836160070871,45.3253360233416,43.7932277090524,"Rosh_HaNikra 25 m"
2025-06-14 14:00:00,42.1,49.2240721857265,42.1952601094202,41.2453782236293,"Rosh_HaNikra 25 m"
2025-06-14 15:00:00,38.3,41.9475999745615,38.1176474539064,38.3536320599802,"Rosh_HaNikra 25 m"
2025-06-14 16:00:00,33.7,31.6945133386274,33.5576625231237,34.594089048924,"Rosh_HaNikra 25 m"
2025-06-14 17:00:00,29.8,25.4228041255998,29.3303414623697,31.0544016445207,"Rosh_HaNikra 25 m"
2025-06-14 18:00:00,27.9,23.8002152256858,27.3875302015241,28.0563988499534,"Rosh_HaNikra 25 m"
2025-06-14 19:00:00,26.4,23.0377754245138,25.8041631244909,26.7129930529928,"Rosh_HaNikra 25 m"
2025-06-14 20:00:00,25.1,22.4057087870122,24.614194461818,25.3752627344609,"Rosh_HaNikra 25 m"
2025-06-14 21:00:00,23.6,21.7602727740187,23.1309590708462,24.3213489382643,"Rosh_HaNikra 25 m"
2025-06-14 22:00:00,22.8,21.1787874265782,22.3416682829218,23.4960147901646,"Rosh_HaNikra 25 m"
2025-06-14 23:00:00,21.7,21.0316018314926,21.8607555159701,23.0859736652939,"Rosh_HaNikra 25 m"
2025-08-18 17:00:00,34,27.4210309459796,33.3239229118185,32.1286854221454,"Rosh_HaNikra 25 m"
2025-08-18 18:00:00,32.9,26.4906456899373,32.3418506364675,30.5853121709554,"Rosh_HaNikra 25 m"
2025-08-18 19:00:00,31.9,26.0108119431475,31.5721068617628,29.368437427614,"Rosh_HaNikra 25 m"
2025-08-18 20:00:00,31.1,25.3442717489989,30.3552791332086,28.3439680037291,"Rosh_HaNikra 25 m"
2025-08-18 21:00:00,30.4,24.9252756783776,29.4882808760681,27.4573548981957,"Rosh_HaNikra 25 m"
2025-08-18 22:00:00,29.5,24.1571686779101,28.2272531231378,26.6457794223864,"Rosh_HaNikra 25 m"
2025-08-18 23:00:00,28.7,23.7515269986236,28.1497956597527,25.8562871686065,"Rosh_HaNikra 25 m"
2025-08-19,27.8,23.5558706663278,26.9904283808714,25.4823680065301,"Rosh_HaNikra 25 m"
2025-08-19 01:00:00,27.3,23.0859233413501,26.6659765263039,24.8182022844119,"Rosh_HaNikra 25 m"
2025-08-19 02:00:00,26.8,23.0190534222155,26.2000448131995,24.3997240889101,"Rosh_HaNikra 25 m"
2025-08-19 03:00:00,26.3,22.7734260226654,26.0636589757633,24.1708541776108,"Rosh_HaNikra 25 m"
2025-08-19 04:00:00,26.1,26.4421588070102,25.8384255994458,24.9661880619235,"Rosh_HaNikra 25 m"
2025-08-19 05:00:00,27,32.3693847879895,27.3691019280142,26.3594694361218,"Rosh_HaNikra 25 m"
2025-08-19 06:00:00,29.2,42.1410607056742,31.2100366356958,30.3367546754008,"Rosh_HaNikra 25 m"
2025-08-19 07:00:00,32.6,53.2674995766305,33.6829043148347,34.1776176796578,"Rosh_HaNikra 25 m"
2025-08-19 08:00:00,36.2,59.9760857789643,37.3348952608099,38.2515698640473,"Rosh_HaNikra 25 m"
2025-08-19 09:00:00,39.6,63.0968984980899,41.5935706541697,42.4145750422794,"Rosh_HaNikra 25 m"
2025-08-19 10:00:00,42.1,64.2533182470706,43.9528416971677,45.1804651586917,"Rosh_HaNikra 25 m"
2025-08-19 11:00:00,43.5,62.6107011024798,44.819497359227,46.0703835670794,"Rosh_HaNikra 25 m"
2025-08-19 12:00:00,44.3,59.2953612468458,44.959296570224,45.6242243907667,"Rosh_HaNikra 25 m"
2025-08-19 13:00:00,43.4,53.818715140173,44.3794093997992,43.7554636448117,"Rosh_HaNikra 25 m"
2025-08-19 14:00:00,41.2,47.1327578656464,41.6074797145854,41.5226537816315,"Rosh_HaNikra 25 m"
2025-08-19 15:00:00,39.8,39.7307555727042,39.6790212424356,38.7390121273078,"Rosh_HaNikra 25 m"
2025-08-19 16:00:00,37.6,32.0464934281928,37.0360621026986,35.309656517945,"Rosh_HaNikra 25 m"
2025-08-19 17:00:00,35.3,28.0244869725092,34.3750165546724,32.4487061039789,"Rosh_HaNikra 25 m"
2025-08-19 18:00:00,33.6,26.797185770794,32.8086516583255,30.3444627445184,"Rosh_HaNikra 25 m"
2025-08-19 19:00:00,32.3,26.2716260037427,31.2991325312983,29.134130486012,"Rosh_HaNikra 25 m"
2025-08-19 20:00:00,31.1,25.7526699422879,29.8499929894024,28.233491551785,"Rosh_HaNikra 25 m"
2025-08-19 21:00:00,30.1,25.2048188897766,29.0764105578441,27.3688289376892,"Rosh_HaNikra 25 m"
2025-08-19 22:00:00,29.1,24.5585814211288,28.2013564689147,26.7369933817306,"Rosh_HaNikra 25 m"
2025-08-19 23:00:00,28.4,24.2874140838247,27.5753448026177,26.1295546392065,"Rosh_HaNikra 25 m"
2025-08-20,27.8,24.1049289482375,26.9967243403398,25.7709370630523,"Rosh_HaNikra 25 m"
2025-08-20 01:00:00,27.2,23.8978892150148,26.6772395121649,25.2738540950044,"Rosh_HaNikra 25 m"
2025-08-20 02:00:00,26.8,23.9488234264072,26.1286151224532,25.137703393143,"Rosh_HaNikra 25 m"
2025-08-20 03:00:00,26.4,23.9799259641859,26.0075426034398,25.1575929859373,"Rosh_HaNikra 25 m"
2025-08-20 04:00:00,26.2,26.8210603805706,26.1167052352697,25.6957101436779,"Rosh_HaNikra 25 m"
2025-08-20 05:00:00,27.1,34.9437276007093,27.5025130610193,27.4105917097486,"Rosh_HaNikra 25 m"
2025-08-20 06:00:00,29.5,44.5827979373048,30.5020762938225,31.6045417117189,"Rosh_HaNikra 25 m"
2025-08-20 07:00:00,33,55.5629128248409,33.8443233269371,35.4591301710323,"Rosh_HaNikra 25 m"
2025-08-20 08:00:00,36.6,61.6629190796586,37.2769515084687,38.7934122437211,"Rosh_HaNikra 25 m"
2025-08-20 09:00:00,39.7,63.7086829776568,41.0733463556458,42.4545821780963,"Rosh_HaNikra 25 m"
2025-08-20 10:00:00,42.3,64.098373955634,43.8381592877865,45.0029969872502,"Rosh_HaNikra 25 m"
2025-08-20 11:00:00,44.1,61.7298471438588,45.1796477876193,45.7045404421986,"Rosh_HaNikra 25 m"
2025-08-20 12:00:00,45,58.0403471646852,45.5521258951759,45.0405131040163,"Rosh_HaNikra 25 m"
2025-08-20 13:00:00,43.6,53.1619506672922,43.8827490903799,43.5950713948313,"Rosh_HaNikra 25 m"
2025-08-20 14:00:00,40.9,46.9337257248586,41.3588297090468,41.5018333298391,"Rosh_HaNikra 25 m"
2025-08-20 15:00:00,39.8,39.5635279030789,39.6233883520183,38.6402988047589,"Rosh_HaNikra 25 m"
2025-08-20 16:00:00,37.6,31.9235622315567,36.993619493628,35.159279528157,"Rosh_HaNikra 25 m"
2025-08-20 17:00:00,35.6,27.7074678510914,34.4657402036263,32.2301910490284,"Rosh_HaNikra 25 m"
2025-08-20 18:00:00,33.9,26.4555851469583,32.7213513865306,30.171534205491,"Rosh_HaNikra 25 m"
2025-08-20 19:00:00,32.6,25.8391116672979,31.4138503518763,29.0823420101629,"Rosh_HaNikra 25 m"
2025-08-20 20:00:00,31.5,25.3389083268896,30.5790602765222,28.2120190980688,"Rosh_HaNikra 25 m"
2025-08-20 21:00:00,30.5,24.874720335064,29.6421801865508,27.4373199940301,"Rosh_HaNikra 25 m"
2025-08-20 22:00:00,29.7,24.8699598336868,28.9981569775241,27.1221046472244,"Rosh_HaNikra 25 m"
2025-08-20 23:00:00,28.9,24.5603802871705,28.4287439430052,26.8821056556703,"Rosh_HaNikra 25 m"
2025-08-21,28.3,24.3784047513445,27.5481067693006,26.2770230918367,"Rosh_HaNikra 25 m"
2025-08-21 01:00:00,27.8,24.0495014823521,27.1201563035522,25.6728417314137,"Rosh_HaNikra 25 m"
2025-08-21 02:00:00,27.3,23.8338097979923,26.7472710860546,25.4424343755146,"Rosh_HaNikra 25 m"
2025-08-21 03:00:00,26.9,23.8488063194564,26.5332972119531,24.9666243173888,"Rosh_HaNikra 25 m"
2025-08-21 04:00:00,26.5,25.5804705440319,26.4905574131775,25.5888634740627,"Rosh_HaNikra 25 m"
2025-08-21 05:00:00,27.1,32.1959286332216,27.651651275736,27.1506329178896,"Rosh_HaNikra 25 m"
2025-08-21 06:00:00,29.3,40.5068644723513,30.2508674862127,30.6415633401492,"Rosh_HaNikra 25 m"
2025-08-21 07:00:00,31.7,49.0419238786776,33.0179099160024,33.2918418626864,"Rosh_HaNikra 25 m"
2025-08-21 08:00:00,35.1,56.8608354290144,37.0021715204906,36.3906892498152,"Rosh_HaNikra 25 m"
2025-08-21 09:00:00,37.9,60.3712384783464,39.3118843342327,40.7418763720232,"Rosh_HaNikra 25 m"
2025-08-21 10:00:00,40,62.4858230422121,40.5611594184491,44.0566619704348,"Rosh_HaNikra 25 m"
2025-08-21 11:00:00,41.5,60.8078774621362,42.1182384633874,45.1179761102075,"Rosh_HaNikra 25 m"
2025-08-21 12:00:00,42.6000000000001,58.0204881837221,42.8846894907503,45.0757564713808,"Rosh_HaNikra 25 m"
2025-08-21 13:00:00,42.1,52.4868040764033,41.8050190563132,43.508212157458,"Rosh_HaNikra 25 m"
2025-08-21 14:00:00,39.9,45.7114126752303,40.2059396501844,41.2961266110824,"Rosh_HaNikra 25 m"
2025-08-21 15:00:00,38.6,38.698816439992,38.4377550440281,38.717917463666,"Rosh_HaNikra 25 m"
2025-08-21 16:00:00,36.9,31.5485521214481,36.4799412526886,35.4917951481815,"Rosh_HaNikra 25 m"
2025-08-21 17:00:00,35.1,28.0106748416072,34.2994361330683,32.5179795100337,"Rosh_HaNikra 25 m"
2025-08-21 18:00:00,33.6,26.765430943345,32.9189292467975,30.5836501282205,"Rosh_HaNikra 25 m"
2025-08-21 19:00:00,32.4,26.411350592744,31.29992374881,29.2182248679515,"Rosh_HaNikra 25 m"
2025-08-21 20:00:00,31.2,26.2811359085512,30.2803993920399,28.6095565475893,"Rosh_HaNikra 25 m"
2025-08-21 21:00:00,30.3,26.0013801024856,29.3550317927629,28.1171509192886,"Rosh_HaNikra 25 m"
2025-08-21 22:00:00,29.5,25.6638661571788,28.6843924077538,27.6337745138454,"Rosh_HaNikra 25 m"
2025-08-21 23:00:00,28.9,25.3829546990175,28.2769867653172,27.1752328696031,"Rosh_HaNikra 25 m"
2025-08-22,28.3,25.1384462181253,27.7417050904258,26.7320773664636,"Rosh_HaNikra 25 m"
2025-08-22 01:00:00,27.8,25.0066557404131,27.5403425245938,26.3106874701113,"Rosh_HaNikra 25 m"
2025-08-22 02:00:00,27.3,24.7480084675739,26.9310045764869,26.1581517237613,"Rosh_HaNikra 25 m"
2025-08-22 03:00:00,26.8,24.6124634157872,26.640522975351,25.7539871346211,"Rosh_HaNikra 25 m"
2025-08-22 04:00:00,26.6,24.9907203654915,26.4786453560371,25.7747723798424,"Rosh_HaNikra 25 m"
2025-08-22 05:00:00,27.3,35.5438853129823,27.7956576091957,27.9641824588258,"Rosh_HaNikra 25 m"
2025-08-22 06:00:00,29.2,42.9995452363344,29.9981030155932,31.612795015082,"Rosh_HaNikra 25 m"
2025-08-22 07:00:00,31.9,50.3644028602237,33.0519021628586,33.6260739265079,"Rosh_HaNikra 25 m"
2025-08-22 08:00:00,35.4,57.7020661390128,37.1178504712885,35.614335731298,"Rosh_HaNikra 25 m"
2025-08-22 09:00:00,38.4,63.1660746449856,39.7422796762955,41.5225237721829,"Rosh_HaNikra 25 m"
2025-08-22 10:00:00,40.7,65.7791797094256,42.8381117752918,45.2362777166278,"Rosh_HaNikra 25 m"
2025-08-22 11:00:00,42.3,62.5498682979663,43.0239139322648,45.7717062954028,"Rosh_HaNikra 25 m"
2025-08-22 12:00:00,43.2,57.8509225226671,42.4352083093661,44.5705489493639,"Rosh_HaNikra 25 m"
2025-08-22 13:00:00,42.1,54.1788314850662,42.1798227694591,43.4521812470291,"Rosh_HaNikra 25 m"
2025-08-22 14:00:00,40,48.0774936201462,40.3933133332779,41.7431272985825,"Rosh_HaNikra 25 m"
2025-08-22 15:00:00,38.7,40.2906605244961,38.9437889856865,39.003069424757,"Rosh_HaNikra 25 m"
2025-08-22 16:00:00,36.9,32.2753477385618,36.4486054053573,35.6871228507139,"Rosh_HaNikra 25 m"
2025-08-22 17:00:00,35.1,28.6167300206113,33.779759243438,32.8335960369992,"Rosh_HaNikra 25 m"
2025-08-22 18:00:00,33.7,27.4783401794348,32.7149845298456,31.1140456504736,"Rosh_HaNikra 25 m"
2025-08-22 19:00:00,32.4,27.0827176934667,31.697376186878,30.1156599885412,"Rosh_HaNikra 25 m"
2025-08-22 20:00:00,31.2,26.8367648403074,30.466372857089,29.3780484477903,"Rosh_HaNikra 25 m"
2025-08-22 21:00:00,30.3,26.5551500709923,29.4409126233921,28.7612076195153,"Rosh_HaNikra 25 m"
2025-08-22 22:00:00,29.5,26.0589343113441,28.7185904789767,27.7978534502525,"Rosh_HaNikra 25 m"
2025-08-22 23:00:00,28.9,25.3646944769674,27.9644004478345,26.8297839173132,"Rosh_HaNikra 25 m"
2025-08-23,28.2,25.1200644361358,27.416356378746,26.460596619783,"Rosh_HaNikra 25 m"
2025-08-23 01:00:00,27.7,24.3050709672866,26.7576716966674,25.479778260797,"Rosh_HaNikra 25 m"
2025-08-23 02:00:00,27.2,24.0579354826337,26.4577919621239,25.1684681240445,"Rosh_HaNikra 25 m"
2025-08-23 03:00:00,26.9,23.9982381660527,26.43703212588,24.9903747636861,"Rosh_HaNikra 25 m"
2025-08-23 04:00:00,26.7,24.5707228086903,26.4399532785318,24.9357377789929,"Rosh_HaNikra 25 m"
2025-08-23 05:00:00,27.3,35.578672053588,27.7556248573593,27.8320199272757,"Rosh_HaNikra 25 m"
2025-08-23 06:00:00,29.3,42.5269661428153,31.07017663499,31.4102192403495,"Rosh_HaNikra 25 m"
2025-08-23 07:00:00,32.5,53.8763838828961,34.0324868986355,35.4070273460309,"Rosh_HaNikra 25 m"
2025-08-23 08:00:00,35.8,61.6646709817532,37.3588644243138,38.8849811929348,"Rosh_HaNikra 25 m"
2025-08-23 09:00:00,38.8,64.2908699752884,40.8153370191658,42.920531535347,"Rosh_HaNikra 25 m"
2025-08-23 10:00:00,40.9,65.0291515791714,42.9399732339882,45.3856045210659,"Rosh_HaNikra 25 m"
2025-08-23 11:00:00,42.1,62.6746856166578,44.0853472652001,46.087588448689,"Rosh_HaNikra 25 m"
2025-08-23 12:00:00,42.6,59.336383043769,43.1568348674965,45.6091224541694,"Rosh_HaNikra 25 m"
2025-08-23 13:00:00,42,54.6505681701152,42.8015849446793,44.306808633372,"Rosh_HaNikra 25 m"
2025-08-23 14:00:00,40.2,49.013033687071,40.7205091045699,42.6736848940412,"Rosh_HaNikra 25 m"
2025-08-23 15:00:00,39.1,41.7099204537725,39.3812343610558,39.7193006751394,"Rosh_HaNikra 25 m"
2025-08-23 16:00:00,37.5,33.9029388071794,36.7335138887573,36.3668551089067,"Rosh_HaNikra 25 m"
2025-08-23 17:00:00,35.5,29.6838902497613,34.5208050027027,33.4733227753961,"Rosh_HaNikra 25 m"
2025-08-23 18:00:00,33.7,28.1254272155376,32.9605824279275,31.3688597373577,"Rosh_HaNikra 25 m"
2025-08-23 19:00:00,32.1,27.4591972734766,31.2090585287726,30.0399696733789,"Rosh_HaNikra 25 m"
2025-08-23 20:00:00,30.9,26.6034829530984,30.4995168881619,29.2025039110452,"Rosh_HaNikra 25 m"
2025-08-23 21:00:00,29.7,25.7768846832265,29.0459632052742,28.011607774352,"Rosh_HaNikra 25 m"
2025-08-23 22:00:00,28.8,25.0699499014075,28.2699585989427,27.101566112345,"Rosh_HaNikra 25 m"
2025-08-23 23:00:00,28,25.1512017031081,27.7352144841635,27.0276335258849,"Rosh_HaNikra 25 m"
2025-08-24,27.3,25.1617885003839,27.3398755668952,27.0686501632486,"Rosh_HaNikra 25 m"
2025-08-24 01:00:00,27,25.0039688294215,26.7947742835509,26.6225492899699,"Rosh_HaNikra 25 m"
2025-08-24 02:00:00,26.8,24.5726878534874,27.1299758375049,26.2352698933205,"Rosh_HaNikra 25 m"
2025-08-24 03:00:00,26.8,24.6811804929451,26.601815357156,26.0138212600426,"Rosh_HaNikra 25 m"
2025-08-24 04:00:00,26.7,24.9034287092206,26.4323586135433,26.3861028310773,"Rosh_HaNikra 25 m"
2025-08-24 05:00:00,27.6,32.2722439173072,27.5060260022561,27.7248191240638,"Rosh_HaNikra 25 m"
2025-08-24 06:00:00,28.5,38.5613520284446,29.1708361018563,30.8936474462302,"Rosh_HaNikra 25 m"
2025-08-24 07:00:00,29.4,47.2818169177578,30.7186741999197,32.7004322589443,"Rosh_HaNikra 25 m"
2025-08-24 08:00:00,31.1,55.7558621950183,33.8038844025987,36.1839952058826,"Rosh_HaNikra 25 m"
2025-08-24 09:00:00,33.2,61.4069661363403,36.5257879008035,41.4673566087524,"Rosh_HaNikra 25 m"
2025-08-24 10:00:00,35.1,62.9021295376049,39.0505388011092,44.598636037849,"Rosh_HaNikra 25 m"
2025-08-24 11:00:00,36.6,62.1721988521079,40.081904055234,46.0348068080405,"Rosh_HaNikra 25 m"
2025-08-24 12:00:00,37.6,58.8198780173611,41.1920872417159,45.5814222449612,"Rosh_HaNikra 25 m"
2025-08-24 13:00:00,38.1,53.3293922589286,40.478371952204,43.9153021023734,"Rosh_HaNikra 25 m"
2025-08-24 14:00:00,38.1,46.2344148159005,39.404721689532,41.571194887159,"Rosh_HaNikra 25 m"
2025-08-24 15:00:00,37.6,38.4367027888801,37.7098430524392,38.6411108384635,"Rosh_HaNikra 25 m"
2025-08-24 16:00:00,36.6,31.1474191716671,36.0476832800907,35.0605299046993,"Rosh_HaNikra 25 m"
2025-08-24 17:00:00,35.4,27.9208864645524,34.3190124231438,32.3581737951798,"Rosh_HaNikra 25 m"
2025-08-24 18:00:00,34.2,26.8622656664015,33.0205283102942,30.7822848161818,"Rosh_HaNikra 25 m"
2025-08-24 19:00:00,33.2,26.3350049666558,32.0910361440226,29.7212983779107,"Rosh_HaNikra 25 m"
2025-08-24 20:00:00,32.5,26.0670162294056,31.377804578163,28.9712339494373,"Rosh_HaNikra 25 m"
2025-08-24 21:00:00,31.6,25.6709545102137,30.4028270631598,28.3889520611781,"Rosh_HaNikra 25 m"
2025-08-24 22:00:00,30.9,24.4590279776595,29.8894848120959,27.2149312216781,"Rosh_HaNikra 25 m"
2025-08-24 23:00:00,30.2,24.2112820111605,29.5012381451772,27.1556179486605,"Rosh_HaNikra 25 m"
2025-08-25,29.8,24.1132594647359,29.0642221954355,26.7028729023885,"Rosh_HaNikra 25 m"
2025-08-25 01:00:00,29.4,23.9181869672303,28.6658484500768,26.5293086217408,"Rosh_HaNikra 25 m"
2025-08-25 02:00:00,29,23.5884244671568,28.3434379994768,26.0984041920408,"Rosh_HaNikra 25 m"
2025-08-25 03:00:00,28.6,23.2564104538393,27.6752036885648,25.7728403549623,"Rosh_HaNikra 25 m"
2025-08-25 04:00:00,28.3,23.4879683103893,27.5275057688269,25.0886463966701,"Rosh_HaNikra 25 m"
2025-08-25 05:00:00,28.2,26.88190676928,28.2216826262945,26.0876978850408,"Rosh_HaNikra 25 m"
2025-08-25 06:00:00,29,28.6276336951987,29.3187119351757,30.4570741697089,"Rosh_HaNikra 25 m"
2025-08-25 07:00:00,30.3,31.630562786132,31.8810478448015,33.3736366071998,"Rosh_HaNikra 25 m"
2025-08-25 08:00:00,32.2,33.1292230811513,34.0843487125374,38.0251342978871,"Rosh_HaNikra 25 m"
2025-08-25 09:00:00,34,38.102101008199,36.9853754288505,40.4704581897481,"Rosh_HaNikra 25 m"
2025-08-25 10:00:00,35.6,55.1648536005664,35.940088267847,43.4182696619678,"Rosh_HaNikra 25 m"
2025-08-25 11:00:00,36.8,56.4258172751914,37.3284765941161,42.6904552222739,"Rosh_HaNikra 25 m"
2025-08-25 12:00:00,37.5,54.5383029132776,39.3983784200977,43.2403464466028,"Rosh_HaNikra 25 m"
2025-08-25 13:00:00,37.9,49.5838143390321,40.0728051697167,41.84080667912,"Rosh_HaNikra 25 m"
2025-08-25 14:00:00,37.8,43.3186277411628,38.7953370648064,39.8576735518623,"Rosh_HaNikra 25 m"
2025-08-25 15:00:00,37.2,36.1911269850519,37.5119104731099,37.0646849102762,"Rosh_HaNikra 25 m"
2025-08-25 16:00:00,36.3,29.7471911751689,35.7557972692979,33.895969613737,"Rosh_HaNikra 25 m"
2025-08-25 17:00:00,35.1,27.1345129582093,34.041698023409,31.7780457112,"Rosh_HaNikra 25 m"
2025-08-25 18:00:00,34,26.4927040716157,32.5197178995844,30.6946837087617,"Rosh_HaNikra 25 m"
2025-08-25 19:00:00,33.1,26.1608717815611,31.9900379637745,29.7737114803526,"Rosh_HaNikra 25 m"
2025-08-25 20:00:00,32.3,25.8101170921772,31.4001061996146,29.0580047035664,"Rosh_HaNikra 25 m"
2025-08-25 21:00:00,31.6,25.7049796005172,30.6007737738722,28.6647397895736,"Rosh_HaNikra 25 m"
2025-08-25 22:00:00,31,25.3089616981194,29.5727751821281,28.218531915252,"Rosh_HaNikra 25 m"
2025-08-25 23:00:00,30.4,24.8997760808788,29.6300918220644,27.7002945936046,"Rosh_HaNikra 25 m"
2025-08-26,29.8,24.922628032713,28.9856111378578,27.3997031326581,"Rosh_HaNikra 25 m"
2025-08-26 01:00:00,29.2,24.5303592324841,28.7547055201186,26.9463820100415,"Rosh_HaNikra 25 m"
2025-08-26 02:00:00,28.7,24.5300697650791,28.4793339726994,26.5786656703831,"Rosh_HaNikra 25 m"
2025-08-26 03:00:00,28.3,24.3989508512732,28.2153776873627,26.3478681209799,"Rosh_HaNikra 25 m"
2025-08-26 04:00:00,28.1,24.8010938591923,27.5892908625221,26.1782076783146,"Rosh_HaNikra 25 m"
2025-08-26 05:00:00,27.9000000000001,30.5201318459668,28.1540317013605,27.3278572755017,"Rosh_HaNikra 25 m"
2025-08-26 06:00:00,28.5,36.2801627366071,28.7065590547462,29.6614011971479,"Rosh_HaNikra 25 m"
2025-08-26 07:00:00,29.7,43.1697805990596,30.1345717514189,31.2610672583003,"Rosh_HaNikra 25 m"
2025-08-26 08:00:00,31.4,51.6687714540482,33.997389041867,35.1061951601029,"Rosh_HaNikra 25 m"
2025-08-26 09:00:00,33.1,54.2140977050339,34.0738463482452,38.7283923293625,"Rosh_HaNikra 25 m"
2025-08-26 10:00:00,34.7,55.588368032646,35.5252926110406,40.1329647047041,"Rosh_HaNikra 25 m"
2025-08-26 11:00:00,36,55.2799443362326,36.1503094558485,41.711881553945,"Rosh_HaNikra 25 m"
2025-08-26 12:00:00,36.8,52.4119205065512,37.6929991777891,42.2229194231772,"Rosh_HaNikra 25 m"
2025-08-26 13:00:00,37.1,46.9681013975814,39.6048115823335,40.6452807341293,"Rosh_HaNikra 25 m"
2025-08-26 14:00:00,37,41.3390630207789,37.5763394895481,38.9091351948512,"Rosh_HaNikra 25 m"
2025-08-26 15:00:00,36.6,35.5288485359739,37.0147563560382,36.8741591047834,"Rosh_HaNikra 25 m"
2025-08-26 16:00:00,35.7,29.8827441366654,35.9306335408455,34.2967022093278,"Rosh_HaNikra 25 m"
2025-08-26 17:00:00,34.5,27.4411970026807,33.8923074179192,32.1103988535718,"Rosh_HaNikra 25 m"
2025-08-26 18:00:00,33.6,26.7620413042351,32.2969421872771,30.8177406526848,"Rosh_HaNikra 25 m"
2025-08-26 19:00:00,32.7,26.2906771761769,31.7402386952614,29.8512512308949,"Rosh_HaNikra 25 m"
2025-08-26 20:00:00,32.1,25.9441922321886,31.0130490386751,28.9658897533983,"Rosh_HaNikra 25 m"
2025-08-26 21:00:00,31.6,25.640117310027,30.3387026625921,28.3339115605153,"Rosh_HaNikra 25 m"
2025-08-26 22:00:00,31,24.4448994315632,29.704811975704,27.2909163154133,"Rosh_HaNikra 25 m"
2025-08-26 23:00:00,30.6,24.2046011277848,29.4752945276025,26.7207048722916,"Rosh_HaNikra 25 m"
2025-08-27,30.2,24.0610719826028,29.1486849059378,26.2165452148721,"Rosh_HaNikra 25 m"
2025-08-27 01:00:00,29.7,23.8766506071221,28.9210775082799,26.0063970441949,"Rosh_HaNikra 25 m"
2025-08-27 02:00:00,29.2,23.6937061672096,28.2533330934195,25.7081824664955,"Rosh_HaNikra 25 m"
2025-08-27 03:00:00,28.9,23.4433745622586,27.9511115804247,25.5879158258389,"Rosh_HaNikra 25 m"
2025-08-27 04:00:00,28.6,23.5638649862646,27.8207227133169,25.2573215168356,"Rosh_HaNikra 25 m"
2025-08-27 05:00:00,28.5,26.9307754968665,28.2887426888733,26.1943832968734,"Rosh_HaNikra 25 m"
2025-08-27 06:00:00,28.7,29.3516621620069,29.3114680503767,30.4343353540311,"Rosh_HaNikra 25 m"
2025-08-27 07:00:00,29.7,31.8876466740373,31.1896289655436,33.8570917834047,"Rosh_HaNikra 25 m"
2025-08-27 08:00:00,31.4,32.6384881152373,34.1306174724736,37.2983658923369,"Rosh_HaNikra 25 m"
2025-08-27 09:00:00,33.3,34.3556231742937,36.4600871599109,39.9114174133379,"Rosh_HaNikra 25 m"
2025-08-27 10:00:00,34.8,41.7799464092518,38.3974788641052,43.4256686792637,"Rosh_HaNikra 25 m"
2025-08-27 11:00:00,35.8,51.6042392670772,37.1231766846639,43.6706030785701,"Rosh_HaNikra 25 m"
2025-08-27 12:00:00,36.9,51.4571899860028,38.2280362303863,41.8221611468915,"Rosh_HaNikra 25 m"
2025-08-27 13:00:00,37.4,48.0298863047958,38.2666130799917,41.1955252284408,"Rosh_HaNikra 25 m"
2025-08-27 14:00:00,37.5,42.7099540476953,38.2840263598723,39.6697938685571,"Rosh_HaNikra 25 m"
2025-08-27 15:00:00,37,35.9964538404013,37.2422217138132,37.2054919787909,"Rosh_HaNikra 25 m"
2025-08-27 16:00:00,35.9,29.3744113419574,35.844298235453,34.3320906136554,"Rosh_HaNikra 25 m"
2025-08-27 17:00:00,34.6,26.5985221585249,33.6835195107833,31.8036575039839,"Rosh_HaNikra 25 m"
2025-08-27 18:00:00,33.5,25.7567397230708,32.2796649763423,30.3352981680476,"Rosh_HaNikra 25 m"
2025-08-27 19:00:00,32.7,25.2300466237355,31.5408713848781,29.0513518986989,"Rosh_HaNikra 25 m"
2025-08-27 20:00:00,32,24.9489506742502,30.9622341698162,28.1647357008005,"Rosh_HaNikra 25 m"
2025-08-27 21:00:00,31.4,24.6774729135906,29.9934620251802,27.4868005159771,"Rosh_HaNikra 25 m"
2025-08-27 22:00:00,31,23.8026586242754,29.5224096306306,26.7432065673906,"Rosh_HaNikra 25 m"
2025-08-27 23:00:00,30.4,23.4610763486356,29.1737216102937,26.1458879407377,"Rosh_HaNikra 25 m"
2025-08-28,30,23.3372818748407,28.5290534854724,25.8637429992609,"Rosh_HaNikra 25 m"
2025-08-28 01:00:00,29.4,23.0669681708331,27.9444305541498,25.7039382140155,"Rosh_HaNikra 25 m"
2025-08-28 02:00:00,28.9,22.9100544128907,27.8225164627124,25.4759599838746,"Rosh_HaNikra 25 m"
2025-08-28 03:00:00,28.5,22.7184303965916,27.3903330506106,25.2047151294102,"Rosh_HaNikra 25 m"
2025-08-28 04:00:00,28.1,22.6683503756714,27.3914583819736,24.7787930140686,"Rosh_HaNikra 25 m"
2025-08-28 05:00:00,27.9,26.768869840174,27.6317494230213,25.6258817544272,"Rosh_HaNikra 25 m"
2025-08-28 06:00:00,28.6,29.7778846227435,28.8158732007285,30.4405176841525,"Rosh_HaNikra 25 m"
2025-08-28 07:00:00,29.5000000000001,32.6850714573248,30.9212154456733,33.8119457849844,"Rosh_HaNikra 25 m"
2025-08-28 08:00:00,31.1,34.6271381511437,34.0325544443185,38.0401787891137,"Rosh_HaNikra 25 m"
2025-08-28 09:00:00,33.4,35.0226988193948,35.7793693642827,41.4078564045388,"Rosh_HaNikra 25 m"
2025-08-28 10:00:00,35.4,36.2110947908357,38.1318308926603,43.2211589158967,"Rosh_HaNikra 25 m"
2025-08-28 11:00:00,37.2,48.384510107648,38.7356828956859,44.534533091199,"Rosh_HaNikra 25 m"
2025-08-28 12:00:00,38.4,51.1565821306423,39.4766396616481,42.376964821072,"Rosh_HaNikra 25 m"
2025-08-28 13:00:00,38.9999999999999,47.0555233469675,39.0925576707422,40.3928102961252,"Rosh_HaNikra 25 m"
2025-08-28 14:00:00,38.9,41.3182682635456,38.6142445693559,38.3612579943806,"Rosh_HaNikra 25 m"
2025-08-28 15:00:00,38.2,34.3715033332434,37.2860404817542,36.0947578946677,"Rosh_HaNikra 25 m"
2025-08-28 16:00:00,36.8,27.6715116505691,34.9748857377685,33.2539663319656,"Rosh_HaNikra 25 m"
2025-08-28 17:00:00,35.2,24.6546046986212,32.8250915107902,30.5130307926764,"Rosh_HaNikra 25 m"
2025-08-28 18:00:00,33.8,23.7128457990847,30.9482645206379,28.5681261984072,"Rosh_HaNikra 25 m"
2025-08-28 19:00:00,32.5,23.0972690752589,30.0376888577349,27.0671520403468,"Rosh_HaNikra 25 m"
2025-08-28 20:00:00,31.4,22.6940085658168,29.3224269412731,25.9879281291103,"Rosh_HaNikra 25 m"
2025-08-28 21:00:00,30.4,22.2295797896336,28.5453951363748,25.214091641898,"Rosh_HaNikra 25 m"
2025-08-28 22:00:00,29.5,22.0914011355454,28.6397872872298,24.627906357866,"Rosh_HaNikra 25 m"
2025-08-28 23:00:00,28.9,21.8760518385962,27.886402654559,24.2751297308997,"Rosh_HaNikra 25 m"
2025-08-29,28.4,21.7551987313274,26.7119986679597,23.7797300957683,"Rosh_HaNikra 25 m"
2025-08-29 01:00:00,27.9,21.3841278126888,26.3842626684809,23.2857125571422,"Rosh_HaNikra 25 m"
2025-08-29 02:00:00,27.6,21.1451586359671,25.897051195131,22.8484351509741,"Rosh_HaNikra 25 m"
2025-08-29 03:00:00,27.2,20.9804441227368,25.8906159709305,22.5678136839322,"Rosh_HaNikra 25 m"
2025-08-29 04:00:00,26.8,21.273296960672,26.3404725375367,22.5144004906021,"Rosh_HaNikra 25 m"
2025-08-29 05:00:00,26.7,29.2638103206824,26.4434833163757,24.4779321392249,"Rosh_HaNikra 25 m"
2025-08-29 06:00:00,27.6,34.9203692564139,27.9013728657469,29.1650181898245,"Rosh_HaNikra 25 m"
2025-08-29 07:00:00,29.2,46.3408141090321,30.0690542668027,33.6200938178944,"Rosh_HaNikra 25 m"
2025-08-29 08:00:00,31.5,57.6067077722699,33.5014339072881,36.6226780023724,"Rosh_HaNikra 25 m"
2025-08-29 09:00:00,33.9,62.2050526661664,36.0080648295989,40.7465374989301,"Rosh_HaNikra 25 m"
2025-08-29 10:00:00,36,62.8018443347717,38.2103089800506,43.520483708551,"Rosh_HaNikra 25 m"
2025-08-29 11:00:00,37.7,59.9813634191437,38.3497554388234,43.8442631994171,"Rosh_HaNikra 25 m"
2025-08-29 12:00:00,38.9,55.4605427793864,38.9809821912328,42.8293305448893,"Rosh_HaNikra 25 m"
2025-08-29 13:00:00,39.3,49.8300994371951,39.7272297832859,40.9525445437014,"Rosh_HaNikra 25 m"
2025-08-29 14:00:00,39,42.9941046601888,39.1619631441559,38.52965334717,"Rosh_HaNikra 25 m"
2025-08-29 15:00:00,38.2,35.7323625486292,37.9060509676594,35.8419872920908,"Rosh_HaNikra 25 m"
2025-08-29 16:00:00,36.9,28.7021569116132,36.0054424104097,33.0325888497846,"Rosh_HaNikra 25 m"
2025-08-29 17:00:00,35.2,25.4915310475123,33.5109872879066,30.5903784367335,"Rosh_HaNikra 25 m"
2025-08-29 18:00:00,33.8,24.3487476564204,31.8515260112702,28.8317941880976,"Rosh_HaNikra 25 m"
2025-08-29 19:00:00,32.6,23.5930504400621,30.3889044611143,27.1911882955919,"Rosh_HaNikra 25 m"
2025-08-29 20:00:00,31.5,22.982861794325,29.437943506823,25.9003103149854,"Rosh_HaNikra 25 m"
2025-08-29 21:00:00,30.5,22.4415128664736,28.3713557852091,24.9301703409914,"Rosh_HaNikra 25 m"
2025-08-29 22:00:00,29.6,22.1026776734408,27.6350914605444,24.3129442635592,"Rosh_HaNikra 25 m"
2025-08-29 23:00:00,28.8,22.0100063335922,27.8105913933356,23.9951479685333,"Rosh_HaNikra 25 m"
2025-08-30,28.2,21.939007087456,27.2556767943252,23.720274372803,"Rosh_HaNikra 25 m"
2025-08-30 01:00:00,27.6,21.5379797201501,26.901006073472,23.4445834141122,"Rosh_HaNikra 25 m"
2025-08-30 02:00:00,27.2,21.0672877485995,24.8802939375018,23.0708926375155,"Rosh_HaNikra 25 m"
2025-08-30 03:00:00,26.7,21.0103774519443,25.3233228175479,22.6123515816211,"Rosh_HaNikra 25 m"
2025-08-30 04:00:00,26.3,21.3691355766173,26.2351965237717,22.5992681564208,"Rosh_HaNikra 25 m"
2025-08-30 05:00:00,26.1,30.0794844288356,26.2365325737625,24.366920437289,"Rosh_HaNikra 25 m"
2025-08-30 06:00:00,26.9,37.6435750861922,27.4900026296492,28.9886917014876,"Rosh_HaNikra 25 m"
2025-08-30 07:00:00,28.6,50.2497390777718,30.8896396719571,32.7578701049935,"Rosh_HaNikra 25 m"
2025-08-30 08:00:00,31.1,56.6652547930916,33.7379927168192,36.7104780291756,"Rosh_HaNikra 25 m"
2025-08-30 09:00:00,33.6,57.6510231404128,34.9794589194442,38.794078102571,"Rosh_HaNikra 25 m"
2025-08-30 10:00:00,35.6,59.6741659358389,36.4264652299413,41.3700353816397,"Rosh_HaNikra 25 m"
2025-08-30 11:00:00,37.2,59.5257564762939,37.3453491528582,43.2444759587158,"Rosh_HaNikra 25 m"
2025-08-30 12:00:00,38.3,57.328159834077,39.138603955497,43.5874104749461,"Rosh_HaNikra 25 m"
2025-08-30 13:00:00,38.9,52.223083959335,40.0457762429703,41.8576474053799,"Rosh_HaNikra 25 m"
2025-08-30 14:00:00,38.8,44.9847007048122,39.2104767691613,38.7554908049099,"Rosh_HaNikra 25 m"
2025-08-30 15:00:00,38,36.5957493018047,37.7440374239978,35.8812320660488,"Rosh_HaNikra 25 m"
2025-08-30 16:00:00,36.7,29.0785909923684,36.3141163415009,33.1615330013406,"Rosh_HaNikra 25 m"
2025-08-30 17:00:00,35.1,25.8305016413458,33.7823830602965,30.709206666065,"Rosh_HaNikra 25 m"
2025-08-30 18:00:00,33.6,24.7164383712556,32.0083181380326,29.046014386728,"Rosh_HaNikra 25 m"
2025-08-30 19:00:00,32.4,24.1331884269731,30.3004615943477,27.6492044334428,"Rosh_HaNikra 25 m"
2025-08-30 20:00:00,31.3,23.5593082928902,29.6909808451088,26.637305977369,"Rosh_HaNikra 25 m"
2025-08-30 21:00:00,30.3,23.0614692376602,28.2460581270256,25.6291567491043,"Rosh_HaNikra 25 m"
2025-08-30 22:00:00,29.6,22.4089678037506,27.2238072015024,24.8422749746185,"Rosh_HaNikra 25 m"
2025-08-30 23:00:00,28.9,22.0809799082889,27.0927186191818,24.0065145142688,"Rosh_HaNikra 25 m"
2025-09-07 01:00:00,28.3,23.0192655636843,27.1585188356418,25.1522683217104,"Rosh_HaNikra 25 m"
2025-09-07 02:00:00,27.9,23.006039102918,26.7660534612426,24.8422451814474,"Rosh_HaNikra 25 m"
2025-09-07 03:00:00,27.4,22.880851522969,26.3573683983441,24.7835279860961,"Rosh_HaNikra 25 m"
2025-09-07 04:00:00,27.1,22.6302536031488,26.8744351295526,24.18393414228,"Rosh_HaNikra 25 m"
2025-09-07 05:00:00,27,29.6913234747964,26.9161217262586,25.6132332839089,"Rosh_HaNikra 25 m"
2025-09-07 06:00:00,27.7,35.2829011722086,27.645326800296,28.7879937930582,"Rosh_HaNikra 25 m"
2025-09-07 07:00:00,29.1,45.1115827770128,29.4431676697936,31.4182834834947,"Rosh_HaNikra 25 m"
2025-09-07 08:00:00,31.2,53.0840268992272,32.5796140279829,33.1051240824547,"Rosh_HaNikra 25 m"
2025-09-07 09:00:00,33.6,58.6945627995538,34.9937366602329,37.7574480839776,"Rosh_HaNikra 25 m"
2025-09-07 10:00:00,35.6,61.1662285932167,36.8527397757699,41.6576245435341,"Rosh_HaNikra 25 m"
2025-09-07 11:00:00,37.2,58.9159047597231,37.1240591999987,42.7357060902895,"Rosh_HaNikra 25 m"
2025-09-07 12:00:00,38.2,54.4590915021612,38.0284846349526,41.7620929059698,"Rosh_HaNikra 25 m"
2025-09-07 13:00:00,38.7,48.5541493942748,38.9702814683695,39.6234824707519,"Rosh_HaNikra 25 m"
2025-09-07 14:00:00,38.5,41.7459357522609,38.3090397144716,37.276797129977,"Rosh_HaNikra 25 m"
2025-09-07 15:00:00,37.7,34.3244670195074,36.9915201410654,34.886356310317,"Rosh_HaNikra 25 m"
2025-09-07 16:00:00,36.4,27.8977368143617,34.9536844535915,32.3893945482789,"Rosh_HaNikra 25 m"
2025-09-07 17:00:00,34.8,25.5552651247494,33.1150337736237,30.5418431124203,"Rosh_HaNikra 25 m"
2025-09-07 18:00:00,33.5,24.9023979774278,31.8567771396364,29.2567423454088,"Rosh_HaNikra 25 m"
2025-09-07 19:00:00,32.4,24.3472599238629,30.9824610258645,28.1785191745038,"Rosh_HaNikra 25 m"
2025-09-07 20:00:00,31.4,23.8977143296971,30.4064940547391,27.3125674257054,"Rosh_HaNikra 25 m"
2025-09-07 21:00:00,30.4,23.5608209892376,29.3698965269074,26.5493711753948,"Rosh_HaNikra 25 m"
2025-09-07 22:00:00,29.6,22.3213813159262,28.9127764365622,25.6003234240805,"Rosh_HaNikra 25 m"
2025-09-07 23:00:00,28.9,22.2090900286209,27.8434380392086,25.5883348330032,"Rosh_HaNikra 25 m"
2025-09-08,28.3,22.1271577936047,27.1281367624873,25.2213727098339,"Rosh_HaNikra 25 m"
2025-09-08 01:00:00,27.8,22.2528191959262,26.9358902638755,24.8026133930087,"Rosh_HaNikra 25 m"
2025-09-08 02:00:00,27.5,22.0976613950878,26.8938807963778,24.2803071928173,"Rosh_HaNikra 25 m"
2025-09-08 03:00:00,27.4,21.8637268315455,26.6855137473345,24.1310202847621,"Rosh_HaNikra 25 m"
2025-09-08 04:00:00,27.2,21.8369798600763,26.8795943544595,24.1011214196771,"Rosh_HaNikra 25 m"
2025-09-08 05:00:00,27.2,25.9283713652692,26.4732054989325,24.438756520947,"Rosh_HaNikra 25 m"
2025-09-08 06:00:00,27.9,30.0878424070292,27.6476038365402,28.4948509357386,"Rosh_HaNikra 25 m"
2025-09-08 07:00:00,29.1,32.7690760223141,29.2736764750252,32.1720444289913,"Rosh_HaNikra 25 m"
2025-09-08 08:00:00,30.9,34.9109403953909,31.6070943172155,35.7099498377203,"Rosh_HaNikra 25 m"
2025-09-08 09:00:00,33.2,34.9712886620104,34.0181690927757,39.4428424645006,"Rosh_HaNikra 25 m"
2025-09-08 10:00:00,35.1,35.1882375267473,37.0647571856925,41.4700907257524,"Rosh_HaNikra 25 m"
2025-09-08 11:00:00,36.8,45.1094805733635,36.1167606347941,42.7257256047203,"Rosh_HaNikra 25 m"
2025-09-08 12:00:00,38.1,49.2364926723392,39.1107010017876,40.3612046626956,"Rosh_HaNikra 25 m"
2025-09-08 13:00:00,38.3,45.3884230186928,38.8006936689228,39.1403561165322,"Rosh_HaNikra 25 m"
2025-09-08 14:00:00,37.7,38.661994876977,37.5048045165386,36.947501483079,"Rosh_HaNikra 25 m"
2025-09-08 15:00:00,36.9,31.7154557354993,36.1797491031228,34.7099249013013,"Rosh_HaNikra 25 m"
2025-09-08 16:00:00,35.7,26.6760358760063,34.5297801741187,32.5977191874687,"Rosh_HaNikra 25 m"
2025-09-08 17:00:00,34.4,25.0956123026763,32.9110685982127,30.7339522990142,"Rosh_HaNikra 25 m"
2025-09-08 18:00:00,33.3,24.5395168679269,31.7593304899177,29.6020607369455,"Rosh_HaNikra 25 m"
2025-09-08 19:00:00,32.4,24.086761469355,31.4827356100495,28.3858852333931,"Rosh_HaNikra 25 m"
2025-09-08 20:00:00,31.6,23.7227512564247,30.3821635243049,27.4483462538307,"Rosh_HaNikra 25 m"
2025-09-08 21:00:00,30.8,23.4129653655364,29.4894157541976,26.5854459487273,"Rosh_HaNikra 25 m"
2025-09-08 22:00:00,30.2,22.9371724440335,28.8910887914097,25.8692069365262,"Rosh_HaNikra 25 m"
2025-09-08 23:00:00,29.5,22.782947149808,27.8752512250791,25.4237213998385,"Rosh_HaNikra 25 m"
2025-09-09,28.7,22.6171453348101,27.2752858372784,24.7204168191851,"Rosh_HaNikra 25 m"
2025-09-09 01:00:00,28.1,22.3659714408793,26.964499177399,24.3969830223002,"Rosh_HaNikra 25 m"
2025-09-09 02:00:00,27.5,22.004542976014,26.6219300579998,24.0865727955025,"Rosh_HaNikra 25 m"
2025-09-09 03:00:00,26.9,21.8257620500932,26.2907737376794,23.7558452057252,"Rosh_HaNikra 25 m"
2025-09-09 04:00:00,26.4,21.7996682280002,26.5134719469275,23.4855490082202,"Rosh_HaNikra 25 m"
2025-09-09 05:00:00,26.1,26.9030587207252,25.9288616557363,24.1276232730323,"Rosh_HaNikra 25 m"
2025-09-09 06:00:00,26.9,31.4163514458023,27.3716508873865,28.9786974274002,"Rosh_HaNikra 25 m"
2025-09-09 07:00:00,28.6,32.5347665613142,28.9287237884433,33.1362575357405,"Rosh_HaNikra 25 m"
2025-09-09 08:00:00,31,33.5222180821526,31.7906251209523,36.2133730389702,"Rosh_HaNikra 25 m"
2025-09-09 09:00:00,33.3,33.4750876619556,34.2740014506382,38.6198096468189,"Rosh_HaNikra 25 m"
2025-09-09 10:00:00,35.5,32.7092367556147,35.6344232612141,40.3060695078425,"Rosh_HaNikra 25 m"
2025-09-09 11:00:00,37.1,33.863610539033,39.3569423661274,41.3511627050181,"Rosh_HaNikra 25 m"
2025-09-09 12:00:00,38.2,42.4677779444657,39.6630059801884,42.187980986496,"Rosh_HaNikra 25 m"
2025-09-09 13:00:00,38.6,43.6994032577634,38.9100387470029,39.9913854316831,"Rosh_HaNikra 25 m"
2025-09-09 14:00:00,38.4,38.1025994836928,37.6109419191736,37.0655085861327,"Rosh_HaNikra 25 m"
2025-09-09 15:00:00,37.4,31.05718399631,36.0227323240375,34.3940985356472,"Rosh_HaNikra 25 m"
2025-09-09 16:00:00,36,25.2406768460075,33.9801737787154,31.7636026997367,"Rosh_HaNikra 25 m"
2025-09-09 17:00:00,34.6,23.1899719359939,32.0549798991565,29.4921889426772,"Rosh_HaNikra 25 m"
2025-09-09 18:00:00,33.2,22.4798029845497,30.8129201326713,27.9962634032509,"Rosh_HaNikra 25 m"
2025-09-09 19:00:00,32.1,22.0890384536812,29.8942263710292,26.6487308364937,"Rosh_HaNikra 25 m"
2025-09-09 20:00:00,31.3,21.689775428364,29.1476999309549,25.709656200001,"Rosh_HaNikra 25 m"
2025-09-09 21:00:00,30.5,21.384260739984,28.8604207597475,24.9610944649596,"Rosh_HaNikra 25 m"
2025-09-09 22:00:00,29.7,21.4171262434621,28.3908897028157,24.5580163649221,"Rosh_HaNikra 25 m"
2025-09-09 23:00:00,28.8,21.1914203109321,27.9136932421278,24.2807991447029,"Rosh_HaNikra 25 m"
2025-09-10,28.1,21.0474134363847,27.0590697199478,23.7289634623246,"Rosh_HaNikra 25 m"
2025-09-10 01:00:00,27.6,20.7726410656051,26.6115838067979,23.4052180080489,"Rosh_HaNikra 25 m"
2025-09-10 02:00:00,27.1,20.4376483495849,25.8985039628089,22.9467359121459,"Rosh_HaNikra 25 m"
2025-09-10 03:00:00,26.5,20.118159501026,24.9709135942647,22.2753340882758,"Rosh_HaNikra 25 m"
2025-09-10 04:00:00,26.1,20.2109846711057,25.5966207333493,21.8037994742292,"Rosh_HaNikra 25 m"
2025-09-10 05:00:00,26.1,29.2649980204322,25.7640780039205,23.9176288264014,"Rosh_HaNikra 25 m"
2025-09-10 06:00:00,26.8,37.712140463928,27.1150533312574,28.5435279837644,"Rosh_HaNikra 25 m"
2025-09-10 07:00:00,28,41.7995103103082,29.6954733874328,31.0709298354547,"Rosh_HaNikra 25 m"
2025-09-10 08:00:00,30.2,54.2000731911165,32.6988441071018,35.4774779762728,"Rosh_HaNikra 25 m"
2025-09-10 09:00:00,32.6,62.0978123452564,35.3929836458813,40.1150299813648,"Rosh_HaNikra 25 m"
2025-09-10 10:00:00,34.6,62.7118926326614,36.6864723665959,42.5538955013137,"Rosh_HaNikra 25 m"
2025-09-10 11:00:00,36.2,58.5296353435681,36.7418384353432,42.4620083904431,"Rosh_HaNikra 25 m"
2025-09-10 12:00:00,37.3,53.7077168806,37.689786027909,41.3291396482392,"Rosh_HaNikra 25 m"
2025-09-10 13:00:00,37.7,47.5651617061812,38.2727915158231,39.4591579448897,"Rosh_HaNikra 25 m"
2025-09-10 14:00:00,37.6,40.0471186031867,37.9598938974979,37.0373911251594,"Rosh_HaNikra 25 m"
2025-09-10 15:00:00,36.8,32.6324256194239,36.2577711154981,34.3842074406748,"Rosh_HaNikra 25 m"
2025-09-10 16:00:00,35.5,26.9436742589562,33.9819580436382,31.9209124372094,"Rosh_HaNikra 25 m"
2025-09-10 17:00:00,34,25.0796116040969,32.6421997958814,30.1954353498244,"Rosh_HaNikra 25 m"
2025-09-10 18:00:00,32.8,24.7078521178795,31.623395711796,29.2607414649559,"Rosh_HaNikra 25 m"
2025-09-10 19:00:00,31.9,24.3682586783555,31.1490606187956,28.3733350867417,"Rosh_HaNikra 25 m"
2025-09-10 20:00:00,31.1,24.1575952506121,30.6086482052239,27.7538457846697,"Rosh_HaNikra 25 m"
2025-09-10 21:00:00,30.6,23.9404431108193,30.1683127312748,27.3295784715371,"Rosh_HaNikra 25 m"
2025-09-10 22:00:00,30.2,23.7179287574511,29.6741100119288,27.0415943763476,"Rosh_HaNikra 25 m"
2025-09-10 23:00:00,29.8,23.5546821548163,29.2976875026166,26.7141283942877,"Rosh_HaNikra 25 m"
2025-09-11,29.5,23.4236913207283,28.6444263582418,26.4307699683418,"Rosh_HaNikra 25 m"
2025-09-11 01:00:00,29.2,22.9895121822045,28.24082063479,25.5544969806359,"Rosh_HaNikra 25 m"
2025-09-11 02:00:00,29,22.6577505322712,27.6887575499308,25.0391210767048,"Rosh_HaNikra 25 m"
2025-09-11 03:00:00,28.6,22.3955423811712,27.1891205922336,24.4345700720587,"Rosh_HaNikra 25 m"
2025-09-11 04:00:00,28.1,22.1928933494497,27.4780762531118,23.9397394292761,"Rosh_HaNikra 25 m"
2025-09-11 05:00:00,27.8,31.695666129812,27.4198277656834,25.2372992589319,"Rosh_HaNikra 25 m"
2025-09-11 06:00:00,28.3,42.9068870054355,29.387890507394,29.1494369016757,"Rosh_HaNikra 25 m"
2025-09-11 07:00:00,29.9,48.3709371058901,30.5584926199772,31.6308133571108,"Rosh_HaNikra 25 m"
2025-09-11 08:00:00,31.9,59.8889402338877,32.4145909842363,37.220300097169,"Rosh_HaNikra 25 m"
2025-09-11 09:00:00,34,63.4486254832225,35.1939633482806,41.0443610331493,"Rosh_HaNikra 25 m"
2025-09-11 10:00:00,35.7,62.9799478737482,36.7363976593139,43.373119184173,"Rosh_HaNikra 25 m"
2025-09-11 11:00:00,37.2,59.6960793860063,37.1732284907288,43.6986543066606,"Rosh_HaNikra 25 m"
2025-09-11 12:00:00,38.1,54.76457092887,38.0380859065956,42.3487708342655,"Rosh_HaNikra 25 m"
2025-09-11 13:00:00,38.3,48.4377939089478,38.6410557263704,40.0604087694825,"Rosh_HaNikra 25 m"
2025-09-11 14:00:00,38.3,41.8023012054473,38.548908719935,37.9488451850921,"Rosh_HaNikra 25 m"
2025-09-11 15:00:00,37.5,34.4573629365126,37.2766315241839,35.3510631785551,"Rosh_HaNikra 25 m"
2025-09-11 16:00:00,36.1,28.2166813390816,35.1345219016958,32.8738926427925,"Rosh_HaNikra 25 m"
2025-09-11 17:00:00,34.5,26.0599241622622,33.1368152320938,30.9735842117007,"Rosh_HaNikra 25 m"
2025-09-11 18:00:00,33.1,25.3643259951109,31.9449613095488,29.7563357302183,"Rosh_HaNikra 25 m"
2025-09-11 19:00:00,32,24.6218483406503,30.8111663479334,28.5960943657357,"Rosh_HaNikra 25 m"
2025-09-11 20:00:00,31,24.0185773158374,30.0833508367779,27.4889213824573,"Rosh_HaNikra 25 m"
2025-09-11 21:00:00,30,23.5110443571159,29.1996740004196,26.5952275732109,"Rosh_HaNikra 25 m"
2025-09-11 22:00:00,29.2,23.2749621962181,28.707365579729,26.0126803015343,"Rosh_HaNikra 25 m"
2025-09-11 23:00:00,28.6,22.9307653513736,27.4082423334721,25.4572360125369,"Rosh_HaNikra 25 m"
2025-09-12,28,22.7923877202234,27.0209631861074,24.753544922944,"Rosh_HaNikra 25 m"
2025-09-12 01:00:00,27.4,22.3060073505516,26.4999982850567,24.1088422189827,"Rosh_HaNikra 25 m"
2025-09-12 02:00:00,27.1,22.0068950164651,26.3498737605895,23.5831027734613,"Rosh_HaNikra 25 m"
2025-09-12 03:00:00,26.7,21.8264778958767,26.1206059580632,23.4151737796276,"Rosh_HaNikra 25 m"
2025-09-12 04:00:00,26.4,21.9138345462667,26.26065541155,23.3270108444082,"Rosh_HaNikra 25 m"
2025-09-12 05:00:00,26.3,30.4116380745855,26.1700107525662,25.1793277794805,"Rosh_HaNikra 25 m"
2025-09-12 06:00:00,26.8,37.7554361898811,27.1264289811137,28.9398415167244,"Rosh_HaNikra 25 m"
2025-09-12 07:00:00,28.6,49.8623546081015,30.1141433707146,33.314531655831,"Rosh_HaNikra 25 m"
2025-09-12 08:00:00,30.6,58.6339602769569,31.9322707073934,36.4477343858436,"Rosh_HaNikra 25 m"
2025-09-12 09:00:00,32.9,62.4481077833817,33.5935836780176,40.5178976698563,"Rosh_HaNikra 25 m"
2025-09-12 10:00:00,35,62.8152965640581,36.4182304248771,43.0227989291704,"Rosh_HaNikra 25 m"
2025-09-12 11:00:00,36.7,60.1432643930982,37.1578497231938,43.6465812723707,"Rosh_HaNikra 25 m"
2025-09-12 12:00:00,37.8,56.4161907576846,38.0205305505864,42.8100830458926,"Rosh_HaNikra 25 m"
2025-09-12 13:00:00,38.3,51.1421982804049,38.9685692432529,40.9080788651217,"Rosh_HaNikra 25 m"
2025-09-12 14:00:00,38.1,44.3676036861575,38.7883053566109,38.6517738369143,"Rosh_HaNikra 25 m"
2025-09-12 15:00:00,37.3,36.0456848535074,37.418468473845,36.1613556537164,"Rosh_HaNikra 25 m"
2025-09-12 16:00:00,36,29.2002360821063,35.70012330791,33.7549579143817,"Rosh_HaNikra 25 m"
2025-09-12 17:00:00,34.4,26.8023623961357,32.9583073932996,31.5783137816337,"Rosh_HaNikra 25 m"
2025-09-12 18:00:00,33.1,26.101772772185,31.6400579516975,30.2499527801196,"Rosh_HaNikra 25 m"
2025-09-12 19:00:00,31.9,25.3967467342697,31.1204460141582,29.1002532039963,"Rosh_HaNikra 25 m"
2025-09-12 20:00:00,30.9,24.5558551618386,29.8851186903768,27.8838833638955,"Rosh_HaNikra 25 m"
2025-09-12 21:00:00,30,23.8606805045458,28.5448727126467,26.6527623374315,"Rosh_HaNikra 25 m"
2025-09-12 22:00:00,29.1,23.348836735095,27.6984723162844,25.7286904605283,"Rosh_HaNikra 25 m"
2025-09-12 23:00:00,28.5,23.0143360722928,27.1823083736954,25.1460084546475,"Rosh_HaNikra 25 m"
2025-09-13,27.8,22.8347614232836,26.9123479574015,24.6323095981417,"Rosh_HaNikra 25 m"
2025-09-13 01:00:00,27.2,22.4205805888318,26.0596791869886,24.0800836911344,"Rosh_HaNikra 25 m"
2025-09-13 02:00:00,26.6,22.0548755673971,25.7280251519072,23.379223540267,"Rosh_HaNikra 25 m"
2025-09-13 03:00:00,26.2,21.7367638819346,25.6101001608509,22.9216944449076,"Rosh_HaNikra 25 m"
2025-09-13 04:00:00,25.8,21.6751263104205,25.7963839411028,22.797496553493,"Rosh_HaNikra 25 m"
2025-09-13 05:00:00,25.7,30.8632909193274,25.9710876059803,24.7575904264685,"Rosh_HaNikra 25 m"
2025-09-13 06:00:00,26.5,37.9754914254658,27.4781699855272,28.262381455373,"Rosh_HaNikra 25 m"
2025-09-13 07:00:00,28,50.8144439471076,30.6073667869683,33.175188423426,"Rosh_HaNikra 25 m"
2025-09-13 08:00:00,30.3,61.0259047738573,32.4637400789341,37.63212311187,"Rosh_HaNikra 25 m"
2025-09-13 09:00:00,32.7,62.7087083039633,34.5152561362577,40.7677788911215,"Rosh_HaNikra 25 m"
2025-09-13 10:00:00,34.9,62.2476961420232,37.0885582609869,43.0925257013494,"Rosh_HaNikra 25 m"
2025-09-13 11:00:00,36.6,59.2635710220996,36.8862852421496,43.44815468604,"Rosh_HaNikra 25 m"
2025-09-13 12:00:00,37.6,54.5000018435844,37.7177420028005,42.1591376620658,"Rosh_HaNikra 25 m"
2025-09-13 13:00:00,37.9,49.0318063532047,38.6941204690798,40.4814189706974,"Rosh_HaNikra 25 m"
2025-09-13 14:00:00,37.6,42.2838693981454,37.9659498000511,38.3840571766183,"Rosh_HaNikra 25 m"
2025-09-13 15:00:00,36.8,34.8208379012264,36.7935317398007,35.9475172024883,"Rosh_HaNikra 25 m"
2025-09-13 16:00:00,35.5,28.7145847380847,35.589185253335,33.6982726157397,"Rosh_HaNikra 25 m"
2025-09-13 17:00:00,34.1,26.4300861349374,33.6441709137852,31.5530514707833,"Rosh_HaNikra 25 m"
2025-09-13 18:00:00,32.9,25.7489132990127,32.016865062087,30.0179906000381,"Rosh_HaNikra 25 m"
2025-09-13 19:00:00,31.7,25.2185781905496,30.6645352540819,28.6673453757608,"Rosh_HaNikra 25 m"
2025-09-13 20:00:00,30.6,24.7607545341849,29.2519833123535,27.4784912552237,"Rosh_HaNikra 25 m"
2025-09-13 21:00:00,29.8,24.3049541781281,28.2719558736207,26.5518809626435,"Rosh_HaNikra 25 m"
2025-09-13 22:00:00,29,23.6978890072006,27.2474055333926,25.6925015817779,"Rosh_HaNikra 25 m"
2025-09-13 23:00:00,28.4,23.3181745733315,26.5106894317406,25.0767327274376,"Rosh_HaNikra 25 m"
2025-09-21 01:00:00,25.8,20.1421636137185,25.3301908659845,23.1394299062905,"Rosh_HaNikra 25 m"
2025-09-21 02:00:00,25.1,19.6019506639449,23.745412812947,22.3090129083602,"Rosh_HaNikra 25 m"
2025-09-21 03:00:00,24.5,19.2670682101896,23.0497587199371,21.4482386737516,"Rosh_HaNikra 25 m"
2025-09-21 04:00:00,24.1,19.150135504011,22.6199012291305,20.8469151127375,"Rosh_HaNikra 25 m"
2025-09-21 05:00:00,24.3,27.8137983772258,23.1909230215952,21.7947945091228,"Rosh_HaNikra 25 m"
2025-09-21 06:00:00,26.8,39.9317680633082,24.5461471060459,25.1418930327906,"Rosh_HaNikra 25 m"
2025-09-21 07:00:00,30.4,55.3999362249859,37.2087644071292,30.8097872992047,"Rosh_HaNikra 25 m"
2025-09-21 08:00:00,34.1,64.9669374734523,39.2037216494455,36.2329801828029,"Rosh_HaNikra 25 m"
2025-09-21 09:00:00,37.2,65.2360770523655,38.9365356671124,39.2211272537815,"Rosh_HaNikra 25 m"
2025-06-09 09:00:00,36,36.1729561586497,36.4754853932659,37.543334891331,"Ashkelon 10 m"
2025-06-09 10:00:00,39.6,40.1880234641324,39.2545356823085,40.0001830620061,"Ashkelon 10 m"
2025-06-09 11:00:00,41.1,48.4639728546529,40.840558316037,40.4672029495626,"Ashkelon 10 m"
2025-06-09 12:00:00,41.3,49.7061884502996,40.7126812143758,39.815712223493,"Ashkelon 10 m"
2025-06-09 13:00:00,40.1,46.1728217519254,40.1551847373408,38.9351618207425,"Ashkelon 10 m"
2025-06-09 14:00:00,38.4,40.1854084988507,37.8933078516572,37.5623730679425,"Ashkelon 10 m"
2025-06-09 15:00:00,35.7,33.778187629007,35.6536482194202,35.7277100050675,"Ashkelon 10 m"
2025-06-09 16:00:00,32.4,26.1624460301565,31.7068680140283,32.6003503880667,"Ashkelon 10 m"
2025-06-09 17:00:00,29.8,22.7668415153033,28.7056558498653,28.5623046004779,"Ashkelon 10 m"
2025-06-09 18:00:00,27.9,22.0938819079996,26.8593454262419,26.404622855723,"Ashkelon 10 m"
2025-06-09 19:00:00,26.7,21.8828841965166,26.1046727718276,25.2574793617693,"Ashkelon 10 m"
2025-06-09 20:00:00,25.7,21.7714023483363,25.6311052901052,24.3760485542384,"Ashkelon 10 m"
2025-06-09 21:00:00,25.1,21.693785120851,25.021668502051,23.9334849613967,"Ashkelon 10 m"
2025-06-09 22:00:00,25.4,21.6977973016621,25.1352837505235,23.8309512170674,"Ashkelon 10 m"
2025-06-09 23:00:00,25.5,21.6497694746962,25.2726802714475,23.9230276839247,"Ashkelon 10 m"
2025-06-10,24.9,21.6146639642534,24.9485310833687,24.0393441972551,"Ashkelon 10 m"
2025-06-10 01:00:00,25,21.4685248582789,24.9004559591502,23.8598746507594,"Ashkelon 10 m"
2025-06-10 02:00:00,25,21.4087859309595,24.8925567816199,23.5290027774256,"Ashkelon 10 m"
2025-06-10 03:00:00,24.1,21.5539177613326,24.095951599932,23.4265992598601,"Ashkelon 10 m"
2025-06-10 04:00:00,24.7,24.9777105788969,24.692613278177,24.5839477519773,"Ashkelon 10 m"
2025-06-10 05:00:00,27.1,28.9428749893906,27.0557860183921,26.6989770745041,"Ashkelon 10 m"
2025-06-10 06:00:00,29.8,33.2842595062591,29.7680721689909,28.6273409805633,"Ashkelon 10 m"
2025-06-10 07:00:00,33.3,35.6523602651282,33.2712383640907,32.4952252553626,"Ashkelon 10 m"
2025-06-10 08:00:00,36.4,36.6450019971052,36.2756619200963,35.3490345374265,"Ashkelon 10 m"
2025-06-10 09:00:00,38.1,36.4708008774371,37.6016265737264,38.0738509901614,"Ashkelon 10 m"
2025-06-10 10:00:00,38.8,38.5049677509418,38.8633895519126,40.1152338403812,"Ashkelon 10 m"
2025-06-10 11:00:00,41.6,47.2909246691562,41.1897813043255,40.984241128812,"Ashkelon 10 m"
2025-06-10 12:00:00,41.8,49.3420065758724,41.0552786567908,40.0132569191952,"Ashkelon 10 m"
2025-06-10 13:00:00,40.5,45.8042131685574,40.1731281897706,39.2603575014431,"Ashkelon 10 m"
2025-06-10 14:00:00,37.8,39.6552703335226,37.7599778412894,37.8744832231939,"Ashkelon 10 m"
2025-06-10 15:00:00,34.1,33.3371084973097,34.6328613458252,35.9631127163649,"Ashkelon 10 m"
2025-06-10 16:00:00,31.4,26.1271109864885,31.3174734959549,32.5407386110002,"Ashkelon 10 m"
2025-06-10 17:00:00,29.5,23.0525054118662,28.7498413727703,28.5411390445261,"Ashkelon 10 m"
2025-06-10 18:00:00,28,22.5152649430091,27.453269577962,26.7571663407142,"Ashkelon 10 m"
2025-06-10 19:00:00,26.8,22.2737202202076,26.5725310567641,25.9164866958851,"Ashkelon 10 m"
2025-06-10 20:00:00,25.3,22.1298723585367,25.547606598641,25.1355839140177,"Ashkelon 10 m"
2025-06-10 21:00:00,24.4,21.9080099824681,24.7584767172367,24.513463473679,"Ashkelon 10 m"
2025-06-10 22:00:00,23.8,21.4660942106972,24.1602394984195,23.8908211737404,"Ashkelon 10 m"
2025-06-10 23:00:00,23.9,21.1594573018629,23.9888699720977,23.5086294171888,"Ashkelon 10 m"
2025-06-11,23.9,21.0733447771796,23.8450899098652,23.2171736460456,"Ashkelon 10 m"
2025-06-11 01:00:00,23.7,21.0210002213117,23.7536942997364,22.8375002890226,"Ashkelon 10 m"
2025-06-11 02:00:00,23.7,20.908222283087,23.5740694325895,22.719674075804,"Ashkelon 10 m"
2025-06-11 03:00:00,24,21.2744376493325,23.9103437400142,22.5818842483392,"Ashkelon 10 m"
2025-06-11 04:00:00,24.8,24.6928907370045,24.6127233306788,24.0442504023983,"Ashkelon 10 m"
2025-06-11 05:00:00,26.7,28.2810948057197,26.5217780192515,26.4957821531318,"Ashkelon 10 m"
2025-06-11 06:00:00,29.6,32.025727360943,29.4995117478562,29.2329321796686,"Ashkelon 10 m"
2025-06-11 07:00:00,33.1,34.5445378707179,32.9193106470336,32.5456862138041,"Ashkelon 10 m"
2025-06-11 08:00:00,36.2,36.3905482409582,36.0398686147766,35.5209651110754,"Ashkelon 10 m"
2025-06-11 09:00:00,36.7,37.2076244322039,36.9727003447656,38.1947543588854,"Ashkelon 10 m"
2025-06-11 10:00:00,39.4,46.2454358420653,39.4672343185524,40.1016293845458,"Ashkelon 10 m"
2025-06-11 11:00:00,41.1,53.4733229215922,39.1973383536048,40.0516367491068,"Ashkelon 10 m"
2025-06-11 12:00:00,42,53.4455428461943,41.905233302427,40.3669772486601,"Ashkelon 10 m"
2025-06-11 13:00:00,41.5,49.0857922295965,41.299773136448,39.7644802789129,"Ashkelon 10 m"
2025-06-11 14:00:00,39.2,42.6029053944546,38.6191957726217,38.4811426419216,"Ashkelon 10 m"
2025-06-11 15:00:00,36.2,35.9923161965132,36.3856533293683,36.6919682722807,"Ashkelon 10 m"
2025-06-11 16:00:00,32.8,27.9830091587729,32.772790888403,33.5771535031027,"Ashkelon 10 m"
2025-06-11 17:00:00,29.7,24.1532082131726,29.6616540329267,29.9613632729871,"Ashkelon 10 m"
2025-06-11 18:00:00,27.8,23.2505959279217,27.6019266578033,28.0875595814862,"Ashkelon 10 m"
2025-06-11 19:00:00,26.2,22.9139635726644,26.4073092349003,26.3381288215352,"Ashkelon 10 m"
2025-06-11 20:00:00,25.5,22.5642280262426,25.5301231984518,25.4872011822179,"Ashkelon 10 m"
2025-06-11 21:00:00,24.8,22.0606499708345,24.9351457018507,24.6912280119112,"Ashkelon 10 m"
2025-06-11 22:00:00,23.9,21.6282497065681,24.3005858784933,24.0785613673347,"Ashkelon 10 m"
2025-06-11 23:00:00,24.6,21.368644241546,24.5004780238055,23.6383004228814,"Ashkelon 10 m"
2025-06-12,24.2,21.2729797831381,24.2596754039037,23.2291950455511,"Ashkelon 10 m"
2025-06-12 01:00:00,24,21.264492219284,24.0424117041146,23.1830654795913,"Ashkelon 10 m"
2025-06-12 02:00:00,23,21.0655883954868,23.2606652820825,22.9422643588886,"Ashkelon 10 m"
2025-06-12 03:00:00,22.2,21.1595672377326,22.5773758264502,22.6343853481986,"Ashkelon 10 m"
2025-06-12 04:00:00,23.7,25.4017236430136,23.8189940686668,23.848421712586,"Ashkelon 10 m"
2025-06-12 05:00:00,26,30.0562920935855,25.9540131753427,26.4063921340213,"Ashkelon 10 m"
2025-06-12 06:00:00,29.9,34.3242828801214,29.5985063098832,29.5007474377691,"Ashkelon 10 m"
2025-06-12 07:00:00,33.5,37.299252562834,33.4885366063115,33.0220428040755,"Ashkelon 10 m"
2025-06-12 08:00:00,37.5,38.6601467420183,36.6790983184949,35.6968446065508,"Ashkelon 10 m"
2025-06-12 09:00:00,37.5,41.7321204451427,38.0174445051875,38.5222381857738,"Ashkelon 10 m"
2025-06-12 10:00:00,40.2,57.6471358820995,39.2416360500122,40.4260512873729,"Ashkelon 10 m"
2025-06-12 11:00:00,41.8,60.520824671595,41.380499525568,40.0673124798225,"Ashkelon 10 m"
2025-06-12 12:00:00,42,56.7498864790679,42.4917610827007,40.4262666365386,"Ashkelon 10 m"
2025-06-12 13:00:00,41.2,50.7811688948832,41.5651964745478,39.9568948317728,"Ashkelon 10 m"
2025-06-12 14:00:00,39.1,43.3834479726746,39.101031767815,38.526801911731,"Ashkelon 10 m"
2025-06-12 15:00:00,36.3,36.9630828575777,36.2665158973427,36.9065894560503,"Ashkelon 10 m"
2025-06-12 16:00:00,33,28.7235796101904,33.2199466481663,33.6094786771154,"Ashkelon 10 m"
2025-06-12 17:00:00,29.7,24.3605775875854,29.4709550421146,29.9682564778137,"Ashkelon 10 m"
2025-06-12 18:00:00,27.9,22.8392737550024,27.5912065909491,27.7695716065649,"Ashkelon 10 m"
2025-06-12 19:00:00,26.4,22.2004021305785,26.4546863115183,25.7539166111693,"Ashkelon 10 m"
2025-06-12 20:00:00,25,21.566332899816,25.1939440982625,24.737258517034,"Ashkelon 10 m"
2025-06-12 21:00:00,23.7,21.0061199303106,23.7543158904215,23.9418651695684,"Ashkelon 10 m"
2025-06-12 22:00:00,24.2,20.5683019458298,23.810351540655,23.283547192717,"Ashkelon 10 m"
2025-06-12 23:00:00,25.2,20.3162838209863,24.4857282457457,22.8481308211084,"Ashkelon 10 m"
2025-06-13,24.7,20.2210019270708,24.208975352971,22.3417905012896,"Ashkelon 10 m"
2025-06-13 01:00:00,23.2,20.1024554612948,23.3694898314582,22.0995592716052,"Ashkelon 10 m"
2025-06-13 02:00:00,23.5,20.261548679573,23.396594897474,21.989269297821,"Ashkelon 10 m"
2025-06-13 03:00:00,23.5,20.5858647186053,23.3381052013652,22.1822842914355,"Ashkelon 10 m"
2025-06-13 04:00:00,23.2,24.4861381212719,23.3964000165992,23.2498980919369,"Ashkelon 10 m"
2025-06-13 05:00:00,25.8,28.8227241252034,25.6671836038304,25.5760205004781,"Ashkelon 10 m"
2025-06-13 06:00:00,29.7,33.3523361424758,29.2794098494439,28.2040140370681,"Ashkelon 10 m"
2025-06-13 07:00:00,33.3,36.5862784851358,33.1752351657206,32.5712395180032,"Ashkelon 10 m"
2025-06-13 08:00:00,37,38.3026725451604,37.2033160720895,36.2080520789281,"Ashkelon 10 m"
2025-06-13 09:00:00,37.3,49.3935428441306,37.8993031155553,39.1111341298362,"Ashkelon 10 m"
2025-06-13 10:00:00,39.7999999999999,60.9942645620799,39.7599535380684,40.0648250174022,"Ashkelon 10 m"
2025-06-13 11:00:00,41.6,59.8360173723239,41.8434285705061,40.5000073930759,"Ashkelon 10 m"
2025-06-13 12:00:00,42.1,55.6365156934814,42.3261621361331,41.007011489685,"Ashkelon 10 m"
2025-06-13 13:00:00,40.9,50.2946419644817,41.238252341815,40.4142870831951,"Ashkelon 10 m"
2025-06-13 14:00:00,39,43.6336163031772,39.1209578872137,38.9601639258579,"Ashkelon 10 m"
2025-06-13 15:00:00,36.5,37.3445151518091,36.519764257399,37.1667916248544,"Ashkelon 10 m"
2025-06-13 16:00:00,33.2,29.2865391534959,33.4659615983492,33.8686285776292,"Ashkelon 10 m"
2025-06-13 17:00:00,30,24.9536154615981,29.8173007045231,30.4832532751662,"Ashkelon 10 m"
2025-06-13 18:00:00,28.4,23.8542401710674,28.3594225258687,28.5836231628582,"Ashkelon 10 m"
2025-06-13 19:00:00,27.3,23.3274748815651,27.189459876595,27.3659079565163,"Ashkelon 10 m"
2025-06-13 20:00:00,26.2,22.9604196961477,26.2776444063139,26.218000930126,"Ashkelon 10 m"
2025-06-13 21:00:00,24.9,22.7457362581301,25.2691553745031,25.6317244936037,"Ashkelon 10 m"
2025-06-13 22:00:00,24.2,22.4916794369135,24.7773688821063,25.1984489033136,"Ashkelon 10 m"
2025-06-13 23:00:00,24.6,22.0845084904474,25.2209110446463,24.7482066868585,"Ashkelon 10 m"
2025-06-14,24.2,21.940115949286,24.695052768319,24.6817803589235,"Ashkelon 10 m"
2025-06-14 01:00:00,23.3,21.6893326422144,24.1282438817424,24.2366873403956,"Ashkelon 10 m"
2025-06-14 02:00:00,23.5,21.5150262385282,24.1414919837104,23.7481338053617,"Ashkelon 10 m"
2025-06-14 03:00:00,23.6,21.7163323074117,23.6838579798924,23.6521680265203,"Ashkelon 10 m"
2025-06-14 04:00:00,23.8,24.4583070681287,23.9851230679908,24.4672611758901,"Ashkelon 10 m"
2025-06-14 05:00:00,26.4,27.1428707874288,25.9571709009488,26.1130368745794,"Ashkelon 10 m"
2025-06-14 06:00:00,30.1,31.7542423887972,29.6045619893513,27.9279718085055,"Ashkelon 10 m"
2025-06-14 07:00:00,33.3,35.9995174949861,33.1631395052319,32.3248129432893,"Ashkelon 10 m"
2025-06-14 08:00:00,36.5,39.6066984794657,36.5380632525755,36.5112604759257,"Ashkelon 10 m"
2025-06-14 09:00:00,37.1,53.9766239197825,36.3861330284856,39.067605403242,"Ashkelon 10 m"
2025-06-14 10:00:00,40.1,61.5103676733733,39.9181045954501,39.9693940100432,"Ashkelon 10 m"
2025-06-14 11:00:00,42.2,59.8412764616536,42.1643923548265,41.1687224455403,"Ashkelon 10 m"
2025-06-14 12:00:00,42.3,55.6402977362123,42.3709171270719,41.3541706457582,"Ashkelon 10 m"
2025-06-14 13:00:00,40.9,50.4329242211063,41.1388335678697,40.447984645911,"Ashkelon 10 m"
2025-06-14 14:00:00,39.3,43.8910872073446,39.3991356040422,38.785463008431,"Ashkelon 10 m"
2025-06-14 15:00:00,36.6,37.6149056859988,36.6627219542853,37.0996348567981,"Ashkelon 10 m"
2025-06-14 16:00:00,32.9,29.3677779304448,33.2938250396232,33.8167663680974,"Ashkelon 10 m"
2025-06-14 17:00:00,30.1,24.9702533412538,29.8671226699519,30.3973487544618,"Ashkelon 10 m"
2025-06-14 18:00:00,28.5,23.9678994327643,28.2610057785107,28.5138856083014,"Ashkelon 10 m"
2025-06-14 19:00:00,27.5,23.494258491088,27.3771790873085,27.2662549891959,"Ashkelon 10 m"
2025-06-14 20:00:00,26.7,23.3997846707268,26.9012012634812,26.371169672863,"Ashkelon 10 m"
2025-06-14 21:00:00,26,23.0006817881221,25.9810034986484,25.8895014826411,"Ashkelon 10 m"
2025-06-14 22:00:00,25.1,22.4739608177929,25.439328189033,25.2139057526379,"Ashkelon 10 m"
2025-06-14 23:00:00,25.2,21.7743297580871,25.3239764888413,24.7858196262512,"Ashkelon 10 m"
2025-08-17 01:00:00,28.6,25.3303999951838,28.3127804601013,27.6927094510554,"Ashkelon 10 m"
2025-08-17 02:00:00,27.4,25.1861255187892,27.6899884979559,27.2980153579616,"Ashkelon 10 m"
2025-08-17 03:00:00,29.2,25.1501188753129,28.4307278079742,26.8453664062501,"Ashkelon 10 m"
2025-08-17 04:00:00,27.4,26.217349810654,27.349272341784,26.2513333988727,"Ashkelon 10 m"
2025-08-17 05:00:00,27.9,36.477835365873,28.1471331301729,27.1904437032753,"Ashkelon 10 m"
2025-08-17 06:00:00,31.1,42.0325839385462,30.6355462116329,29.9564864501429,"Ashkelon 10 m"
2025-08-17 07:00:00,34.2,52.2308693949962,33.4069924518639,32.9128533427501,"Ashkelon 10 m"
2025-08-17 08:00:00,34.8,60.0427258850219,34.329883083538,34.1459973693969,"Ashkelon 10 m"
2025-08-17 09:00:00,37.2,64.5474083715178,37.318021299208,37.1262581639983,"Ashkelon 10 m"
2025-08-17 10:00:00,39.7,63.9266285572138,39.2867717606719,39.1396832141962,"Ashkelon 10 m"
2025-08-17 11:00:00,41.5,62.0884622892329,41.217509407295,40.9509558042475,"Ashkelon 10 m"
2025-08-17 12:00:00,41.8,57.7383403834529,41.3721466939519,41.4522399958797,"Ashkelon 10 m"
2025-08-17 13:00:00,41,52.1953465773245,40.1481773926797,40.8706261946341,"Ashkelon 10 m"
2025-08-17 14:00:00,40,45.5336360913757,39.4322500284188,39.7949676496032,"Ashkelon 10 m"
2025-08-17 15:00:00,36,38.6849580594161,36.7696707093319,37.9458088465789,"Ashkelon 10 m"
2025-08-17 16:00:00,33.2,31.9694495310349,34.1206173897389,35.266062747435,"Ashkelon 10 m"
2025-08-17 17:00:00,31.2,29.0454688608621,31.911788196633,33.0458498537515,"Ashkelon 10 m"
2025-08-17 18:00:00,30.2,28.520759890842,30.7280298221504,32.3054016335483,"Ashkelon 10 m"
2025-08-17 19:00:00,29.4,28.2069393489707,29.8151563714806,31.7576509807456,"Ashkelon 10 m"
2025-08-17 20:00:00,29.1,27.810371159239,29.5693765859787,31.2020261275007,"Ashkelon 10 m"
2025-08-17 21:00:00,28.4,27.4951802872186,28.929586020391,30.4954387329583,"Ashkelon 10 m"
2025-08-17 22:00:00,28,26.9888811244236,28.3167650608943,29.8086147441135,"Ashkelon 10 m"
2025-08-17 23:00:00,27.7,26.5510234664676,27.8853851281017,29.3567709754703,"Ashkelon 10 m"
2025-08-18,27.6,26.4808676408301,27.7940524163314,29.0946676896582,"Ashkelon 10 m"
2025-08-18 01:00:00,27.3,26.0162867087675,27.4530617764652,28.785123207028,"Ashkelon 10 m"
2025-08-18 02:00:00,27.1,25.9029502324151,27.2932585725357,28.353103106408,"Ashkelon 10 m"
2025-08-18 03:00:00,27.1,25.6992681008743,27.4359607773509,27.8661305886673,"Ashkelon 10 m"
2025-08-18 04:00:00,27.1,26.2530879620581,27.3411290947968,26.9321601037054,"Ashkelon 10 m"
2025-08-18 05:00:00,27.5,33.7495664630202,27.6125055779642,26.6191872630385,"Ashkelon 10 m"
2025-08-18 06:00:00,29.5,41.9319233025024,29.8226668238066,29.2920545662353,"Ashkelon 10 m"
2025-08-18 07:00:00,33.3,52.4389454194889,33.0027897037991,32.7262340852604,"Ashkelon 10 m"
2025-08-18 08:00:00,36.3,59.6896031469384,35.353459950786,34.5253079504052,"Ashkelon 10 m"
2025-08-18 09:00:00,38.7,64.2272989658905,38.3466848764248,37.7344248203827,"Ashkelon 10 m"
2025-08-18 10:00:00,40.8,64.9144656299089,40.4771276348377,40.2929217456316,"Ashkelon 10 m"
2025-08-18 11:00:00,42.5,63.0541135514934,41.5398519652731,41.4312841142375,"Ashkelon 10 m"
2025-08-18 12:00:00,42.8,59.0214380305489,42.3884291256471,41.7450403254708,"Ashkelon 10 m"
2025-08-18 13:00:00,42.3,52.9559718135647,41.7962250731979,41.1837473872952,"Ashkelon 10 m"
2025-08-18 14:00:00,40.9,45.6157428487898,39.9871060238712,39.907796071446,"Ashkelon 10 m"
2025-08-18 15:00:00,38.7,38.2995158613382,38.1908845760623,37.684349316424,"Ashkelon 10 m"
2025-08-18 16:00:00,36.1,31.4810578309525,35.5364666235514,34.6984040223588,"Ashkelon 10 m"
2025-08-18 17:00:00,33.6,28.3570276646128,32.9395764755057,32.336369648408,"Ashkelon 10 m"
2025-08-18 18:00:00,32.2,27.5386865312268,31.8270973318638,31.2993815118481,"Ashkelon 10 m"
2025-08-18 19:00:00,31.1,26.9589502195031,30.7868991207991,30.4224683622033,"Ashkelon 10 m"
2025-08-18 20:00:00,30.2,26.3893937060348,29.9803667934643,29.4134501406661,"Ashkelon 10 m"
2025-08-18 21:00:00,29.4,25.8366152108,29.1490493358745,28.3140178978728,"Ashkelon 10 m"
2025-08-18 22:00:00,28.3,25.2673201500618,28.1142772970737,27.7249574600899,"Ashkelon 10 m"
2025-08-18 23:00:00,27.5,24.7496838473132,27.5183632593343,27.1999907397082,"Ashkelon 10 m"
2025-08-19,26.9,24.4721109806251,26.8995783372612,26.6258790432167,"Ashkelon 10 m"
2025-08-19 01:00:00,26.4,23.8449893838349,26.3818083991423,25.8900476342621,"Ashkelon 10 m"
2025-08-19 02:00:00,26,23.7181163872764,25.9954393180193,25.4837801302955,"Ashkelon 10 m"
2025-08-19 03:00:00,25.5,23.3563438161333,25.683725399438,25.0651733382662,"Ashkelon 10 m"
2025-08-19 04:00:00,25.4,24.3235173440154,25.3547899852516,24.4004794573958,"Ashkelon 10 m"
2025-08-19 05:00:00,26,34.6987246460319,26.1740598351472,25.8557795471549,"Ashkelon 10 m"
2025-08-19 06:00:00,29.1,44.2169524903393,29.2128689904188,29.8190652604199,"Ashkelon 10 m"
2025-08-19 07:00:00,32.6,56.4704485161233,32.7069668245609,33.5503397209573,"Ashkelon 10 m"
2025-08-19 08:00:00,35.4,65.7328878720823,35.4851745635429,36.2438837369505,"Ashkelon 10 m"
2025-08-19 09:00:00,38.1,68.2566531746922,38.0337764386037,38.1322177498875,"Ashkelon 10 m"
2025-08-19 10:00:00,40.4,67.7732506881938,41.0158919141544,39.6162873398051,"Ashkelon 10 m"
2025-08-19 11:00:00,41.9,65.5106854316916,41.5533738803346,40.528017508718,"Ashkelon 10 m"
2025-08-19 12:00:00,42.4,61.6032238595715,42.571960689536,40.8312245004406,"Ashkelon 10 m"
2025-08-19 13:00:00,41.9,55.5146966929959,41.9124056355836,40.3635583873318,"Ashkelon 10 m"
2025-08-19 14:00:00,40.7,48.1387872760818,40.8112988481802,39.2944011753128,"Ashkelon 10 m"
2025-08-19 15:00:00,38.7,40.3819722070158,38.7028380261509,37.5347122086943,"Ashkelon 10 m"
2025-08-19 16:00:00,36.4,32.8937521703927,36.4412290207161,35.1199632414071,"Ashkelon 10 m"
2025-08-19 17:00:00,34.1,29.4915630090805,33.8637471646584,32.8978211153122,"Ashkelon 10 m"
2025-08-19 18:00:00,32.6,28.4321488730756,32.2932720852197,31.9079050414411,"Ashkelon 10 m"
2025-08-19 19:00:00,31.2,27.7444975873524,30.922787214152,30.7247970601612,"Ashkelon 10 m"
2025-08-19 20:00:00,30.1,26.9973865440589,29.7557819192593,29.6281553199988,"Ashkelon 10 m"
2025-08-19 21:00:00,29.1,26.1298749067053,28.7033363737186,28.7062069989905,"Ashkelon 10 m"
2025-08-19 22:00:00,28.3,25.4048135002734,28.1446628517937,27.8810307701709,"Ashkelon 10 m"
2025-08-19 23:00:00,27.8,24.7625028298857,27.5736081313648,27.0792247460844,"Ashkelon 10 m"
2025-08-20,27.2,24.3986414107201,26.983961216789,26.5813077124474,"Ashkelon 10 m"
2025-08-20 01:00:00,26.7,23.5577241261639,26.3612227358312,25.710173734013,"Ashkelon 10 m"
2025-08-20 02:00:00,26.2,23.0849900145325,25.8919540977091,25.2238869566712,"Ashkelon 10 m"
2025-08-20 03:00:00,25.8,22.7369233202087,25.5804586118447,24.6758682560073,"Ashkelon 10 m"
2025-08-20 04:00:00,25.6,23.5949040011347,25.2540645121939,24.1762216643274,"Ashkelon 10 m"
2025-08-20 05:00:00,26.2,35.2362308613378,26.2820567959374,25.8091774097997,"Ashkelon 10 m"
2025-08-20 06:00:00,29.7,45.3372297597702,29.7869229507818,30.2934007955368,"Ashkelon 10 m"
2025-08-20 07:00:00,33.3,59.7206324475407,33.4723551368238,35.4073580639958,"Ashkelon 10 m"
2025-08-20 08:00:00,36.3,67.0821918612162,36.5104573927049,37.0144771700541,"Ashkelon 10 m"
2025-08-20 09:00:00,38.8,68.6689416407476,38.6915632587396,38.2536164759527,"Ashkelon 10 m"
2025-08-20 10:00:00,40.9,68.5064127978548,40.6625519771381,39.7964308795198,"Ashkelon 10 m"
2025-08-20 11:00:00,42.3,65.4339660743501,41.7708119266653,40.3507503608491,"Ashkelon 10 m"
2025-08-20 12:00:00,42.9,60.894618245927,42.7068551667682,40.8130142420207,"Ashkelon 10 m"
2025-08-20 13:00:00,42.6,54.9095456593516,42.2219226580941,40.6525552266123,"Ashkelon 10 m"
2025-08-20 14:00:00,41.4,47.8554755224769,41.0305708539421,39.6153965963905,"Ashkelon 10 m"
2025-08-20 15:00:00,39.5,40.3505009064663,39.0710276266856,37.7204221138943,"Ashkelon 10 m"
2025-08-20 16:00:00,37.1,32.9844405834499,36.5623014323411,35.2113583271328,"Ashkelon 10 m"
2025-08-20 17:00:00,34.6,29.4655382552711,33.8925537165637,32.9092142501441,"Ashkelon 10 m"
2025-08-20 18:00:00,33,28.5192790179917,32.5575086090896,31.6866974979111,"Ashkelon 10 m"
2025-08-20 19:00:00,32,27.9459519406363,31.5929698995118,30.7179560681387,"Ashkelon 10 m"
2025-08-20 20:00:00,31.1,27.3272443205059,30.6732070077227,29.9148912817181,"Ashkelon 10 m"
2025-08-20 21:00:00,30.6,26.711879643383,30.1478921492469,29.0381468858146,"Ashkelon 10 m"
2025-08-20 22:00:00,30.2,26.2369831060638,29.8022781634179,28.5621049856414,"Ashkelon 10 m"
2025-08-20 23:00:00,29.8,25.906548116112,29.4064028596929,28.1842962240222,"Ashkelon 10 m"
2025-08-21,29.4,25.7304947650736,29.0417405875063,27.8387668407267,"Ashkelon 10 m"
2025-08-21 01:00:00,28.7,25.8241290485047,28.4446759472823,27.7854152356766,"Ashkelon 10 m"
2025-08-21 02:00:00,28.3,25.6685072160789,27.9954459039685,27.4507358051368,"Ashkelon 10 m"
2025-08-21 03:00:00,27.6,25.6204727114892,27.4633166212853,26.985700410769,"Ashkelon 10 m"
2025-08-21 04:00:00,27.4,26.2256039215693,27.1330928830912,26.9020453526148,"Ashkelon 10 m"
2025-08-21 05:00:00,27.9,32.3366109457229,27.6005802407375,27.1748406019424,"Ashkelon 10 m"
2025-08-21 06:00:00,30.1,37.4554371636976,29.6333424376484,29.1024431985487,"Ashkelon 10 m"
2025-08-21 07:00:00,31.1,46.6480780104123,30.8946988478639,30.7438250044309,"Ashkelon 10 m"
2025-08-21 08:00:00,32.8,57.7064369611181,33.5103999459333,33.7417534284033,"Ashkelon 10 m"
2025-08-21 09:00:00,35.5,62.0916618998518,36.0210408064422,37.008226841258,"Ashkelon 10 m"
2025-08-21 10:00:00,37,65.7437861089122,38.1722360109754,39.527302039088,"Ashkelon 10 m"
2025-08-21 11:00:00,39.3,64.1245868654157,39.7195938798953,40.7511585206891,"Ashkelon 10 m"
2025-08-21 12:00:00,40.5,59.6501133950912,41.3278551137333,41.2972729715072,"Ashkelon 10 m"
2025-08-21 13:00:00,40.5,54.1116655265007,40.797905641768,40.894516745678,"Ashkelon 10 m"
2025-08-21 14:00:00,39.6,46.8733532447767,39.7382358237867,39.5226151962232,"Ashkelon 10 m"
2025-08-21 15:00:00,37.7,39.4138529554047,37.7745065927012,37.5054880633988,"Ashkelon 10 m"
2025-08-21 16:00:00,35.2,32.2645996601346,35.4034700542803,35.0019453556302,"Ashkelon 10 m"
2025-08-21 17:00:00,33.1,28.9381139004567,33.2647792166334,32.8129327023366,"Ashkelon 10 m"
2025-08-21 18:00:00,31.8,28.1910513628597,32.0618081207147,31.8463209856624,"Ashkelon 10 m"
2025-08-21 19:00:00,30.8,27.8031533853465,31.0071998500521,31.0193732873851,"Ashkelon 10 m"
2025-08-21 20:00:00,29.9,27.3055500332924,30.0241698578133,29.8963794056984,"Ashkelon 10 m"
2025-08-21 21:00:00,28.6,26.6910784155672,28.8920730968526,28.8709399611299,"Ashkelon 10 m"
2025-08-21 22:00:00,28,26.4179161425576,28.2926468397089,28.4226692553506,"Ashkelon 10 m"
2025-08-21 23:00:00,27.4,26.1319791261691,27.7884180010311,28.4126106683749,"Ashkelon 10 m"
2025-08-22,26.9,25.939454003283,27.2502398066767,27.9535254678216,"Ashkelon 10 m"
2025-08-22 01:00:00,26.5,25.410642396696,26.8246825386318,27.27229536701,"Ashkelon 10 m"
2025-08-22 02:00:00,26.1,25.1046314974725,26.4255894648728,26.8307346840799,"Ashkelon 10 m"
2025-08-22 03:00:00,25.8,24.7420753873986,26.0495616504969,26.1424445547265,"Ashkelon 10 m"
2025-08-22 04:00:00,25.9,25.2369792100754,25.9593108059278,25.5026727554169,"Ashkelon 10 m"
2025-08-22 05:00:00,26.4,33.1678970938144,26.7420566744688,26.2918575888095,"Ashkelon 10 m"
2025-08-22 06:00:00,29.1,39.1335946040995,28.9772803086195,28.4536944347269,"Ashkelon 10 m"
2025-08-22 07:00:00,32.4,51.7214763657607,31.6102542001289,32.2457778946914,"Ashkelon 10 m"
2025-08-22 08:00:00,35.3,63.285244145005,35.4486774477967,36.0321370740822,"Ashkelon 10 m"
2025-08-22 09:00:00,37.8,67.8566298870047,38.0653052337612,37.8915267375906,"Ashkelon 10 m"
2025-08-22 10:00:00,40,69.2321797838191,39.9016459903923,39.8041593065242,"Ashkelon 10 m"
2025-08-22 11:00:00,41.5,65.5442576749772,41.1582088185971,40.4522242887467,"Ashkelon 10 m"
2025-08-22 12:00:00,42,60.1881359978305,42.2963486199666,40.8528717918979,"Ashkelon 10 m"
2025-08-22 13:00:00,41.9,54.0642208757769,41.6428617808384,40.5803703966509,"Ashkelon 10 m"
2025-08-22 14:00:00,40.6,47.0649650912601,40.2238083074809,39.568033061536,"Ashkelon 10 m"
2025-08-22 15:00:00,38.6,39.7450394942871,38.2985686336763,37.563735993158,"Ashkelon 10 m"
2025-08-22 16:00:00,36.2,32.5298447613273,35.9827413536993,35.1596260075126,"Ashkelon 10 m"
2025-08-22 17:00:00,34.2,29.3160780763865,33.833802359435,32.9924610948802,"Ashkelon 10 m"
2025-08-22 18:00:00,32.9,28.4039663705449,32.5464200395618,31.9352430734258,"Ashkelon 10 m"
2025-08-22 19:00:00,32,27.8679981127816,31.6988275512842,31.1234140292245,"Ashkelon 10 m"
2025-08-22 20:00:00,31.2,27.4421876057236,30.9806600929779,30.3247340305893,"Ashkelon 10 m"
2025-08-22 21:00:00,30.6,27.0710416156458,30.2215619351483,29.578577550094,"Ashkelon 10 m"
2025-08-22 22:00:00,29.3,26.6372430210296,29.1600042769087,28.6957962398712,"Ashkelon 10 m"
2025-08-22 23:00:00,28.6,26.091150282779,28.5225950853203,27.8971160639909,"Ashkelon 10 m"
2025-08-23,28,25.8601697202904,27.9372103057668,27.696445893882,"Ashkelon 10 m"
2025-08-23 01:00:00,27.5,25.3039656659033,27.3310498188275,27.1219804068472,"Ashkelon 10 m"
2025-08-23 02:00:00,27,24.936475050038,26.707147147195,26.6706382151305,"Ashkelon 10 m"
2025-08-23 03:00:00,26.6,24.6522738281072,26.2772319305566,26.0563821140111,"Ashkelon 10 m"
2025-08-23 04:00:00,26.6,25.5159462467862,26.3468157918705,25.5299205557538,"Ashkelon 10 m"
2025-08-23 05:00:00,26.9,35.6499070604059,27.0439987372248,27.3092517335626,"Ashkelon 10 m"
2025-08-23 06:00:00,29.3,41.9253624125417,29.2129410147746,29.1662853403981,"Ashkelon 10 m"
2025-08-23 07:00:00,32.8,54.5322581871437,32.2753867497583,33.8397342308449,"Ashkelon 10 m"
2025-08-23 08:00:00,35.4,63.644151769829,35.9085547915041,36.6540661680224,"Ashkelon 10 m"
2025-08-23 09:00:00,37.6,67.2824915436027,38.0814018139046,38.2916201141593,"Ashkelon 10 m"
2025-08-23 10:00:00,39.5,66.8693013812948,40.0701096487765,39.9036107685018,"Ashkelon 10 m"
2025-08-23 11:00:00,41.1,64.3950381106152,41.6908874105951,40.8572954958691,"Ashkelon 10 m"
2025-08-23 12:00:00,41.6,60.1202589275758,41.9958078714128,41.3030592205445,"Ashkelon 10 m"
2025-08-23 13:00:00,41.6,54.2902808595874,41.8992628717793,41.1643958498218,"Ashkelon 10 m"
2025-08-23 14:00:00,40.8,47.951740876839,40.7878067405261,40.2321316162799,"Ashkelon 10 m"
2025-08-23 15:00:00,39.2,41.0513876701858,38.5503874196647,38.2465332771804,"Ashkelon 10 m"
2025-08-23 16:00:00,37.1,33.8399476131319,36.9414840650282,35.8940533717989,"Ashkelon 10 m"
2025-08-23 17:00:00,34.7,30.5706425202103,34.347183089947,33.7592196953507,"Ashkelon 10 m"
2025-08-23 18:00:00,33.3,29.3580490563959,33.1216039159742,32.766891620025,"Ashkelon 10 m"
2025-08-23 19:00:00,32.1,28.7843841636001,31.8902520623869,31.4119543158828,"Ashkelon 10 m"
2025-08-23 20:00:00,30.9,28.347724284655,30.6368708836225,30.6948603053154,"Ashkelon 10 m"
2025-08-23 21:00:00,29.8,27.9404243114149,29.6201018346474,29.972223150984,"Ashkelon 10 m"
2025-08-23 22:00:00,29.1,27.1189259449792,29.002849312359,29.3851932446313,"Ashkelon 10 m"
2025-08-23 23:00:00,28.4,26.4373502488579,28.279726855676,28.6354274507012,"Ashkelon 10 m"
2025-08-24,27.9,26.1535738702173,27.7446944878577,28.0978243346567,"Ashkelon 10 m"
2025-08-24 01:00:00,27.4,25.8392370564551,27.3089232969015,27.6223935706229,"Ashkelon 10 m"
2025-08-24 02:00:00,26.9,25.7180543459739,26.8392854754602,27.2721598662223,"Ashkelon 10 m"
2025-08-24 03:00:00,26.5,25.6491331407137,26.6992935985685,27.0385016748018,"Ashkelon 10 m"
2025-08-24 04:00:00,26.2,25.852167970035,26.2212289424321,26.7071433127856,"Ashkelon 10 m"
2025-08-24 05:00:00,26.6,32.5288030892476,26.6723491813451,27.1211173325643,"Ashkelon 10 m"
2025-08-24 06:00:00,29.3,38.9377734937697,28.974723767894,29.217333582881,"Ashkelon 10 m"
2025-08-24 07:00:00,32.4,51.1147330091856,31.8278339308589,33.0345442579649,"Ashkelon 10 m"
2025-08-24 08:00:00,34.2,60.4154552829438,34.8073103792699,34.8434624087983,"Ashkelon 10 m"
2025-08-24 09:00:00,37.4,65.7826423227963,37.7729622708387,37.6108760416684,"Ashkelon 10 m"
2025-08-24 10:00:00,39.5,67.9314419015409,39.8468758455484,40.358079551077,"Ashkelon 10 m"
2025-08-24 11:00:00,40.9,66.3351009869786,41.1397944933573,40.7339714551183,"Ashkelon 10 m"
2025-08-24 12:00:00,41.5,62.1956198101588,42.1512181028957,40.8156301861354,"Ashkelon 10 m"
2025-08-24 13:00:00,41.1,55.8523046939831,41.448724684587,40.333002325819,"Ashkelon 10 m"
2025-08-24 14:00:00,40.1,47.7514625954342,40.278218361854,39.3957983421993,"Ashkelon 10 m"
2025-08-24 15:00:00,38.4,39.9005124396274,38.1573731837736,37.8306963271091,"Ashkelon 10 m"
2025-08-24 16:00:00,36.3,32.704739228383,36.1154581793312,35.3003488933,"Ashkelon 10 m"
2025-08-24 17:00:00,34.2,29.5409369954844,33.8786065214249,33.2122397908946,"Ashkelon 10 m"
2025-08-24 18:00:00,32.8,28.7058583409919,32.5651158582018,32.2222229154243,"Ashkelon 10 m"
2025-08-24 19:00:00,31.9,28.2136898777511,31.706346687206,31.3825040600326,"Ashkelon 10 m"
2025-08-24 20:00:00,31.1,27.8302169225882,30.9933159332542,30.6827431104849,"Ashkelon 10 m"
2025-08-24 21:00:00,30.6,27.4344739192367,30.4682655526015,29.9503206485153,"Ashkelon 10 m"
2025-08-24 22:00:00,30.3,26.8632679267151,29.9573576074878,29.1172485633118,"Ashkelon 10 m"
2025-08-24 23:00:00,29.8,26.1827046849107,29.4582315110378,28.4519884564256,"Ashkelon 10 m"
2025-08-25,28.8,26.1199838789835,28.5222071990707,28.1525756987467,"Ashkelon 10 m"
2025-08-25 01:00:00,28.2,25.6433583184232,28.0212883584104,27.6460929795255,"Ashkelon 10 m"
2025-08-25 02:00:00,27.7,25.3746896327531,27.4738691159341,27.1923846543824,"Ashkelon 10 m"
2025-08-25 03:00:00,27.1,25.3772504213571,26.8609904675753,26.9559097173929,"Ashkelon 10 m"
2025-08-25 04:00:00,26.9,25.9741656236962,26.6734646501061,26.8784809761361,"Ashkelon 10 m"
2025-08-25 05:00:00,27.1,33.6894350581554,27.1609755713635,27.5494947963146,"Ashkelon 10 m"
2025-08-25 06:00:00,29.2,39.3591042875934,29.1759351933357,29.8623238920856,"Ashkelon 10 m"
2025-08-25 07:00:00,31.1,48.1848076055794,31.172623990596,32.3132408331185,"Ashkelon 10 m"
2025-08-25 08:00:00,32.4,55.6366738025748,32.7458408248434,33.2181595508658,"Ashkelon 10 m"
2025-08-25 09:00:00,34.4,59.9757393388787,35.1374411591956,36.0578869371453,"Ashkelon 10 m"
2025-08-25 10:00:00,33.8,63.4960199223445,35.4551904538311,38.7759919987605,"Ashkelon 10 m"
2025-08-25 11:00:00,34.5,62.9554491493415,36.3762615914687,40.176159903736,"Ashkelon 10 m"
2025-08-25 12:00:00,35.2,59.3155588387164,37.5666145016515,41.0525163887652,"Ashkelon 10 m"
2025-08-25 13:00:00,35.3,54.007740043763,37.4675710256315,40.5000152818001,"Ashkelon 10 m"
2025-08-25 14:00:00,35.4,47.1622206658291,37.0056480363333,39.228057095425,"Ashkelon 10 m"
2025-08-25 15:00:00,35.1,39.6195599279141,35.5421484727335,37.2177783689236,"Ashkelon 10 m"
2025-08-25 16:00:00,34.4,32.3295090443102,34.7421327781553,34.8777992969957,"Ashkelon 10 m"
2025-08-25 17:00:00,33.3,29.0807733842797,33.2252059013872,32.7612667390771,"Ashkelon 10 m"
2025-08-25 18:00:00,32.4,28.1927916659754,32.1286394435429,31.60340186495,"Ashkelon 10 m"
2025-08-25 19:00:00,31.7,27.7016173579839,31.3969614690641,30.7504807689336,"Ashkelon 10 m"
2025-08-25 20:00:00,30.4,27.1346452817364,30.306314865979,29.8834717854901,"Ashkelon 10 m"
2025-08-25 21:00:00,30.5,26.7143086296483,30.0208922567707,29.0728067261144,"Ashkelon 10 m"
2025-08-25 22:00:00,30.3,26.296670459842,29.7695914639136,28.7251386872285,"Ashkelon 10 m"
2025-08-25 23:00:00,30.2,25.7841575268309,29.3914420702777,28.3793060902159,"Ashkelon 10 m"
2025-08-26,30,25.4896611233264,29.0409226339672,27.8151120205432,"Ashkelon 10 m"
2025-08-26 01:00:00,29.4,25.2305743294934,28.4432186976401,27.4940869408826,"Ashkelon 10 m"
2025-08-26 02:00:00,29.2,25.0379710273719,28.2605080042175,27.0549683647132,"Ashkelon 10 m"
2025-08-26 03:00:00,29,24.8805029144205,28.1778408486107,26.6874660005487,"Ashkelon 10 m"
2025-08-26 04:00:00,28.9,25.2775567455737,27.8509957498568,26.315853206679,"Ashkelon 10 m"
2025-08-26 05:00:00,28.6,31.1002934489225,28.1167842021566,26.7434657130216,"Ashkelon 10 m"
2025-08-26 06:00:00,28.5,37.9336114054345,28.1402950157509,30.1406421785973,"Ashkelon 10 m"
2025-08-26 07:00:00,28.4,45.9203162605428,28.4428140493278,31.3490443641805,"Ashkelon 10 m"
2025-08-26 08:00:00,30.2,51.9171616659009,30.9676273858316,31.520707808479,"Ashkelon 10 m"
2025-08-26 09:00:00,33.2,57.6040790179851,33.910306490672,34.1365630725505,"Ashkelon 10 m"
2025-08-26 10:00:00,33.2,61.8160414633288,34.8759793049637,37.3268523153796,"Ashkelon 10 m"
2025-08-26 11:00:00,34.4,61.5503634980126,36.3497323060311,39.3002814820214,"Ashkelon 10 m"
2025-08-26 12:00:00,34.8,57.6319951871708,36.6775109959152,40.4559163907841,"Ashkelon 10 m"
2025-08-26 13:00:00,35.1,52.1220467979712,36.3705432930205,40.1711581642432,"Ashkelon 10 m"
2025-08-26 14:00:00,34.6,45.6508740370877,35.9558260944712,39.1466654723294,"Ashkelon 10 m"
2025-08-26 15:00:00,32.6,38.3811867080088,34.0384767038972,36.9576219163294,"Ashkelon 10 m"
2025-08-26 16:00:00,31.1,31.4107091567248,32.5737274446057,34.4524080893725,"Ashkelon 10 m"
2025-08-26 17:00:00,29.9,28.4977686696474,31.1949389129479,32.2605612569277,"Ashkelon 10 m"
2025-08-26 18:00:00,29.3,27.7070356083946,30.2628584061009,31.2497077656822,"Ashkelon 10 m"
2025-08-26 19:00:00,28.9,27.1707554642576,29.6683079748767,30.4265209023374,"Ashkelon 10 m"
2025-08-26 20:00:00,29.1,26.6946083195949,29.236736039002,29.3696170933986,"Ashkelon 10 m"
2025-08-26 21:00:00,28.7,26.3520764697263,28.9936182742746,28.6334652293393,"Ashkelon 10 m"
2025-08-26 22:00:00,28.6,26.0687707980691,28.9534508615062,28.5286974032937,"Ashkelon 10 m"
2025-08-26 23:00:00,28.7,25.8042608180619,28.8393093994445,28.2672820964432,"Ashkelon 10 m"
2025-08-27,27.4,25.6538848318353,27.7324097069001,28.0361813940301,"Ashkelon 10 m"
2025-08-27 01:00:00,26.3,25.2337769545281,27.0102002094127,27.5686968840325,"Ashkelon 10 m"
2025-08-27 02:00:00,25.9,25.0150373180345,26.6344242239763,27.1384017665819,"Ashkelon 10 m"
2025-08-27 03:00:00,25.6,24.8229217060955,26.4516644976541,26.6480642088802,"Ashkelon 10 m"
2025-08-27 04:00:00,25.4,25.3291376552882,25.7983260108963,26.1971871576609,"Ashkelon 10 m"
2025-08-27 05:00:00,25.8,32.3180282642868,26.5868282516283,27.2370780041244,"Ashkelon 10 m"
2025-08-27 06:00:00,27.6,37.5874648668077,28.0073757570806,29.5189157106187,"Ashkelon 10 m"
2025-08-27 07:00:00,28,45.180613546485,28.8459893406518,31.4663439084235,"Ashkelon 10 m"
2025-08-27 08:00:00,30.1,50.8095238132308,30.677540519638,31.7357437534163,"Ashkelon 10 m"
2025-08-27 09:00:00,33.6,55.0353642104574,33.0892344532677,33.2959843276449,"Ashkelon 10 m"
2025-08-27 10:00:00,35.6,57.2168220288014,34.7311858956345,34.59794843261,"Ashkelon 10 m"
2025-08-27 11:00:00,36.8,57.8408193461941,36.8415121321186,36.2823934428738,"Ashkelon 10 m"
2025-08-27 12:00:00,37.2,55.8525107522615,37.7074015019663,38.5259078164705,"Ashkelon 10 m"
2025-08-27 13:00:00,36.6,51.3650188471672,37.398490589872,39.2062377955315,"Ashkelon 10 m"
2025-08-27 14:00:00,35.8,45.1997775988383,36.5141576986792,38.7367029146952,"Ashkelon 10 m"
2025-08-27 15:00:00,34.4,37.8901788726851,34.6956370597412,36.7557984128996,"Ashkelon 10 m"
2025-08-27 16:00:00,32.9,30.963750335039,33.3182190811667,34.3161835396899,"Ashkelon 10 m"
2025-08-27 17:00:00,31.4,28.1640417343231,31.9339422072657,32.1097814804168,"Ashkelon 10 m"
2025-08-27 18:00:00,30.6,27.2527355945176,30.7812027853282,31.0292629993028,"Ashkelon 10 m"
2025-08-27 19:00:00,29.9,26.6945615796205,30.270670374064,30.0081921605226,"Ashkelon 10 m"
2025-08-27 20:00:00,29.4,26.1915739483673,29.4139627803789,29.1322692341644,"Ashkelon 10 m"
2025-08-27 21:00:00,29.1,25.8056776706405,29.1572259714406,28.3919108096786,"Ashkelon 10 m"
2025-08-27 22:00:00,28.8,24.7488923200082,28.6694664623361,27.7514948972177,"Ashkelon 10 m"
2025-08-27 23:00:00,28.5,24.2435591276547,28.3411725807056,27.3862078245541,"Ashkelon 10 m"
2025-08-28,28.2,24.0662068205379,28.1902513008427,27.1411351042293,"Ashkelon 10 m"
2025-08-28 01:00:00,27.4,23.9605545316941,27.4465527033666,27.1729335104233,"Ashkelon 10 m"
2025-08-28 02:00:00,26.9,23.7939316659949,27.0635863833987,26.539654913523,"Ashkelon 10 m"
2025-08-28 03:00:00,26,23.6310289907855,26.4491536481505,26.2641676474017,"Ashkelon 10 m"
2025-08-28 04:00:00,25.6,23.8225738994549,26.0133150480029,25.774893640704,"Ashkelon 10 m"
2025-08-28 05:00:00,26.1,28.0931512064313,26.3562698778784,25.724449748454,"Ashkelon 10 m"
2025-08-28 06:00:00,27.6,30.7065157038927,27.4569497694588,29.2497698409319,"Ashkelon 10 m"
2025-08-28 07:00:00,28.7,33.1056751714525,29.6735588445548,30.7059502111254,"Ashkelon 10 m"
2025-08-28 08:00:00,31.0000000000001,35.2264994919836,31.9183207169382,32.5405344307959,"Ashkelon 10 m"
2025-08-28 09:00:00,33.4,36.5216979376091,35.0733547936233,35.0699353805794,"Ashkelon 10 m"
2025-08-28 10:00:00,34.5,42.6335511381415,35.9471628969017,37.7293667967108,"Ashkelon 10 m"
2025-08-28 11:00:00,34,57.0043917368695,34.2956780854791,39.6904497813031,"Ashkelon 10 m"
2025-08-28 12:00:00,33.9,54.1131715824841,34.6150847657678,38.0345163395642,"Ashkelon 10 m"
2025-08-28 13:00:00,33.3,49.8910629569192,35.1211847458012,37.4617111502786,"Ashkelon 10 m"
2025-08-28 14:00:00,32.6,42.7482339040111,34.3535303490924,37.4691148892711,"Ashkelon 10 m"
2025-08-28 15:00:00,32.2,35.4379462128433,33.8964136555599,35.3396084433349,"Ashkelon 10 m"
2025-08-28 16:00:00,31.1,29.040461533112,32.2253564123628,32.7268123555607,"Ashkelon 10 m"
2025-08-28 17:00:00,29.8,26.4162281180309,30.7393158133615,30.6840708876537,"Ashkelon 10 m"
2025-08-28 18:00:00,29,25.7271390325936,29.7672885461489,29.9396124250802,"Ashkelon 10 m"
2025-08-28 19:00:00,28.5,25.1612395301265,29.1167600910594,29.0855878844661,"Ashkelon 10 m"
2025-08-28 20:00:00,28.2,24.6919874266824,28.4523070957335,28.1538032607278,"Ashkelon 10 m"
2025-08-28 21:00:00,27.9,24.1350339036612,28.0193992043336,27.2069652658133,"Ashkelon 10 m"
2025-08-28 22:00:00,27.6,23.8792030480401,27.0065881094581,26.5632292893426,"Ashkelon 10 m"
2025-08-28 23:00:00,27.1,23.2835054685852,26.4335988076481,25.6024675657532,"Ashkelon 10 m"
2025-08-29,26.2,22.9742279187926,25.809405199787,25.0617079869994,"Ashkelon 10 m"
2025-08-29 01:00:00,25.5,22.4054547775255,25.0965958349038,24.278999589728,"Ashkelon 10 m"
2025-08-29 02:00:00,25.1,22.1047968407504,24.880255597227,23.7931912680499,"Ashkelon 10 m"
2025-08-29 03:00:00,24.6,21.704416957409,24.3750799890766,23.3931632905313,"Ashkelon 10 m"
2025-08-29 04:00:00,24.3,21.9267013757251,24.25153403511,22.8538147895358,"Ashkelon 10 m"
2025-08-29 05:00:00,24.7,27.7677351493281,24.7907906764162,23.0004045028132,"Ashkelon 10 m"
2025-08-29 06:00:00,27.3,34.8915883415758,27.1729337982752,27.6240841263353,"Ashkelon 10 m"
2025-08-29 07:00:00,30.3,40.2592240911821,31.7094213623066,30.7722884756425,"Ashkelon 10 m"
2025-08-29 08:00:00,32.9,43.0851663223958,34.0838731241235,33.1523097626424,"Ashkelon 10 m"
2025-08-29 09:00:00,34.6,41.8126426235333,35.7335364708017,34.9538016811505,"Ashkelon 10 m"
2025-08-29 10:00:00,35.6,40.6765392947952,36.8938633056505,36.5183285404007,"Ashkelon 10 m"
2025-08-29 11:00:00,36.1,52.2651891787083,35.9010508260193,38.9245176394017,"Ashkelon 10 m"
2025-08-29 12:00:00,35.7,56.5270480170562,36.8946052614,38.451692487271,"Ashkelon 10 m"
2025-08-29 13:00:00,34.9,51.0227151261999,35.2971901988766,38.1791444169714,"Ashkelon 10 m"
2025-08-29 14:00:00,34.2,43.6467335271539,34.6699586353385,37.2812025594415,"Ashkelon 10 m"
2025-08-29 15:00:00,33.6,36.0778968229164,34.3504467955339,35.3200846805443,"Ashkelon 10 m"
2025-08-29 16:00:00,32.4,29.4436113859338,32.9132671614968,32.9165475393457,"Ashkelon 10 m"
2025-08-29 17:00:00,30.9,26.7527955299767,31.5702179414872,30.9640568024071,"Ashkelon 10 m"
2025-08-29 18:00:00,30,25.8046978738299,30.3053319424689,30.1661027696124,"Ashkelon 10 m"
2025-08-29 19:00:00,29.1,24.9605696903236,29.4816957753923,29.20393402443,"Ashkelon 10 m"
2025-08-29 20:00:00,28.5,24.1250314993514,28.6265658637754,28.0241546911849,"Ashkelon 10 m"
2025-08-29 21:00:00,28,23.3954681819588,27.5885765316065,26.9509210055977,"Ashkelon 10 m"
2025-08-29 22:00:00,27.3,22.699607584992,26.9419778571849,26.0986907225042,"Ashkelon 10 m"
2025-08-29 23:00:00,26.7,22.2005116448798,26.3867474825212,25.3708888993659,"Ashkelon 10 m"
2025-08-30,26.2,21.9291047306414,25.7000745732811,24.8748878689165,"Ashkelon 10 m"
2025-08-30 01:00:00,25.7,21.1464826912827,25.241639545223,23.9333779663987,"Ashkelon 10 m"
2025-08-30 02:00:00,25.3,20.6402188072677,24.6611682090333,23.4913259277816,"Ashkelon 10 m"
2025-08-30 03:00:00,24.9,20.2275699501873,24.3250839074198,22.7600687867046,"Ashkelon 10 m"
2025-08-30 04:00:00,24.7,20.9470421898873,24.0823169274509,22.2836594212563,"Ashkelon 10 m"
2025-08-30 05:00:00,25,32.0518286572857,25.1938456550436,24.0256359921856,"Ashkelon 10 m"
2025-08-30 06:00:00,27.6,43.3130694594509,28.3334370740749,27.2994414534695,"Ashkelon 10 m"
2025-08-30 07:00:00,31,55.206163899753,30.5025455866179,31.8676324056124,"Ashkelon 10 m"
2025-08-30 08:00:00,34,63.4407767701368,33.9816484894773,34.493822042964,"Ashkelon 10 m"
2025-08-30 09:00:00,35.9,65.7470459693513,35.8627198030323,36.3976921790681,"Ashkelon 10 m"
2025-08-30 10:00:00,36.7000000000001,67.3495665871663,37.068944904592,38.9202109658284,"Ashkelon 10 m"
2025-08-30 11:00:00,36.9,63.7568432023807,37.74550110416,39.312022798328,"Ashkelon 10 m"
2025-08-30 12:00:00,36.5,58.5105208481812,37.2047753327933,39.5310744370484,"Ashkelon 10 m"
2025-08-30 13:00:00,35.6,52.5188158485111,36.1741803006228,38.7837027045902,"Ashkelon 10 m"
2025-08-30 14:00:00,34.8,45.6807525798193,35.4796505670476,37.5304468318335,"Ashkelon 10 m"
2025-08-30 15:00:00,34.2,38.0040661986744,34.5441320706658,35.5478303130543,"Ashkelon 10 m"
2025-08-30 16:00:00,33.1,30.829611026583,33.488149654002,33.4744245641807,"Ashkelon 10 m"
2025-08-30 17:00:00,31.7,27.8593387289448,32.1411210062267,31.6582235975666,"Ashkelon 10 m"
2025-08-30 18:00:00,30.9,27.0611331185797,31.1288490068762,30.6664654931525,"Ashkelon 10 m"
2025-08-30 19:00:00,30.2,26.3354402602042,30.4073720941756,29.6924143851126,"Ashkelon 10 m"
2025-08-30 20:00:00,29.6,25.6265203028971,29.5341607915214,28.7171932727152,"Ashkelon 10 m"
2025-08-30 21:00:00,29,24.986277852208,28.6611821067985,27.5762822963303,"Ashkelon 10 m"
2025-08-30 22:00:00,28.6,24.3977962832319,27.8214226631307,26.8045092921125,"Ashkelon 10 m"
2025-08-30 23:00:00,28.2,23.9029939021058,27.5046377218317,25.9750645007081,"Ashkelon 10 m"
2025-09-07 01:00:00,28.4,23.7228977027188,27.763492314968,26.9115969481717,"Ashkelon 10 m"
2025-09-07 02:00:00,27.8,23.4371496111733,27.0852466165351,26.3898907572609,"Ashkelon 10 m"
2025-09-07 03:00:00,27.3,23.181954897023,26.4677617286976,25.7502618199356,"Ashkelon 10 m"
2025-09-07 04:00:00,26.8,23.2028572562074,26.417313066745,24.7699593308305,"Ashkelon 10 m"
2025-09-07 05:00:00,27.4,26.636342113089,27.1853043156836,24.5676789928192,"Ashkelon 10 m"
2025-09-07 06:00:00,28.3,29.6152871951,28.3146859023185,27.5330897673504,"Ashkelon 10 m"
2025-09-07 07:00:00,31.1,31.3267410939322,30.805669148873,29.9256519024954,"Ashkelon 10 m"
2025-09-07 08:00:00,34.1,32.9132214056027,33.0731347939711,31.6682740913403,"Ashkelon 10 m"
2025-09-07 09:00:00,36.5,34.5957774893057,35.8394251813124,32.7722979561102,"Ashkelon 10 m"
2025-09-07 10:00:00,37.8,35.5126243179472,37.0546475357833,35.29635887796,"Ashkelon 10 m"
2025-09-07 11:00:00,38.6,38.9885223738054,38.7250148203918,36.9390080801347,"Ashkelon 10 m"
2025-09-07 12:00:00,38.8,49.332628051087,38.2543199548098,37.6271026528326,"Ashkelon 10 m"
2025-09-07 13:00:00,38.5,47.5929969251257,37.5393038488966,37.1729358136755,"Ashkelon 10 m"
2025-09-07 14:00:00,37.6,41.5008560178748,37.2057106687987,35.6759954450599,"Ashkelon 10 m"
2025-09-07 15:00:00,36.2,34.1491787854414,35.8082277371992,34.1385881129484,"Ashkelon 10 m"
2025-09-07 16:00:00,34.4,27.9469990479526,33.6554083076332,32.0562224137363,"Ashkelon 10 m"
2025-09-07 17:00:00,32.8,26.0706667515255,31.9469376198816,30.4575495335079,"Ashkelon 10 m"
2025-09-07 18:00:00,31.7,25.2701400123354,30.8317430291213,29.6277411781069,"Ashkelon 10 m"
2025-09-07 19:00:00,30.8,24.6810051944942,30.1316411850695,28.70732946665,"Ashkelon 10 m"
2025-09-07 20:00:00,30.1,24.0603717518577,29.2374314628694,27.6919435215721,"Ashkelon 10 m"
2025-09-07 21:00:00,29.5,23.5353039154148,28.5231303040987,26.7132757553196,"Ashkelon 10 m"
2025-09-07 22:00:00,28.9,23.5794049639963,28.0530908320317,26.418262137916,"Ashkelon 10 m"
2025-09-07 23:00:00,28.3,23.0977772230825,27.2219176686909,25.8211844916067,"Ashkelon 10 m"
2025-09-08,27.6,22.8653600531914,26.8439588127456,25.249669345031,"Ashkelon 10 m"
2025-09-08 01:00:00,27.1,22.4288674265824,26.4474843396805,24.8387890727006,"Ashkelon 10 m"
2025-09-08 02:00:00,26.8,22.0922433827188,26.2126395851607,24.3915316555765,"Ashkelon 10 m"
2025-09-08 03:00:00,26.4,21.8173555739058,25.8262214903412,23.8892897970808,"Ashkelon 10 m"
2025-09-08 04:00:00,26.2,22.0052773450165,25.7116520023201,23.9037297461777,"Ashkelon 10 m"
2025-09-08 05:00:00,26.4,26.5181383056393,26.122009702183,24.2668036384335,"Ashkelon 10 m"
2025-09-08 06:00:00,27.8,30.0717182141153,27.6059941993797,27.2809472065775,"Ashkelon 10 m"
2025-09-08 07:00:00,30.3,31.2840563893246,29.5874427479517,29.6345647215771,"Ashkelon 10 m"
2025-09-08 08:00:00,33.2,33.7160772095999,32.6269467641285,29.5071486245474,"Ashkelon 10 m"
2025-09-08 09:00:00,35.3,34.9261445092057,35.2938731881786,32.9529854344224,"Ashkelon 10 m"
2025-09-08 10:00:00,36.6,37.386801267056,36.1831418156179,35.7696947101636,"Ashkelon 10 m"
2025-09-08 11:00:00,37.6,36.3943783575105,37.730199873246,37.4569347435045,"Ashkelon 10 m"
2025-09-08 12:00:00,38.1,37.8376063148896,38.3537907407126,39.4696619551102,"Ashkelon 10 m"
2025-09-08 13:00:00,38,40.5270545397763,37.8019904901273,38.9887032423978,"Ashkelon 10 m"
2025-09-08 14:00:00,37.1,37.1487820862247,36.5374308760297,35.0928738830997,"Ashkelon 10 m"
2025-09-08 15:00:00,35.6999999999999,31.4172925358764,35.0345695484452,34.1158933049194,"Ashkelon 10 m"
2025-09-08 16:00:00,34,26.3330239703025,32.6037689997105,31.7155284334983,"Ashkelon 10 m"
2025-09-08 17:00:00,32.3,24.45514797629,31.2438837081074,29.7099235004294,"Ashkelon 10 m"
2025-09-08 18:00:00,31.3,23.7021315190974,30.4433863673529,28.7520420644465,"Ashkelon 10 m"
2025-09-08 19:00:00,30.7,23.1130936697997,29.5815090761031,27.8253291205443,"Ashkelon 10 m"
2025-09-08 20:00:00,30.1,22.6755053019081,29.2086752316335,26.9983245348488,"Ashkelon 10 m"
2025-09-08 21:00:00,29.6,22.4780141284913,28.4195194792761,26.1115704944581,"Ashkelon 10 m"
2025-09-08 22:00:00,27.8,22.3401579375108,27.2869350322252,25.6000914091905,"Ashkelon 10 m"
2025-09-08 23:00:00,27.1,22.109868640689,26.6321202697009,25.2255235860625,"Ashkelon 10 m"
2025-09-09,26.5,21.9883294787822,26.1819005897254,24.6944056239543,"Ashkelon 10 m"
2025-09-09 01:00:00,25.9,21.5839889953005,25.5238604756318,24.3146012732851,"Ashkelon 10 m"
2025-09-09 02:00:00,25,21.1350465754602,24.760090591284,23.7839990595911,"Ashkelon 10 m"
2025-09-09 03:00:00,24.3,20.954500931904,24.6032382288944,23.0086748782846,"Ashkelon 10 m"
2025-09-09 04:00:00,23.7,21.2911774656058,23.8887982922453,22.9333663722754,"Ashkelon 10 m"
2025-09-09 05:00:00,23.8,28.0484796915301,24.2083994940161,23.6032773409136,"Ashkelon 10 m"
2025-09-09 06:00:00,25.6,35.2064144202904,26.2442993874994,26.2413417884545,"Ashkelon 10 m"
2025-09-09 07:00:00,28.5,39.7309475120086,30.3661557592572,30.4400329764861,"Ashkelon 10 m"
2025-09-09 08:00:00,31.5,51.0377517595236,31.5711862967272,34.0363956346457,"Ashkelon 10 m"
2025-09-09 09:00:00,34.1,61.6944945841739,33.7970769301036,35.8236850291202,"Ashkelon 10 m"
2025-09-09 10:00:00,36.4,62.874706153717,36.1905878193026,36.6474608229065,"Ashkelon 10 m"
2025-09-09 11:00:00,38,60.5860361287946,38.2560570246282,37.8580869863385,"Ashkelon 10 m"
2025-09-09 12:00:00,37.9,55.5544007511739,38.0222921851148,38.3789437504415,"Ashkelon 10 m"
2025-09-09 13:00:00,37.6,49.0877864144344,37.8410938708511,37.8475596688289,"Ashkelon 10 m"
2025-09-09 14:00:00,36.4,40.8911007758033,36.8078009297172,36.3730834837806,"Ashkelon 10 m"
2025-09-09 15:00:00,34.4,33.5031652281711,34.7209395671648,34.054266316695,"Ashkelon 10 m"
2025-09-09 16:00:00,32.1,27.6488617081352,32.3283829090027,31.7901347298332,"Ashkelon 10 m"
2025-09-09 17:00:00,30.3,25.8077389582673,30.6577152224992,30.0794984683076,"Ashkelon 10 m"
2025-09-09 18:00:00,29.2,25.0862628694322,29.6053623673828,29.4298416848924,"Ashkelon 10 m"
2025-09-09 19:00:00,28.6,24.5569140402565,28.9761485787381,28.5401255575905,"Ashkelon 10 m"
2025-09-09 20:00:00,28.1,23.9710647777965,28.2486055389379,27.7175452427318,"Ashkelon 10 m"
2025-09-09 21:00:00,27.6,23.3858275102602,27.6277731498137,26.7969708131777,"Ashkelon 10 m"
2025-09-09 22:00:00,26.9,23.2531872562293,27.2042086492572,26.1687393955115,"Ashkelon 10 m"
2025-09-09 23:00:00,26.3,22.5788613683701,26.3235572890522,25.6291161901474,"Ashkelon 10 m"
2025-09-10,25.6,22.3147899141552,25.7456997023217,24.9096724024059,"Ashkelon 10 m"
2025-09-10 01:00:00,24.9,21.6635846939391,25.1207775630834,24.1598133888549,"Ashkelon 10 m"
2025-09-10 02:00:00,24.3,21.3084510524952,24.2489209398547,23.5158809383595,"Ashkelon 10 m"
2025-09-10 03:00:00,23.6,21.6114519622881,24.4618747042171,23.2479984548647,"Ashkelon 10 m"
2025-09-10 04:00:00,23.3,22.0437594701032,23.821268076322,23.4921786833982,"Ashkelon 10 m"
2025-09-10 05:00:00,23.5,30.0448943717697,24.2559587062241,24.3309728248337,"Ashkelon 10 m"
2025-09-10 06:00:00,25.5,40.3341983460273,26.3678594603976,26.730250706562,"Ashkelon 10 m"
2025-09-10 07:00:00,28.5,47.565981641196,29.209457323783,30.0731990484226,"Ashkelon 10 m"
2025-09-10 08:00:00,32.2,57.250676154087,31.9951622880404,32.4797315587501,"Ashkelon 10 m"
2025-09-10 09:00:00,35.1,64.964104587656,35.3239666935066,35.4792165108738,"Ashkelon 10 m"
2025-09-10 10:00:00,37.2999999999999,68.9293717754504,37.7108002185616,38.3755654705188,"Ashkelon 10 m"
2025-09-10 11:00:00,38.4,63.9609129671584,37.2082984478975,36.9467890505324,"Ashkelon 10 m"
2025-09-10 12:00:00,38.6,57.7206166802339,38.4401509517284,37.0887158928804,"Ashkelon 10 m"
2025-09-10 13:00:00,37.9,48.9168223422,37.824380373375,36.9617632906863,"Ashkelon 10 m"
2025-09-10 14:00:00,36.5,41.1921502843705,36.450712065735,35.638495136818,"Ashkelon 10 m"
2025-09-10 15:00:00,34.4,33.6021459410188,34.5023278002968,33.7867049286363,"Ashkelon 10 m"
2025-09-10 16:00:00,32.1,27.7900528857179,32.3825267084753,31.5612807223268,"Ashkelon 10 m"
2025-09-10 17:00:00,30.3,25.6929477459255,30.4601685988729,29.8965219265285,"Ashkelon 10 m"
2025-09-10 18:00:00,29.2,24.9616836421086,29.4267244259296,29.2423566691472,"Ashkelon 10 m"
2025-09-10 19:00:00,28.5,24.3550041090633,28.839347436874,28.2332847487117,"Ashkelon 10 m"
2025-09-10 20:00:00,27.9,23.8555362251246,28.0880110503732,27.4354364898646,"Ashkelon 10 m"
2025-09-10 21:00:00,27.5,23.4111577471399,27.6751217309152,26.7157074412012,"Ashkelon 10 m"
2025-09-10 22:00:00,26.5,23.1378972770618,26.6394719088525,26.1973092796253,"Ashkelon 10 m"
2025-09-10 23:00:00,25.8,22.9368218669766,26.0595713246482,25.5559729823941,"Ashkelon 10 m"
2025-09-11,25.2,22.1887935618558,25.7558474573038,24.862875364224,"Ashkelon 10 m"
2025-09-11 01:00:00,24.8,22.2064920258239,25.3693941050729,24.7310558151916,"Ashkelon 10 m"
2025-09-11 02:00:00,24.1,22.088075512557,24.9573425920135,24.3764256178426,"Ashkelon 10 m"
2025-09-11 03:00:00,23.8,21.8702790332832,24.8376633213339,24.0052926136055,"Ashkelon 10 m"
2025-09-11 04:00:00,23.4,22.0388973823449,23.9585561164958,23.4131636491677,"Ashkelon 10 m"
2025-09-11 05:00:00,23.6,31.2243576286143,24.22684978897,24.4383144615,"Ashkelon 10 m"
2025-09-11 06:00:00,25.9,39.2614779835506,27.0384370634997,26.7092719441219,"Ashkelon 10 m"
2025-09-11 07:00:00,29.3,49.8709840077907,29.6985337998402,31.1442059773952,"Ashkelon 10 m"
2025-09-11 08:00:00,32.6,59.7525732108112,32.4839178652775,33.944551665401,"Ashkelon 10 m"
2025-09-11 09:00:00,35.4,63.8415054734502,35.2434390911696,36.3337234910283,"Ashkelon 10 m"
2025-09-11 10:00:00,37.5,62.9469869196501,37.6812134177525,37.714534527072,"Ashkelon 10 m"
2025-09-11 11:00:00,38.6,60.7003173050287,38.4708219338022,38.9763526138666,"Ashkelon 10 m"
2025-09-11 12:00:00,38.9,56.0071443087824,38.4682029053437,38.8584207064875,"Ashkelon 10 m"
2025-09-11 13:00:00,38.4,49.3412986331653,38.268819197558,37.9691472583484,"Ashkelon 10 m"
2025-09-11 14:00:00,37.2,41.9237077904767,37.1761055284974,36.7260997963971,"Ashkelon 10 m"
2025-09-11 15:00:00,35.1,34.5248708126337,35.2083364532053,34.7739925977976,"Ashkelon 10 m"
2025-09-11 16:00:00,32.9,28.9475308196589,33.1318405653331,32.7436276214167,"Ashkelon 10 m"
2025-09-11 17:00:00,31.4,27.1416350872654,31.6384735448937,31.1981526882786,"Ashkelon 10 m"
2025-09-11 18:00:00,30.4,26.5361580048923,30.6216199214246,30.4838885461215,"Ashkelon 10 m"
2025-09-11 19:00:00,29.5,25.8252033011889,29.7498723182883,29.4902161376452,"Ashkelon 10 m"
2025-09-11 20:00:00,28.6,25.0173965205173,28.6997577154902,28.4500094164829,"Ashkelon 10 m"
2025-09-11 21:00:00,28.1,24.5030515776473,27.8810409330631,27.4403732405501,"Ashkelon 10 m"
2025-09-11 22:00:00,27.5,24.0742457736117,27.2195031272472,26.6114657748324,"Ashkelon 10 m"
2025-09-11 23:00:00,26.6,23.6221058283421,26.4347368576779,25.9181659136387,"Ashkelon 10 m"
2025-09-12,26,23.4227370252354,25.7996136649391,25.4449933995945,"Ashkelon 10 m"
2025-09-12 01:00:00,25.4,22.9438715578155,25.1113971619909,24.741919696434,"Ashkelon 10 m"
2025-09-12 02:00:00,25,22.5751076688234,24.6962305320388,24.1984944095079,"Ashkelon 10 m"
2025-09-12 03:00:00,24.6,22.5411564194994,24.555862635434,23.8684955918627,"Ashkelon 10 m"
2025-09-12 04:00:00,24.5,23.2367849621673,24.9013023984449,23.8606577191253,"Ashkelon 10 m"
2025-09-12 05:00:00,24.6,32.0154820604197,25.0361165484498,24.9244676751963,"Ashkelon 10 m"
2025-09-12 06:00:00,26.4,42.2846457278637,27.7390695183085,27.4234492099194,"Ashkelon 10 m"
2025-09-12 07:00:00,29.9,47.6148166553147,29.9151302141607,29.6975860492356,"Ashkelon 10 m"
2025-09-12 08:00:00,32.9,59.952794123943,32.7732372503631,34.4597483170582,"Ashkelon 10 m"
2025-09-12 09:00:00,35.7,65.742947371113,35.5027128662314,36.474859984028,"Ashkelon 10 m"
2025-09-12 10:00:00,37.8,65.1168226342396,37.5794102282028,37.7953485589222,"Ashkelon 10 m"
2025-09-12 11:00:00,39,62.1526184077797,38.6824182435411,38.540748595768,"Ashkelon 10 m"
2025-09-12 12:00:00,39.2,57.174208398049,38.8871210491691,38.5734240962912,"Ashkelon 10 m"
2025-09-12 13:00:00,38.6,50.4711486403669,38.3608540680835,37.9050189559187,"Ashkelon 10 m"
2025-09-12 14:00:00,37.3,42.9095570810584,37.1734228060601,36.6044800051002,"Ashkelon 10 m"
2025-09-12 15:00:00,35.5,35.2770365728894,35.7793967328278,34.8332281364957,"Ashkelon 10 m"
2025-09-12 16:00:00,33.3,29.4654536892509,33.454583292109,32.9644003559684,"Ashkelon 10 m"
2025-09-12 17:00:00,31.7,27.4267965942957,31.8784646757594,31.5509421021082,"Ashkelon 10 m"
2025-09-12 18:00:00,30.7,26.7425524582607,30.7862607889737,30.6408421387417,"Ashkelon 10 m"
2025-09-12 19:00:00,29.9,26.1497469718205,29.8559286671457,29.6685219580876,"Ashkelon 10 m"
2025-09-12 20:00:00,29.2,25.4374944351976,28.9848357412736,28.7011052750413,"Ashkelon 10 m"
2025-09-12 21:00:00,28.2,24.9447152219216,27.7576221760467,27.7854377828042,"Ashkelon 10 m"
2025-09-12 22:00:00,27.3,24.7518584092142,27.1130263286472,26.9682490189554,"Ashkelon 10 m"
2025-09-12 23:00:00,26.7,24.5496693374905,26.7002586703582,26.53125567458,"Ashkelon 10 m"
2025-09-13,26.2,24.3483791192923,26.2957709563474,26.0687447627936,"Ashkelon 10 m"
2025-09-13 01:00:00,25.6,23.6766242125405,25.5648965762024,25.4382100441827,"Ashkelon 10 m"
2025-09-13 02:00:00,25.1,23.1484838124435,25.1560112335054,24.6631399985473,"Ashkelon 10 m"
2025-09-13 03:00:00,24.6,22.8238207100872,25.0273792585775,24.0417804717068,"Ashkelon 10 m"
2025-09-13 04:00:00,24.4,23.0563860622263,24.8244655338303,23.7605829921579,"Ashkelon 10 m"
2025-09-13 05:00:00,24.6,30.6765841679421,25.0242194312272,24.910775108799,"Ashkelon 10 m"
2025-09-13 06:00:00,26.6,38.5984112339307,27.2036990298594,26.6282860355664,"Ashkelon 10 m"
2025-09-13 07:00:00,29.9,46.6391808607717,29.5912182502662,29.6123482802053,"Ashkelon 10 m"
2025-09-13 08:00:00,32.4,60.6746644997382,32.8123407714514,35.1060686135077,"Ashkelon 10 m"
2025-09-13 09:00:00,34.6,65.4667676159325,35.0004662492421,36.4310200878563,"Ashkelon 10 m"
2025-09-13 10:00:00,36.5,64.7830119587058,37.0820574647186,37.3766742206687,"Ashkelon 10 m"
2025-09-13 11:00:00,37.9,61.7811847914712,38.125038814718,38.5707985152261,"Ashkelon 10 m"
2025-09-13 12:00:00,38.4,57.0053938406949,38.5745563278172,38.639945842648,"Ashkelon 10 m"
2025-09-13 13:00:00,38.2,50.8268389129303,38.1807871974874,37.8817753219269,"Ashkelon 10 m"
2025-09-13 14:00:00,37.3,43.5887269652268,37.2366092515476,36.5851282751938,"Ashkelon 10 m"
2025-09-13 15:00:00,35.6,36.0129447492179,35.8001826776943,34.7390407832679,"Ashkelon 10 m"
2025-09-13 16:00:00,33.6,30.0032724213547,33.6736847074748,33.2221182656235,"Ashkelon 10 m"
2025-09-13 17:00:00,31.8,27.8770129107249,32.0909514111556,31.784110250355,"Ashkelon 10 m"
2025-09-13 18:00:00,30.4,27.0169857127964,30.7029659215978,30.6806452853977,"Ashkelon 10 m"
2025-09-13 19:00:00,29.3,26.3204232272762,29.6008927980392,29.4415961322445,"Ashkelon 10 m"
2025-09-13 20:00:00,28.3,25.5200246618337,28.4039863400986,28.3619703100271,"Ashkelon 10 m"
2025-09-13 21:00:00,27.4,24.7145346759248,27.4610318758701,27.1456188319612,"Ashkelon 10 m"
2025-09-13 22:00:00,26.7,23.9839376454166,26.4228861796498,26.3737086300663,"Ashkelon 10 m"
2025-09-13 23:00:00,26.3,23.4373069076404,25.8291021798879,25.4825787811145,"Ashkelon 10 m"
2025-09-21 01:00:00,24.9,20.3293709500031,23.116150610464,23.4313926441864,"Ashkelon 10 m"
2025-09-21 02:00:00,24.6,20.2454189159057,22.9850064098894,23.1374992229125,"Ashkelon 10 m"
2025-09-21 03:00:00,24.2,20.306798147363,23.2116702054256,22.868032144708,"Ashkelon 10 m"
2025-09-21 04:00:00,24,20.5085740051336,24.1436840629223,22.5299987754888,"Ashkelon 10 m"
2025-09-21 05:00:00,24.1,27.1739936778061,24.9516414412964,22.9900442072861,"Ashkelon 10 m"
2025-09-21 06:00:00,24.8,35.3618423105855,27.7799813932675,25.5080129267354,"Ashkelon 10 m"
2025-09-21 07:00:00,27.2,46.0750793098826,30.1755814147635,29.8782561897654,"Ashkelon 10 m"
2025-09-21 08:00:00,29.9,56.811897562095,30.94926528298,31.8285983067239,"Ashkelon 10 m"
2025-09-21 09:00:00,32.6,60.7516235046919,33.615436747643,33.8739761047896,"Ashkelon 10 m"
2025-09-21 10:00:00,34.8,59.4134712183692,37.466207856503,35.0387248957374,"Ashkelon 10 m"
2025-09-21 11:00:00,36.3,56.5451801797661,36.4002297307071,36.5973156472954,"Ashkelon 10 m"
2025-09-21 12:00:00,37,51.5236398516494,36.6262221476455,36.9417688189346,"Ashkelon 10 m"
2025-09-21 13:00:00,36.8,45.2840481399417,36.9519217543701,36.1877165435672,"Ashkelon 10 m"
2025-09-21 14:00:00,35.9,38.8900645539149,38.7044330177638,35.1939495369776,"Ashkelon 10 m"
2025-09-21 15:00:00,34.5,32.0484262728842,35.0970507845121,33.2299428010138,"Ashkelon 10 m"
2025-09-21 16:00:00,32.7,27.9450768616672,32.6458731405465,31.6794690278049,"Ashkelon 10 m"
2025-09-21 17:00:00,31.3,26.411037941904,30.9860183102984,30.7102747163486,"Ashkelon 10 m"
2025-09-21 18:00:00,30.4,25.7992579738997,30.1107843234284,29.988075951805,"Ashkelon 10 m"
2025-09-21 19:00:00,29.6,25.3015855561164,29.3255379606298,29.1506551514533,"Ashkelon 10 m"
2025-09-21 20:00:00,29.1,24.8337566110997,28.6244592345051,28.3479143831639,"Ashkelon 10 m"
2025-09-21 21:00:00,28.6,24.4151735741003,28.0982681423422,27.6620583969458,"Ashkelon 10 m"
2025-09-21 22:00:00,28.2,24.3189186536183,28.4053965508587,27.3411721669545,"Ashkelon 10 m"
2025-09-21 23:00:00,27.8,24.2878617561732,28.2065613795585,27.2270554817591,"Ashkelon 10 m"
2025-09-22,27.5,24.1169251776322,27.686550293102,26.8109526014908,"Ashkelon 10 m"
2025-09-22 01:00:00,27.4,23.879652724483,26.8478513939107,26.4103538849139,"Ashkelon 10 m"
2025-09-22 02:00:00,26.9,23.4946446090769,25.9596162955236,25.7886008888315,"Ashkelon 10 m"
2025-09-22 03:00:00,26.5,23.0713688607554,25.6123113580039,24.949542092834,"Ashkelon 10 m"
2025-09-22 04:00:00,26.1,23.1168724870638,25.5866615674531,24.278298912044,"Ashkelon 10 m"
2025-09-22 05:00:00,26,31.1854194434499,25.6338359592339,25.0412887366628,"Ashkelon 10 m"
2025-09-22 06:00:00,26.6,40.4961694818817,27.8201010181267,26.9534038645111,"Ashkelon 10 m"
2025-09-22 07:00:00,28.1,45.2615980445408,29.3852024824069,29.1680616675877,"Ashkelon 10 m"
2025-09-22 08:00:00,30.7,58.1098649950061,31.6779861680084,33.9095151872668,"Ashkelon 10 m"
2025-09-22 09:00:00,33.6,64.3415730459845,34.6780053244204,35.1336892111456,"Ashkelon 10 m"
2025-09-22 10:00:00,35.7,64.8838873260931,35.4605026744996,36.711680447431,"Ashkelon 10 m"
2025-09-22 11:00:00,37.2,60.6370349427555,37.196297771377,36.6205382844303,"Ashkelon 10 m"
2025-09-22 12:00:00,37.8,54.3336380888189,37.1167809383149,36.6683758665289,"Ashkelon 10 m"
2025-09-22 13:00:00,37.7,46.9030808661319,37.0890228550358,36.2708739493228,"Ashkelon 10 m"
2025-09-22 14:00:00,36.9,39.7527475177695,38.5264036684624,35.4578327953269,"Ashkelon 10 m"
2025-09-22 15:00:00,35.6,32.5651187802199,35.4379992141736,33.5499492789153,"Ashkelon 10 m"
2025-09-22 16:00:00,33.8,28.3911616173352,32.9446976662348,31.8796150055493,"Ashkelon 10 m"
2025-09-22 17:00:00,32.4,26.8795934379002,31.4381351600099,30.7711139380833,"Ashkelon 10 m"
2025-09-22 18:00:00,31.5,26.2346911359058,30.5645520383293,30.0596032071338,"Ashkelon 10 m"
2025-09-22 19:00:00,30.5,25.6220836750352,29.6291072756878,29.0548281780564,"Ashkelon 10 m"
2025-09-22 20:00:00,29.5,24.9896933216662,28.6655213126186,28.0037061352343,"Ashkelon 10 m"
2025-09-22 21:00:00,28.9,24.4172847785491,27.886463337793,27.1002233542937,"Ashkelon 10 m"
2025-09-22 22:00:00,28.5,23.9681001659036,27.1871967821847,26.6263085361123,"Ashkelon 10 m"
2025-09-22 23:00:00,28.1,23.489527128739,26.6762342085518,26.04020585875,"Ashkelon 10 m"
2025-09-23,27.8,23.221727753245,26.1086634109118,25.436306381785,"Ashkelon 10 m"
2025-09-23 01:00:00,27.5,22.7442863943626,25.9255832345552,24.8788579466392,"Ashkelon 10 m"
2025-09-23 02:00:00,26.9,22.5790603671002,25.4434302404442,24.6281960520672,"Ashkelon 10 m"
2025-09-23 03:00:00,26.4,22.7195164269467,25.3124111801896,24.5328104800244,"Ashkelon 10 m"
2025-09-23 04:00:00,26,23.2854253090257,25.8261987916178,24.3718053139085,"Ashkelon 10 m"
2025-09-23 05:00:00,25.9,30.7508068768364,25.5048772721015,25.1112137524468,"Ashkelon 10 m"
2025-09-23 06:00:00,26.4,36.8334780419591,27.3098318812068,27.1878224099401,"Ashkelon 10 m"
2025-09-23 07:00:00,28.3,44.586335673565,29.5580693771703,30.3823199417535,"Ashkelon 10 m"
2025-09-23 08:00:00,31.1,54.4861845482133,30.9164567446271,31.2127470482133,"Ashkelon 10 m"
2025-09-23 09:00:00,33.7,60.6127767837266,34.7419018404329,33.7862959182481,"Ashkelon 10 m"
2025-09-23 10:00:00,36.1000000000001,62.5314746307208,35.223691715156,36.540345709212,"Ashkelon 10 m"
2025-09-23 11:00:00,37.5,60.3881090683367,35.6339765071917,36.5177763504412,"Ashkelon 10 m"
2025-09-23 12:00:00,37.9,55.2576124404578,36.4393270981046,36.5800153945594,"Ashkelon 10 m"
2025-09-23 13:00:00,37.5,48.1803277118543,36.7397308787948,35.9547064884046,"Ashkelon 10 m"
2025-09-23 14:00:00,36.3,41.0491426449246,36.7509630651055,34.9302852611966,"Ashkelon 10 m"
2025-09-23 15:00:00,34.6,33.3147767500028,35.0464376032847,33.3042704776868,"Ashkelon 10 m"
2025-09-23 16:00:00,32.6,28.6473080854462,33.2113935192074,32.0250289182709,"Ashkelon 10 m"
2025-09-23 17:00:00,31.3,27.211778575424,31.7556065383426,30.975269729141,"Ashkelon 10 m"
2025-09-23 18:00:00,30.4,26.6490799854727,30.9895382557321,30.2933465908499,"Ashkelon 10 m"
2025-09-23 19:00:00,29.5,26.1982755143786,30.1966345578587,29.3553094346667,"Ashkelon 10 m"
2025-09-23 20:00:00,28.8,25.3458551780554,28.8527411393219,28.5379537956091,"Ashkelon 10 m"
2025-09-23 21:00:00,28.4,24.5752044410613,27.6044585976622,27.361758300772,"Ashkelon 10 m"
2025-09-23 22:00:00,27.7,24.1296749580753,26.3138995531563,26.704097794379,"Ashkelon 10 m"
2025-09-23 23:00:00,27,23.8256945734386,26.1139568019405,26.126395714796,"Ashkelon 10 m"
2025-09-24,26.6,23.6433453197705,25.7254591586859,25.666736089729,"Ashkelon 10 m"
2025-09-24 01:00:00,26.2,23.6643082905181,25.5986123269516,25.7139231968291,"Ashkelon 10 m"
2025-09-24 02:00:00,25.6,23.6068686195341,25.7424707310019,25.398689503285,"Ashkelon 10 m"
2025-09-24 03:00:00,25.3,23.5383449824402,25.5459299549001,25.0994659693787,"Ashkelon 10 m"
2025-09-24 04:00:00,25,23.8558833402583,25.8809725117591,24.7214163345286,"Ashkelon 10 m"
2025-09-24 05:00:00,25.1,29.8998246156468,25.7981860901583,25.3697986566319,"Ashkelon 10 m"
2025-09-24 06:00:00,26.2,35.6511058460168,27.5932830877255,26.3463153491906,"Ashkelon 10 m"
2025-09-24 07:00:00,28.8,44.2039075612683,29.1161157018297,30.3889299153943,"Ashkelon 10 m"
2025-09-24 08:00:00,31.7,55.246676921777,31.3740554025344,33.0919318198483,"Ashkelon 10 m"
2025-09-24 09:00:00,33.8,58.6329080221481,33.1711938332431,33.4825860616989,"Ashkelon 10 m"
2025-09-24 10:00:00,35.1,60.2166327218901,34.4146871032209,34.9987410287749,"Ashkelon 10 m"
2025-09-24 11:00:00,35.6,57.5074074060979,35.0373531300834,35.651538112885,"Ashkelon 10 m"
2025-09-24 12:00:00,35.8,50.7242016606289,35.0090131575664,34.926100235458,"Ashkelon 10 m"
2025-09-24 13:00:00,35.4,42.1089657625015,36.5948855696869,33.1296223481949,"Ashkelon 10 m"
2025-09-24 14:00:00,34.5,37.1394362650087,36.4807230047551,32.8397555551698,"Ashkelon 10 m"
2025-09-24 15:00:00,33.2,30.4279332174961,33.952782983002,32.6568536772434,"Ashkelon 10 m"
2025-09-24 16:00:00,31.9,27.1672438375876,31.9797130748982,31.0454324476645,"Ashkelon 10 m"
2025-09-24 17:00:00,30.8,26.0220134455393,31.0440532580543,30.2909248072336,"Ashkelon 10 m"
2025-09-24 18:00:00,29.9,25.0747499407761,29.5332240604281,29.4014892519944,"Ashkelon 10 m"
2025-09-24 19:00:00,29.3,24.5684644000222,29.2846238516733,28.3809434191872,"Ashkelon 10 m"
2025-09-24 20:00:00,28.8,23.9952485196657,28.5164332267366,27.6421801679201,"Ashkelon 10 m"
2025-09-24 21:00:00,28.4,23.114221955478,26.3732225389911,26.8967908870576,"Ashkelon 10 m"
2025-09-24 22:00:00,28.1,21.8351623395855,25.0531938434077,25.3316428045208,"Ashkelon 10 m"
2025-09-24 23:00:00,28,21.7325436165433,25.2284141428163,25.2655717423062,"Ashkelon 10 m"
2025-09-25,27.6,21.6567611129802,25.4609280769202,25.0463499458354,"Ashkelon 10 m"
2025-09-25 01:00:00,27.2999999999999,21.9348301710433,26.0887518448441,24.9590105833358,"Ashkelon 10 m"
2025-09-25 02:00:00,27,21.7641403238775,25.4671751592812,24.889259533167,"Ashkelon 10 m"
2025-09-25 03:00:00,26.7,21.4909181821852,25.1447597385357,24.1829376447707,"Ashkelon 10 m"
2025-09-25 04:00:00,26.8,21.4002814877493,24.9519715780855,23.3057548392279,"Ashkelon 10 m"
2025-09-25 05:00:00,26.9,24.7610520974897,23.4473499417139,22.6883053437971,"Ashkelon 10 m"
2025-09-25 06:00:00,27.4,28.3399004284139,23.9077995592364,25.0894259754415,"Ashkelon 10 m"
2025-09-25 07:00:00,28.8,30.083366338681,28.273892486969,28.2132633370865,"Ashkelon 10 m"
2025-09-25 08:00:00,30.3,30.9696704720631,30.6923993972986,29.8246639346257,"Ashkelon 10 m"
2025-09-25 09:00:00,31.9,30.1126317320701,31.3638236215443,31.072532111251,"Ashkelon 10 m"
2025-09-25 10:00:00,33.2,30.1084610360449,31.4798939256198,29.5839151280707,"Ashkelon 10 m"
2025-09-25 11:00:00,34,30.3045174829457,35.0736189552467,31.3288396350835,"Ashkelon 10 m"
2025-09-25 12:00:00,34.3,34.0471241196557,35.645953700695,34.2466329058572,"Ashkelon 10 m"
2025-09-25 13:00:00,34.2,36.6032847917477,32.5697875529434,33.3355311906735,"Ashkelon 10 m"
2025-09-25 14:00:00,33.7,34.1109124313368,31.3773417227327,33.1236138235106,"Ashkelon 10 m"
2025-09-25 15:00:00,32.5,28.9361517965033,31.8864857165712,32.3444588720038,"Ashkelon 10 m"
2025-09-25 16:00:00,31.2,25.3599599109674,30.0573598091301,30.3592570529962,"Ashkelon 10 m"
2025-09-25 17:00:00,30.2,23.9940219292509,29.1477887048084,28.9655499825346,"Ashkelon 10 m"
2025-09-25 18:00:00,29.5,23.1615964588272,27.8087931629905,27.7785140689957,"Ashkelon 10 m"
2025-09-25 19:00:00,28.8,22.2980672366199,25.8789718864093,26.6549359805164,"Ashkelon 10 m"
2025-09-25 20:00:00,28.6,21.6030446946602,25.3561721905412,25.3442270219307,"Ashkelon 10 m"
2025-09-25 21:00:00,28.1,21.2013474597937,24.59703046214,24.6195837154395,"Ashkelon 10 m"
2025-09-25 22:00:00,27.7,21.6031954070758,26.0739635977572,24.8294946929645,"Ashkelon 10 m"
2025-09-25 23:00:00,27.5,21.3686172707151,25.4837055550548,24.8924500687192,"Ashkelon 10 m"
2025-09-26,27.2,21.2115660250193,24.8463851025347,24.4159961283213,"Ashkelon 10 m"
2025-09-26 01:00:00,26.6,20.8123902824694,23.4010124178336,23.9655875709826,"Ashkelon 10 m"
2025-09-26 02:00:00,25.8,20.563218945663,23.2410381258897,23.3102034274745,"Ashkelon 10 m"
2025-09-26 03:00:00,25.4,20.3647623666256,23.1664457114838,22.7778535493343,"Ashkelon 10 m"
2025-09-26 04:00:00,25,20.1996940385435,23.4309004521338,22.3941530000303,"Ashkelon 10 m"
2025-09-26 05:00:00,24.9,23.9319950649842,22.387866259785,22.3281915495499,"Ashkelon 10 m"
2025-09-26 06:00:00,25.6,28.5690211160579,24.5311305909422,24.5189837320247,"Ashkelon 10 m"
2025-09-26 07:00:00,27.7,32.730886932877,29.5861504730711,28.7038621869358,"Ashkelon 10 m"
2025-09-26 08:00:00,29.9,35.710313710912,32.3889140788026,32.2515410516102,"Ashkelon 10 m"
2025-09-26 09:00:00,31.8,36.4739025283566,35.1970525429074,34.9748955417386,"Ashkelon 10 m"
2025-09-26 10:00:00,33.2,35.3703449949377,36.1458667127854,36.1310095771902,"Ashkelon 10 m"
2025-09-26 11:00:00,34,34.3295192379126,38.2805644379325,36.5899295467505,"Ashkelon 10 m"
2025-09-26 12:00:00,34.1,35.4443258442962,36.6156138154757,37.2380624213302,"Ashkelon 10 m"
2025-09-26 13:00:00,34.3,38.6624372054912,36.4989526967546,36.7897251893855,"Ashkelon 10 m"
2025-09-26 14:00:00,33.7,34.8801597881098,33.2155463911249,34.6030521917124,"Ashkelon 10 m"
2025-09-26 15:00:00,32.6,28.3150540207229,31.3398902617041,32.3133254860244,"Ashkelon 10 m"
2025-09-26 16:00:00,31.2,24.4431715522637,30.2283064503887,29.9134731803765,"Ashkelon 10 m"
2025-09-26 17:00:00,30.1,23.2656608280135,28.9131211669601,28.4116440471602,"Ashkelon 10 m"
2025-09-26 18:00:00,29.3,22.7250419276478,27.6786483427585,27.5807929652455,"Ashkelon 10 m"
2025-09-26 19:00:00,28.7,22.3075505369059,26.4794524907286,26.707766639506,"Ashkelon 10 m"
2025-09-26 20:00:00,28.1,21.9230126238842,25.4628175431646,25.7035468913097,"Ashkelon 10 m"
2025-09-26 21:00:00,27.2,21.6386499889906,24.9712331839732,24.655662585121,"Ashkelon 10 m"
2025-09-26 22:00:00,26.5,21.859833192399,25.8427238747338,24.5860180373697,"Ashkelon 10 m"
2025-09-26 23:00:00,25.9,21.6767247339783,25.1537676433933,24.7672961374817,"Ashkelon 10 m"
2025-09-27,25.5,21.5820598881558,24.8112966163425,24.408578900607,"Ashkelon 10 m"
2025-09-27 01:00:00,25,21.0076649353326,22.7529414306474,23.6514995262445,"Ashkelon 10 m"
2025-09-27 02:00:00,24.6,20.7585237230345,22.2124551915636,23.166390677838,"Ashkelon 10 m"
2025-09-27 03:00:00,24.2,20.3931667773976,21.2887809884191,22.6592814891591,"Ashkelon 10 m"
2025-09-27 04:00:00,23.8,20.3041570182735,23.0532018085486,22.059503197282,"Ashkelon 10 m"
2025-09-27 05:00:00,23.8,25.4388715178245,23.8847983357704,22.652372494387,"Ashkelon 10 m"
2025-09-27 06:00:00,24.6,30.9740282404194,26.9702652137333,25.0548311578999,"Ashkelon 10 m"
2025-09-27 07:00:00,27.1,36.4626410507488,27.3554312848522,29.0918419861126,"Ashkelon 10 m"
2025-09-27 08:00:00,29.6,42.4344862317806,36.0550497202049,30.7693374967342,"Ashkelon 10 m"
2025-09-27 09:00:00,31.7,57.303942415648,33.5742756365004,34.2407405113511,"Ashkelon 10 m"
2025-09-27 10:00:00,33.2,61.4729212817726,32.9433009642094,34.6409319934425,"Ashkelon 10 m"
2025-09-27 11:00:00,34.2,59.8191201232448,33.7869131426026,35.6598336242214,"Ashkelon 10 m"
2025-09-27 12:00:00,34.7,55.0148723649515,34.8199714189253,35.4710948991312,"Ashkelon 10 m"
2025-09-27 13:00:00,34.5,47.5246309289012,35.6098666278407,34.6632074364696,"Ashkelon 10 m"
2025-09-27 14:00:00,33.6,39.0037888334882,38.0554871420835,33.8260425375592,"Ashkelon 10 m"
2025-09-27 15:00:00,32.3,30.9300440114132,34.4492898386974,32.5331966441265,"Ashkelon 10 m"
2025-09-27 16:00:00,30.9,26.8582975529672,31.4963742751976,31.2024576329233,"Ashkelon 10 m"
2025-09-27 17:00:00,29.9,25.476028911859,30.1109561276143,30.1434874460997,"Ashkelon 10 m"
2025-09-27 18:00:00,29.2,24.9744395566517,29.392856627872,29.4040498090321,"Ashkelon 10 m"
2025-09-27 19:00:00,28.6,24.4825235401181,29.2863658547564,28.6464453731564,"Ashkelon 10 m"
2025-09-27 20:00:00,28,23.9902369953629,28.7246718776106,28.0077311970231,"Ashkelon 10 m"
2025-09-27 21:00:00,27.1,23.6002858734351,27.3140786785199,26.8898209190589,"Ashkelon 10 m"
2025-09-27 22:00:00,26.4,23.2215855967134,25.8328536624842,26.0792268168062,"Ashkelon 10 m"
2025-09-27 23:00:00,25.7,22.7694112119591,24.9340591342367,25.2547460851586,"Ashkelon 10 m"
2025-09-28,25.1,22.5067252861892,24.3824325434235,24.7520160424148,"Ashkelon 10 m"
2025-09-28 01:00:00,24.7,22.5724630666236,24.3642377932718,24.6806011510352,"Ashkelon 10 m"
2025-09-28 02:00:00,24.3,22.394957475704,24.2113413589267,24.1766088533819,"Ashkelon 10 m"
2025-09-28 03:00:00,24,22.2200637429591,24.3799815084732,23.862434324586,"Ashkelon 10 m"
2025-09-28 04:00:00,23.7,22.0955515072777,24.3239196435023,23.3493925497963,"Ashkelon 10 m"
2025-09-28 05:00:00,23.9,27.8980797743954,25.06136281719,24.0616787886776,"Ashkelon 10 m"
2025-09-28 06:00:00,24.6,30.3455729761519,26.6929128750967,25.4720044413008,"Ashkelon 10 m"
2025-09-28 07:00:00,27.2999999999999,36.5295169424789,27.2460691483428,28.444022901036,"Ashkelon 10 m"
2025-09-28 08:00:00,30,49.5091005143392,30.7242793424649,31.0448175248372,"Ashkelon 10 m"
2025-09-28 09:00:00,32.3,55.9938186424958,32.4068879727396,32.789928795694,"Ashkelon 10 m"
2025-09-28 10:00:00,33.7,58.4615995111162,35.1249686472487,34.0568563165361,"Ashkelon 10 m"
2025-09-28 11:00:00,34.4,56.6922312636035,34.2383785596197,36.3622275252002,"Ashkelon 10 m"
2025-09-28 12:00:00,34.3,52.1958904778729,34.6295960143126,36.3840485131512,"Ashkelon 10 m"
2025-09-28 13:00:00,34.1,45.7199236565617,36.6712164622345,35.5805880242375,"Ashkelon 10 m"
2025-09-28 14:00:00,33.3,38.3195667700984,38.3287384805631,34.2315559821345,"Ashkelon 10 m"
2025-09-28 15:00:00,32.1,30.8305054633243,34.2576745659762,32.5244824616535,"Ashkelon 10 m"
2025-09-28 16:00:00,30.7,26.9618342477475,31.8489323302632,31.1105254251157,"Ashkelon 10 m"
2025-09-28 17:00:00,29.8,25.645387856102,30.1844903960578,30.1154758611679,"Ashkelon 10 m"
2025-09-28 18:00:00,29.1,25.1753356221006,29.3021530267567,29.5722844364927,"Ashkelon 10 m"
2025-09-28 19:00:00,28.6,24.9192362457335,29.2661819747678,29.002513948065,"Ashkelon 10 m"
2025-09-28 20:00:00,28.2,24.7362296111922,29.2461079810308,28.5862261779647,"Ashkelon 10 m"
2025-09-28 21:00:00,27.9,24.6103586116769,29.2130957571998,28.2468851963021,"Ashkelon 10 m"
2025-09-28 22:00:00,27.6,23.7326872477558,28.2725349579203,27.6047260890034,"Ashkelon 10 m"
2025-09-28 23:00:00,27.3,23.3692471846687,28.4121390686577,27.3220336302864,"Ashkelon 10 m"
2025-09-29,26.9,23.2334406033122,27.4282551243168,26.9098550930583,"Ashkelon 10 m"
2025-09-29 01:00:00,26.2,22.8798186915338,26.4361914358521,26.4830238955438,"Ashkelon 10 m"
2025-09-29 02:00:00,25.6,22.6472645008885,26.1123642076993,25.7495980465733,"Ashkelon 10 m"
2025-09-29 03:00:00,25.3,22.4599129925302,25.6497610165804,25.1292860279611,"Ashkelon 10 m"
2025-09-29 04:00:00,25.1,22.3544967052698,25.5841002733507,24.5193817493677,"Ashkelon 10 m"
2025-09-29 05:00:00,25.1,25.6797955471101,25.5466264805018,23.9173028904023,"Ashkelon 10 m"
2025-09-29 06:00:00,25.8,28.601308796378,26.7522708076735,26.3115715717991,"Ashkelon 10 m"
2025-09-29 07:00:00,28.1,29.8506684508043,28.6132522401549,28.880368253203,"Ashkelon 10 m"
2025-09-29 08:00:00,30.5,32.0617891901631,31.2003206875877,29.5125323885579,"Ashkelon 10 m"
2025-09-29 09:00:00,32.3,33.2685855267345,34.2229030117416,32.9270007250606,"Ashkelon 10 m"
2025-09-29 10:00:00,33.5,33.3694358317694,37.4912067670747,35.4084992854437,"Ashkelon 10 m"
2025-09-29 11:00:00,34.2,33.5618519970797,38.8119322592743,37.0947337338351,"Ashkelon 10 m"
2025-09-29 12:00:00,34.4,34.6276625496962,37.0924648903783,37.8948801858046,"Ashkelon 10 m"
2025-09-29 13:00:00,34.1,37.704240622855,35.8571830654093,37.8912476924427,"Ashkelon 10 m"
2025-09-29 14:00:00,33.3,33.8658503164591,33.1763175228542,34.8043646683039,"Ashkelon 10 m"
2025-09-29 15:00:00,31.9,27.7013665663126,31.416512347542,31.9963284956339,"Ashkelon 10 m"
2025-09-29 16:00:00,30.6,24.4104582668728,29.5809793125681,29.8036314846462,"Ashkelon 10 m"
2025-09-29 17:00:00,29.5,23.5284451248687,29.118102197168,28.6541279556792,"Ashkelon 10 m"
2025-09-29 18:00:00,28.7,22.8859764689363,27.5622401304525,27.8527070635713,"Ashkelon 10 m"
2025-09-29 19:00:00,28.2,22.381860460993,26.4913656676308,26.7584254405462,"Ashkelon 10 m"
2025-09-29 20:00:00,27.7,21.9182094398009,26.4933338705926,26.00229967265,"Ashkelon 10 m"
2025-09-29 21:00:00,27.1,21.6186989421341,25.7694491901903,25.2763212794754,"Ashkelon 10 m"
2025-09-29 22:00:00,26.2,21.8088917424181,25.6059680483796,24.7789549519518,"Ashkelon 10 m"
2025-09-29 23:00:00,25.5999999999999,21.7225833158996,25.3350292744025,24.3141107779052,"Ashkelon 10 m"
2025-09-30,25,21.5465077361249,24.9202371216741,24.0454558333539,"Ashkelon 10 m"
2025-09-30 01:00:00,24.6,21.3949618089085,24.8189863472533,23.8026618707066,"Ashkelon 10 m"
2025-09-30 02:00:00,24.3,21.0456240286635,24.7208596063374,23.678775559883,"Ashkelon 10 m"
2025-09-30 03:00:00,23.9,21.0612227821873,24.5962112699244,23.3694035912083,"Ashkelon 10 m"
2025-09-30 04:00:00,23.7,21.2482533264498,24.556935431737,23.3546423721651,"Ashkelon 10 m"
2025-09-30 05:00:00,23.8,26.5946027425004,25.4308996009011,23.9846073773576,"Ashkelon 10 m"
2025-09-30 06:00:00,24.5,32.488880008088,26.2631114016071,25.8108738359078,"Ashkelon 10 m"
2025-09-30 07:00:00,27.2,33.9664497241568,27.4104782231353,27.6238288745474,"Ashkelon 10 m"
2025-09-30 08:00:00,29.7,38.4113892291739,32.860751801622,28.2478417133048,"Ashkelon 10 m"
2025-09-30 09:00:00,32,49.5388070710648,31.941124422024,33.0146409638871,"Ashkelon 10 m"
2025-09-30 10:00:00,33.5,57.858651546995,32.7585770332615,34.2096151395243,"Ashkelon 10 m"
2025-09-30 11:00:00,34.6,56.0656946493399,34.297764581764,34.6877973867667,"Ashkelon 10 m"
2025-09-30 12:00:00,34.9,51.1895277762145,33.8705788337223,34.3942015433043,"Ashkelon 10 m"
2025-09-30 13:00:00,34.6,44.568068331572,34.0222740512904,33.438673800322,"Ashkelon 10 m"
2025-09-30 14:00:00,33.8,37.6296779684245,36.2608130914141,32.6989919714152,"Ashkelon 10 m"
2025-09-30 15:00:00,32.5,30.2265507816921,33.1866363290804,31.9043780207287,"Ashkelon 10 m"
2025-09-30 16:00:00,31.1,26.5792498273122,31.7862457580255,30.8051170987355,"Ashkelon 10 m"
2025-09-30 17:00:00,30,25.2648862129437,30.2368020620425,29.8731768852459,"Ashkelon 10 m"
2025-09-30 18:00:00,29.3,24.5007636152042,29.4488289395189,29.0204989515079,"Ashkelon 10 m"
2025-09-30 19:00:00,28.6,24.3425401129938,29.3843234196429,28.3472412505365,"Ashkelon 10 m"
2025-09-30 20:00:00,28,23.7872859258351,28.9631501083549,27.8443433065114,"Ashkelon 10 m"
2025-09-30 21:00:00,27.3,23.0605085289638,27.6637936579513,26.8397047913234,"Ashkelon 10 m"
2025-09-30 22:00:00,27.1,22.4941448536949,26.6888195930593,25.8647794095115,"Ashkelon 10 m"
2025-09-30 23:00:00,26.9000000000001,21.9158886932423,26.0195226589205,25.0328330062916,"Ashkelon 10 m"
2025-10-01,26.6,21.6574759399072,25.6579990754794,24.3327135955468,"Ashkelon 10 m"
2025-10-01 01:00:00,26.3,21.2664765294662,24.0505754827407,23.7914623197189,"Ashkelon 10 m"
2025-10-01 02:00:00,25.9,21.112900689553,24.5030664054681,23.3954681906211,"Ashkelon 10 m"
2025-10-01 03:00:00,25.2,20.8638187987306,23.8159370494631,23.1555363280275,"Ashkelon 10 m"
2025-10-01 04:00:00,24.6,20.7279797141738,24.3704185855825,22.0484071319289,"Ashkelon 10 m"
2025-10-01 05:00:00,24.6,24.5515599706945,22.8115175027872,22.0247898557958,"Ashkelon 10 m"
2025-10-01 06:00:00,24.9,29.3977024221921,24.4103431235903,23.7398626471067,"Ashkelon 10 m"
2025-10-01 07:00:00,27.8,32.2541546953283,28.9282569079011,26.9081416261755,"Ashkelon 10 m"
2025-10-01 08:00:00,30.5000000000001,33.3561961523445,30.5205351132713,29.6055328718574,"Ashkelon 10 m"
2025-10-01 09:00:00,32.6,32.6194027299067,31.8775007115785,31.7635814780375,"Ashkelon 10 m"
2025-10-01 10:00:00,34,33.2802658811534,34.7539863811235,32.6075132623637,"Ashkelon 10 m"
2025-10-01 11:00:00,34.8,31.9596930123377,37.9639177094195,35.2426205254603,"Ashkelon 10 m"
2025-10-01 12:00:00,35,30.7820831553084,34.7380067649046,35.6255828158003,"Ashkelon 10 m"
2025-10-01 13:00:00,34.8,32.7955828419628,33.0942467689603,35.8764515629711,"Ashkelon 10 m"
2025-10-01 14:00:00,33.9,32.0143424278725,29.9900619187178,34.485478044175,"Ashkelon 10 m"
2025-10-01 15:00:00,32.5,26.5868675932285,29.2911052149871,31.2706563696262,"Ashkelon 10 m"
2025-10-01 16:00:00,30.9,23.2136432349417,28.2511359993907,28.7919060408804,"Ashkelon 10 m"
2025-10-01 17:00:00,29.7,22.0177941689998,25.7028969998333,27.1987195382625,"Ashkelon 10 m"
2025-10-01 18:00:00,28.8,21.4814142359363,25.8151388228996,26.0788730753528,"Ashkelon 10 m"
2025-10-01 19:00:00,28.3,21.4396105849889,24.9358239569018,25.5118123138097,"Ashkelon 10 m"
2025-10-01 20:00:00,27.7,21.211360527048,25.1997816141176,24.8229790458773,"Ashkelon 10 m"
2025-10-01 21:00:00,27.2,20.5753211900515,24.4248114759818,24.0467710420412,"Ashkelon 10 m"
2025-10-01 22:00:00,26.5,20.6810755346686,23.3872906775031,23.7616610144049,"Ashkelon 10 m"
2025-10-01 23:00:00,25.9,20.2858759307736,23.354225611331,22.8234201812619,"Ashkelon 10 m"
2025-10-02,25.3,20.0857200940909,22.8984159279036,22.4429545720877,"Ashkelon 10 m"
2025-10-02 01:00:00,24.8,19.4398152612042,22.0192394237215,21.6329676888775,"Ashkelon 10 m"
2025-10-02 02:00:00,24.5,19.1398823059756,21.8230387918564,21.0183616675097,"Ashkelon 10 m"
2025-10-02 03:00:00,24.2,18.8501143866499,20.6337291948759,20.747353475662,"Ashkelon 10 m"
2025-10-02 04:00:00,23.8,18.6201585795728,22.0169849616697,20.3058555390683,"Ashkelon 10 m"
2025-10-02 05:00:00,23.8,22.194772925539,20.8105306650331,20.377692308588,"Ashkelon 10 m"
2025-10-02 06:00:00,24.3,27.2939925190743,22.5564334902973,22.7201981541451,"Ashkelon 10 m"
2025-10-02 07:00:00,26.9,32.2521491569637,28.2814640734357,27.3571048301815,"Ashkelon 10 m"
2025-10-02 08:00:00,29.5,36.9363103968777,31.3364213323217,29.6519433123745,"Ashkelon 10 m"
2025-10-02 09:00:00,31.7,40.6072990350713,34.1100387270502,31.9300682001104,"Ashkelon 10 m"
2025-10-02 10:00:00,33.3,40.3870177663436,34.8236692616926,32.5431237615218,"Ashkelon 10 m"
2025-10-02 11:00:00,34.1,35.8407265689577,34.7598493496325,33.999856546184,"Ashkelon 10 m"
2025-10-02 12:00:00,34.3,32.4898211363172,33.220278074394,34.9903890493726,"Ashkelon 10 m"
2025-10-02 13:00:00,33.9,29.6057135608809,35.3162203929203,35.0687820461409,"Ashkelon 10 m"
2025-10-02 14:00:00,33,26.6169622263804,31.377811420893,33.846835883607,"Ashkelon 10 m"
2025-10-02 15:00:00,31.7,23.2224024256557,27.2400462603188,31.201654287228,"Ashkelon 10 m"
2025-10-02 16:00:00,30.3,21.7727333679294,27.3172420852329,28.1598931923007,"Ashkelon 10 m"
2025-10-02 17:00:00,29.2,21.2164803182931,26.2885787326002,26.8357616102548,"Ashkelon 10 m"
2025-10-02 18:00:00,28.5,21.0063865266339,25.2910363753729,26.4131410203473,"Ashkelon 10 m"
2025-10-02 19:00:00,28,20.7307719871094,24.749175325186,25.8110513373902,"Ashkelon 10 m"
2025-10-02 20:00:00,27.2,20.1757558000647,24.1105690628481,24.9457471979224,"Ashkelon 10 m"
2025-10-02 21:00:00,26.3,19.9071416292144,24.0402174246821,24.1614646348907,"Ashkelon 10 m"
2025-10-02 22:00:00,25.5999999999999,19.8819886921705,22.9218564679552,24.0685607670606,"Ashkelon 10 m"
2025-10-02 23:00:00,25,19.7040866634969,23.3381196980075,23.5349801800374,"Ashkelon 10 m"
2025-10-03,24.5,19.6481817299158,22.1493522723193,23.634121709469,"Ashkelon 10 m"
2025-10-03 01:00:00,23.9,18.7107727893949,21.3739093856359,22.1356041797758,"Ashkelon 10 m"
2025-10-03 02:00:00,23.4,18.4781223144919,21.0227873826092,21.8318835106284,"Ashkelon 10 m"
2025-10-03 03:00:00,23,18.3299336266086,21.6782417381858,21.2030143570468,"Ashkelon 10 m"
2025-10-03 04:00:00,22.4,18.3459039796303,22.0685429253934,20.9265957940529,"Ashkelon 10 m"
2025-10-03 05:00:00,22.6,22.8008776662132,21.1443496744371,20.90873298619,"Ashkelon 10 m"
2025-10-03 06:00:00,23.3,28.6632539357419,23.4423157557745,22.7073694791074,"Ashkelon 10 m"
2025-10-03 07:00:00,26.3,33.7420474472655,28.8766763449713,26.9390498581542,"Ashkelon 10 m"
2025-10-03 08:00:00,29.1,37.9755873354463,33.9883533740397,30.2797794016389,"Ashkelon 10 m"
2025-10-03 09:00:00,31.6,49.6848800889511,36.4635903116026,33.347935508873,"Ashkelon 10 m"
2025-10-03 10:00:00,33.3,64.0968480900059,34.7772739714052,35.4499975040684,"Ashkelon 10 m"
2025-10-03 11:00:00,34.2,63.8915917708656,35.7556939776914,33.4279801680824,"Ashkelon 10 m"
2025-10-03 12:00:00,34.6,57.2740578160433,37.4133106456028,31.5293926701693,"Ashkelon 10 m"
2025-10-03 13:00:00,34.3,48.9097407199573,36.6904952258013,32.0689280368518,"Ashkelon 10 m"
2025-10-03 14:00:00,33.6,39.9426942395626,37.9648444497482,32.6442599820553,"Ashkelon 10 m"
2025-10-03 15:00:00,32.3,31.6107227726248,34.0639858697017,32.2265051527289,"Ashkelon 10 m"
2025-10-03 16:00:00,30.6,27.383901961038,32.6799443861614,31.0587643458341,"Ashkelon 10 m"
2025-10-03 17:00:00,29.1,25.4472600022904,30.7313490751499,29.9953747789017,"Ashkelon 10 m"
2025-10-03 18:00:00,28.1,24.2139278222599,29.5610536026398,28.5041261483707,"Ashkelon 10 m"
2025-10-03 19:00:00,27.4,23.5965202779698,28.5543772219654,27.2188447446751,"Ashkelon 10 m"
2025-10-03 20:00:00,26.9,22.8247353983564,27.3796605411022,27.0340650034589,"Ashkelon 10 m"
2025-10-03 21:00:00,26.6,22.5090836335748,26.8084810807089,26.49286544815,"Ashkelon 10 m"
2025-10-03 22:00:00,26.3,22.4292547010456,27.0589097373909,26.3216487669025,"Ashkelon 10 m"
2025-10-03 23:00:00,26,22.3855117601244,27.0843039913618,25.9862850946276,"Ashkelon 10 m"
2025-10-04,25.8,22.3248632883476,26.4339152646768,25.6230329012321,"Ashkelon 10 m"
2025-10-04 01:00:00,25.7,22.5066137141274,26.5035301244082,25.8776793307351,"Ashkelon 10 m"
2025-10-04 02:00:00,26.1,22.497130750485,26.0336883137257,25.5713113535123,"Ashkelon 10 m"
2025-10-04 03:00:00,26.1,22.4316454985491,25.7025580009056,25.1725302794329,"Ashkelon 10 m"
2025-10-04 04:00:00,25.5,22.3789639508185,25.3437766350041,24.2742809092459,"Ashkelon 10 m"
2025-10-04 05:00:00,25.5,28.6720615223522,25.774930446263,24.5853887394543,"Ashkelon 10 m"
2025-10-04 06:00:00,26.0999999999999,33.118137491978,29.2050409867282,26.0409571063884,"Ashkelon 10 m"
2025-10-04 07:00:00,27.9,37.7376998066002,29.5472956488524,29.642119705587,"Ashkelon 10 m"
2025-10-04 08:00:00,30.4,48.7446459885915,31.5883149484537,32.7758711930593,"Ashkelon 10 m"
2025-10-04 09:00:00,32.3,56.7898111179999,33.3763243704903,33.9152421787909,"Ashkelon 10 m"
2025-10-04 10:00:00,33.8,55.9818163303575,35.278568823178,34.2219782261095,"Ashkelon 10 m"
2025-10-04 11:00:00,34.6,52.5465603869275,33.44250176546,35.45781526974,"Ashkelon 10 m"
2025-10-04 12:00:00,34.8,47.6670750197797,34.6195992377748,35.4251011428266,"Ashkelon 10 m"
2025-10-04 13:00:00,34.3,40.7460530827436,34.970654459732,34.0084856579694,"Ashkelon 10 m"
2025-10-04 14:00:00,33.3,33.8337020389165,33.5020628905433,32.5217192880239,"Ashkelon 10 m"
2025-10-04 15:00:00,32,27.920152728078,31.0900944353346,30.9106474561664,"Ashkelon 10 m"
2025-10-04 16:00:00,30.5,25.098583797363,29.4120643098587,29.4151941336667,"Ashkelon 10 m"
2025-10-04 17:00:00,29.5,24.4403301239672,29.1435158859898,29.2170387268725,"Ashkelon 10 m"
2025-10-04 18:00:00,28.9,23.9758445888295,28.6122504251602,28.8206703334584,"Ashkelon 10 m"
2025-10-04 19:00:00,28.4,23.5159104412149,27.7271118101978,28.1257279460977,"Ashkelon 10 m"
2025-10-04 20:00:00,28,23.0822483358016,27.197339734777,27.456719046556,"Ashkelon 10 m"
2025-10-04 21:00:00,27.7000000000001,22.6874045496772,27.0378471834297,26.912905610163,"Ashkelon 10 m"
2025-10-04 22:00:00,27.4,22.6892440739412,27.9144445098955,26.5342176380891,"Ashkelon 10 m"
2025-10-04 23:00:00,27.1,22.5222511079045,27.1267244472417,26.0482654359074,"Ashkelon 10 m"
2025-06-09 09:00:00,36.5,36.1729561586497,36.5876551648806,40.3396550912974,"Ashkelon 15 m"
2025-06-09 10:00:00,39.4,40.1880234641324,39.4734061286158,43.2280758780728,"Ashkelon 15 m"
2025-06-09 11:00:00,41.1,48.4639728546529,41.0279604783074,44.1032398224263,"Ashkelon 15 m"
2025-06-09 12:00:00,41.9,49.7061884502996,42.1084317986695,43.0950114826787,"Ashkelon 15 m"
2025-06-09 13:00:00,40.9,46.1728217519254,41.1575070490523,41.626882783267,"Ashkelon 15 m"
2025-06-09 14:00:00,39.6,40.1854084988507,39.8249503641212,39.6967180033597,"Ashkelon 15 m"
2025-06-09 15:00:00,37.4,33.778187629007,37.1115315851033,37.372380610727,"Ashkelon 15 m"
2025-06-09 16:00:00,34.6,26.1624460301565,33.5738169697946,33.8618612370657,"Ashkelon 15 m"
2025-06-09 17:00:00,31.8,22.7668415153033,30.2212250953404,29.8098422133929,"Ashkelon 15 m"
2025-06-09 18:00:00,29.9,22.0938819079996,28.3786137279999,27.396189513743,"Ashkelon 15 m"
2025-06-09 19:00:00,28.5,21.8828841965166,27.5359030938499,25.9055077354875,"Ashkelon 15 m"
2025-06-09 20:00:00,27.5,21.7714023483363,26.6625940276029,24.7295622718898,"Ashkelon 15 m"
2025-06-09 21:00:00,26.7,21.693785120851,25.9994645466345,24.0892414349379,"Ashkelon 15 m"
2025-06-09 22:00:00,26.7,21.6977973016621,26.0813666581573,23.8708519967915,"Ashkelon 15 m"
2025-06-09 23:00:00,26.7,21.6497694746962,26.1829138111959,23.9047009245863,"Ashkelon 15 m"
2025-06-10,26.2,21.6146639642534,25.6959900938433,23.9659880456743,"Ashkelon 15 m"
2025-06-10 01:00:00,26.2,21.4685248582789,25.6438024063783,23.7493600099513,"Ashkelon 15 m"
2025-06-10 02:00:00,26.1,21.4087859309595,25.597049657688,23.4233161128443,"Ashkelon 15 m"
2025-06-10 03:00:00,25.3,21.5539177613326,24.7777478007281,23.3791632609435,"Ashkelon 15 m"
2025-06-10 04:00:00,25.6,24.9777105788969,25.1277379800098,24.7001469473623,"Ashkelon 15 m"
2025-06-10 05:00:00,27.1,28.9428749893906,27.1070320081827,27.4187404726746,"Ashkelon 15 m"
2025-06-10 06:00:00,28.5,33.2842595062591,29.1230500795503,30.0640832863189,"Ashkelon 15 m"
2025-06-10 07:00:00,32.2,35.6523602651282,32.750168138785,34.6234677480384,"Ashkelon 15 m"
2025-06-10 08:00:00,35,36.6450019971052,35.4310720144651,37.9980674878279,"Ashkelon 15 m"
2025-06-10 09:00:00,36.7,36.4708008774371,37.1596804954093,40.8247637756915,"Ashkelon 15 m"
2025-06-10 10:00:00,39.8,38.5049677509418,40.4733737007645,43.2236385959735,"Ashkelon 15 m"
2025-06-10 11:00:00,41.5,47.2909246691562,41.3234297810067,44.5281673678256,"Ashkelon 15 m"
2025-06-10 12:00:00,42.2,49.3420065758724,42.2520336883127,43.2416495202083,"Ashkelon 15 m"
2025-06-10 13:00:00,41.7,45.8042131685574,41.6205599004762,41.8066507601101,"Ashkelon 15 m"
2025-06-10 14:00:00,39.4,39.6552703335226,39.7574451754698,39.7851768686712,"Ashkelon 15 m"
2025-06-10 15:00:00,35.8,33.3371084973097,36.1980474034252,37.4058703228712,"Ashkelon 15 m"
2025-06-10 16:00:00,33.2,26.1271109864885,32.7204590433314,33.6989374444658,"Ashkelon 15 m"
2025-06-10 17:00:00,31.1,23.0525054118662,30.0878647551465,29.7491201541453,"Ashkelon 15 m"
2025-06-10 18:00:00,29.6,22.5152649430091,28.7999525408083,27.6898111847694,"Ashkelon 15 m"
2025-06-10 19:00:00,28.4,22.2737202202076,27.7228116982221,26.512955144524,"Ashkelon 15 m"
2025-06-10 20:00:00,26.9,22.1298723585367,26.4666006850062,25.4693093664408,"Ashkelon 15 m"
2025-06-10 21:00:00,26,21.9080099824681,25.547360390169,24.6725339654698,"Ashkelon 15 m"
2025-06-10 22:00:00,25.2,21.4660942106972,24.7904062968406,23.9265892058144,"Ashkelon 15 m"
2025-06-10 23:00:00,25.2,21.1594573018629,24.5686755499086,23.4549776074964,"Ashkelon 15 m"
2025-06-11,25.2,21.0733447771796,24.3421407365083,23.1021471720465,"Ashkelon 15 m"
2025-06-11 01:00:00,24.9,21.0210002213117,24.2794774426986,22.6691610365507,"Ashkelon 15 m"
2025-06-11 02:00:00,24.8,20.908222283087,23.9515258484073,22.5379380833723,"Ashkelon 15 m"
2025-06-11 03:00:00,24.9,21.2744376493325,24.4585545847008,22.4573542905679,"Ashkelon 15 m"
2025-06-11 04:00:00,25.5,24.6928907370045,24.9935145863481,24.1073513960316,"Ashkelon 15 m"
2025-06-11 05:00:00,26.7,28.2810948057197,26.5221132496367,27.1133593482994,"Ashkelon 15 m"
2025-06-11 06:00:00,28.2,32.025727360943,28.4680264071279,30.5131879741937,"Ashkelon 15 m"
2025-06-11 07:00:00,31.9,34.5445378707179,32.4944527307416,34.388738720251,"Ashkelon 15 m"
2025-06-11 08:00:00,34.6,36.3905482409582,35.1580873518974,37.8480378506765,"Ashkelon 15 m"
2025-06-11 09:00:00,36.4,37.2076244322039,36.8978485657782,40.9063549009539,"Ashkelon 15 m"
2025-06-11 10:00:00,39.6,46.2454358420653,39.6603778356591,43.3395820937438,"Ashkelon 15 m"
2025-06-11 11:00:00,41.3,53.4733229215922,40.4373410127049,43.7539759214701,"Ashkelon 15 m"
2025-06-11 12:00:00,42.2,53.4455428461943,42.4172244498827,43.7301936488066,"Ashkelon 15 m"
2025-06-11 13:00:00,42.4,49.0857922295965,42.1375339250673,42.5626451234258,"Ashkelon 15 m"
2025-06-11 14:00:00,41.2,42.6029053944546,40.7505106557788,40.6340475100476,"Ashkelon 15 m"
2025-06-11 15:00:00,38.3,35.9923161965132,38.0999210060416,38.272767017436,"Ashkelon 15 m"
2025-06-11 16:00:00,34.8,27.9830091587729,34.3699176528102,34.6477821461386,"Ashkelon 15 m"
2025-06-11 17:00:00,31.6,24.1532082131726,31.3923582035444,30.9314417413098,"Ashkelon 15 m"
2025-06-11 18:00:00,29.7,23.2505959279217,29.0941524238368,28.8981727368511,"Ashkelon 15 m"
2025-06-11 19:00:00,28,22.9139635726644,27.5160082620181,26.9170172378255,"Ashkelon 15 m"
2025-06-11 20:00:00,26.9,22.5642280262426,26.277372252857,25.7668752354101,"Ashkelon 15 m"
2025-06-11 21:00:00,26.4,22.0606499708345,25.6652909342606,24.7807889974763,"Ashkelon 15 m"
2025-06-11 22:00:00,25.4,21.6282497065681,24.9743943550409,24.0487504618782,"Ashkelon 15 m"
2025-06-11 23:00:00,25.7,21.368644241546,25.1315903631328,23.5313177149042,"Ashkelon 15 m"
2025-06-12,25.4,21.2729797831381,24.850736514738,23.0657543412054,"Ashkelon 15 m"
2025-06-12 01:00:00,25.2,21.264492219284,24.6910714677075,22.9787691291122,"Ashkelon 15 m"
2025-06-12 02:00:00,24.2,21.0655883954868,23.806385305859,22.760162393938,"Ashkelon 15 m"
2025-06-12 03:00:00,23.5,21.1595672377326,23.0691078347333,22.5006060608603,"Ashkelon 15 m"
2025-06-12 04:00:00,24.4,25.4017236430136,24.0880519989965,23.7921883065192,"Ashkelon 15 m"
2025-06-12 05:00:00,25.2,30.0562920935855,25.7175991401211,27.0286603339419,"Ashkelon 15 m"
2025-06-12 06:00:00,27.8,34.3242828801214,28.4207946163087,30.8482029393255,"Ashkelon 15 m"
2025-06-12 07:00:00,32.1,37.299252562834,32.6630794160444,34.9173899224531,"Ashkelon 15 m"
2025-06-12 08:00:00,35.5,38.6601467420183,35.9748741646225,38.104941814097,"Ashkelon 15 m"
2025-06-12 09:00:00,37.5,41.7321204451427,38.8716728730529,41.4558033255443,"Ashkelon 15 m"
2025-06-12 10:00:00,41.4,57.6471358820995,41.0302040705964,43.5312577769359,"Ashkelon 15 m"
2025-06-12 11:00:00,42.9,60.520824671595,43.4267099531119,44.3218634136604,"Ashkelon 15 m"
2025-06-12 12:00:00,43.3,56.7498864790679,44.1090579205208,44.1946725508452,"Ashkelon 15 m"
2025-06-12 13:00:00,42.8,50.7811688948832,43.0383142041865,42.8450679351054,"Ashkelon 15 m"
2025-06-12 14:00:00,40.9,43.3834479726746,40.9091344763297,40.617745725055,"Ashkelon 15 m"
2025-06-12 15:00:00,38.3,36.9630828575777,38.0998352276182,38.4263576941179,"Ashkelon 15 m"
2025-06-12 16:00:00,35.1,28.7235796101904,34.6069757209242,34.6150982030249,"Ashkelon 15 m"
2025-06-12 17:00:00,31.6,24.3605775875854,31.5361127010325,30.8593068165588,"Ashkelon 15 m"
2025-06-12 18:00:00,29.7,22.8392737550024,28.8106455832706,28.5214541596655,"Ashkelon 15 m"
2025-06-12 19:00:00,28.2,22.2004021305785,27.3471804409369,26.2910789150939,"Ashkelon 15 m"
2025-06-12 20:00:00,26.9,21.566332899816,26.0395374396276,25.0043879382681,"Ashkelon 15 m"
2025-06-12 21:00:00,25.4,21.0061199303106,24.3232135706597,24.0227686996893,"Ashkelon 15 m"
2025-06-12 22:00:00,25.4,20.5683019458298,24.1423206623421,23.2486279307846,"Ashkelon 15 m"
2025-06-12 23:00:00,26.2,20.3162838209863,24.7568755015746,22.7406970251794,"Ashkelon 15 m"
2025-06-13,25.8,20.2210019270708,24.4194057311686,22.1805715004732,"Ashkelon 15 m"
2025-06-13 01:00:00,24.6,20.1024554612948,23.8417237836002,21.9039737823321,"Ashkelon 15 m"
2025-06-13 02:00:00,24.6,20.261548679573,23.9688927766783,21.7681501324005,"Ashkelon 15 m"
2025-06-13 03:00:00,24.6,20.5858647186053,23.8420107326521,22.0204986888659,"Ashkelon 15 m"
2025-06-13 04:00:00,24.2,24.4861381212719,23.6986418984519,23.1655582348354,"Ashkelon 15 m"
2025-06-13 05:00:00,24.7,28.8227241252034,25.3270350986917,26.1265356753438,"Ashkelon 15 m"
2025-06-13 06:00:00,27.2,33.3523361424758,28.0074869136395,29.4294063786819,"Ashkelon 15 m"
2025-06-13 07:00:00,31.8,36.5862784851358,32.3754525657593,34.3400683868692,"Ashkelon 15 m"
2025-06-13 08:00:00,35.7,38.3026725451604,36.134725487965,38.4917866985456,"Ashkelon 15 m"
2025-06-13 09:00:00,38,49.3935428441306,38.0631973008494,41.7968374074241,"Ashkelon 15 m"
2025-06-13 10:00:00,39.9,60.9942645620799,40.6017027757084,43.623933751533,"Ashkelon 15 m"
2025-06-13 11:00:00,42.1,59.8360173723239,42.7621281569928,44.4946038743991,"Ashkelon 15 m"
2025-06-13 12:00:00,43.1,55.6365156934814,43.5708224536979,44.2480555341796,"Ashkelon 15 m"
2025-06-13 13:00:00,42.6,50.2946419644817,42.880882307497,42.9879021573528,"Ashkelon 15 m"
2025-06-13 14:00:00,40.9,43.6336163031772,41.2851772739468,40.961059426041,"Ashkelon 15 m"
2025-06-13 15:00:00,38.4,37.3445151518091,38.5468594132397,38.7023622463449,"Ashkelon 15 m"
2025-06-13 16:00:00,35.2,29.2865391534959,35.3256265153501,34.8932224077378,"Ashkelon 15 m"
2025-06-13 17:00:00,31.8,24.9536154615981,31.6639488081665,31.3464973318679,"Ashkelon 15 m"
2025-06-13 18:00:00,30,23.8542401710674,29.6524132267285,29.2414510170147,"Ashkelon 15 m"
2025-06-13 19:00:00,28.8,23.3274748815651,28.2939729312705,27.8114669813271,"Ashkelon 15 m"
2025-06-13 20:00:00,27.8,22.9604196961477,27.0931941529099,26.4704776223257,"Ashkelon 15 m"
2025-06-13 21:00:00,26.4,22.7457362581301,25.7435805258958,25.7227856088686,"Ashkelon 15 m"
2025-06-13 22:00:00,25.6,22.4916794369135,25.1462249179954,25.1801965305719,"Ashkelon 15 m"
2025-06-13 23:00:00,25.8,22.0845084904474,25.7260978629106,24.664645743255,"Ashkelon 15 m"
2025-06-14,25.4,21.940115949286,25.1083168114676,24.5558147636781,"Ashkelon 15 m"
2025-06-14 01:00:00,24.5,21.6893326422144,24.6563581023401,24.0862275740076,"Ashkelon 15 m"
2025-06-14 02:00:00,24.5,21.5150262385282,24.6963267608791,23.5965935259733,"Ashkelon 15 m"
2025-06-14 03:00:00,24.6,21.7163323074117,24.1716118928968,23.5779852777257,"Ashkelon 15 m"
2025-06-14 04:00:00,24.6,24.4583070681287,24.421487601719,24.5826122567846,"Ashkelon 15 m"
2025-06-14 05:00:00,25.1,27.1428707874288,25.4039431928049,26.7266659772863,"Ashkelon 15 m"
2025-06-14 06:00:00,27.6,31.7542423887972,28.284046633227,29.2244410200838,"Ashkelon 15 m"
2025-06-14 07:00:00,32,35.9995174949861,32.4705621680744,34.1839340275026,"Ashkelon 15 m"
2025-06-14 08:00:00,35.3,39.6066984794657,36.0614744418518,38.773164238743,"Ashkelon 15 m"
2025-06-14 09:00:00,37.4,53.9766239197825,36.8193920887842,41.5701278718089,"Ashkelon 15 m"
2025-06-14 10:00:00,40.3,61.5103676733733,41.2219356450567,43.6219952521087,"Ashkelon 15 m"
2025-06-14 11:00:00,42.2,59.8412764616536,42.9936768561812,44.8770974226521,"Ashkelon 15 m"
2025-06-14 12:00:00,43.5,55.6402977362123,43.6532748401031,44.4224851980653,"Ashkelon 15 m"
2025-06-14 13:00:00,42.8,50.4329242211063,42.6555891702742,42.9468793373783,"Ashkelon 15 m"
2025-06-14 14:00:00,41.3,43.8910872073446,41.3295136936484,40.7752343745504,"Ashkelon 15 m"
2025-06-14 15:00:00,38.7,37.6149056859988,38.5254495230212,38.6260652252215,"Ashkelon 15 m"
2025-06-14 16:00:00,35.1,29.3677779304448,35.1448548314963,34.8256198036137,"Ashkelon 15 m"
2025-06-14 17:00:00,31.8,24.9702533412538,31.4986785420201,31.2764700580202,"Ashkelon 15 m"
2025-06-14 18:00:00,30,23.9678994327643,29.5470920326371,29.2248135715582,"Ashkelon 15 m"
2025-06-14 19:00:00,28.9,23.494258491088,28.490326809887,27.7563138881217,"Ashkelon 15 m"
2025-06-14 20:00:00,28.1,23.3997846707268,27.7147593816381,26.6442376240654,"Ashkelon 15 m"
2025-06-14 21:00:00,27.3,23.0006817881221,26.4941905635272,26.0150956217403,"Ashkelon 15 m"
2025-06-14 22:00:00,26.4,22.4739608177929,25.8524705338152,25.2042292961865,"Ashkelon 15 m"
2025-06-14 23:00:00,26.2,21.7743297580871,25.8111868489091,24.6832939151916,"Ashkelon 15 m"
2025-07-27 01:00:00,25.5,23.1449147550214,25.1480600470716,25.3780452100385,"Ashkelon 15 m"
2025-07-27 02:00:00,24.9,22.7959893408309,24.5573909635549,24.7007035675536,"Ashkelon 15 m"
2025-07-27 03:00:00,24.4,22.3036262937294,23.9826799331135,24.4280006833778,"Ashkelon 15 m"
2025-07-27 04:00:00,24.7,27.235227690939,24.2291956032979,24.7549983131924,"Ashkelon 15 m"
2025-07-27 05:00:00,25.6,36.888507110776,26.9318561094843,26.5104381868258,"Ashkelon 15 m"
2025-07-27 06:00:00,27.3,49.5343329809307,29.5986550222373,30.9448401830791,"Ashkelon 15 m"
2025-07-27 07:00:00,33.9,59.449153523839,34.9077452693606,35.5672222189074,"Ashkelon 15 m"
2025-07-27 08:00:00,37.8,65.927796916083,39.9260808975626,39.3447604933535,"Ashkelon 15 m"
2025-07-27 09:00:00,38.9,68.9682509038144,41.1219679113282,42.7870222661191,"Ashkelon 15 m"
2025-07-27 10:00:00,45.5,70.3753710369352,47.2013136279577,45.6771936992887,"Ashkelon 15 m"
2025-07-27 11:00:00,48.8,68.1914984321218,48.2640223163785,47.0651461219411,"Ashkelon 15 m"
2025-07-27 12:00:00,49,64.2209695869709,48.131840167762,47.5618757301594,"Ashkelon 15 m"
2025-07-27 13:00:00,46.9,59.0557952200037,46.654441913586,46.7842631612879,"Ashkelon 15 m"
2025-07-27 14:00:00,45.1,52.9935308547017,44.8852151712162,44.7608524413106,"Ashkelon 15 m"
2025-07-27 15:00:00,42.7,46.2876257331272,42.1797425135785,41.8251027495762,"Ashkelon 15 m"
2025-07-27 16:00:00,39,37.6141512428442,38.6517614354721,37.9153682027975,"Ashkelon 15 m"
2025-07-27 17:00:00,35.3,31.9950718866689,35.1816079819732,34.8238911615712,"Ashkelon 15 m"
2025-07-27 18:00:00,32.7,29.9258246556237,32.4951914159618,32.9804487362817,"Ashkelon 15 m"
2025-07-27 19:00:00,30.7,28.9341820633721,30.7641682788719,31.4543026840996,"Ashkelon 15 m"
2025-07-27 20:00:00,29.3,28.2617283283024,28.8971536687468,30.1497139154225,"Ashkelon 15 m"
2025-07-27 21:00:00,28.2,27.4017478846505,28.5304586405149,29.1297851227715,"Ashkelon 15 m"
2025-07-27 22:00:00,27.5,26.6344729693981,27.5611513951516,28.1383657487484,"Ashkelon 15 m"
2025-07-27 23:00:00,28.8,25.8215993722361,28.3069711636511,27.5878732283991,"Ashkelon 15 m"
2025-07-28,28.6,25.6001147711698,27.7101669750645,27.1770246708814,"Ashkelon 15 m"
2025-07-28 01:00:00,27.7,25.4023708339385,27.3412005303825,27.1454217668227,"Ashkelon 15 m"
2025-07-28 02:00:00,26.8,25.2716305125246,26.7644689796785,26.6052089798937,"Ashkelon 15 m"
2025-07-28 03:00:00,26.1,25.2497042508401,26.3755728680519,26.5796587558068,"Ashkelon 15 m"
2025-07-28 04:00:00,26.4,30.0956342325615,26.7998796862558,27.9567597017693,"Ashkelon 15 m"
2025-07-28 05:00:00,27.4,35.2522735941186,28.2699141408936,28.8886404382958,"Ashkelon 15 m"
2025-07-28 06:00:00,28.6,43.9542112966692,30.0463362297424,31.5689135214006,"Ashkelon 15 m"
2025-07-28 07:00:00,34.3,56.6571499555994,35.3117679359199,36.4839169233728,"Ashkelon 15 m"
2025-07-28 08:00:00,37.4,64.8779409035232,38.6979145096017,39.8657415016677,"Ashkelon 15 m"
2025-07-28 09:00:00,39.1,69.2684425483057,40.848509541128,42.91945496896,"Ashkelon 15 m"
2025-07-28 10:00:00,44.8,70.5427578114125,45.0507235553724,45.2203052662465,"Ashkelon 15 m"
2025-07-28 11:00:00,48.1,67.2609405551437,47.8618197784572,45.3910675082687,"Ashkelon 15 m"
2025-07-28 12:00:00,48.7,62.314149334331,47.6768880206973,45.7598089717822,"Ashkelon 15 m"
2025-07-28 13:00:00,48,55.985544675009,47.3092397374841,45.2053179675505,"Ashkelon 15 m"
2025-07-28 14:00:00,45.9,48.9129092134597,45.4227207956115,43.5990607179763,"Ashkelon 15 m"
2025-07-28 15:00:00,42.2,41.8871811530563,41.7553390271103,41.1646315953704,"Ashkelon 15 m"
2025-07-28 16:00:00,38.8,34.2649720227843,37.9794022238384,37.4232051885253,"Ashkelon 15 m"
2025-07-28 17:00:00,34.8,29.8819236029318,34.5859479009908,34.1085776556662,"Ashkelon 15 m"
2025-07-28 18:00:00,32.3,28.6979953715583,32.1479436374763,32.0417010257026,"Ashkelon 15 m"
2025-07-28 19:00:00,30.5,28.2361900643908,30.6376585967744,30.7191560105883,"Ashkelon 15 m"
2025-07-28 20:00:00,29,27.6465411220831,29.39151598713,29.6958394085211,"Ashkelon 15 m"
2025-07-28 21:00:00,28.4,26.8515170476512,28.7420435228165,28.686104502447,"Ashkelon 15 m"
2025-07-28 22:00:00,27.8,26.0785167193261,28.0890516325497,28.0531409954873,"Ashkelon 15 m"
2025-07-28 23:00:00,27.4,25.6623758730855,27.6375158873556,27.6653398928609,"Ashkelon 15 m"
2025-07-29,27.2,25.4500092598033,27.2461825684895,27.3204295965266,"Ashkelon 15 m"
2025-07-29 01:00:00,27.1,25.3423192514989,26.9053354905456,27.1301540150258,"Ashkelon 15 m"
2025-07-29 02:00:00,26.4,25.4636702811426,26.7199299733922,26.9077357327646,"Ashkelon 15 m"
2025-07-29 03:00:00,25.9,25.5533178029943,26.3438973154186,26.6923822341848,"Ashkelon 15 m"
2025-07-29 04:00:00,26.1,29.5675614489841,26.7401987861459,27.6236901892948,"Ashkelon 15 m"
2025-07-29 05:00:00,27.6,33.2790146961331,28.0559645207137,28.642123807919,"Ashkelon 15 m"
2025-07-29 06:00:00,28.7,40.7408135756532,29.5054991223458,31.9948724135438,"Ashkelon 15 m"
2025-07-29 07:00:00,33.8,49.6063871837196,34.1985995075842,34.0429258800087,"Ashkelon 15 m"
2025-07-29 08:00:00,37.7,57.5857851537223,37.814765969261,36.4295122655387,"Ashkelon 15 m"
2025-07-29 09:00:00,39.9,63.9540124987254,40.1940135145646,40.6593042467723,"Ashkelon 15 m"
2025-07-29 10:00:00,43.4,66.2707666880407,44.4082687309604,44.2669291025915,"Ashkelon 15 m"
2025-07-29 11:00:00,45.4,64.8212744735241,46.3780991518634,45.8871466659069,"Ashkelon 15 m"
2025-07-29 12:00:00,46.4,60.3697480964577,46.8557573742392,45.8356494712746,"Ashkelon 15 m"
2025-07-29 13:00:00,44.7,54.671069951419,45.4555995499272,44.9860008672515,"Ashkelon 15 m"
2025-07-29 14:00:00,43.6,47.9278480194212,43.4078744904446,43.3334247253538,"Ashkelon 15 m"
2025-07-29 15:00:00,40.7,40.9826232764999,40.5880997126394,40.6436660859863,"Ashkelon 15 m"
2025-07-29 16:00:00,36.8,33.2910434853405,36.8675999912371,37.003688539204,"Ashkelon 15 m"
2025-07-29 17:00:00,33.7,29.3410421023089,33.8465028974314,33.8867846140582,"Ashkelon 15 m"
2025-07-29 18:00:00,32.1,28.535370809546,32.3141502690647,32.1671509570985,"Ashkelon 15 m"
2025-07-29 19:00:00,31,28.0813408550333,31.1810227202002,31.1821046527933,"Ashkelon 15 m"
2025-07-29 20:00:00,30.4,27.6562108694721,30.3578822175249,30.1522941290546,"Ashkelon 15 m"
2025-07-29 21:00:00,29.9,27.3732821889723,29.7654226496616,29.4878041692579,"Ashkelon 15 m"
2025-07-29 22:00:00,29.5,26.9157075975122,29.2914052612769,28.8503400180521,"Ashkelon 15 m"
2025-07-29 23:00:00,29.4,26.1863845238313,28.9352669940408,28.1653508791551,"Ashkelon 15 m"
2025-07-30,28.7,26.0827551606418,28.6623876302764,27.8025371554614,"Ashkelon 15 m"
2025-07-30 01:00:00,28.3,25.7819610703336,28.2461419086489,27.4445760119306,"Ashkelon 15 m"
2025-07-30 02:00:00,27.9,25.7922041801291,27.8635938513184,27.4557317880469,"Ashkelon 15 m"
2025-07-30 03:00:00,26.9,25.6654837851174,27.1130526559096,27.4555708889611,"Ashkelon 15 m"
2025-07-30 04:00:00,27.3,28.6806693866619,27.2309180768373,27.9440973594555,"Ashkelon 15 m"
2025-07-30 05:00:00,28.7,32.9557186345296,28.8453396047032,28.7707573155599,"Ashkelon 15 m"
2025-07-30 06:00:00,29.6,41.0503704460751,29.8900111809437,31.5939590843808,"Ashkelon 15 m"
2025-07-30 07:00:00,34.6,51.1411650831435,34.7819446976094,34.81248695204,"Ashkelon 15 m"
2025-07-30 08:00:00,38.7,58.0223713758581,38.7729098843124,36.7029896619909,"Ashkelon 15 m"
2025-07-30 09:00:00,41.4,63.4970594434063,40.7673107587883,40.2094293622295,"Ashkelon 15 m"
2025-07-30 10:00:00,42.6,69.0685052709373,43.443820116752,44.8507814245017,"Ashkelon 15 m"
2025-07-30 11:00:00,43.7,66.1048876013386,45.1604477433721,45.9308534826863,"Ashkelon 15 m"
2025-07-30 12:00:00,45.5,59.8497391746391,46.3075610323672,45.4548998878349,"Ashkelon 15 m"
2025-07-30 13:00:00,45.8,53.9138442196847,45.6624431671765,44.4665881314279,"Ashkelon 15 m"
2025-07-30 14:00:00,43.6,47.4638464585767,43.5147228047347,42.772706283711,"Ashkelon 15 m"
2025-07-30 15:00:00,40.8,40.769969555155,40.7168910657736,40.2265684330618,"Ashkelon 15 m"
2025-07-30 16:00:00,37.6,32.9727573975449,37.323133213857,36.397839604271,"Ashkelon 15 m"
2025-07-30 17:00:00,33.9,28.5405720102674,33.5559437251235,33.1465853083021,"Ashkelon 15 m"
2025-07-30 18:00:00,31.7,27.3294450929393,31.5999841741088,31.2623464753856,"Ashkelon 15 m"
2025-07-30 19:00:00,30.3,26.7161128049148,30.5240959551825,30.0872714047683,"Ashkelon 15 m"
2025-07-30 20:00:00,29.5,26.3879236699348,29.3185722311275,29.100465250135,"Ashkelon 15 m"
2025-07-30 21:00:00,29.1,26.0634747402044,28.7652324579134,28.3802162067266,"Ashkelon 15 m"
2025-07-30 22:00:00,28.4,25.0418314284276,28.2431073542949,27.5261549300145,"Ashkelon 15 m"
2025-07-30 23:00:00,28.1,24.4245642057517,28.0903030974516,26.9305613866904,"Ashkelon 15 m"
2025-07-31,27.7,24.229851665323,27.6618878153016,26.7688016317537,"Ashkelon 15 m"
2025-07-31 01:00:00,26.9,23.8355159711785,27.0419047390465,26.4220914792962,"Ashkelon 15 m"
2025-07-31 02:00:00,26.3,23.6760461443532,26.4489953934727,26.1771500223744,"Ashkelon 15 m"
2025-07-31 03:00:00,25.8,23.6546621624199,25.971040723455,25.9468417469231,"Ashkelon 15 m"
2025-07-31 04:00:00,26.8,25.5350171422633,26.5668860165067,26.6953214502009,"Ashkelon 15 m"
2025-07-31 05:00:00,28.3,27.9231339262503,28.5276395752602,28.1010846065062,"Ashkelon 15 m"
2025-07-31 06:00:00,30,29.9418882275355,29.8970983363167,30.8644671583903,"Ashkelon 15 m"
2025-07-31 07:00:00,31.2,32.3092233359756,31.0644690405904,33.5598268926086,"Ashkelon 15 m"
2025-07-31 08:00:00,36.7,34.779863799307,35.8445413644859,36.713137233946,"Ashkelon 15 m"
2025-07-31 09:00:00,40.3,36.1056278868021,39.4263213320596,39.6300333662332,"Ashkelon 15 m"
2025-07-31 10:00:00,44.3,36.634860276911,43.7166127076902,41.7892630097601,"Ashkelon 15 m"
2025-07-31 11:00:00,46.3,47.2487330726739,44.0503926658124,44.2839141182061,"Ashkelon 15 m"
2025-07-31 12:00:00,47.3,53.1442736606411,45.7221200576055,44.2805384616665,"Ashkelon 15 m"
2025-07-31 13:00:00,47.1,50.3285254521858,46.2003257994159,42.9933756871712,"Ashkelon 15 m"
2025-07-31 14:00:00,45.4,44.9054538270158,44.5634630939731,41.7514153977555,"Ashkelon 15 m"
2025-07-31 15:00:00,42.5,38.322380302434,41.7097752452434,39.3937145452547,"Ashkelon 15 m"
2025-07-31 16:00:00,38.6,31.0847373858216,37.837850298919,35.6640396967652,"Ashkelon 15 m"
2025-07-31 17:00:00,34.7,27.3081658634604,33.7385209627842,32.5142110142172,"Ashkelon 15 m"
2025-07-31 18:00:00,32.5,26.2553228037668,31.7329430259627,30.8162335055185,"Ashkelon 15 m"
2025-07-31 19:00:00,31.3,25.6732719846666,30.4836774929484,29.6329310842455,"Ashkelon 15 m"
2025-07-31 20:00:00,30.2,25.2983520317515,29.4734820476282,28.6505210686167,"Ashkelon 15 m"
2025-07-31 21:00:00,29.3,24.7878868969128,28.8205904619019,27.8687646778271,"Ashkelon 15 m"
2025-07-31 22:00:00,28.7,24.2565179571725,28.2692408162564,27.3233829245187,"Ashkelon 15 m"
2025-07-31 23:00:00,28.7,24.010008148311,28.4133432118816,27.1428216019853,"Ashkelon 15 m"
2025-08-01,28.3,23.913654239639,28.1303164161232,26.9278740005338,"Ashkelon 15 m"
2025-08-01 01:00:00,27.9,23.651989239396,27.6189276565384,26.6510102927102,"Ashkelon 15 m"
2025-08-01 02:00:00,27.9,23.5624277230477,27.4186570152545,26.2628008958077,"Ashkelon 15 m"
2025-08-01 03:00:00,27.8,23.6977735224537,27.0788493979797,26.2112417879871,"Ashkelon 15 m"
2025-08-01 04:00:00,28,26.3124180812173,27.2889815286517,26.9982652444177,"Ashkelon 15 m"
2025-08-01 05:00:00,28.5,29.4734560831085,28.6365818635958,28.2526538951889,"Ashkelon 15 m"
2025-08-01 06:00:00,30,36.4018321249279,29.7164578861527,31.0950069639477,"Ashkelon 15 m"
2025-08-01 07:00:00,32.3,44.8497210270255,32.1082063067389,33.9120865589469,"Ashkelon 15 m"
2025-08-01 08:00:00,35.5,50.994478227369,35.8897081646477,33.4803943650643,"Ashkelon 15 m"
2025-08-01 09:00:00,38.9,57.1366438790234,39.0529540519268,37.344113819209,"Ashkelon 15 m"
2025-08-01 10:00:00,43.1,61.2794446355098,42.6198252295462,41.4769734746211,"Ashkelon 15 m"
2025-08-01 11:00:00,45.3,61.1268935769089,43.9331885008238,43.9326949685105,"Ashkelon 15 m"
2025-08-01 12:00:00,46,58.1391772298266,46.1051734705599,44.3472842244555,"Ashkelon 15 m"
2025-08-01 13:00:00,45.7,52.9634245197979,45.6594042273165,43.6342829029766,"Ashkelon 15 m"
2025-08-01 14:00:00,44.3,46.7420574008391,44.1024727176339,41.7536631404326,"Ashkelon 15 m"
2025-08-01 15:00:00,41.8,39.9543501348647,41.4660877641313,39.1816067905578,"Ashkelon 15 m"
2025-08-01 16:00:00,38.3,32.2789749610917,37.6887527434078,35.5297660339372,"Ashkelon 15 m"
2025-08-01 17:00:00,34.3,28.1607829959265,33.7940541735175,32.6301147372595,"Ashkelon 15 m"
2025-08-01 18:00:00,32.1,26.8738366972529,31.5964043402696,30.686921776446,"Ashkelon 15 m"
2025-08-01 19:00:00,30.9,26.2796889535178,30.4539154663944,29.5389806023825,"Ashkelon 15 m"
2025-08-01 20:00:00,29.9,25.7740014575241,29.6420798660757,28.5254782222031,"Ashkelon 15 m"
2025-08-01 21:00:00,29.3,25.3696101352475,29.0221877959904,27.7529161617062,"Ashkelon 15 m"
2025-08-01 22:00:00,28.8,24.7560703657191,28.4567111284184,27.194233169369,"Ashkelon 15 m"
2025-08-01 23:00:00,28.1,24.1367030875076,27.6538014238639,26.6045337454666,"Ashkelon 15 m"
2025-08-02,27.7,23.8856678334417,27.0960760145362,26.3071775761785,"Ashkelon 15 m"
2025-08-02 01:00:00,26.9,23.786616142858,26.5928727974585,25.9930680357108,"Ashkelon 15 m"
2025-08-02 02:00:00,26.5,23.6339883907359,26.1740070035102,25.8410406215709,"Ashkelon 15 m"
2025-08-02 03:00:00,25.9,23.5353477117876,25.8559114424764,25.5155702946047,"Ashkelon 15 m"
2025-08-02 04:00:00,26,25.6318166364743,25.909000101476,25.9854868163182,"Ashkelon 15 m"
2025-08-02 05:00:00,26.7,28.8311026355991,26.8541598991637,27.35791936133,"Ashkelon 15 m"
2025-08-02 06:00:00,28.3,32.1194965822906,28.6749151935568,30.428951380989,"Ashkelon 15 m"
2025-08-02 07:00:00,33.6,35.7119185871629,33.7282604375412,33.8062020487336,"Ashkelon 15 m"
2025-08-02 08:00:00,38.1,37.7623490517258,38.6990132850989,37.8330719893097,"Ashkelon 15 m"
2025-08-02 09:00:00,40.2,37.6629153894446,40.2166397264709,41.2856027292273,"Ashkelon 15 m"
2025-08-02 10:00:00,43.7,38.4644304335886,42.6052851395938,42.851683718043,"Ashkelon 15 m"
2025-08-02 11:00:00,46,39.2405586283256,44.8795333586602,44.805100445037,"Ashkelon 15 m"
2025-08-02 12:00:00,46.8,46.4361482125704,46.3400427393824,45.2565306884234,"Ashkelon 15 m"
2025-08-02 13:00:00,46.4,46.2284694276147,45.5497014069295,42.386851366549,"Ashkelon 15 m"
2025-08-02 14:00:00,44.3,43.2785797451079,43.5216392194618,41.3158907030165,"Ashkelon 15 m"
2025-08-02 15:00:00,41,37.5774440866338,40.4041669399416,39.4609531265126,"Ashkelon 15 m"
2025-08-02 16:00:00,37.6,30.8058044160962,37.2138044326468,35.7008368219495,"Ashkelon 15 m"
2025-08-02 17:00:00,34.1,27.0365252195271,33.3333095606968,32.5968012510212,"Ashkelon 15 m"
2025-08-02 18:00:00,32.2,25.9316981301613,31.7422576466798,30.8531907067604,"Ashkelon 15 m"
2025-08-02 19:00:00,31,25.5008757099693,30.6602540833504,29.7889554485862,"Ashkelon 15 m"
2025-08-02 20:00:00,30.2,25.2212615038185,29.8028445499445,28.9750537897377,"Ashkelon 15 m"
2025-08-02 21:00:00,29.6,24.9701539664435,28.9280587690961,28.2788554816413,"Ashkelon 15 m"
2025-08-02 22:00:00,29.1,24.7602897770893,28.6246502034739,27.7881785519611,"Ashkelon 15 m"
2025-08-02 23:00:00,28.7,24.5009969271071,28.3792749364368,27.3443234957106,"Ashkelon 15 m"
2025-08-17 01:00:00,28,25.3303999951838,27.6840536383717,27.2378939441203,"Ashkelon 15 m"
2025-08-17 02:00:00,27.8,25.1861255187892,27.5384494127652,26.9159644861125,"Ashkelon 15 m"
2025-08-17 03:00:00,27.7,25.1501188753129,27.6550340981901,26.6855547903062,"Ashkelon 15 m"
2025-08-17 04:00:00,27.6,26.217349810654,27.2948445040746,26.5142492485584,"Ashkelon 15 m"
2025-08-17 05:00:00,28.6,36.477835365873,28.3134162774154,27.6718222585732,"Ashkelon 15 m"
2025-08-17 06:00:00,28.8,42.0325839385462,29.6603664933528,30.9877774581385,"Ashkelon 15 m"
2025-08-17 07:00:00,34.6,52.2308693949962,34.7422954174618,34.4661847178722,"Ashkelon 15 m"
2025-08-17 08:00:00,40,60.0427258850219,39.8759690479545,36.9037946106078,"Ashkelon 15 m"
2025-08-17 09:00:00,41.6,64.5474083715178,42.3362810278412,40.8526890569426,"Ashkelon 15 m"
2025-08-17 10:00:00,46.1,63.9266285572138,44.9591720546784,43.5192455921259,"Ashkelon 15 m"
2025-08-17 11:00:00,47.7,62.0884622892329,46.0569080958809,45.246716912646,"Ashkelon 15 m"
2025-08-17 12:00:00,47.6,57.7383403834529,46.5057718294849,45.2230777796931,"Ashkelon 15 m"
2025-08-17 13:00:00,45.9,52.1953465773245,44.5816017298784,44.1287009550711,"Ashkelon 15 m"
2025-08-17 14:00:00,43.7,45.5336360913757,43.3470771487207,42.2528400403503,"Ashkelon 15 m"
2025-08-17 15:00:00,40.7,38.6849580594161,40.3234885323201,39.503794152365,"Ashkelon 15 m"
2025-08-17 16:00:00,37.1,31.9694495310349,36.1898296842066,36.0738039125962,"Ashkelon 15 m"
2025-08-17 17:00:00,33.9,29.0454688608621,33.3340233673531,33.4035792887185,"Ashkelon 15 m"
2025-08-17 18:00:00,32.2,28.520759890842,31.7164117738258,32.2823060257907,"Ashkelon 15 m"
2025-08-17 19:00:00,30.9,28.2069393489707,30.4371781283537,31.4906565044272,"Ashkelon 15 m"
2025-08-17 20:00:00,30.5,27.810371159239,30.1018824505897,30.818201779051,"Ashkelon 15 m"
2025-08-17 21:00:00,29.5,27.4951802872186,29.1576010405875,30.0792004250055,"Ashkelon 15 m"
2025-08-17 22:00:00,28.9,26.9888811244236,28.778602881084,29.3759107722507,"Ashkelon 15 m"
2025-08-17 23:00:00,28.6,26.5510234664676,28.4128095519888,28.9139199088809,"Ashkelon 15 m"
2025-08-18,28.5,26.4808676408301,28.2149690315971,28.6495058702002,"Ashkelon 15 m"
2025-08-18 01:00:00,28.1,26.0162867087675,27.866100245641,28.3434752005888,"Ashkelon 15 m"
2025-08-18 02:00:00,27.8,25.9029502324151,27.6013027730366,28.0020718030023,"Ashkelon 15 m"
2025-08-18 03:00:00,28,25.6992681008743,27.6722057817858,27.7268879395889,"Ashkelon 15 m"
2025-08-18 04:00:00,27.8,26.2530879620581,27.5248785305747,27.2164357546835,"Ashkelon 15 m"
2025-08-18 05:00:00,28.4,33.7495664630202,27.8900043820891,27.2615808520583,"Ashkelon 15 m"
2025-08-18 06:00:00,29.2,41.9319233025024,29.4639942062346,30.3328727806518,"Ashkelon 15 m"
2025-08-18 07:00:00,34.2,52.4389454194889,34.4071405439651,34.2186256715641,"Ashkelon 15 m"
2025-08-18 08:00:00,39.8,59.6896031469384,39.2450930894872,37.1529400915185,"Ashkelon 15 m"
2025-08-18 09:00:00,42.7,64.2272989658905,43.0953400353909,41.29644035383,"Ashkelon 15 m"
2025-08-18 10:00:00,41,64.9144656299089,42.7909390378083,44.2799307940935,"Ashkelon 15 m"
2025-08-18 11:00:00,44.1,63.0541135514934,45.4595495299505,45.5471669877727,"Ashkelon 15 m"
2025-08-18 12:00:00,46.1,59.0214380305489,46.0300377509891,45.5007204096993,"Ashkelon 15 m"
2025-08-18 13:00:00,45.4,52.9559718135647,45.1504257653655,44.2120839122585,"Ashkelon 15 m"
2025-08-18 14:00:00,43.5,45.6157428487898,43.2595392621452,42.0636364683272,"Ashkelon 15 m"
2025-08-18 15:00:00,40.5,38.2995158613382,40.2253262945303,39.0478725612817,"Ashkelon 15 m"
2025-08-18 16:00:00,36.8,31.4810578309525,36.3660620837107,35.4201271020401,"Ashkelon 15 m"
2025-08-18 17:00:00,33.5,28.3570276646128,33.2843654216669,32.7025834469309,"Ashkelon 15 m"
2025-08-18 18:00:00,31.6,27.5386865312268,31.7339683619141,31.3436711007764,"Ashkelon 15 m"
2025-08-18 19:00:00,30.5,26.9589502195031,30.45224481133,30.262509999624,"Ashkelon 15 m"
2025-08-18 20:00:00,29.4,26.3893937060348,29.3720318596587,29.1663111636154,"Ashkelon 15 m"
2025-08-18 21:00:00,28.5,25.8366152108,28.3262205513668,28.0118910134123,"Ashkelon 15 m"
2025-08-18 22:00:00,27,25.2673201500618,27.2875985301304,27.3946380554878,"Ashkelon 15 m"
2025-08-18 23:00:00,26.2,24.7496838473132,26.9363937009397,26.8600911997607,"Ashkelon 15 m"
2025-08-19,25.7,24.4721109806251,26.210309579409,26.2938848673057,"Ashkelon 15 m"
2025-08-19 01:00:00,25.3,23.8449893838349,25.7317214535828,25.5572266227189,"Ashkelon 15 m"
2025-08-19 02:00:00,24.8,23.7181163872764,25.3306839483624,25.2098516072318,"Ashkelon 15 m"
2025-08-19 03:00:00,24.4,23.3563438161333,25.020699037663,24.9646143420656,"Ashkelon 15 m"
2025-08-19 04:00:00,24.5,24.3235173440154,24.9454468409047,24.5360853290732,"Ashkelon 15 m"
2025-08-19 05:00:00,25.6,34.6987246460319,25.8222657627535,26.1302250809074,"Ashkelon 15 m"
2025-08-19 06:00:00,27.1,44.2169524903393,29.244439962875,30.7032176728344,"Ashkelon 15 m"
2025-08-19 07:00:00,31.6,56.4704485161233,33.636448276448,34.8924226982522,"Ashkelon 15 m"
2025-08-19 08:00:00,37.4,65.7328878720823,38.7969477791402,38.6352506955686,"Ashkelon 15 m"
2025-08-19 09:00:00,39.4,68.2566531746922,40.8899791223993,41.6531566231785,"Ashkelon 15 m"
2025-08-19 10:00:00,44.6,67.7732506881938,44.5559143269984,43.8955517898784,"Ashkelon 15 m"
2025-08-19 11:00:00,46.6,65.5106854316916,46.529266891301,45.086288916799,"Ashkelon 15 m"
2025-08-19 12:00:00,47.2,61.6032238595715,47.2770200229641,45.2135048501721,"Ashkelon 15 m"
2025-08-19 13:00:00,46.3,55.5146966929959,46.5736227876676,44.1583658214139,"Ashkelon 15 m"
2025-08-19 14:00:00,44.1,48.1387872760818,43.7927109041214,42.1955843036697,"Ashkelon 15 m"
2025-08-19 15:00:00,40.8,40.3819722070158,40.888016358153,39.4044413699568,"Ashkelon 15 m"
2025-08-19 16:00:00,37.1,32.8937521703927,37.1144909693971,36.0570541151254,"Ashkelon 15 m"
2025-08-19 17:00:00,33.9,29.4915630090805,33.9312929657358,33.3079029787155,"Ashkelon 15 m"
2025-08-19 18:00:00,31.8,28.4321488730756,32.0700513354137,31.9573282592145,"Ashkelon 15 m"
2025-08-19 19:00:00,30.2,27.7444975873524,30.2899958310516,30.5664194127613,"Ashkelon 15 m"
2025-08-19 20:00:00,28.8,26.9973865440589,28.8443327426853,29.344304650138,"Ashkelon 15 m"
2025-08-19 21:00:00,27.6,26.1298749067053,27.5447853858854,28.3213321782812,"Ashkelon 15 m"
2025-08-19 22:00:00,26.9,25.4048135002734,27.0728454616521,27.4584805687548,"Ashkelon 15 m"
2025-08-19 23:00:00,26.3,24.7625028298857,26.5584491746932,26.6351342605116,"Ashkelon 15 m"
2025-08-20,25.8,24.3986414107201,26.0522552919339,26.1310269268868,"Ashkelon 15 m"
2025-08-20 01:00:00,25.3,23.5577241261639,25.4514649670984,25.2731714327969,"Ashkelon 15 m"
2025-08-20 02:00:00,24.8,23.0849900145325,24.9948760676812,24.8569863934311,"Ashkelon 15 m"
2025-08-20 03:00:00,24.4,22.7369233202087,24.8940217665448,24.4685110878097,"Ashkelon 15 m"
2025-08-20 04:00:00,24.4,23.5949040011347,24.6843246666633,24.2860030487955,"Ashkelon 15 m"
2025-08-20 05:00:00,25.6,35.2362308613378,26.0150955768835,26.0252056233007,"Ashkelon 15 m"
2025-08-20 06:00:00,27,45.3372297597702,28.150474006259,31.0774278951462,"Ashkelon 15 m"
2025-08-20 07:00:00,31.8,59.7206324475407,33.674788690697,36.5785502331852,"Ashkelon 15 m"
2025-08-20 08:00:00,39,67.0821918612162,39.6304656341537,39.4168132906596,"Ashkelon 15 m"
2025-08-20 09:00:00,41.7,68.6689416407476,41.737807284027,41.7678300379644,"Ashkelon 15 m"
2025-08-20 10:00:00,40.9,68.5064127978548,42.4121948334187,44.0282157000765,"Ashkelon 15 m"
2025-08-20 11:00:00,44.6,65.4339660743501,46.6685385745578,44.9551357368257,"Ashkelon 15 m"
2025-08-20 12:00:00,47.1,60.894618245927,47.2656564254298,45.0864498346721,"Ashkelon 15 m"
2025-08-20 13:00:00,46.9,54.9095456593516,46.6713479836681,44.2659728520396,"Ashkelon 15 m"
2025-08-20 14:00:00,44.9,47.8554755224769,44.3367404693872,42.3747468962257,"Ashkelon 15 m"
2025-08-20 15:00:00,41.7,40.3505009064663,41.2637857598853,39.5324957022656,"Ashkelon 15 m"
2025-08-20 16:00:00,37.8,32.9844405834499,37.4297746733649,36.1598427479091,"Ashkelon 15 m"
2025-08-20 17:00:00,34.2,29.4655382552711,34.0252601063417,33.3951265731422,"Ashkelon 15 m"
2025-08-20 18:00:00,32.2,28.5192790179917,32.0278666903691,31.8580269962021,"Ashkelon 15 m"
2025-08-20 19:00:00,30.8,27.9459519406363,30.7282914129495,30.6716012974783,"Ashkelon 15 m"
2025-08-20 20:00:00,29.9,27.3272443205059,29.7703922486541,29.7053966909588,"Ashkelon 15 m"
2025-08-20 21:00:00,29.3,26.711879643383,29.1352006763439,28.7355865563774,"Ashkelon 15 m"
2025-08-20 22:00:00,29.2,26.2369831060638,28.9071214921195,28.2085584854354,"Ashkelon 15 m"
2025-08-20 23:00:00,28.8,25.906548116112,28.6321910111988,27.8115014766696,"Ashkelon 15 m"
2025-08-21,28.6,25.7304947650736,28.401824322282,27.4408427751368,"Ashkelon 15 m"
2025-08-21 01:00:00,27.4,25.8241290485047,27.4527519657532,27.3878564273499,"Ashkelon 15 m"
2025-08-21 02:00:00,26.9,25.6685072160789,26.8753295873237,27.0869060731956,"Ashkelon 15 m"
2025-08-21 03:00:00,26.3,25.6204727114892,26.3997105586521,26.7788191260552,"Ashkelon 15 m"
2025-08-21 04:00:00,26.3,26.2256039215693,26.450574309622,27.0177712275156,"Ashkelon 15 m"
2025-08-21 05:00:00,27.2,32.3366109457229,27.4623263251525,27.6117693510269,"Ashkelon 15 m"
2025-08-21 06:00:00,28.7,37.4554371636976,29.1255179275475,29.9243860047926,"Ashkelon 15 m"
2025-08-21 07:00:00,31.9,46.6480780104123,31.9602101724464,32.1657553175412,"Ashkelon 15 m"
2025-08-21 08:00:00,37.3,57.7064369611181,37.7349222017382,36.1677483014501,"Ashkelon 15 m"
2025-08-21 09:00:00,39.1,62.0916618998518,39.8891439520785,40.2980713541975,"Ashkelon 15 m"
2025-08-21 10:00:00,43,65.7437861089122,43.7048340122606,43.5438234929454,"Ashkelon 15 m"
2025-08-21 11:00:00,45.6,64.1245868654157,46.2173759734483,45.1934612245466,"Ashkelon 15 m"
2025-08-21 12:00:00,46.8,59.6501133950912,46.8657797045663,45.2968876870834,"Ashkelon 15 m"
2025-08-21 13:00:00,46.1,54.1116655265007,45.727811266324,44.3098409567986,"Ashkelon 15 m"
2025-08-21 14:00:00,44.1,46.8733532447767,43.77662780475,42.1701662559461,"Ashkelon 15 m"
2025-08-21 15:00:00,40.9,39.4138529554047,40.6671168744681,39.2709588065781,"Ashkelon 15 m"
2025-08-21 16:00:00,37.1,32.2645996601346,36.6928190590904,35.9615362674954,"Ashkelon 15 m"
2025-08-21 17:00:00,34,28.9381139004567,33.669381510563,33.3134839260915,"Ashkelon 15 m"
2025-08-21 18:00:00,32,28.1910513628597,32.1003723456604,32.0132793177242,"Ashkelon 15 m"
2025-08-21 19:00:00,30.9,27.8031533853465,30.7638479121087,30.9857033388072,"Ashkelon 15 m"
2025-08-21 20:00:00,29.6,27.3055500332924,29.6080202330125,29.7544245068642,"Ashkelon 15 m"
2025-08-21 21:00:00,27.9,26.6910784155672,28.1461341215451,28.6171013027971,"Ashkelon 15 m"
2025-08-21 22:00:00,27.3,26.4179161425576,27.7210074140718,28.1129231091485,"Ashkelon 15 m"
2025-08-21 23:00:00,26.6,26.1319791261691,27.2557441364516,28.0769167129535,"Ashkelon 15 m"
2025-08-22,26.2,25.939454003283,26.6940053154878,27.6163886031594,"Ashkelon 15 m"
2025-08-22 01:00:00,25.9,25.410642396696,26.3421045956493,26.9285062663631,"Ashkelon 15 m"
2025-08-22 02:00:00,25.5,25.1046314974725,26.0061695413007,26.5644838353097,"Ashkelon 15 m"
2025-08-22 03:00:00,25.2,24.7420753873986,25.701242538785,26.0323026813668,"Ashkelon 15 m"
2025-08-22 04:00:00,25.4,25.2369792100754,25.5457761432588,25.704068445858,"Ashkelon 15 m"
2025-08-22 05:00:00,26.5,33.1678970938144,26.8111791141039,26.8095573072849,"Ashkelon 15 m"
2025-08-22 06:00:00,27.6,39.1335946040995,27.9574099689503,29.6006356197245,"Ashkelon 15 m"
2025-08-22 07:00:00,30.8,51.7214763657607,31.754811311627,33.6615779892959,"Ashkelon 15 m"
2025-08-22 08:00:00,37.4,63.285244145005,38.0783091731109,38.2889253278663,"Ashkelon 15 m"
2025-08-22 09:00:00,39.4,67.8566298870047,40.4888455143988,41.3270316509207,"Ashkelon 15 m"
2025-08-22 10:00:00,44.3,69.2321797838191,44.174285962736,44.0911790361384,"Ashkelon 15 m"
2025-08-22 11:00:00,46.7,65.5442576749772,46.6349979733771,45.1585460050553,"Ashkelon 15 m"
2025-08-22 12:00:00,47.2,60.1881359978305,47.1459428151714,45.0378579063998,"Ashkelon 15 m"
2025-08-22 13:00:00,46.6,54.0642208757769,45.8594678872051,43.9790653887164,"Ashkelon 15 m"
2025-08-22 14:00:00,44,47.0649650912601,43.5939020951206,42.1798413615543,"Ashkelon 15 m"
2025-08-22 15:00:00,40.5,39.7450394942871,40.3722086153475,39.3738149716965,"Ashkelon 15 m"
2025-08-22 16:00:00,36.7,32.5298447613273,36.7168843667061,36.1514911655937,"Ashkelon 15 m"
2025-08-22 17:00:00,33.9,29.3160780763865,33.8197758716516,33.4775542116404,"Ashkelon 15 m"
2025-08-22 18:00:00,32.4,28.4039663705449,32.4113601421749,32.0361151132207,"Ashkelon 15 m"
2025-08-22 19:00:00,31.4,27.8679981127816,31.3272997811135,30.9657845393258,"Ashkelon 15 m"
2025-08-22 20:00:00,30.5,27.4421876057236,30.4040355644089,30.0337298496811,"Ashkelon 15 m"
2025-08-22 21:00:00,29.6,27.0710416156458,29.3960865155488,29.2304940540003,"Ashkelon 15 m"
2025-08-22 22:00:00,27.9,26.6372430210296,28.0729168987216,28.3287902956191,"Ashkelon 15 m"
2025-08-22 23:00:00,27.2,26.091150282779,27.5582422769642,27.5170944918778,"Ashkelon 15 m"
2025-08-23,26.6,25.8601697202904,26.9569198003115,27.2914390083534,"Ashkelon 15 m"
2025-08-23 01:00:00,26.2,25.3039656659033,26.5867766477895,26.7147301216986,"Ashkelon 15 m"
2025-08-23 02:00:00,25.7,24.936475050038,26.2151023977798,26.3391324396788,"Ashkelon 15 m"
2025-08-23 03:00:00,25.4,24.6522738281072,25.8775741748765,25.8972315135778,"Ashkelon 15 m"
2025-08-23 04:00:00,25.7,25.5159462467862,25.7801591227008,25.7166518346501,"Ashkelon 15 m"
2025-08-23 05:00:00,26.6,35.6499070604059,26.8637930143104,27.7542237718317,"Ashkelon 15 m"
2025-08-23 06:00:00,27.8,41.9253624125417,28.3734517674271,30.1820724650319,"Ashkelon 15 m"
2025-08-23 07:00:00,31.1,54.5322581871437,33.0166946290485,35.1763316734718,"Ashkelon 15 m"
2025-08-23 08:00:00,37.8,63.644151769829,38.6448973154214,38.9983349668505,"Ashkelon 15 m"
2025-08-23 09:00:00,40.1,67.2824915436027,42.0394393110249,41.7446402099845,"Ashkelon 15 m"
2025-08-23 10:00:00,44.7,66.8693013812948,45.0419101655785,44.0257344867636,"Ashkelon 15 m"
2025-08-23 11:00:00,47.2,64.3950381106152,46.6458666631037,45.16050289333,"Ashkelon 15 m"
2025-08-23 12:00:00,47.8,60.1202589275758,47.4743402202692,45.2667156460206,"Ashkelon 15 m"
2025-08-23 13:00:00,47,54.2902808595874,46.2479191187254,44.4567876268603,"Ashkelon 15 m"
2025-08-23 14:00:00,44.7,47.951740876839,43.8515947550777,42.8265553871845,"Ashkelon 15 m"
2025-08-23 15:00:00,41.6,41.0513876701858,40.9036119976472,40.0578570391204,"Ashkelon 15 m"
2025-08-23 16:00:00,37.9,33.8399476131319,37.4142149169029,36.8758963664888,"Ashkelon 15 m"
2025-08-23 17:00:00,34.4,30.5706425202103,34.3852198157968,34.2282181275101,"Ashkelon 15 m"
2025-08-23 18:00:00,32.5,29.3580490563959,32.6217924943108,32.8977662538141,"Ashkelon 15 m"
2025-08-23 19:00:00,30.9,28.7843841636001,31.0471165592805,31.3341445052444,"Ashkelon 15 m"
2025-08-23 20:00:00,29.3,28.347724284655,29.6291493216742,30.4676016230644,"Ashkelon 15 m"
2025-08-23 21:00:00,28.1,27.9404243114149,28.616322334568,29.6751227262175,"Ashkelon 15 m"
2025-08-23 22:00:00,27.4,27.1189259449792,28.0223809393232,29.0284927050424,"Ashkelon 15 m"
2025-08-23 23:00:00,26.8,26.4373502488579,27.2952649882048,28.2570887561287,"Ashkelon 15 m"
2025-08-24,26.3,26.1535738702173,26.611289757118,27.7425663466806,"Ashkelon 15 m"
2025-08-24 01:00:00,25.8,25.8392370564551,26.1805721916275,27.2780240399451,"Ashkelon 15 m"
2025-08-24 02:00:00,25.2,25.7180543459739,25.711188255065,26.9806505955543,"Ashkelon 15 m"
2025-08-24 03:00:00,24.9,25.6491331407137,25.4867642374282,26.8826487609453,"Ashkelon 15 m"
2025-08-24 04:00:00,25,25.852167970035,25.3821905680847,26.8713848651385,"Ashkelon 15 m"
2025-08-24 05:00:00,25.8,32.5288030892476,26.4856058595239,27.6626698762044,"Ashkelon 15 m"
2025-08-24 06:00:00,27.1,38.9377734937697,27.6818671694839,30.2361429014235,"Ashkelon 15 m"
2025-08-24 07:00:00,30.2,51.1147330091856,32.146602315267,34.3864729689024,"Ashkelon 15 m"
2025-08-24 08:00:00,36,60.4154552829438,37.707328077985,37.220152319687,"Ashkelon 15 m"
2025-08-24 09:00:00,39,65.7826423227963,40.8988340077091,41.0031661570248,"Ashkelon 15 m"
2025-08-24 10:00:00,43.4,67.9314419015409,43.9951064102948,44.3993908151151,"Ashkelon 15 m"
2025-08-24 11:00:00,45.5,66.3351009869786,46.1885781844793,45.3177574658604,"Ashkelon 15 m"
2025-08-24 12:00:00,46.4,62.1956198101588,46.6158640847903,45.3278086071559,"Ashkelon 15 m"
2025-08-24 13:00:00,45.5,55.8523046939831,45.1884644730435,44.2260153263073,"Ashkelon 15 m"
2025-08-24 14:00:00,43.5,47.7514625954342,43.2758127744782,42.208167688818,"Ashkelon 15 m"
2025-08-24 15:00:00,40.5,39.9005124396274,40.3992895452527,39.5332683152149,"Ashkelon 15 m"
2025-08-24 16:00:00,36.8,32.704739228383,36.6788588162208,36.1373969470414,"Ashkelon 15 m"
2025-08-24 17:00:00,33.5,29.5409369954844,33.7886183341311,33.564050723054,"Ashkelon 15 m"
2025-08-24 18:00:00,31.7,28.7058583409919,32.1501108577244,32.2224718244209,"Ashkelon 15 m"
2025-08-24 19:00:00,30.7,28.2136898777511,31.1373998137277,31.1518159649398,"Ashkelon 15 m"
2025-08-24 20:00:00,29.9,27.8302169225882,30.1339357399505,30.3344445608328,"Ashkelon 15 m"
2025-08-24 21:00:00,29.6,27.4344739192367,29.7169551462615,29.5563697093368,"Ashkelon 15 m"
2025-08-24 22:00:00,29.1,26.8632679267151,28.8087950918046,28.6974176449997,"Ashkelon 15 m"
2025-08-24 23:00:00,28.4,26.1827046849107,28.40402143192,28.007172224698,"Ashkelon 15 m"
2025-08-25,27.2,26.1199838789835,27.493692792522,27.7280310067072,"Ashkelon 15 m"
2025-08-25 01:00:00,26.5,25.6433583184232,26.8378324248689,27.2197065039624,"Ashkelon 15 m"
2025-08-25 02:00:00,26,25.3746896327531,26.6499202271927,26.8309901298082,"Ashkelon 15 m"
2025-08-25 03:00:00,25.6,25.3772504213571,26.2284996436238,26.734124291253,"Ashkelon 15 m"
2025-08-25 04:00:00,25.6,25.9741656236962,25.7740161123437,26.9818101578072,"Ashkelon 15 m"
2025-08-25 05:00:00,26.3,33.6894350581554,26.8639769933203,27.9276724391368,"Ashkelon 15 m"
2025-08-25 06:00:00,27.7,39.3591042875934,28.2365042536632,30.575809609859,"Ashkelon 15 m"
2025-08-25 07:00:00,30.2,48.1848076055794,31.1075103133864,33.645014591053,"Ashkelon 15 m"
2025-08-25 08:00:00,36.2,55.6366738025748,36.462772268612,35.6480911914908,"Ashkelon 15 m"
2025-08-25 09:00:00,38.5,59.9757393388787,38.5399468598743,39.3376968889275,"Ashkelon 15 m"
2025-08-25 10:00:00,42.2,63.4960199223445,42.2742185979766,42.691568933575,"Ashkelon 15 m"
2025-08-25 11:00:00,43.7,62.9554491493415,43.908717984103,44.5208883735847,"Ashkelon 15 m"
2025-08-25 12:00:00,44.3,59.3155588387164,43.7969682804512,45.0644058464679,"Ashkelon 15 m"
2025-08-25 13:00:00,43.9,54.007740043763,43.3935772648245,44.0533151856697,"Ashkelon 15 m"
2025-08-25 14:00:00,42.3,47.1622206658291,42.3432839315585,42.0280482262539,"Ashkelon 15 m"
2025-08-25 15:00:00,39.6,39.6195599279141,39.9090455908893,39.1132955989575,"Ashkelon 15 m"
2025-08-25 16:00:00,36,32.3295090443102,36.1423572460267,35.9053395039049,"Ashkelon 15 m"
2025-08-25 17:00:00,32.8,29.0807733842797,33.2770170970099,33.2808819124169,"Ashkelon 15 m"
2025-08-25 18:00:00,31.1,28.1927916659754,31.4672437747785,31.7785899295252,"Ashkelon 15 m"
2025-08-25 19:00:00,30.4,27.7016173579839,30.4921715508823,30.6991635539678,"Ashkelon 15 m"
2025-08-25 20:00:00,29.9,27.1346452817364,29.811280167129,29.7040360555096,"Ashkelon 15 m"
2025-08-25 21:00:00,29.3,26.7143086296483,29.3037550896033,28.7893709045812,"Ashkelon 15 m"
2025-08-25 22:00:00,28.2,26.296670459842,28.5831978303375,28.3618507615083,"Ashkelon 15 m"
2025-08-25 23:00:00,27.4,25.7841575268309,27.8900144538083,27.9774987820189,"Ashkelon 15 m"
2025-08-26,27.1,25.4896611233264,27.420000510482,27.4213655252963,"Ashkelon 15 m"
2025-08-26 01:00:00,26.8,25.2305743294934,27.0945697787374,27.0937066870908,"Ashkelon 15 m"
2025-08-26 02:00:00,26.6,25.0379710273719,26.9774986505618,26.6852058248496,"Ashkelon 15 m"
2025-08-26 03:00:00,26.1,24.8805029144205,26.7955699376522,26.4508985032953,"Ashkelon 15 m"
2025-08-26 04:00:00,25.5,25.2775567455737,26.4053754760714,26.3278987093417,"Ashkelon 15 m"
2025-08-26 05:00:00,26.3,31.1002934489225,27.2062633322379,27.0820682558988,"Ashkelon 15 m"
2025-08-26 06:00:00,26.6,37.9336114054345,27.3345476170482,30.7761225824975,"Ashkelon 15 m"
2025-08-26 07:00:00,28.2,45.9203162605428,29.5860985345909,32.6618829185628,"Ashkelon 15 m"
2025-08-26 08:00:00,31.9,51.9171616659009,33.2145642135574,33.8872620687329,"Ashkelon 15 m"
2025-07-27 01:00:00,26.5,24.4140056585359,26.5148574026394,26.0613939975786,"Rosh_HaNikra 45 m"
2025-07-27 02:00:00,25.9,24.2185289800022,26.0075536190936,25.6023268639896,"Rosh_HaNikra 45 m"
2025-07-27 03:00:00,25.6,23.8393236631787,25.3442503146697,25.1181353563702,"Rosh_HaNikra 45 m"
2025-07-27 04:00:00,26.8,28.407553085256,26.4883229534105,26.5858471478704,"Rosh_HaNikra 45 m"
2025-07-27 05:00:00,29.4,34.7257104881768,29.2550763017309,28.912861443377,"Rosh_HaNikra 45 m"
2025-07-27 06:00:00,33.4,45.2921964286232,32.8399234222891,32.6196157096291,"Rosh_HaNikra 45 m"
2025-07-27 07:00:00,37.9,54.6100574002171,37.9819871608586,35.7266612515355,"Rosh_HaNikra 45 m"
2025-07-27 08:00:00,41.3,60.7582779708744,41.7729389442317,40.3867798629642,"Rosh_HaNikra 45 m"
2025-07-27 09:00:00,44.3,63.54466253458,44.3283094076642,44.3782959574316,"Rosh_HaNikra 45 m"
2025-07-27 10:00:00,47.1,64.1541364261111,46.9333148769038,47.1294896670779,"Rosh_HaNikra 45 m"
2025-07-27 11:00:00,48.1,63.6744504058391,47.8547423811016,48.4687438094646,"Rosh_HaNikra 45 m"
2025-07-27 12:00:00,48.4,61.4224972284104,48.1224442477296,48.2787766015793,"Rosh_HaNikra 45 m"
2025-07-27 13:00:00,47.6,57.7863842314187,47.5230868548483,47.070302612156,"Rosh_HaNikra 45 m"
2025-07-27 14:00:00,44.8,52.2902283856222,44.6772461594316,44.6720056721517,"Rosh_HaNikra 45 m"
2025-07-27 15:00:00,41.4,45.1715757647041,41.3804316357889,41.5060245790962,"Rosh_HaNikra 45 m"
2025-07-27 16:00:00,37.2,36.7211956078641,37.2663458039768,37.4627169663541,"Rosh_HaNikra 45 m"
2025-07-27 17:00:00,33.9,31.0225920430589,33.9124657483869,33.5407504788804,"Rosh_HaNikra 45 m"
2025-07-27 18:00:00,31.9,28.9931839274603,31.9055140004507,31.1893795298773,"Rosh_HaNikra 45 m"
2025-07-27 19:00:00,30.4,27.7817978684113,30.5966866583806,29.9217915360138,"Rosh_HaNikra 45 m"
2025-07-27 20:00:00,29.3,26.5192955184496,29.4570968316674,28.6183794189013,"Rosh_HaNikra 45 m"
2025-07-27 21:00:00,28.1,25.5927320214232,28.2612480159861,27.5988774987181,"Rosh_HaNikra 45 m"
2025-07-27 22:00:00,27.4,24.7680307547612,27.4950866755593,26.797749153809,"Rosh_HaNikra 45 m"
2025-07-27 23:00:00,26.8,24.1948914255952,26.9134384752063,26.0570233788346,"Rosh_HaNikra 45 m"
2025-07-28,25.9,23.9328014580161,26.0030468817708,25.5660558668525,"Rosh_HaNikra 45 m"
2025-07-28 01:00:00,25,24.0687726439,25.1487272619282,26.0355345905782,"Rosh_HaNikra 45 m"
2025-07-28 02:00:00,24.9,23.8342487578192,24.927106546412,25.5087386135855,"Rosh_HaNikra 45 m"
2025-07-28 03:00:00,24.9,23.9968748835585,24.8621383149375,25.2629918602965,"Rosh_HaNikra 45 m"
2025-07-28 04:00:00,26.2,30.1111113583844,26.1462681709023,27.2843882596295,"Rosh_HaNikra 45 m"
2025-07-28 05:00:00,29.1,37.4570266758283,29.1444509185056,29.8628732715925,"Rosh_HaNikra 45 m"
2025-07-28 06:00:00,31.9,48.3982423680495,32.1759785814774,33.204908742256,"Rosh_HaNikra 45 m"
2025-07-28 07:00:00,38.3,57.077667359544,38.1454746898465,36.3488255779278,"Rosh_HaNikra 45 m"
2025-07-28 08:00:00,42.6,62.176929830405,42.6201889278968,40.7919620264499,"Rosh_HaNikra 45 m"
2025-07-28 09:00:00,46.2,63.9732065430788,45.9001873518086,44.463637374988,"Rosh_HaNikra 45 m"
2025-07-28 10:00:00,48.8,64.6974031939255,48.2840737463909,47.0175974383103,"Rosh_HaNikra 45 m"
2025-07-28 11:00:00,49.6,62.683166220665,49.0485624424016,47.5397107152939,"Rosh_HaNikra 45 m"
2025-07-28 12:00:00,49.7,59.5028260824035,49.142690548291,47.0470546361755,"Rosh_HaNikra 45 m"
2025-07-28 13:00:00,47.1,55.2838213061545,46.8973768872059,45.7165767764304,"Rosh_HaNikra 45 m"
2025-07-28 14:00:00,44.6,50.2642025277372,44.5292538194718,43.8804444596525,"Rosh_HaNikra 45 m"
2025-07-28 15:00:00,41.5,43.7504249121305,41.2145096495888,41.0070820356962,"Rosh_HaNikra 45 m"
2025-07-28 16:00:00,37.9,35.325346397539,37.6463736199672,36.8604455462893,"Rosh_HaNikra 45 m"
2025-07-28 17:00:00,34.4,29.5521549598995,34.4655283400166,33.0347914116207,"Rosh_HaNikra 45 m"
2025-07-28 18:00:00,32.5,27.7414968975561,32.5036817766898,30.5204099186437,"Rosh_HaNikra 45 m"
2025-07-28 19:00:00,31.4,27.0367854935485,31.451922099794,29.503035436328,"Rosh_HaNikra 45 m"
2025-07-28 20:00:00,30.4,26.4168256370085,30.2275580242109,28.5121120063322,"Rosh_HaNikra 45 m"
2025-07-28 21:00:00,29.3,25.7961828467257,29.1519324271657,27.6888969895251,"Rosh_HaNikra 45 m"
2025-07-28 22:00:00,28.6,25.5384584052358,28.5118077048412,27.5051252229009,"Rosh_HaNikra 45 m"
2025-07-28 23:00:00,27.7,25.174785688424,27.8593920892454,27.3551798610925,"Rosh_HaNikra 45 m"
2025-07-29,27.7,24.985738142743,27.4709979172652,26.8496067369126,"Rosh_HaNikra 45 m"
2025-07-29 01:00:00,27.2,25.2581134509696,27.1521533172313,26.9636799764289,"Rosh_HaNikra 45 m"
2025-07-29 02:00:00,26.8,25.1701259134269,26.8993069974713,26.5700335023856,"Rosh_HaNikra 45 m"
2025-07-29 03:00:00,26.6,25.2581349892722,26.6239775176422,26.3743149323569,"Rosh_HaNikra 45 m"
2025-07-29 04:00:00,27.7,29.0359191594867,27.5871746289688,27.7445884643344,"Rosh_HaNikra 45 m"
2025-07-29 05:00:00,29.7,32.8012645414092,29.3504442671581,28.9956162145354,"Rosh_HaNikra 45 m"
2025-07-29 06:00:00,32.7,41.3749893536233,32.528535519481,32.0758436550759,"Rosh_HaNikra 45 m"
2025-07-29 07:00:00,36.2,49.1974271620874,35.1818433731644,33.5426925505762,"Rosh_HaNikra 45 m"
2025-07-29 08:00:00,39.4,56.6679829343591,39.4200117786594,37.8954323514734,"Rosh_HaNikra 45 m"
2025-07-29 09:00:00,44.4,59.9448415563375,43.9660734077487,42.4715215490133,"Rosh_HaNikra 45 m"
2025-07-29 10:00:00,48.3,62.0640687255644,47.6879517985248,45.682780197122,"Rosh_HaNikra 45 m"
2025-07-29 11:00:00,48.9,60.8737867774429,48.8492767434373,46.6599996985855,"Rosh_HaNikra 45 m"
2025-07-29 12:00:00,48.5,57.8682853037934,48.0322784889878,45.9004546458344,"Rosh_HaNikra 45 m"
2025-07-29 13:00:00,47.1,53.5639928478448,46.4174643257812,44.5858014721124,"Rosh_HaNikra 45 m"
2025-07-29 14:00:00,43.3,47.3432539131432,43.0315763811797,42.2469361450463,"Rosh_HaNikra 45 m"
2025-07-29 15:00:00,40.1,40.6893411040244,39.7655967492478,39.6012186169562,"Rosh_HaNikra 45 m"
2025-07-29 16:00:00,37.2,33.2712541136772,37.0259767168724,35.8192573103935,"Rosh_HaNikra 45 m"
2025-07-29 17:00:00,35.1,28.8160595752522,34.523595557317,32.5689129688069,"Rosh_HaNikra 45 m"
2025-07-29 18:00:00,33.5,27.4274643364384,32.9936540821175,30.657214492841,"Rosh_HaNikra 45 m"
2025-07-29 19:00:00,32.4,26.7239585395647,31.8848794285118,29.6079769607378,"Rosh_HaNikra 45 m"
2025-07-29 20:00:00,31.7,26.1821051329951,31.0324655101647,28.6897550315242,"Rosh_HaNikra 45 m"
2025-07-29 21:00:00,30.5,25.8575892897222,29.7694738324484,28.0639229269597,"Rosh_HaNikra 45 m"
2025-07-29 22:00:00,29.5,24.7785493280913,28.8135416779796,27.2166062738921,"Rosh_HaNikra 45 m"
2025-07-29 23:00:00,28.9,24.3425330742855,28.4570415267586,26.7822126969356,"Rosh_HaNikra 45 m"
2025-07-30,28.5,24.2052755060156,28.0363993790786,26.4813103380163,"Rosh_HaNikra 45 m"
2025-07-30 01:00:00,28.1,24.2128798687485,27.8751799800689,26.628746243718,"Rosh_HaNikra 45 m"
2025-07-30 02:00:00,28.1,24.0513556017637,27.7535376061796,26.2417533411741,"Rosh_HaNikra 45 m"
2025-07-30 03:00:00,27.6,24.0586466249322,27.2803283386407,26.0071666892861,"Rosh_HaNikra 45 m"
2025-07-30 04:00:00,28,26.0338630777068,27.557037157619,26.9482281308837,"Rosh_HaNikra 45 m"
2025-07-30 05:00:00,29.7,28.3158682498881,29.6681175111287,29.0330967817256,"Rosh_HaNikra 45 m"
2025-07-30 06:00:00,31.8,30.3027161598747,31.810388214371,31.7473583460396,"Rosh_HaNikra 45 m"
2025-07-30 07:00:00,35.2,32.2672180801648,34.713834798735,34.7187885910291,"Rosh_HaNikra 45 m"
2025-07-30 08:00:00,38.7,34.2477847587453,38.7177787739705,37.5911575805532,"Rosh_HaNikra 45 m"
2025-07-30 09:00:00,42.1,35.9214141639526,42.3985027584655,41.160609987622,"Rosh_HaNikra 45 m"
2025-07-30 10:00:00,45.1,51.2333448861995,45.2514128721085,44.3486474489131,"Rosh_HaNikra 45 m"
2025-07-30 11:00:00,44.8,57.9511058993408,45.6030208775031,44.3631618685791,"Rosh_HaNikra 45 m"
2025-07-30 12:00:00,45.6,56.1062387611896,46.0691817992754,44.285921492818,"Rosh_HaNikra 45 m"
2025-07-30 13:00:00,45.5,52.1937554626829,45.0208011074041,42.7559293060667,"Rosh_HaNikra 45 m"
2025-07-30 14:00:00,43.6,46.5138983372446,42.9201469282731,40.4155435208078,"Rosh_HaNikra 45 m"
2025-07-30 15:00:00,41.2,39.4649804020011,40.5433313780022,37.6927405977332,"Rosh_HaNikra 45 m"
2025-07-30 16:00:00,38.3,31.7846807614698,37.0903073220557,34.3736161366834,"Rosh_HaNikra 45 m"
2025-07-30 17:00:00,35.5,27.1588275344613,34.2504319080522,31.5026266486886,"Rosh_HaNikra 45 m"
2025-07-30 18:00:00,33.6,25.8726692217984,32.7503979057864,29.7729930895963,"Rosh_HaNikra 45 m"
2025-07-30 19:00:00,32.3,25.5959563001732,31.7568052945642,28.927595113192,"Rosh_HaNikra 45 m"
2025-07-30 20:00:00,31.2,25.2797337607772,30.7762255807137,28.3912130431564,"Rosh_HaNikra 45 m"
2025-07-30 21:00:00,30.7,24.9293749102754,30.2598832527454,27.8983037242097,"Rosh_HaNikra 45 m"
2025-07-30 22:00:00,30.6,23.5688037390244,30.0912174682396,26.6768836493027,"Rosh_HaNikra 45 m"
2025-07-30 23:00:00,30.2,23.2941663236509,29.5168492317633,26.3801543683897,"Rosh_HaNikra 45 m"
2025-07-31,29.8,23.1647345986625,29.287057086889,26.0248095956107,"Rosh_HaNikra 45 m"
2025-07-31 01:00:00,29.5,22.9478543563044,29.0131846279459,25.8431652350581,"Rosh_HaNikra 45 m"
2025-07-31 02:00:00,29.4,22.7009256389795,28.8895964861289,25.6293380764185,"Rosh_HaNikra 45 m"
2025-07-31 03:00:00,28.7,22.5326156508764,28.1636704312267,25.4761805426916,"Rosh_HaNikra 45 m"
2025-07-31 04:00:00,29,24.0202804855498,28.608873780001,26.156583910385,"Rosh_HaNikra 45 m"
2025-07-31 05:00:00,29.7,25.3044557730176,29.148976191179,27.6822528997876,"Rosh_HaNikra 45 m"
2025-07-31 06:00:00,32,27.8023469885673,31.5091557726179,29.7260910710182,"Rosh_HaNikra 45 m"
2025-07-31 07:00:00,35.3,30.458856661825,34.7623879047213,33.4291845159815,"Rosh_HaNikra 45 m"
2025-07-31 08:00:00,38.6,32.1492595131261,38.1235920179626,36.7162599022252,"Rosh_HaNikra 45 m"
2025-07-31 09:00:00,40.7,33.3403020149762,40.6609176567773,39.5355448967511,"Rosh_HaNikra 45 m"
2025-07-31 10:00:00,43.2,36.4006919958147,43.4356086310596,42.1267213918718,"Rosh_HaNikra 45 m"
2025-07-31 11:00:00,44.9,48.6310496722182,43.4403307892216,43.4684625063857,"Rosh_HaNikra 45 m"
2025-07-31 12:00:00,45.2,50.9080553678547,44.8008313669358,41.7072706846272,"Rosh_HaNikra 45 m"
2025-07-31 13:00:00,44.4,46.0858647932494,43.1119449273091,39.5066197027648,"Rosh_HaNikra 45 m"
2025-07-31 14:00:00,42.3,41.840467687768,41.2151392248126,38.2319872342768,"Rosh_HaNikra 45 m"
2025-07-31 15:00:00,40.2,35.6834235923689,39.6693427991016,36.0926832693022,"Rosh_HaNikra 45 m"
2025-07-31 16:00:00,37.3,29.9913870604049,36.338143228609,33.3521596701156,"Rosh_HaNikra 45 m"
2025-07-31 17:00:00,34.9,26.9428007033534,33.8563663301899,31.534222784347,"Rosh_HaNikra 45 m"
2025-07-31 18:00:00,33,26.1000033956209,32.4641545853451,30.3311802488008,"Rosh_HaNikra 45 m"
2025-07-31 19:00:00,31.9,25.5643902409096,31.5464024989702,29.4369769680519,"Rosh_HaNikra 45 m"
2025-07-31 20:00:00,31.2,25.0771980523351,30.9777502300306,28.6634044884923,"Rosh_HaNikra 45 m"
2025-07-31 21:00:00,30.6,24.9963515425398,30.2779699791778,28.2193987990095,"Rosh_HaNikra 45 m"
2025-07-31 22:00:00,30,23.3977315481463,29.5960686681655,26.9128396566668,"Rosh_HaNikra 45 m"
2025-07-31 23:00:00,29.5,23.1918556162965,29.2880663451299,26.723896689142,"Rosh_HaNikra 45 m"
2025-08-01,28.9,23.0989199724741,28.6421670244312,26.3894153681345,"Rosh_HaNikra 45 m"
2025-08-01 01:00:00,28.5,22.8787576136857,28.4078536945593,26.2432748255998,"Rosh_HaNikra 45 m"
2025-08-01 02:00:00,28.4,22.6877914044823,28.0802172351678,25.8607507321801,"Rosh_HaNikra 45 m"
2025-08-01 03:00:00,28.2,22.6261754341451,27.9212232587244,25.6750688858358,"Rosh_HaNikra 45 m"
2025-08-01 04:00:00,28.5,24.0673557201588,28.1283525557556,26.3167406002247,"Rosh_HaNikra 45 m"
2025-08-01 05:00:00,29.1,26.0820752856782,28.7211790074819,28.1976167438081,"Rosh_HaNikra 45 m"
2025-08-01 06:00:00,31.6,28.4570717975799,31.4622955000997,30.9031515285674,"Rosh_HaNikra 45 m"
2025-08-01 07:00:00,34.8,30.3721540684475,34.6083236773634,33.7883928532375,"Rosh_HaNikra 45 m"
2025-08-01 08:00:00,38.1,31.5474481580122,37.5420268403665,36.6722712514265,"Rosh_HaNikra 45 m"
2025-08-01 09:00:00,39.8,32.9918695344246,40.272359063111,39.3415590180672,"Rosh_HaNikra 45 m"
2025-08-01 10:00:00,40.7,36.3746381471539,41.7621331527274,42.8822684953595,"Rosh_HaNikra 45 m"
2025-08-01 11:00:00,43.4,51.6065825778866,43.1854054245865,45.989251549902,"Rosh_HaNikra 45 m"
2025-08-01 12:00:00,44.9,53.4803775601819,44.3659967147078,43.7108901792005,"Rosh_HaNikra 45 m"
2025-08-01 13:00:00,44.5,48.9067461388997,43.6844335612977,41.2267196076802,"Rosh_HaNikra 45 m"
2025-08-01 14:00:00,42.8,43.3989626296718,41.6713252573823,38.8824449905116,"Rosh_HaNikra 45 m"
2025-08-01 15:00:00,40.2,36.4929203693042,39.8770212895968,36.0878265802036,"Rosh_HaNikra 45 m"
2025-08-01 16:00:00,37.3000000000001,29.9792272416737,35.9066258529262,33.108926948705,"Rosh_HaNikra 45 m"
2025-08-01 17:00:00,34.6,26.0536874615989,33.1095496385431,30.6367420041404,"Rosh_HaNikra 45 m"
2025-08-01 18:00:00,32.7,24.715459028789,31.6721228749803,29.0320874849047,"Rosh_HaNikra 45 m"
2025-08-01 19:00:00,31.5,24.312801934068,31.3119857028791,28.067103005235,"Rosh_HaNikra 45 m"
2025-08-01 20:00:00,30.8,23.9793426675956,30.5107413602535,27.4577400369804,"Rosh_HaNikra 45 m"
2025-08-01 21:00:00,30.1,23.814492680707,29.7041422068362,27.125217415967,"Rosh_HaNikra 45 m"
2025-08-01 22:00:00,30,22.8984988068588,29.6115988700351,26.4030588006027,"Rosh_HaNikra 45 m"
2025-08-01 23:00:00,29.7,22.8648377250833,29.3223754046713,26.4274493049783,"Rosh_HaNikra 45 m"
2025-08-02,29,22.799485259388,28.7076123699839,26.1098404458504,"Rosh_HaNikra 45 m"
2025-08-02 01:00:00,27.9,22.7648995387633,27.7652619323608,25.86325101734,"Rosh_HaNikra 45 m"
2025-08-02 02:00:00,27.5,22.6451347781409,27.4130282968542,25.746408314823,"Rosh_HaNikra 45 m"
2025-08-02 03:00:00,27.4,22.5600012016668,27.2836711826348,25.5276272964849,"Rosh_HaNikra 45 m"
2025-08-02 04:00:00,27.6,24.4562849735699,27.2828881515453,26.1722849344693,"Rosh_HaNikra 45 m"
2025-08-02 05:00:00,28.9,27.2158569962715,28.762367310958,28.3494158656334,"Rosh_HaNikra 45 m"
2025-08-02 06:00:00,31.7,29.3551993488081,31.7085202428917,31.5645303844221,"Rosh_HaNikra 45 m"
2025-08-02 07:00:00,34.3,30.7771922337213,33.9684255566071,34.8835545765558,"Rosh_HaNikra 45 m"
2025-08-02 08:00:00,38.1,32.2669008298698,38.087220342356,36.8658483548942,"Rosh_HaNikra 45 m"
2025-08-02 09:00:00,41.1,33.1578874005779,41.1506119554599,39.6071733846172,"Rosh_HaNikra 45 m"
2025-08-02 10:00:00,43.5,34.2330163590109,43.7340305751808,41.9561313263571,"Rosh_HaNikra 45 m"
2025-08-02 11:00:00,44.9,37.6256184841641,45.3969707899177,44.3715081478604,"Rosh_HaNikra 45 m"
2025-08-02 12:00:00,45.4,45.1863585062168,44.9470880076076,44.6464223213337,"Rosh_HaNikra 45 m"
2025-08-02 13:00:00,44.5,45.105736634438,44.1489152615361,40.7048014614033,"Rosh_HaNikra 45 m"
2025-08-02 14:00:00,43,40.5877989643682,41.4737292041217,38.7202785128225,"Rosh_HaNikra 45 m"
2025-08-02 15:00:00,40.7,36.2051353990671,40.0444352198597,37.1692139446375,"Rosh_HaNikra 45 m"
2025-08-02 16:00:00,37.8,30.3582950674702,36.7603583489783,34.4745694243122,"Rosh_HaNikra 45 m"
2025-08-02 17:00:00,35.1,26.184335243236,33.3305134919846,31.2865772361864,"Rosh_HaNikra 45 m"
2025-08-02 18:00:00,33.3,24.9384159327012,32.0450495024103,29.2718986750108,"Rosh_HaNikra 45 m"
2025-08-02 19:00:00,32.2,24.3904725431902,31.0507846774576,28.0185891508562,"Rosh_HaNikra 45 m"
2025-08-02 20:00:00,31.2,24.0032807856987,30.4126688805292,27.2095200091789,"Rosh_HaNikra 45 m"
2025-08-02 21:00:00,30.2,23.7323677452218,29.3876065281269,26.671661606611,"Rosh_HaNikra 45 m"
2025-08-02 22:00:00,29.7,23.6464447772405,29.1456264184428,26.4480538165471,"Rosh_HaNikra 45 m"
2025-08-02 23:00:00,29,23.4867726505614,28.5293059013633,26.2195707500792,"Rosh_HaNikra 45 m"
2025-08-17 01:00:00,25.5,24.271263445821,25.5120617327739,25.9605791225101,"Rosh_HaNikra 45 m"
2025-08-17 02:00:00,24.9,23.9104562985932,24.9363121233636,25.5946297633683,"Rosh_HaNikra 45 m"
2025-08-17 03:00:00,24.5,24.023906740441,24.6295482008767,24.9399934141776,"Rosh_HaNikra 45 m"
2025-08-17 04:00:00,27.1,27.0927994352106,26.5788841426527,26.2846869331125,"Rosh_HaNikra 45 m"
2025-08-17 05:00:00,34.5,33.1042846533575,33.2026284146283,28.0336464735785,"Rosh_HaNikra 45 m"
2025-08-17 06:00:00,35.2,42.5058365261057,35.8304749855785,30.9004660045603,"Rosh_HaNikra 45 m"
2025-08-17 07:00:00,35.4,50.8058486413599,36.0172450958004,33.0741343927027,"Rosh_HaNikra 45 m"
2025-08-17 08:00:00,47.5,57.0973510412641,46.110223177843,36.8868007330366,"Rosh_HaNikra 45 m"
2025-08-17 09:00:00,51.5,60.4605775582408,48.7526851572884,41.2883706795787,"Rosh_HaNikra 45 m"
2025-08-17 10:00:00,52.6,62.3811661774611,51.3284824055978,44.6169201905226,"Rosh_HaNikra 45 m"
2025-08-17 11:00:00,50.8,61.0424613610205,50.2847707107433,45.8743629113135,"Rosh_HaNikra 45 m"
2025-08-17 12:00:00,48.7,57.2984918170898,47.6937427626532,45.0739568286865,"Rosh_HaNikra 45 m"
2025-08-17 13:00:00,44.2,52.2855831807011,44.3064846724531,43.5828282063359,"Rosh_HaNikra 45 m"
2025-08-17 14:00:00,40.8,45.4267355972273,40.9152002382971,41.0351540618879,"Rosh_HaNikra 45 m"
2025-08-17 15:00:00,36.6,38.2234290076245,36.9222481734339,38.0827533436764,"Rosh_HaNikra 45 m"
2025-08-17 16:00:00,33,31.2635178864166,33.6599405894223,34.5360651314422,"Rosh_HaNikra 45 m"
2025-08-17 17:00:00,31,27.9705667754964,31.5513485129204,32.1006469985799,"Rosh_HaNikra 45 m"
2025-08-17 18:00:00,29.8,27.2355829830403,30.3384769742892,30.9205605144734,"Rosh_HaNikra 45 m"
2025-08-17 19:00:00,29,26.7720437778431,29.5636624709039,30.0182753337818,"Rosh_HaNikra 45 m"
2025-08-17 20:00:00,28.3,26.266890608169,28.5699799799486,29.2515755523218,"Rosh_HaNikra 45 m"
2025-08-17 21:00:00,27.9,25.8679817647973,28.116971467389,28.5975764722863,"Rosh_HaNikra 45 m"
2025-08-17 22:00:00,26.7,25.3200796262947,26.9344168431924,27.9940055029121,"Rosh_HaNikra 45 m"
2025-08-17 23:00:00,26.2,24.9279412050071,26.727132031948,27.4746826906028,"Rosh_HaNikra 45 m"
2025-08-18,25.4,24.8331399102272,25.6342613603344,27.2307195801796,"Rosh_HaNikra 45 m"
2025-08-18 01:00:00,25.2,24.6745008946068,25.4006406774029,26.8594164372093,"Rosh_HaNikra 45 m"
2025-08-18 02:00:00,24.7,24.6993149144498,24.8809242971047,26.6141345126477,"Rosh_HaNikra 45 m"
2025-08-18 03:00:00,24.2,24.5004101093705,24.503958123768,26.1803125437196,"Rosh_HaNikra 45 m"
2025-08-18 04:00:00,26.6,27.4085856086866,26.1241397441562,26.9956507093565,"Rosh_HaNikra 45 m"
2025-08-18 05:00:00,33.5,33.2544966866929,32.004457269969,28.5107446839768,"Rosh_HaNikra 45 m"
2025-08-18 06:00:00,33.1,42.614166092289,33.4769738038284,31.4726989978676,"Rosh_HaNikra 45 m"
2025-08-18 07:00:00,35.4,52.4285385753587,36.1750237031392,34.6933148052171,"Rosh_HaNikra 45 m"
2025-08-18 08:00:00,45.7,57.3331837946336,44.1289468628255,38.0708318048875,"Rosh_HaNikra 45 m"
2025-08-18 09:00:00,50.4,60.9752322071608,48.9506166143169,41.9612170094069,"Rosh_HaNikra 45 m"
2025-08-18 10:00:00,52,61.8029333338782,51.0599935360155,44.6282163844153,"Rosh_HaNikra 45 m"
2025-08-18 11:00:00,51.6,60.4174796828987,51.039281216103,45.5878116378548,"Rosh_HaNikra 45 m"
2025-08-18 12:00:00,48.6,56.7907199511402,48.0753339411471,44.8936252245777,"Rosh_HaNikra 45 m"
2025-08-18 13:00:00,43.2,51.3782777210679,43.7635405626202,42.9366101643052,"Rosh_HaNikra 45 m"
2025-08-18 14:00:00,39.8,44.8017573255875,40.261887516883,40.3739075559952,"Rosh_HaNikra 45 m"
2025-08-18 15:00:00,36.7,37.6135830917443,36.7882214473072,37.1903771200265,"Rosh_HaNikra 45 m"
