"model","rmse_base","rmse_corr","task","improvement_pct"
"RF",8.16895017218471,3.48422274716514,"harod2_sun",57.3479740514403
"LSTM_2h",8.16895017218471,4.08318302780238,"harod2_sun",50.0158166993646
