"model","rmse_base","rmse_corr","task","improvement_pct"
"RF",5.52986305248857,2.82782958466332,"harod2_shd",48.8625747541663
"LSTM_2h",5.52986305248857,3.21970998245923,"harod2_shd",41.7759544513443
