    "time","measured","base","rf","site"
2025-06-09 08:00:00,36.2,35.913935653921,35.8065884604705,"Ashkelon"
2025-06-09 08:00:00,36.2,35.913935653921,35.8065884604705,"Ashkelon"
2025-06-09 09:00:00,36,36.1729561586497,40.4142621563583,"Ashkelon"
2025-06-09 09:00:00,36.5,36.1729561586497,40.4142621563583,"Ashkelon"
2025-06-09 10:00:00,39.6,40.1880234641324,40.465881362056,"Ashkelon"
2025-06-09 10:00:00,39.4,40.1880234641324,40.465881362056,"Ashkelon"
2025-06-09 11:00:00,41.1,48.4639728546529,39.9185439453566,"Ashkelon"
2025-06-09 11:00:00,41.1,48.4639728546529,39.9185439453566,"Ashkelon"
2025-06-09 12:00:00,41.3,49.7061884502996,41.981770023373,"Ashkelon"
2025-06-09 12:00:00,41.9,49.7061884502996,41.981770023373,"Ashkelon"
2025-06-09 13:00:00,40.1,46.1728217519254,39.6048913714288,"Ashkelon"
2025-06-09 13:00:00,40.9,46.1728217519254,39.6048913714288,"Ashkelon"
2025-06-09 14:00:00,38.4,40.1854084988507,39.3206350176902,"Ashkelon"
2025-06-09 14:00:00,39.6,40.1854084988507,39.3206350176902,"Ashkelon"
2025-06-09 15:00:00,35.7,33.778187629007,35.2025711138769,"Ashkelon"
2025-06-09 15:00:00,37.4,33.778187629007,35.2025711138769,"Ashkelon"
2025-06-09 16:00:00,32.4,26.1624460301565,32.4713953346253,"Ashkelon"
2025-06-09 16:00:00,34.6,26.1624460301565,32.4713953346253,"Ashkelon"
2025-06-09 17:00:00,29.8,22.7668415153033,27.2582429075841,"Ashkelon"
2025-06-09 17:00:00,31.8,22.7668415153033,27.2582429075841,"Ashkelon"
2025-06-09 18:00:00,27.9,22.0938819079996,26.403692684304,"Ashkelon"
2025-06-09 18:00:00,29.9,22.0938819079996,26.403692684304,"Ashkelon"
2025-06-09 19:00:00,26.7,21.8828841965166,24.0063465697525,"Ashkelon"
2025-06-09 19:00:00,28.5,21.8828841965166,24.0063465697525,"Ashkelon"
2025-06-09 20:00:00,25.7,21.7714023483363,24.1066080300758,"Ashkelon"
2025-06-09 20:00:00,27.5,21.7714023483363,24.1066080300758,"Ashkelon"
2025-06-09 21:00:00,25.1,21.693785120851,23.917889726782,"Ashkelon"
2025-06-09 21:00:00,26.7,21.693785120851,23.917889726782,"Ashkelon"
2025-06-09 22:00:00,25.4,21.6977973016621,23.7886683787199,"Ashkelon"
2025-06-09 22:00:00,26.7,21.6977973016621,23.7886683787199,"Ashkelon"
2025-06-09 23:00:00,25.5,21.6497694746962,23.804574521638,"Ashkelon"
2025-06-09 23:00:00,26.7,21.6497694746962,23.804574521638,"Ashkelon"
2025-06-10,24.9,21.6146639642534,23.4832740635011,"Ashkelon"
2025-06-10,26.2,21.6146639642534,23.4832740635011,"Ashkelon"
2025-06-10 01:00:00,25,21.4685248582789,23.6612763730738,"Ashkelon"
2025-06-10 01:00:00,26.2,21.4685248582789,23.6612763730738,"Ashkelon"
2025-06-10 02:00:00,25,21.4087859309595,24.0429974726473,"Ashkelon"
2025-06-10 02:00:00,26.1,21.4087859309595,24.0429974726473,"Ashkelon"
2025-06-10 03:00:00,24.1,21.5539177613326,23.3961641067912,"Ashkelon"
2025-06-10 03:00:00,25.3,21.5539177613326,23.3961641067912,"Ashkelon"
2025-06-10 04:00:00,24.7,24.9777105788969,24.9188357169111,"Ashkelon"
2025-06-10 04:00:00,25.6,24.9777105788969,24.9188357169111,"Ashkelon"
2025-06-10 05:00:00,27.1,28.9428749893906,28.2532489417245,"Ashkelon"
2025-06-10 05:00:00,27.1,28.9428749893906,28.2532489417245,"Ashkelon"
2025-06-10 06:00:00,29.8,33.2842595062591,32.6901920067565,"Ashkelon"
2025-06-10 06:00:00,28.5,33.2842595062591,32.6901920067565,"Ashkelon"
2025-06-10 07:00:00,33.3,35.6523602651282,34.1266367837098,"Ashkelon"
2025-06-10 07:00:00,32.2,35.6523602651282,34.1266367837098,"Ashkelon"
2025-06-10 08:00:00,36.4,36.6450019971052,36.5438514846808,"Ashkelon"
2025-06-10 08:00:00,35,36.6450019971052,36.5438514846808,"Ashkelon"
2025-06-10 09:00:00,38.1,36.4708008774371,40.7181092468009,"Ashkelon"
2025-06-10 09:00:00,36.7,36.4708008774371,40.7181092468009,"Ashkelon"
2025-06-10 10:00:00,38.8,38.5049677509418,41.4227274697647,"Ashkelon"
2025-06-10 10:00:00,39.8,38.5049677509418,41.4227274697647,"Ashkelon"
2025-06-10 11:00:00,41.6,47.2909246691562,40.1787088286074,"Ashkelon"
2025-06-10 11:00:00,41.5,47.2909246691562,40.1787088286074,"Ashkelon"
2025-06-10 12:00:00,41.8,49.3420065758724,42.5572369221338,"Ashkelon"
2025-06-10 12:00:00,42.2,49.3420065758724,42.5572369221338,"Ashkelon"
2025-06-10 13:00:00,40.5,45.8042131685574,40.9691084950363,"Ashkelon"
2025-06-10 13:00:00,41.7,45.8042131685574,40.9691084950363,"Ashkelon"
2025-06-10 14:00:00,37.8,39.6552703335226,39.4695006137645,"Ashkelon"
2025-06-10 14:00:00,39.4,39.6552703335226,39.4695006137645,"Ashkelon"
2025-06-10 15:00:00,34.1,33.3371084973097,35.1326442099876,"Ashkelon"
2025-06-10 15:00:00,35.8,33.3371084973097,35.1326442099876,"Ashkelon"
2025-06-10 16:00:00,31.4,26.1271109864885,31.3284918509534,"Ashkelon"
2025-06-10 16:00:00,33.2,26.1271109864885,31.3284918509534,"Ashkelon"
2025-06-10 17:00:00,29.5,23.0525054118662,27.2446655047289,"Ashkelon"
2025-06-10 17:00:00,31.1,23.0525054118662,27.2446655047289,"Ashkelon"
2025-06-10 18:00:00,28,22.5152649430091,27.0688525312016,"Ashkelon"
2025-06-10 18:00:00,29.6,22.5152649430091,27.0688525312016,"Ashkelon"
2025-06-10 19:00:00,26.8,22.2737202202076,25.8097546956101,"Ashkelon"
2025-06-10 19:00:00,28.4,22.2737202202076,25.8097546956101,"Ashkelon"
2025-06-10 20:00:00,25.3,22.1298723585367,24.9464207427772,"Ashkelon"
2025-06-10 20:00:00,26.9,22.1298723585367,24.9464207427772,"Ashkelon"
2025-06-10 21:00:00,24.4,21.9080099824681,24.7558731357409,"Ashkelon"
2025-06-10 21:00:00,26,21.9080099824681,24.7558731357409,"Ashkelon"
2025-06-10 22:00:00,23.8,21.4660942106972,23.501035680963,"Ashkelon"
2025-06-10 22:00:00,25.2,21.4660942106972,23.501035680963,"Ashkelon"
2025-06-10 23:00:00,23.9,21.1594573018629,23.1911848832658,"Ashkelon"
2025-06-10 23:00:00,25.2,21.1594573018629,23.1911848832658,"Ashkelon"
2025-06-11,23.9,21.0733447771796,22.4664373016983,"Ashkelon"
2025-06-11,25.2,21.0733447771796,22.4664373016983,"Ashkelon"
2025-06-11 01:00:00,23.7,21.0210002213117,22.8616069580601,"Ashkelon"
2025-06-11 01:00:00,24.9,21.0210002213117,22.8616069580601,"Ashkelon"
2025-06-11 02:00:00,23.7,20.908222283087,22.069449586072,"Ashkelon"
2025-06-11 02:00:00,24.8,20.908222283087,22.069449586072,"Ashkelon"
2025-06-11 03:00:00,24,21.2744376493325,22.9396977848187,"Ashkelon"
2025-06-11 03:00:00,24.9,21.2744376493325,22.9396977848187,"Ashkelon"
2025-06-11 04:00:00,24.8,24.6928907370045,23.7643967737655,"Ashkelon"
2025-06-11 04:00:00,25.5,24.6928907370045,23.7643967737655,"Ashkelon"
2025-06-11 05:00:00,26.7,28.2810948057197,27.9962214595528,"Ashkelon"
2025-06-11 05:00:00,26.7,28.2810948057197,27.9962214595528,"Ashkelon"
2025-06-11 06:00:00,29.6,32.025727360943,31.4654081548651,"Ashkelon"
2025-06-11 06:00:00,28.2,32.025727360943,31.4654081548651,"Ashkelon"
2025-06-11 07:00:00,33.1,34.5445378707179,33.7530400107056,"Ashkelon"
2025-06-11 07:00:00,31.9,34.5445378707179,33.7530400107056,"Ashkelon"
2025-06-11 08:00:00,36.2,36.3905482409582,36.6623944701496,"Ashkelon"
2025-06-11 08:00:00,34.6,36.3905482409582,36.6623944701496,"Ashkelon"
2025-06-11 09:00:00,36.7,37.2076244322039,39.6943145730937,"Ashkelon"
2025-06-11 09:00:00,36.4,37.2076244322039,39.6943145730937,"Ashkelon"
2025-06-11 10:00:00,39.4,46.2454358420653,41.191152777993,"Ashkelon"
2025-06-11 10:00:00,39.6,46.2454358420653,41.191152777993,"Ashkelon"
2025-06-11 11:00:00,41.1,53.4733229215922,40.6160453886326,"Ashkelon"
2025-06-11 11:00:00,41.3,53.4733229215922,40.6160453886326,"Ashkelon"
2025-06-11 12:00:00,42,53.4455428461943,42.5816225288729,"Ashkelon"
2025-06-11 12:00:00,42.2,53.4455428461943,42.5816225288729,"Ashkelon"
2025-06-11 13:00:00,41.5,49.0857922295965,41.1718436608751,"Ashkelon"
2025-06-11 13:00:00,42.4,49.0857922295965,41.1718436608751,"Ashkelon"
2025-06-11 14:00:00,39.2,42.6029053944546,39.8658027521709,"Ashkelon"
2025-06-11 14:00:00,41.2,42.6029053944546,39.8658027521709,"Ashkelon"
2025-06-11 15:00:00,36.2,35.9923161965132,37.2768248734206,"Ashkelon"
2025-06-11 15:00:00,38.3,35.9923161965132,37.2768248734206,"Ashkelon"
2025-06-11 16:00:00,32.8,27.9830091587729,32.1021686936152,"Ashkelon"
2025-06-11 16:00:00,34.8,27.9830091587729,32.1021686936152,"Ashkelon"
2025-06-11 17:00:00,29.7,24.1532082131726,31.1589701896521,"Ashkelon"
2025-06-11 17:00:00,31.6,24.1532082131726,31.1589701896521,"Ashkelon"
2025-06-11 18:00:00,27.8,23.2505959279217,28.345970247715,"Ashkelon"
2025-06-11 18:00:00,29.7,23.2505959279217,28.345970247715,"Ashkelon"
2025-06-11 19:00:00,26.2,22.9139635726644,26.2285143352162,"Ashkelon"
2025-06-11 19:00:00,28,22.9139635726644,26.2285143352162,"Ashkelon"
2025-06-11 20:00:00,25.5,22.5642280262426,25.2774394607807,"Ashkelon"
2025-06-11 20:00:00,26.9,22.5642280262426,25.2774394607807,"Ashkelon"
2025-06-11 21:00:00,24.8,22.0606499708345,24.9972996537274,"Ashkelon"
2025-06-11 21:00:00,26.4,22.0606499708345,24.9972996537274,"Ashkelon"
2025-06-11 22:00:00,23.9,21.6282497065681,24.298017664305,"Ashkelon"
2025-06-11 22:00:00,25.4,21.6282497065681,24.298017664305,"Ashkelon"
2025-06-11 23:00:00,24.6,21.368644241546,23.9665672590827,"Ashkelon"
2025-06-11 23:00:00,25.7,21.368644241546,23.9665672590827,"Ashkelon"
2025-06-12,24.2,21.2729797831381,23.6362964069084,"Ashkelon"
2025-06-12,25.4,21.2729797831381,23.6362964069084,"Ashkelon"
2025-06-12 01:00:00,24,21.264492219284,23.0621139648462,"Ashkelon"
2025-06-12 01:00:00,25.2,21.264492219284,23.0621139648462,"Ashkelon"
2025-06-12 02:00:00,23,21.0655883954868,22.4916577864035,"Ashkelon"
2025-06-12 02:00:00,24.2,21.0655883954868,22.4916577864035,"Ashkelon"
2025-06-12 03:00:00,22.2,21.1595672377326,21.9290763782967,"Ashkelon"
2025-06-12 03:00:00,23.5,21.1595672377326,21.9290763782967,"Ashkelon"
2025-06-12 04:00:00,23.7,25.4017236430136,23.6882492916123,"Ashkelon"
2025-06-12 04:00:00,24.4,25.4017236430136,23.6882492916123,"Ashkelon"
2025-06-12 05:00:00,26,30.0562920935855,27.4111757501683,"Ashkelon"
2025-06-12 05:00:00,25.2,30.0562920935855,27.4111757501683,"Ashkelon"
2025-06-12 06:00:00,29.9,34.3242828801214,31.7933570623699,"Ashkelon"
2025-06-12 06:00:00,27.8,34.3242828801214,31.7933570623699,"Ashkelon"
2025-06-12 07:00:00,33.5,37.299252562834,34.8031774939138,"Ashkelon"
2025-06-12 07:00:00,32.1,37.299252562834,34.8031774939138,"Ashkelon"
2025-06-12 08:00:00,37.5,38.6601467420183,39.2802036527855,"Ashkelon"
2025-06-12 08:00:00,35.5,38.6601467420183,39.2802036527855,"Ashkelon"
2025-06-12 09:00:00,37.5,41.7321204451427,40.8168595838288,"Ashkelon"
2025-06-12 09:00:00,37.5,41.7321204451427,40.8168595838288,"Ashkelon"
2025-06-12 10:00:00,40.2,57.6471358820995,39.785715919747,"Ashkelon"
2025-06-12 10:00:00,41.4,57.6471358820995,39.785715919747,"Ashkelon"
2025-06-12 11:00:00,41.8,60.520824671595,46.2288804706117,"Ashkelon"
2025-06-12 11:00:00,42.9,60.520824671595,46.2288804706117,"Ashkelon"
2025-06-12 12:00:00,42,56.7498864790679,45.4888419171517,"Ashkelon"
2025-06-12 12:00:00,43.3,56.7498864790679,45.4888419171517,"Ashkelon"
2025-06-12 13:00:00,41.2,50.7811688948832,42.271281808646,"Ashkelon"
2025-06-12 13:00:00,42.8,50.7811688948832,42.271281808646,"Ashkelon"
2025-06-12 14:00:00,39.1,43.3834479726746,39.1243791848434,"Ashkelon"
2025-06-12 14:00:00,40.9,43.3834479726746,39.1243791848434,"Ashkelon"
2025-06-12 15:00:00,36.3,36.9630828575777,36.187362054984,"Ashkelon"
2025-06-12 15:00:00,38.3,36.9630828575777,36.187362054984,"Ashkelon"
2025-06-12 16:00:00,33,28.7235796101904,32.8608862004269,"Ashkelon"
2025-06-12 16:00:00,35.1,28.7235796101904,32.8608862004269,"Ashkelon"
2025-06-12 17:00:00,29.7,24.3605775875854,31.6636779467075,"Ashkelon"
2025-06-12 17:00:00,31.6,24.3605775875854,31.6636779467075,"Ashkelon"
2025-06-12 18:00:00,27.9,22.8392737550024,26.8627437048073,"Ashkelon"
2025-06-12 18:00:00,29.7,22.8392737550024,26.8627437048073,"Ashkelon"
2025-06-12 19:00:00,26.4,22.2004021305785,25.323667476599,"Ashkelon"
2025-06-12 19:00:00,28.2,22.2004021305785,25.323667476599,"Ashkelon"
2025-06-12 20:00:00,25,21.566332899816,24.0950371642804,"Ashkelon"
2025-06-12 20:00:00,26.9,21.566332899816,24.0950371642804,"Ashkelon"
2025-06-12 21:00:00,23.7,21.0061199303106,22.5166298368462,"Ashkelon"
2025-06-12 21:00:00,25.4,21.0061199303106,22.5166298368462,"Ashkelon"
2025-06-12 22:00:00,24.2,20.5683019458298,22.1334731642458,"Ashkelon"
2025-06-12 22:00:00,25.4,20.5683019458298,22.1334731642458,"Ashkelon"
2025-06-12 23:00:00,25.2,20.3162838209863,21.6891521974832,"Ashkelon"
2025-06-12 23:00:00,26.2,20.3162838209863,21.6891521974832,"Ashkelon"
2025-06-13,24.7,20.2210019270708,21.5007661833179,"Ashkelon"
2025-06-13,25.8,20.2210019270708,21.5007661833179,"Ashkelon"
2025-06-13 01:00:00,23.2,20.1024554612948,21.6580899162003,"Ashkelon"
2025-06-13 01:00:00,24.6,20.1024554612948,21.6580899162003,"Ashkelon"
2025-06-13 02:00:00,23.5,20.261548679573,21.8439595482831,"Ashkelon"
2025-06-13 02:00:00,24.6,20.261548679573,21.8439595482831,"Ashkelon"
2025-06-13 03:00:00,23.5,20.5858647186053,21.1454395519498,"Ashkelon"
2025-06-13 03:00:00,24.6,20.5858647186053,21.1454395519498,"Ashkelon"
2025-06-13 04:00:00,23.2,24.4861381212719,22.927888280072,"Ashkelon"
2025-06-13 04:00:00,24.2,24.4861381212719,22.927888280072,"Ashkelon"
2025-06-13 05:00:00,25.8,28.8227241252034,26.8412795774792,"Ashkelon"
2025-06-13 05:00:00,24.7,28.8227241252034,26.8412795774792,"Ashkelon"
2025-06-13 06:00:00,29.7,33.3523361424758,30.5779308679834,"Ashkelon"
2025-06-13 06:00:00,27.2,33.3523361424758,30.5779308679834,"Ashkelon"
2025-06-13 07:00:00,33.3,36.5862784851358,34.8052798389006,"Ashkelon"
2025-06-13 07:00:00,31.8,36.5862784851358,34.8052798389006,"Ashkelon"
2025-06-13 08:00:00,37,38.3026725451604,37.9797493708283,"Ashkelon"
2025-06-13 08:00:00,35.7,38.3026725451604,37.9797493708283,"Ashkelon"
2025-06-13 09:00:00,37.3,49.3935428441306,40.3120093961952,"Ashkelon"
2025-06-13 09:00:00,38,49.3935428441306,40.3120093961952,"Ashkelon"
2025-06-13 10:00:00,39.7999999999999,60.9942645620799,42.0551562213188,"Ashkelon"
2025-06-13 10:00:00,39.9,60.9942645620799,42.0551562213188,"Ashkelon"
2025-06-13 11:00:00,41.6,59.8360173723239,45.1216804124718,"Ashkelon"
2025-06-13 11:00:00,42.1,59.8360173723239,45.1216804124718,"Ashkelon"
2025-06-13 12:00:00,42.1,55.6365156934814,44.2855709966975,"Ashkelon"
2025-06-13 12:00:00,43.1,55.6365156934814,44.2855709966975,"Ashkelon"
2025-06-13 13:00:00,40.9,50.2946419644817,42.6722974117212,"Ashkelon"
2025-06-13 13:00:00,42.6,50.2946419644817,42.6722974117212,"Ashkelon"
2025-06-13 14:00:00,39,43.6336163031772,40.567876929321,"Ashkelon"
2025-06-13 14:00:00,40.9,43.6336163031772,40.567876929321,"Ashkelon"
2025-06-13 15:00:00,36.5,37.3445151518091,36.8806670405893,"Ashkelon"
2025-06-13 15:00:00,38.4,37.3445151518091,36.8806670405893,"Ashkelon"
2025-06-13 16:00:00,33.2,29.2865391534959,34.5969228931164,"Ashkelon"
2025-06-13 16:00:00,35.2,29.2865391534959,34.5969228931164,"Ashkelon"
2025-06-13 17:00:00,30,24.9536154615981,30.8385252182077,"Ashkelon"
2025-06-13 17:00:00,31.8,24.9536154615981,30.8385252182077,"Ashkelon"
2025-06-13 18:00:00,28.4,23.8542401710674,29.063467700761,"Ashkelon"
2025-06-13 18:00:00,30,23.8542401710674,29.063467700761,"Ashkelon"
2025-06-13 19:00:00,27.3,23.3274748815651,27.3820433318086,"Ashkelon"
2025-06-13 19:00:00,28.8,23.3274748815651,27.3820433318086,"Ashkelon"
2025-06-13 20:00:00,26.2,22.9604196961477,26.129793057262,"Ashkelon"
2025-06-13 20:00:00,27.8,22.9604196961477,26.129793057262,"Ashkelon"
2025-06-13 21:00:00,24.9,22.7457362581301,25.2112970210682,"Ashkelon"
2025-06-13 21:00:00,26.4,22.7457362581301,25.2112970210682,"Ashkelon"
2025-06-13 22:00:00,24.2,22.4916794369135,25.1782348529993,"Ashkelon"
2025-06-13 22:00:00,25.6,22.4916794369135,25.1782348529993,"Ashkelon"
2025-06-13 23:00:00,24.6,22.0845084904474,25.8136827870649,"Ashkelon"
2025-06-13 23:00:00,25.8,22.0845084904474,25.8136827870649,"Ashkelon"
2025-06-14,24.2,21.940115949286,24.3170264342464,"Ashkelon"
2025-06-14,25.4,21.940115949286,24.3170264342464,"Ashkelon"
2025-06-14 01:00:00,23.3,21.6893326422144,24.0966457076983,"Ashkelon"
2025-06-14 01:00:00,24.5,21.6893326422144,24.0966457076983,"Ashkelon"
2025-06-14 02:00:00,23.5,21.5150262385282,24.1205748123773,"Ashkelon"
2025-06-14 02:00:00,24.5,21.5150262385282,24.1205748123773,"Ashkelon"
2025-06-14 03:00:00,23.6,21.7163323074117,23.2034445361165,"Ashkelon"
2025-06-14 03:00:00,24.6,21.7163323074117,23.2034445361165,"Ashkelon"
2025-06-14 04:00:00,23.8,24.4583070681287,24.3367987829134,"Ashkelon"
2025-06-14 04:00:00,24.6,24.4583070681287,24.3367987829134,"Ashkelon"
2025-06-14 05:00:00,26.4,27.1428707874288,26.4057626711994,"Ashkelon"
2025-06-14 05:00:00,25.1,27.1428707874288,26.4057626711994,"Ashkelon"
2025-06-14 06:00:00,30.1,31.7542423887972,30.3219725231401,"Ashkelon"
2025-06-14 06:00:00,27.6,31.7542423887972,30.3219725231401,"Ashkelon"
2025-06-14 07:00:00,33.3,35.9995174949861,34.2742244482634,"Ashkelon"
2025-06-14 07:00:00,32,35.9995174949861,34.2742244482634,"Ashkelon"
2025-06-14 08:00:00,36.5,39.6066984794657,38.7016489367779,"Ashkelon"
2025-06-14 08:00:00,35.3,39.6066984794657,38.7016489367779,"Ashkelon"
2025-06-14 09:00:00,37.1,53.9766239197825,37.8683532446891,"Ashkelon"
2025-06-14 09:00:00,37.4,53.9766239197825,37.8683532446891,"Ashkelon"
2025-06-14 10:00:00,40.1,61.5103676733733,43.1601133879216,"Ashkelon"
2025-06-14 10:00:00,40.3,61.5103676733733,43.1601133879216,"Ashkelon"
2025-06-14 11:00:00,42.2,59.8412764616536,44.9020625787037,"Ashkelon"
2025-06-14 11:00:00,42.2,59.8412764616536,44.9020625787037,"Ashkelon"
2025-06-14 12:00:00,42.3,55.6402977362123,44.2949434000463,"Ashkelon"
2025-06-14 12:00:00,43.5,55.6402977362123,44.2949434000463,"Ashkelon"
2025-06-14 13:00:00,40.9,50.4329242211063,41.6417625536357,"Ashkelon"
2025-06-14 13:00:00,42.8,50.4329242211063,41.6417625536357,"Ashkelon"
2025-06-14 14:00:00,39.3,43.8910872073446,39.5271781384934,"Ashkelon"
2025-06-14 14:00:00,41.3,43.8910872073446,39.5271781384934,"Ashkelon"
2025-06-14 15:00:00,36.6,37.6149056859988,36.8598114294414,"Ashkelon"
2025-06-14 15:00:00,38.7,37.6149056859988,36.8598114294414,"Ashkelon"
2025-06-14 16:00:00,32.9,29.3677779304448,33.6820750464562,"Ashkelon"
2025-06-14 16:00:00,35.1,29.3677779304448,33.6820750464562,"Ashkelon"
2025-06-14 17:00:00,30.1,24.9702533412538,30.6741441987028,"Ashkelon"
2025-06-14 17:00:00,31.8,24.9702533412538,30.6741441987028,"Ashkelon"
2025-06-14 18:00:00,28.5,23.9678994327643,28.7877309300612,"Ashkelon"
2025-06-14 18:00:00,30,23.9678994327643,28.7877309300612,"Ashkelon"
2025-06-14 19:00:00,27.5,23.494258491088,27.0171825155533,"Ashkelon"
2025-06-14 19:00:00,28.9,23.494258491088,27.0171825155533,"Ashkelon"
2025-06-14 20:00:00,26.7,23.3997846707268,27.1308282591269,"Ashkelon"
2025-06-14 20:00:00,28.1,23.3997846707268,27.1308282591269,"Ashkelon"
2025-06-14 21:00:00,26,23.0006817881221,25.7832666127925,"Ashkelon"
2025-06-14 21:00:00,27.3,23.0006817881221,25.7832666127925,"Ashkelon"
2025-06-14 22:00:00,25.1,22.4739608177929,25.6209833953164,"Ashkelon"
2025-06-14 22:00:00,26.4,22.4739608177929,25.6209833953164,"Ashkelon"
2025-06-14 23:00:00,25.2,21.7743297580871,24.8618995320256,"Ashkelon"
2025-06-14 23:00:00,26.2,21.7743297580871,24.8618995320256,"Ashkelon"
2025-07-27,25.9,24.4960177284836,26.2929194221217,"Ashkelon"
2025-07-27 01:00:00,25.5,23.1449147550214,24.4433717070683,"Ashkelon"
2025-07-27 02:00:00,24.9,22.7959893408309,24.1706059371665,"Ashkelon"
2025-07-27 03:00:00,24.4,22.3036262937294,23.9063189101497,"Ashkelon"
2025-07-27 04:00:00,24.7,27.235227690939,23.7789052434848,"Ashkelon"
2025-07-27 05:00:00,25.6,36.888507110776,28.4313497015548,"Ashkelon"
2025-07-27 06:00:00,27.3,49.5343329809307,36.8464393599807,"Ashkelon"
2025-07-27 07:00:00,33.9,59.449153523839,41.7482713845735,"Ashkelon"
2025-07-27 08:00:00,37.8,65.927796916083,50.1721225815097,"Ashkelon"
2025-07-27 09:00:00,38.9,68.9682509038144,51.4039431087954,"Ashkelon"
2025-07-27 10:00:00,45.5,70.3753710369352,54.2558481195519,"Ashkelon"
2025-07-27 11:00:00,48.8,68.1914984321218,49.7527799983617,"Ashkelon"
2025-07-27 12:00:00,49,64.2209695869709,48.1225352179448,"Ashkelon"
2025-07-27 13:00:00,46.9,59.0557952200037,44.7934371346899,"Ashkelon"
2025-07-27 14:00:00,45.1,52.9935308547017,44.2179215070568,"Ashkelon"
2025-07-27 15:00:00,42.7,46.2876257331272,40.5220613147957,"Ashkelon"
2025-07-27 16:00:00,39,37.6141512428442,37.1241259902849,"Ashkelon"
2025-07-27 17:00:00,35.3,31.9950718866689,31.638229413276,"Ashkelon"
2025-07-27 18:00:00,32.7,29.9258246556237,31.4482937739172,"Ashkelon"
2025-07-27 19:00:00,30.7,28.9341820633721,29.6637711821187,"Ashkelon"
2025-07-27 20:00:00,29.3,28.2617283283024,28.2937972346724,"Ashkelon"
2025-07-27 21:00:00,28.2,27.4017478846505,26.6686474523824,"Ashkelon"
2025-07-27 22:00:00,27.5,26.6344729693981,25.7425599535139,"Ashkelon"
2025-07-27 23:00:00,28.8,25.8215993722361,24.8766998381049,"Ashkelon"
2025-07-28,28.6,25.6001147711698,24.5410092774641,"Ashkelon"
2025-07-28 01:00:00,27.7,25.4023708339385,25.2007856387753,"Ashkelon"
2025-07-28 02:00:00,26.8,25.2716305125246,25.6001530667417,"Ashkelon"
2025-07-28 03:00:00,26.1,25.2497042508401,27.0130565209189,"Ashkelon"
2025-07-28 04:00:00,26.4,30.0956342325615,27.9592975512315,"Ashkelon"
2025-07-28 05:00:00,27.4,35.2522735941186,30.7412063774053,"Ashkelon"
2025-07-28 06:00:00,28.6,43.9542112966692,34.1915554607339,"Ashkelon"
2025-07-28 07:00:00,34.3,56.6571499555994,38.1091621637855,"Ashkelon"
2025-07-28 08:00:00,37.4,64.8779409035232,44.7128102580122,"Ashkelon"
2025-07-28 09:00:00,39.1,69.2684425483057,50.5340903813462,"Ashkelon"
2025-07-28 10:00:00,44.8,70.5427578114125,52.5491939682785,"Ashkelon"
2025-07-28 11:00:00,48.1,67.2609405551437,50.5614338530678,"Ashkelon"
2025-07-28 12:00:00,48.7,62.314149334331,49.0964764843181,"Ashkelon"
2025-07-28 13:00:00,48,55.985544675009,46.6036420773671,"Ashkelon"
2025-07-28 14:00:00,45.9,48.9129092134597,43.8397740287997,"Ashkelon"
2025-07-28 15:00:00,42.2,41.8871811530563,39.8534263778424,"Ashkelon"
2025-07-28 16:00:00,38.8,34.2649720227843,36.3294738087029,"Ashkelon"
2025-07-28 17:00:00,34.8,29.8819236029318,34.1302528244423,"Ashkelon"
2025-07-28 18:00:00,32.3,28.6979953715583,32.6901530987835,"Ashkelon"
2025-07-28 19:00:00,30.5,28.2361900643908,30.6117963671653,"Ashkelon"
2025-07-28 20:00:00,29,27.6465411220831,29.4993146674444,"Ashkelon"
2025-07-28 21:00:00,28.4,26.8515170476512,26.5930012442527,"Ashkelon"
2025-07-28 22:00:00,27.8,26.0785167193261,27.9567085284849,"Ashkelon"
2025-07-28 23:00:00,27.4,25.6623758730855,27.7643996264895,"Ashkelon"
2025-07-29,27.2,25.4500092598033,26.7495418017402,"Ashkelon"
2025-07-29 01:00:00,27.1,25.3423192514989,26.3218784048793,"Ashkelon"
2025-07-29 02:00:00,26.4,25.4636702811426,27.3188731939672,"Ashkelon"
2025-07-29 03:00:00,25.9,25.5533178029943,27.2548996549454,"Ashkelon"
2025-07-29 04:00:00,26.1,29.5675614489841,28.5344308461146,"Ashkelon"
2025-07-29 05:00:00,27.6,33.2790146961331,29.788289633681,"Ashkelon"
2025-07-29 06:00:00,28.7,40.7408135756532,32.2387036800925,"Ashkelon"
2025-07-29 07:00:00,33.8,49.6063871837196,36.5606317275925,"Ashkelon"
2025-07-29 08:00:00,37.7,57.5857851537223,38.9528749340157,"Ashkelon"
2025-07-29 09:00:00,39.9,63.9540124987254,43.1736779990075,"Ashkelon"
2025-07-29 10:00:00,43.4,66.2707666880407,46.971503295192,"Ashkelon"
2025-07-29 11:00:00,45.4,64.8212744735241,49.3103970413533,"Ashkelon"
2025-07-29 12:00:00,46.4,60.3697480964577,47.3687120001871,"Ashkelon"
2025-07-29 13:00:00,44.7,54.671069951419,46.2174414358101,"Ashkelon"
2025-07-29 14:00:00,43.6,47.9278480194212,42.5741824999481,"Ashkelon"
2025-07-29 15:00:00,40.7,40.9826232764999,39.2343168357956,"Ashkelon"
2025-07-29 16:00:00,36.8,33.2910434853405,36.1820287615579,"Ashkelon"
2025-07-29 17:00:00,33.7,29.3410421023089,33.3889213503782,"Ashkelon"
2025-07-29 18:00:00,32.1,28.535370809546,32.655617934383,"Ashkelon"
2025-07-29 19:00:00,31,28.0813408550333,31.594055912463,"Ashkelon"
2025-07-29 20:00:00,30.4,27.6562108694721,30.2907439038626,"Ashkelon"
2025-07-29 21:00:00,29.9,27.3732821889723,29.4255699303178,"Ashkelon"
2025-07-29 22:00:00,29.5,26.9157075975122,29.2476047113762,"Ashkelon"
2025-07-29 23:00:00,29.4,26.1863845238313,28.690619023293,"Ashkelon"
2025-07-30,28.7,26.0827551606418,28.4121518267828,"Ashkelon"
2025-07-30 01:00:00,28.3,25.7819610703336,28.2225255010296,"Ashkelon"
2025-07-30 02:00:00,27.9,25.7922041801291,28.2533296793175,"Ashkelon"
2025-07-30 03:00:00,26.9,25.6654837851174,27.547956197622,"Ashkelon"
2025-07-30 04:00:00,27.3,28.6806693866619,27.6339902015313,"Ashkelon"
2025-07-30 05:00:00,28.7,32.9557186345296,30.2414480107423,"Ashkelon"
2025-07-30 06:00:00,29.6,41.0503704460751,32.9366179366965,"Ashkelon"
2025-07-30 07:00:00,34.6,51.1411650831435,36.8800863094181,"Ashkelon"
2025-07-30 08:00:00,38.7,58.0223713758581,40.6174664301761,"Ashkelon"
2025-07-30 09:00:00,41.4,63.4970594434063,43.4330582534142,"Ashkelon"
2025-07-30 10:00:00,42.6,69.0685052709373,51.1014329432871,"Ashkelon"
2025-07-30 11:00:00,43.7,66.1048876013386,49.0718841940139,"Ashkelon"
2025-07-30 12:00:00,45.5,59.8497391746391,47.3231944809874,"Ashkelon"
2025-07-30 13:00:00,45.8,53.9138442196847,45.5407588930737,"Ashkelon"
2025-07-30 14:00:00,43.6,47.4638464585767,43.1126853986642,"Ashkelon"
2025-07-30 15:00:00,40.8,40.769969555155,39.4688738845691,"Ashkelon"
2025-07-30 16:00:00,37.6,32.9727573975449,35.9549268360664,"Ashkelon"
2025-07-30 17:00:00,33.9,28.5405720102674,32.3205181478156,"Ashkelon"
2025-07-30 18:00:00,31.7,27.3294450929393,31.1297279845497,"Ashkelon"
2025-07-30 19:00:00,30.3,26.7161128049148,29.9484898703854,"Ashkelon"
2025-07-30 20:00:00,29.5,26.3879236699348,28.8787706926604,"Ashkelon"
2025-07-30 21:00:00,29.1,26.0634747402044,27.2510252474984,"Ashkelon"
2025-07-30 22:00:00,28.4,25.0418314284276,27.298169366398,"Ashkelon"
2025-07-30 23:00:00,28.1,24.4245642057517,27.6346807798044,"Ashkelon"
2025-07-31,27.7,24.229851665323,27.3628106350431,"Ashkelon"
2025-07-31 01:00:00,26.9,23.8355159711785,26.9515819812315,"Ashkelon"
2025-07-31 02:00:00,26.3,23.6760461443532,26.3381193229453,"Ashkelon"
2025-07-31 03:00:00,25.8,23.6546621624199,26.1407949246569,"Ashkelon"
2025-07-31 04:00:00,26.8,25.5350171422633,26.0596742895249,"Ashkelon"
2025-07-31 05:00:00,28.3,27.9231339262503,28.8789786956545,"Ashkelon"
2025-07-31 06:00:00,30,29.9418882275355,29.5788745694742,"Ashkelon"
2025-07-31 07:00:00,31.2,32.3092233359756,33.0503405566683,"Ashkelon"
2025-07-31 08:00:00,36.7,34.779863799307,35.9882522038109,"Ashkelon"
2025-07-31 09:00:00,40.3,36.1056278868021,41.5717299302009,"Ashkelon"
2025-07-31 10:00:00,44.3,36.634860276911,42.8022110343048,"Ashkelon"
2025-07-31 11:00:00,46.3,47.2487330726739,41.2022160262954,"Ashkelon"
2025-07-31 12:00:00,47.3,53.1442736606411,42.6382798765165,"Ashkelon"
2025-07-31 13:00:00,47.1,50.3285254521858,44.0541333941441,"Ashkelon"
2025-07-31 14:00:00,45.4,44.9054538270158,42.0893523422133,"Ashkelon"
2025-07-31 15:00:00,42.5,38.322380302434,38.2145440789329,"Ashkelon"
2025-07-31 16:00:00,38.6,31.0847373858216,34.8156634954624,"Ashkelon"
2025-07-31 17:00:00,34.7,27.3081658634604,31.457986879466,"Ashkelon"
2025-07-31 18:00:00,32.5,26.2553228037668,30.0979758852305,"Ashkelon"
2025-07-31 19:00:00,31.3,25.6732719846666,29.0569378422214,"Ashkelon"
2025-07-31 20:00:00,30.2,25.2983520317515,27.5493243829939,"Ashkelon"
2025-07-31 21:00:00,29.3,24.7878868969128,26.5515370738045,"Ashkelon"
2025-07-31 22:00:00,28.7,24.2565179571725,27.6403459978156,"Ashkelon"
2025-07-31 23:00:00,28.7,24.010008148311,27.8433237231307,"Ashkelon"
2025-08-01,28.3,23.913654239639,27.6006043404123,"Ashkelon"
2025-08-01 01:00:00,27.9,23.651989239396,27.367184973341,"Ashkelon"
2025-08-01 02:00:00,27.9,23.5624277230477,26.9384338247841,"Ashkelon"
2025-08-01 03:00:00,27.8,23.6977735224537,26.1919841311645,"Ashkelon"
2025-08-01 04:00:00,28,26.3124180812173,25.6367908907464,"Ashkelon"
2025-08-01 05:00:00,28.5,29.4734560831085,28.7780562814955,"Ashkelon"
2025-08-01 06:00:00,30,36.4018321249279,30.4006367174421,"Ashkelon"
2025-08-01 07:00:00,32.3,44.8497210270255,33.411621466208,"Ashkelon"
2025-08-01 08:00:00,35.5,50.994478227369,38.9488565179189,"Ashkelon"
2025-08-01 09:00:00,38.9,57.1366438790234,40.8227454812211,"Ashkelon"
2025-08-01 10:00:00,43.1,61.2794446355098,43.2725408655301,"Ashkelon"
2025-08-01 11:00:00,45.3,61.1268935769089,41.8191523999368,"Ashkelon"
2025-08-01 12:00:00,46,58.1391772298266,45.8588398518311,"Ashkelon"
2025-08-01 13:00:00,45.7,52.9634245197979,44.5565270164882,"Ashkelon"
2025-08-01 14:00:00,44.3,46.7420574008391,42.4180544541307,"Ashkelon"
2025-08-01 15:00:00,41.8,39.9543501348647,38.975491336342,"Ashkelon"
2025-08-01 16:00:00,38.3,32.2789749610917,35.0625206855434,"Ashkelon"
2025-08-01 17:00:00,34.3,28.1607829959265,32.0905235931817,"Ashkelon"
2025-08-01 18:00:00,32.1,26.8738366972529,30.1899567175312,"Ashkelon"
2025-08-01 19:00:00,30.9,26.2796889535178,28.4782558662872,"Ashkelon"
2025-08-01 20:00:00,29.9,25.7740014575241,27.7548611262983,"Ashkelon"
2025-08-01 21:00:00,29.3,25.3696101352475,26.8776995855596,"Ashkelon"
2025-08-01 22:00:00,28.8,24.7560703657191,27.4940897204259,"Ashkelon"
2025-08-01 23:00:00,28.1,24.1367030875076,26.8430745544861,"Ashkelon"
2025-08-02,27.7,23.8856678334417,26.1272942477123,"Ashkelon"
2025-08-02 01:00:00,26.9,23.786616142858,25.921660282963,"Ashkelon"
2025-08-02 02:00:00,26.5,23.6339883907359,25.5423200930791,"Ashkelon"
2025-08-02 03:00:00,25.9,23.5353477117876,25.4916281722356,"Ashkelon"
2025-08-02 04:00:00,26,25.6318166364743,26.009556457216,"Ashkelon"
2025-08-02 05:00:00,26.7,28.8311026355991,27.4627312303805,"Ashkelon"
2025-08-02 06:00:00,28.3,32.1194965822906,29.6573701981833,"Ashkelon"
2025-08-02 07:00:00,33.6,35.7119185871629,34.6420986599436,"Ashkelon"
2025-08-02 08:00:00,38.1,37.7623490517258,38.2141991532344,"Ashkelon"
2025-08-02 09:00:00,40.2,37.6629153894446,40.8339220419454,"Ashkelon"
2025-08-02 10:00:00,43.7,38.4644304335886,40.0886076501636,"Ashkelon"
2025-08-02 11:00:00,46,39.2405586283256,41.7815311403244,"Ashkelon"
2025-08-02 12:00:00,46.8,46.4361482125704,45.9374569929629,"Ashkelon"
2025-08-02 13:00:00,46.4,46.2284694276147,44.2869039664314,"Ashkelon"
2025-08-02 14:00:00,44.3,43.2785797451079,41.3836617194958,"Ashkelon"
2025-08-02 15:00:00,41,37.5774440866338,37.6315399870704,"Ashkelon"
2025-08-02 16:00:00,37.6,30.8058044160962,33.6825305398429,"Ashkelon"
2025-08-02 17:00:00,34.1,27.0365252195271,31.5123127538988,"Ashkelon"
2025-08-02 18:00:00,32.2,25.9316981301613,30.3631912113783,"Ashkelon"
2025-08-02 19:00:00,31,25.5008757099693,29.4125320167174,"Ashkelon"
2025-08-02 20:00:00,30.2,25.2212615038185,28.6113661051812,"Ashkelon"
2025-08-02 21:00:00,29.6,24.9701539664435,27.7748392592065,"Ashkelon"
2025-08-02 22:00:00,29.1,24.7602897770893,27.51916105424,"Ashkelon"
2025-08-02 23:00:00,28.7,24.5009969271071,27.9216327894922,"Ashkelon"
2025-08-17,29.4,25.8583479735381,24.6662006776178,"Ashkelon"
2025-08-17,28.4,25.8583479735381,24.6662006776178,"Ashkelon"
2025-08-17 01:00:00,28.6,25.3303999951838,25.0412724988966,"Ashkelon"
2025-08-17 01:00:00,28,25.3303999951838,25.0412724988966,"Ashkelon"
2025-08-17 02:00:00,27.4,25.1861255187892,25.8855805391498,"Ashkelon"
2025-08-17 02:00:00,27.8,25.1861255187892,25.8855805391498,"Ashkelon"
2025-08-17 03:00:00,29.2,25.1501188753129,26.1100923304568,"Ashkelon"
2025-08-17 03:00:00,27.7,25.1501188753129,26.1100923304568,"Ashkelon"
2025-08-17 04:00:00,27.4,26.217349810654,26.2882021040982,"Ashkelon"
2025-08-17 04:00:00,27.6,26.217349810654,26.2882021040982,"Ashkelon"
2025-08-17 05:00:00,27.9,36.477835365873,29.7240412969634,"Ashkelon"
2025-08-17 05:00:00,28.6,36.477835365873,29.7240412969634,"Ashkelon"
2025-08-17 06:00:00,31.1,42.0325839385462,34.4009756302919,"Ashkelon"
2025-08-17 06:00:00,28.8,42.0325839385462,34.4009756302919,"Ashkelon"
2025-08-17 07:00:00,34.2,52.2308693949962,39.4041882751153,"Ashkelon"
2025-08-17 07:00:00,34.6,52.2308693949962,39.4041882751153,"Ashkelon"
2025-08-17 08:00:00,34.8,60.0427258850219,43.1881268874137,"Ashkelon"
2025-08-17 08:00:00,40,60.0427258850219,43.1881268874137,"Ashkelon"
2025-08-17 09:00:00,37.2,64.5474083715178,46.0171051918496,"Ashkelon"
2025-08-17 09:00:00,41.6,64.5474083715178,46.0171051918496,"Ashkelon"
2025-08-17 10:00:00,39.7,63.9266285572138,44.061060862778,"Ashkelon"
2025-08-17 10:00:00,46.1,63.9266285572138,44.061060862778,"Ashkelon"
2025-08-17 11:00:00,41.5,62.0884622892329,42.675936637782,"Ashkelon"
2025-08-17 11:00:00,47.7,62.0884622892329,42.675936637782,"Ashkelon"
2025-08-17 12:00:00,41.8,57.7383403834529,45.8366820146054,"Ashkelon"
2025-08-17 12:00:00,47.6,57.7383403834529,45.8366820146054,"Ashkelon"
2025-08-17 13:00:00,41,52.1953465773245,43.0729419240492,"Ashkelon"
2025-08-17 13:00:00,45.9,52.1953465773245,43.0729419240492,"Ashkelon"
2025-08-17 14:00:00,40,45.5336360913757,41.6429614354224,"Ashkelon"
2025-08-17 14:00:00,43.7,45.5336360913757,41.6429614354224,"Ashkelon"
2025-08-17 15:00:00,36,38.6849580594161,37.6226952700219,"Ashkelon"
2025-08-17 15:00:00,40.7,38.6849580594161,37.6226952700219,"Ashkelon"
2025-08-17 16:00:00,33.2,31.9694495310349,34.8057484185126,"Ashkelon"
2025-08-17 16:00:00,37.1,31.9694495310349,34.8057484185126,"Ashkelon"
2025-08-17 17:00:00,31.2,29.0454688608621,32.64317325367,"Ashkelon"
2025-08-17 17:00:00,33.9,29.0454688608621,32.64317325367,"Ashkelon"
2025-08-17 18:00:00,30.2,28.520759890842,31.9187140481087,"Ashkelon"
2025-08-17 18:00:00,32.2,28.520759890842,31.9187140481087,"Ashkelon"
2025-08-17 19:00:00,29.4,28.2069393489707,31.0883948656154,"Ashkelon"
2025-08-17 19:00:00,30.9,28.2069393489707,31.0883948656154,"Ashkelon"
2025-08-17 20:00:00,29.1,27.810371159239,30.0090406679708,"Ashkelon"
2025-08-17 20:00:00,30.5,27.810371159239,30.0090406679708,"Ashkelon"
2025-08-17 21:00:00,28.4,27.4951802872186,27.4417452763891,"Ashkelon"
2025-08-17 21:00:00,29.5,27.4951802872186,27.4417452763891,"Ashkelon"
2025-08-17 22:00:00,28,26.9888811244236,27.8636610227945,"Ashkelon"
2025-08-17 22:00:00,28.9,26.9888811244236,27.8636610227945,"Ashkelon"
2025-08-17 23:00:00,27.7,26.5510234664676,27.7878411621767,"Ashkelon"
2025-08-17 23:00:00,28.6,26.5510234664676,27.7878411621767,"Ashkelon"
2025-08-18,27.6,26.4808676408301,27.4143050212044,"Ashkelon"
2025-08-18,28.5,26.4808676408301,27.4143050212044,"Ashkelon"
2025-08-18 01:00:00,27.3,26.0162867087675,27.0446310246657,"Ashkelon"
2025-08-18 01:00:00,28.1,26.0162867087675,27.0446310246657,"Ashkelon"
2025-08-18 02:00:00,27.1,25.9029502324151,26.8624583810851,"Ashkelon"
2025-08-18 02:00:00,27.8,25.9029502324151,26.8624583810851,"Ashkelon"
2025-08-18 03:00:00,27.1,25.6992681008743,26.1003971734294,"Ashkelon"
2025-08-18 03:00:00,28,25.6992681008743,26.1003971734294,"Ashkelon"
2025-08-18 04:00:00,27.1,26.2530879620581,26.5700294645661,"Ashkelon"
2025-08-18 04:00:00,27.8,26.2530879620581,26.5700294645661,"Ashkelon"
2025-08-18 05:00:00,27.5,33.7495664630202,28.9503615116097,"Ashkelon"
2025-08-18 05:00:00,28.4,33.7495664630202,28.9503615116097,"Ashkelon"
2025-08-18 06:00:00,29.5,41.9319233025024,34.0925825457564,"Ashkelon"
2025-08-18 06:00:00,29.2,41.9319233025024,34.0925825457564,"Ashkelon"
2025-08-18 07:00:00,33.3,52.4389454194889,39.2180486085313,"Ashkelon"
2025-08-18 07:00:00,34.2,52.4389454194889,39.2180486085313,"Ashkelon"
2025-08-18 08:00:00,36.3,59.6896031469384,42.9858990200076,"Ashkelon"
2025-08-18 08:00:00,39.8,59.6896031469384,42.9858990200076,"Ashkelon"
2025-08-18 09:00:00,38.7,64.2272989658905,45.6690797031707,"Ashkelon"
2025-08-18 09:00:00,42.7,64.2272989658905,45.6690797031707,"Ashkelon"
2025-08-18 10:00:00,40.8,64.9144656299089,47.4195583195192,"Ashkelon"
2025-08-18 10:00:00,41,64.9144656299089,47.4195583195192,"Ashkelon"
2025-08-18 11:00:00,42.5,63.0541135514934,48.5093764187993,"Ashkelon"
2025-08-18 11:00:00,44.1,63.0541135514934,48.5093764187993,"Ashkelon"
2025-08-18 12:00:00,42.8,59.0214380305489,46.6640159200189,"Ashkelon"
2025-08-18 12:00:00,46.1,59.0214380305489,46.6640159200189,"Ashkelon"
2025-08-18 13:00:00,42.3,52.9559718135647,45.1115260980813,"Ashkelon"
2025-08-18 13:00:00,45.4,52.9559718135647,45.1115260980813,"Ashkelon"
2025-08-18 14:00:00,40.9,45.6157428487898,41.9388749394595,"Ashkelon"
2025-08-18 14:00:00,43.5,45.6157428487898,41.9388749394595,"Ashkelon"
2025-08-18 15:00:00,38.7,38.2995158613382,37.5458346060944,"Ashkelon"
2025-08-18 15:00:00,40.5,38.2995158613382,37.5458346060944,"Ashkelon"
2025-08-18 16:00:00,36.1,31.4810578309525,34.7695100631797,"Ashkelon"
2025-08-18 16:00:00,36.8,31.4810578309525,34.7695100631797,"Ashkelon"
2025-08-18 17:00:00,33.6,28.3570276646128,32.2853788573683,"Ashkelon"
2025-08-18 17:00:00,33.5,28.3570276646128,32.2853788573683,"Ashkelon"
2025-08-18 18:00:00,32.2,27.5386865312268,31.6248094095939,"Ashkelon"
2025-08-18 18:00:00,31.6,27.5386865312268,31.6248094095939,"Ashkelon"
2025-08-18 19:00:00,31.1,26.9589502195031,29.5644420052909,"Ashkelon"
2025-08-18 19:00:00,30.5,26.9589502195031,29.5644420052909,"Ashkelon"
2025-08-18 20:00:00,30.2,26.3893937060348,28.1162895099697,"Ashkelon"
2025-08-18 20:00:00,29.4,26.3893937060348,28.1162895099697,"Ashkelon"
2025-08-18 21:00:00,29.4,25.8366152108,26.2775547915932,"Ashkelon"
2025-08-18 21:00:00,28.5,25.8366152108,26.2775547915932,"Ashkelon"
2025-08-18 22:00:00,28.3,25.2673201500618,26.6095164287329,"Ashkelon"
2025-08-18 22:00:00,27,25.2673201500618,26.6095164287329,"Ashkelon"
2025-08-18 23:00:00,27.5,24.7496838473132,26.8757335702617,"Ashkelon"
2025-08-18 23:00:00,26.2,24.7496838473132,26.8757335702617,"Ashkelon"
2025-08-19,26.9,24.4721109806251,26.4071129220414,"Ashkelon"
2025-08-19,25.7,24.4721109806251,26.4071129220414,"Ashkelon"
2025-08-19 01:00:00,26.4,23.8449893838349,25.5756025573453,"Ashkelon"
2025-08-19 01:00:00,25.3,23.8449893838349,25.5756025573453,"Ashkelon"
2025-08-19 02:00:00,26,23.7181163872764,25.3508550707858,"Ashkelon"
2025-08-19 02:00:00,24.8,23.7181163872764,25.3508550707858,"Ashkelon"
2025-08-19 03:00:00,25.5,23.3563438161333,25.2045402754317,"Ashkelon"
2025-08-19 03:00:00,24.4,23.3563438161333,25.2045402754317,"Ashkelon"
2025-08-19 04:00:00,25.4,24.3235173440154,27.1302033268779,"Ashkelon"
2025-08-19 04:00:00,24.5,24.3235173440154,27.1302033268779,"Ashkelon"
2025-08-19 05:00:00,26,34.6987246460319,28.6704286585088,"Ashkelon"
2025-08-19 05:00:00,25.6,34.6987246460319,28.6704286585088,"Ashkelon"
2025-08-19 06:00:00,29.1,44.2169524903393,35.6352944889803,"Ashkelon"
2025-08-19 06:00:00,27.1,44.2169524903393,35.6352944889803,"Ashkelon"
2025-08-19 07:00:00,32.6,56.4704485161233,39.8230097232612,"Ashkelon"
2025-08-19 07:00:00,31.6,56.4704485161233,39.8230097232612,"Ashkelon"
2025-08-19 08:00:00,35.4,65.7328878720823,44.3707831903678,"Ashkelon"
2025-08-19 08:00:00,37.4,65.7328878720823,44.3707831903678,"Ashkelon"
2025-08-19 09:00:00,38.1,68.2566531746922,50.2744389596091,"Ashkelon"
2025-08-19 09:00:00,39.4,68.2566531746922,50.2744389596091,"Ashkelon"
2025-08-19 10:00:00,40.4,67.7732506881938,52.006442495897,"Ashkelon"
2025-08-19 10:00:00,44.6,67.7732506881938,52.006442495897,"Ashkelon"
2025-08-19 11:00:00,41.9,65.5106854316916,49.0896165735748,"Ashkelon"
2025-08-19 11:00:00,46.6,65.5106854316916,49.0896165735748,"Ashkelon"
2025-08-19 12:00:00,42.4,61.6032238595715,48.7901662165225,"Ashkelon"
2025-08-19 12:00:00,47.2,61.6032238595715,48.7901662165225,"Ashkelon"
2025-08-19 13:00:00,41.9,55.5146966929959,46.8469491705038,"Ashkelon"
2025-08-19 13:00:00,46.3,55.5146966929959,46.8469491705038,"Ashkelon"
2025-08-19 14:00:00,40.7,48.1387872760818,40.6869039777009,"Ashkelon"
2025-08-19 14:00:00,44.1,48.1387872760818,40.6869039777009,"Ashkelon"
2025-08-19 15:00:00,38.7,40.3819722070158,39.2757404420729,"Ashkelon"
2025-08-19 15:00:00,40.8,40.3819722070158,39.2757404420729,"Ashkelon"
2025-08-19 16:00:00,36.4,32.8937521703927,33.6207603743631,"Ashkelon"
2025-08-19 16:00:00,37.1,32.8937521703927,33.6207603743631,"Ashkelon"
2025-08-19 17:00:00,34.1,29.4915630090805,32.914275753413,"Ashkelon"
2025-08-19 17:00:00,33.9,29.4915630090805,32.914275753413,"Ashkelon"
2025-08-19 18:00:00,32.6,28.4321488730756,31.6715489001991,"Ashkelon"
2025-08-19 18:00:00,31.8,28.4321488730756,31.6715489001991,"Ashkelon"
2025-08-19 19:00:00,31.2,27.7444975873524,30.3398656350009,"Ashkelon"
2025-08-19 19:00:00,30.2,27.7444975873524,30.3398656350009,"Ashkelon"
2025-08-19 20:00:00,30.1,26.9973865440589,27.5197821381237,"Ashkelon"
2025-08-19 20:00:00,28.8,26.9973865440589,27.5197821381237,"Ashkelon"
2025-08-19 21:00:00,29.1,26.1298749067053,25.6459631077642,"Ashkelon"
2025-08-19 21:00:00,27.6,26.1298749067053,25.6459631077642,"Ashkelon"
2025-08-19 22:00:00,28.3,25.4048135002734,24.9181379732145,"Ashkelon"
2025-08-19 22:00:00,26.9,25.4048135002734,24.9181379732145,"Ashkelon"
2025-08-19 23:00:00,27.8,24.7625028298857,25.9183871814662,"Ashkelon"
2025-08-19 23:00:00,26.3,24.7625028298857,25.9183871814662,"Ashkelon"
2025-08-20,27.2,24.3986414107201,25.5044186821909,"Ashkelon"
2025-08-20,25.8,24.3986414107201,25.5044186821909,"Ashkelon"
2025-08-20 01:00:00,26.7,23.5577241261639,24.9023096516357,"Ashkelon"
2025-08-20 01:00:00,25.3,23.5577241261639,24.9023096516357,"Ashkelon"
2025-08-20 02:00:00,26.2,23.0849900145325,24.6615049359247,"Ashkelon"
2025-08-20 02:00:00,24.8,23.0849900145325,24.6615049359247,"Ashkelon"
2025-08-20 03:00:00,25.8,22.7369233202087,24.8798270900941,"Ashkelon"
2025-08-20 03:00:00,24.4,22.7369233202087,24.8798270900941,"Ashkelon"
2025-08-20 04:00:00,25.6,23.5949040011347,25.5771814293547,"Ashkelon"
2025-08-20 04:00:00,24.4,23.5949040011347,25.5771814293547,"Ashkelon"
2025-08-20 05:00:00,26.2,35.2362308613378,28.8117118785245,"Ashkelon"
2025-08-20 05:00:00,25.6,35.2362308613378,28.8117118785245,"Ashkelon"
2025-08-20 06:00:00,29.7,45.3372297597702,33.2311366086443,"Ashkelon"
2025-08-20 06:00:00,27,45.3372297597702,33.2311366086443,"Ashkelon"
2025-08-20 07:00:00,33.3,59.7206324475407,40.269324423204,"Ashkelon"
2025-08-20 07:00:00,31.8,59.7206324475407,40.269324423204,"Ashkelon"
2025-08-20 08:00:00,36.3,67.0821918612162,47.9942593314694,"Ashkelon"
2025-08-20 08:00:00,39,67.0821918612162,47.9942593314694,"Ashkelon"
2025-08-20 09:00:00,38.8,68.6689416407476,52.5304516029533,"Ashkelon"
2025-08-20 09:00:00,41.7,68.6689416407476,52.5304516029533,"Ashkelon"
2025-08-20 10:00:00,40.9,68.5064127978548,51.6374344890527,"Ashkelon"
2025-08-20 10:00:00,40.9,68.5064127978548,51.6374344890527,"Ashkelon"
2025-08-20 11:00:00,42.3,65.4339660743501,52.9122613367037,"Ashkelon"
2025-08-20 11:00:00,44.6,65.4339660743501,52.9122613367037,"Ashkelon"
2025-08-20 12:00:00,42.9,60.894618245927,47.535032883804,"Ashkelon"
2025-08-20 12:00:00,47.1,60.894618245927,47.535032883804,"Ashkelon"
2025-08-20 13:00:00,42.6,54.9095456593516,46.3237868327496,"Ashkelon"
2025-08-20 13:00:00,46.9,54.9095456593516,46.3237868327496,"Ashkelon"
2025-08-20 14:00:00,41.4,47.8554755224769,41.0838027781119,"Ashkelon"
2025-08-20 14:00:00,44.9,47.8554755224769,41.0838027781119,"Ashkelon"
2025-08-20 15:00:00,39.5,40.3505009064663,39.224893456234,"Ashkelon"
2025-08-20 15:00:00,41.7,40.3505009064663,39.224893456234,"Ashkelon"
2025-08-20 16:00:00,37.1,32.9844405834499,33.9139471021517,"Ashkelon"
2025-08-20 16:00:00,37.8,32.9844405834499,33.9139471021517,"Ashkelon"
2025-08-20 17:00:00,34.6,29.4655382552711,33.0165100155435,"Ashkelon"
2025-08-20 17:00:00,34.2,29.4655382552711,33.0165100155435,"Ashkelon"
2025-08-20 18:00:00,33,28.5192790179917,31.1674102568513,"Ashkelon"
2025-08-20 18:00:00,32.2,28.5192790179917,31.1674102568513,"Ashkelon"
2025-08-20 19:00:00,32,27.9459519406363,30.0909893723541,"Ashkelon"
2025-08-20 19:00:00,30.8,27.9459519406363,30.0909893723541,"Ashkelon"
2025-08-20 20:00:00,31.1,27.3272443205059,28.8338453956517,"Ashkelon"
2025-08-20 20:00:00,29.9,27.3272443205059,28.8338453956517,"Ashkelon"
2025-08-20 21:00:00,30.6,26.711879643383,26.6026033209987,"Ashkelon"
2025-08-20 21:00:00,29.3,26.711879643383,26.6026033209987,"Ashkelon"
2025-08-20 22:00:00,30.2,26.2369831060638,28.7731070223337,"Ashkelon"
2025-08-20 22:00:00,29.2,26.2369831060638,28.7731070223337,"Ashkelon"
2025-08-20 23:00:00,29.8,25.906548116112,28.3002880380591,"Ashkelon"
2025-08-20 23:00:00,28.8,25.906548116112,28.3002880380591,"Ashkelon"
2025-08-21,29.4,25.7304947650736,27.809917083922,"Ashkelon"
2025-08-21,28.6,25.7304947650736,27.809917083922,"Ashkelon"
2025-08-21 01:00:00,28.7,25.8241290485047,27.797050584547,"Ashkelon"
2025-08-21 01:00:00,27.4,25.8241290485047,27.797050584547,"Ashkelon"
2025-08-21 02:00:00,28.3,25.6685072160789,27.3955873921012,"Ashkelon"
2025-08-21 02:00:00,26.9,25.6685072160789,27.3955873921012,"Ashkelon"
2025-08-21 03:00:00,27.6,25.6204727114892,27.2371369173088,"Ashkelon"
2025-08-21 03:00:00,26.3,25.6204727114892,27.2371369173088,"Ashkelon"
2025-08-21 04:00:00,27.4,26.2256039215693,26.991225543319,"Ashkelon"
2025-08-21 04:00:00,26.3,26.2256039215693,26.991225543319,"Ashkelon"
2025-08-21 05:00:00,27.9,32.3366109457229,29.0470821403143,"Ashkelon"
2025-08-21 05:00:00,27.2,32.3366109457229,29.0470821403143,"Ashkelon"
2025-08-21 06:00:00,30.1,37.4554371636976,29.843312654316,"Ashkelon"
2025-08-21 06:00:00,28.7,37.4554371636976,29.843312654316,"Ashkelon"
2025-08-21 07:00:00,31.1,46.6480780104123,33.2621809661187,"Ashkelon"
2025-08-21 07:00:00,31.9,46.6480780104123,33.2621809661187,"Ashkelon"
2025-08-21 08:00:00,32.8,57.7064369611181,39.7789377338228,"Ashkelon"
2025-08-21 08:00:00,37.3,57.7064369611181,39.7789377338228,"Ashkelon"
2025-08-21 09:00:00,35.5,62.0916618998518,42.3571892708689,"Ashkelon"
2025-08-21 09:00:00,39.1,62.0916618998518,42.3571892708689,"Ashkelon"
2025-08-21 10:00:00,37,65.7437861089122,46.1200033240637,"Ashkelon"
2025-08-21 10:00:00,43,65.7437861089122,46.1200033240637,"Ashkelon"
2025-08-21 11:00:00,39.3,64.1245868654157,48.3369319463677,"Ashkelon"
2025-08-21 11:00:00,45.6,64.1245868654157,48.3369319463677,"Ashkelon"
2025-08-21 12:00:00,40.5,59.6501133950912,46.8217932185578,"Ashkelon"
2025-08-21 12:00:00,46.8,59.6501133950912,46.8217932185578,"Ashkelon"
2025-08-21 13:00:00,40.5,54.1116655265007,42.9033004946827,"Ashkelon"
2025-08-21 13:00:00,46.1,54.1116655265007,42.9033004946827,"Ashkelon"
2025-08-21 14:00:00,39.6,46.8733532447767,41.7518842394754,"Ashkelon"
2025-08-21 14:00:00,44.1,46.8733532447767,41.7518842394754,"Ashkelon"
2025-08-21 15:00:00,37.7,39.4138529554047,38.7751732424186,"Ashkelon"
2025-08-21 15:00:00,40.9,39.4138529554047,38.7751732424186,"Ashkelon"
2025-08-21 16:00:00,35.2,32.2645996601346,34.7577155545637,"Ashkelon"
2025-08-21 16:00:00,37.1,32.2645996601346,34.7577155545637,"Ashkelon"
2025-08-21 17:00:00,33.1,28.9381139004567,32.9515509156953,"Ashkelon"
2025-08-21 17:00:00,34,28.9381139004567,32.9515509156953,"Ashkelon"
2025-08-21 18:00:00,31.8,28.1910513628597,32.7415899849495,"Ashkelon"
2025-08-21 18:00:00,32,28.1910513628597,32.7415899849495,"Ashkelon"
2025-08-21 19:00:00,30.8,27.8031533853465,30.8628291822809,"Ashkelon"
2025-08-21 19:00:00,30.9,27.8031533853465,30.8628291822809,"Ashkelon"
2025-08-21 20:00:00,29.9,27.3055500332924,28.941164572111,"Ashkelon"
2025-08-21 20:00:00,29.6,27.3055500332924,28.941164572111,"Ashkelon"
2025-08-21 21:00:00,28.6,26.6910784155672,28.6559752553871,"Ashkelon"
2025-08-21 21:00:00,27.9,26.6910784155672,28.6559752553871,"Ashkelon"
2025-08-21 22:00:00,28,26.4179161425576,28.750432213455,"Ashkelon"
2025-08-21 22:00:00,27.3,26.4179161425576,28.750432213455,"Ashkelon"
2025-08-21 23:00:00,27.4,26.1319791261691,28.5416620496744,"Ashkelon"
2025-08-21 23:00:00,26.6,26.1319791261691,28.5416620496744,"Ashkelon"
2025-08-22,26.9,25.939454003283,28.1224149519671,"Ashkelon"
2025-08-22,26.2,25.939454003283,28.1224149519671,"Ashkelon"
2025-08-22 01:00:00,26.5,25.410642396696,27.62349462782,"Ashkelon"
2025-08-22 01:00:00,25.9,25.410642396696,27.62349462782,"Ashkelon"
2025-08-22 02:00:00,26.1,25.1046314974725,27.0859528257866,"Ashkelon"
2025-08-22 02:00:00,25.5,25.1046314974725,27.0859528257866,"Ashkelon"
2025-08-22 03:00:00,25.8,24.7420753873986,26.520240484396,"Ashkelon"
2025-08-22 03:00:00,25.2,24.7420753873986,26.520240484396,"Ashkelon"
2025-08-22 04:00:00,25.9,25.2369792100754,26.3440634245495,"Ashkelon"
2025-08-22 04:00:00,25.4,25.2369792100754,26.3440634245495,"Ashkelon"
2025-08-22 05:00:00,26.4,33.1678970938144,29.9318674022879,"Ashkelon"
2025-08-22 05:00:00,26.5,33.1678970938144,29.9318674022879,"Ashkelon"
2025-08-22 06:00:00,29.1,39.1335946040995,31.3818118222633,"Ashkelon"
2025-08-22 06:00:00,27.6,39.1335946040995,31.3818118222633,"Ashkelon"
2025-08-22 07:00:00,32.4,51.7214763657607,36.4124612108968,"Ashkelon"
2025-08-22 07:00:00,30.8,51.7214763657607,36.4124612108968,"Ashkelon"
2025-08-22 08:00:00,35.3,63.285244145005,42.6964489514785,"Ashkelon"
2025-08-22 08:00:00,37.4,63.285244145005,42.6964489514785,"Ashkelon"
2025-08-22 09:00:00,37.8,67.8566298870047,48.6328694933077,"Ashkelon"
2025-08-22 09:00:00,39.4,67.8566298870047,48.6328694933077,"Ashkelon"
2025-08-22 10:00:00,40,69.2321797838191,52.9150446060797,"Ashkelon"
2025-08-22 10:00:00,44.3,69.2321797838191,52.9150446060797,"Ashkelon"
2025-08-22 11:00:00,41.5,65.5442576749772,48.5893969122732,"Ashkelon"
2025-08-22 11:00:00,46.7,65.5442576749772,48.5893969122732,"Ashkelon"
2025-08-22 12:00:00,42,60.1881359978305,45.1796786963163,"Ashkelon"
2025-08-22 12:00:00,47.2,60.1881359978305,45.1796786963163,"Ashkelon"
2025-08-22 13:00:00,41.9,54.0642208757769,42.5553346408391,"Ashkelon"
2025-08-22 13:00:00,46.6,54.0642208757769,42.5553346408391,"Ashkelon"
2025-08-22 14:00:00,40.6,47.0649650912601,41.6076275042027,"Ashkelon"
2025-08-22 14:00:00,44,47.0649650912601,41.6076275042027,"Ashkelon"
2025-08-22 15:00:00,38.6,39.7450394942871,38.7822293722724,"Ashkelon"
2025-08-22 15:00:00,40.5,39.7450394942871,38.7822293722724,"Ashkelon"
2025-08-22 16:00:00,36.2,32.5298447613273,35.0325520666112,"Ashkelon"
2025-08-22 16:00:00,36.7,32.5298447613273,35.0325520666112,"Ashkelon"
2025-08-22 17:00:00,34.2,29.3160780763865,33.1931177336752,"Ashkelon"
2025-08-22 17:00:00,33.9,29.3160780763865,33.1931177336752,"Ashkelon"
2025-08-22 18:00:00,32.9,28.4039663705449,32.4027880468015,"Ashkelon"
2025-08-22 18:00:00,32.4,28.4039663705449,32.4027880468015,"Ashkelon"
2025-08-22 19:00:00,32,27.8679981127816,31.2403852485845,"Ashkelon"
2025-08-22 19:00:00,31.4,27.8679981127816,31.2403852485845,"Ashkelon"
2025-08-22 20:00:00,31.2,27.4421876057236,30.0449086385255,"Ashkelon"
2025-08-22 20:00:00,30.5,27.4421876057236,30.0449086385255,"Ashkelon"
2025-08-22 21:00:00,30.6,27.0710416156458,28.9336628173214,"Ashkelon"
2025-08-22 21:00:00,29.6,27.0710416156458,28.9336628173214,"Ashkelon"
2025-08-22 22:00:00,29.3,26.6372430210296,28.537231132868,"Ashkelon"
2025-08-22 22:00:00,27.9,26.6372430210296,28.537231132868,"Ashkelon"
2025-08-22 23:00:00,28.6,26.091150282779,28.1185726424034,"Ashkelon"
2025-08-22 23:00:00,27.2,26.091150282779,28.1185726424034,"Ashkelon"
2025-08-23,28,25.8601697202904,27.8947785672402,"Ashkelon"
2025-08-23,26.6,25.8601697202904,27.8947785672402,"Ashkelon"
2025-08-23 01:00:00,27.5,25.3039656659033,27.401774384505,"Ashkelon"
2025-08-23 01:00:00,26.2,25.3039656659033,27.401774384505,"Ashkelon"
2025-08-23 02:00:00,27,24.936475050038,26.5301220019065,"Ashkelon"
2025-08-23 02:00:00,25.7,24.936475050038,26.5301220019065,"Ashkelon"
2025-08-23 03:00:00,26.6,24.6522738281072,26.234622730548,"Ashkelon"
2025-08-23 03:00:00,25.4,24.6522738281072,26.234622730548,"Ashkelon"
2025-08-23 04:00:00,26.6,25.5159462467862,26.6000497922353,"Ashkelon"
2025-08-23 04:00:00,25.7,25.5159462467862,26.6000497922353,"Ashkelon"
2025-08-23 05:00:00,26.9,35.6499070604059,31.0943384786262,"Ashkelon"
2025-08-23 05:00:00,26.6,35.6499070604059,31.0943384786262,"Ashkelon"
2025-08-23 06:00:00,29.3,41.9253624125417,33.2117857665197,"Ashkelon"
2025-08-23 06:00:00,27.8,41.9253624125417,33.2117857665197,"Ashkelon"
2025-08-23 07:00:00,32.8,54.5322581871437,38.7128015195902,"Ashkelon"
2025-08-23 07:00:00,31.1,54.5322581871437,38.7128015195902,"Ashkelon"
2025-08-23 08:00:00,35.4,63.644151769829,42.6502191209752,"Ashkelon"
2025-08-23 08:00:00,37.8,63.644151769829,42.6502191209752,"Ashkelon"
2025-08-23 09:00:00,37.6,67.2824915436027,49.902821754808,"Ashkelon"
2025-08-23 09:00:00,40.1,67.2824915436027,49.902821754808,"Ashkelon"
2025-08-23 10:00:00,39.5,66.8693013812948,48.7514839810835,"Ashkelon"
2025-08-23 10:00:00,44.7,66.8693013812948,48.7514839810835,"Ashkelon"
2025-08-23 11:00:00,41.1,64.3950381106152,47.4295164221793,"Ashkelon"
2025-08-23 11:00:00,47.2,64.3950381106152,47.4295164221793,"Ashkelon"
2025-08-23 12:00:00,41.6,60.1202589275758,46.9995986304918,"Ashkelon"
2025-08-23 12:00:00,47.8,60.1202589275758,46.9995986304918,"Ashkelon"
2025-08-23 13:00:00,41.6,54.2902808595874,42.4803082190952,"Ashkelon"
2025-08-23 13:00:00,47,54.2902808595874,42.4803082190952,"Ashkelon"
2025-08-23 14:00:00,40.8,47.951740876839,40.3372678138613,"Ashkelon"
2025-08-23 14:00:00,44.7,47.951740876839,40.3372678138613,"Ashkelon"
2025-08-23 15:00:00,39.2,41.0513876701858,39.2076512420458,"Ashkelon"
2025-08-23 15:00:00,41.6,41.0513876701858,39.2076512420458,"Ashkelon"
2025-08-23 16:00:00,37.1,33.8399476131319,33.515497356823,"Ashkelon"
2025-08-23 16:00:00,37.9,33.8399476131319,33.515497356823,"Ashkelon"
2025-08-23 17:00:00,34.7,30.5706425202103,32.9062073924368,"Ashkelon"
2025-08-23 17:00:00,34.4,30.5706425202103,32.9062073924368,"Ashkelon"
2025-08-23 18:00:00,33.3,29.3580490563959,32.3521766895543,"Ashkelon"
2025-08-23 18:00:00,32.5,29.3580490563959,32.3521766895543,"Ashkelon"
2025-08-23 19:00:00,32.1,28.7843841636001,30.115337917589,"Ashkelon"
2025-08-23 19:00:00,30.9,28.7843841636001,30.115337917589,"Ashkelon"
2025-08-23 20:00:00,30.9,28.347724284655,29.5285964167393,"Ashkelon"
2025-08-23 20:00:00,29.3,28.347724284655,29.5285964167393,"Ashkelon"
2025-08-23 21:00:00,29.8,27.9404243114149,29.3922900737266,"Ashkelon"
2025-08-23 21:00:00,28.1,27.9404243114149,29.3922900737266,"Ashkelon"
2025-08-23 22:00:00,29.1,27.1189259449792,29.1488331762438,"Ashkelon"
2025-08-23 22:00:00,27.4,27.1189259449792,29.1488331762438,"Ashkelon"
2025-08-23 23:00:00,28.4,26.4373502488579,28.6556123203584,"Ashkelon"
2025-08-23 23:00:00,26.8,26.4373502488579,28.6556123203584,"Ashkelon"
2025-08-24,27.9,26.1535738702173,28.2948818687854,"Ashkelon"
2025-08-24,26.3,26.1535738702173,28.2948818687854,"Ashkelon"
2025-08-24 01:00:00,27.4,25.8392370564551,28.0800589483813,"Ashkelon"
2025-08-24 01:00:00,25.8,25.8392370564551,28.0800589483813,"Ashkelon"
2025-08-24 02:00:00,26.9,25.7180543459739,27.7850503327931,"Ashkelon"
2025-08-24 02:00:00,25.2,25.7180543459739,27.7850503327931,"Ashkelon"
2025-08-24 03:00:00,26.5,25.6491331407137,27.590644816185,"Ashkelon"
2025-08-24 03:00:00,24.9,25.6491331407137,27.590644816185,"Ashkelon"
2025-08-24 04:00:00,26.2,25.852167970035,27.1692297955802,"Ashkelon"
2025-08-24 04:00:00,25,25.852167970035,27.1692297955802,"Ashkelon"
2025-08-24 05:00:00,26.6,32.5288030892476,29.5115230185411,"Ashkelon"
2025-08-24 05:00:00,25.8,32.5288030892476,29.5115230185411,"Ashkelon"
2025-08-24 06:00:00,29.3,38.9377734937697,31.2541170685764,"Ashkelon"
2025-08-24 06:00:00,27.1,38.9377734937697,31.2541170685764,"Ashkelon"
2025-08-24 07:00:00,32.4,51.1147330091856,36.6158772752603,"Ashkelon"
2025-08-24 07:00:00,30.2,51.1147330091856,36.6158772752603,"Ashkelon"
2025-08-24 08:00:00,34.2,60.4154552829438,42.3493320066663,"Ashkelon"
2025-08-24 08:00:00,36,60.4154552829438,42.3493320066663,"Ashkelon"
2025-08-24 09:00:00,37.4,65.7826423227963,47.4993312467376,"Ashkelon"
2025-08-24 09:00:00,39,65.7826423227963,47.4993312467376,"Ashkelon"
2025-08-24 10:00:00,39.5,67.9314419015409,51.6511828918752,"Ashkelon"
2025-08-24 10:00:00,43.4,67.9314419015409,51.6511828918752,"Ashkelon"
2025-08-24 11:00:00,40.9,66.3351009869786,50.1301603929157,"Ashkelon"
2025-08-24 11:00:00,45.5,66.3351009869786,50.1301603929157,"Ashkelon"
2025-08-24 12:00:00,41.5,62.1956198101588,48.2847628467661,"Ashkelon"
2025-08-24 12:00:00,46.4,62.1956198101588,48.2847628467661,"Ashkelon"
2025-08-24 13:00:00,41.1,55.8523046939831,43.4423605823847,"Ashkelon"
2025-08-24 13:00:00,45.5,55.8523046939831,43.4423605823847,"Ashkelon"
2025-08-24 14:00:00,40.1,47.7514625954342,40.4642640008384,"Ashkelon"
2025-08-24 14:00:00,43.5,47.7514625954342,40.4642640008384,"Ashkelon"
2025-08-24 15:00:00,38.4,39.9005124396274,39.0896978119804,"Ashkelon"
2025-08-24 15:00:00,40.5,39.9005124396274,39.0896978119804,"Ashkelon"
2025-08-24 16:00:00,36.3,32.704739228383,33.9436121895019,"Ashkelon"
2025-08-24 16:00:00,36.8,32.704739228383,33.9436121895019,"Ashkelon"
2025-08-24 17:00:00,34.2,29.5409369954844,33.1506191272074,"Ashkelon"
2025-08-24 17:00:00,33.5,29.5409369954844,33.1506191272074,"Ashkelon"
2025-08-24 18:00:00,32.8,28.7058583409919,32.2161510321542,"Ashkelon"
2025-08-24 18:00:00,31.7,28.7058583409919,32.2161510321542,"Ashkelon"
2025-08-24 19:00:00,31.9,28.2136898777511,31.3458418777863,"Ashkelon"
2025-08-24 19:00:00,30.7,28.2136898777511,31.3458418777863,"Ashkelon"
2025-08-24 20:00:00,31.1,27.8302169225882,29.4174398555183,"Ashkelon"
2025-08-24 20:00:00,29.9,27.8302169225882,29.4174398555183,"Ashkelon"
2025-08-24 21:00:00,30.6,27.4344739192367,28.9998773703872,"Ashkelon"
2025-08-24 21:00:00,29.6,27.4344739192367,28.9998773703872,"Ashkelon"
2025-08-24 22:00:00,30.3,26.8632679267151,26.2652556401955,"Ashkelon"
2025-08-24 22:00:00,29.1,26.8632679267151,26.2652556401955,"Ashkelon"
2025-08-24 23:00:00,29.8,26.1827046849107,28.3402560956242,"Ashkelon"
2025-08-24 23:00:00,28.4,26.1827046849107,28.3402560956242,"Ashkelon"
2025-08-25,28.8,26.1199838789835,28.3698395600254,"Ashkelon"
2025-08-25,27.2,26.1199838789835,28.3698395600254,"Ashkelon"
2025-08-25 01:00:00,28.2,25.6433583184232,27.607404141834,"Ashkelon"
2025-08-25 01:00:00,26.5,25.6433583184232,27.607404141834,"Ashkelon"
2025-08-25 02:00:00,27.7,25.3746896327531,27.4097805557081,"Ashkelon"
2025-08-25 02:00:00,26,25.3746896327531,27.4097805557081,"Ashkelon"
2025-08-25 03:00:00,27.1,25.3772504213571,27.3165535820012,"Ashkelon"
2025-08-25 03:00:00,25.6,25.3772504213571,27.3165535820012,"Ashkelon"
2025-08-25 04:00:00,26.9,25.9741656236962,26.9165848262478,"Ashkelon"
2025-08-25 04:00:00,25.6,25.9741656236962,26.9165848262478,"Ashkelon"
2025-08-25 05:00:00,27.1,33.6894350581554,29.8445908911395,"Ashkelon"
2025-08-25 05:00:00,26.3,33.6894350581554,29.8445908911395,"Ashkelon"
2025-08-25 06:00:00,29.2,39.3591042875934,31.16602272954,"Ashkelon"
2025-08-25 06:00:00,27.7,39.3591042875934,31.16602272954,"Ashkelon"
2025-08-25 07:00:00,31.1,48.1848076055794,33.946981832853,"Ashkelon"
2025-08-25 07:00:00,30.2,48.1848076055794,33.946981832853,"Ashkelon"
2025-08-25 08:00:00,32.4,55.6366738025748,37.5223784698603,"Ashkelon"
2025-08-25 08:00:00,36.2,55.6366738025748,37.5223784698603,"Ashkelon"
2025-08-25 09:00:00,34.4,59.9757393388787,39.885803099958,"Ashkelon"
2025-08-25 09:00:00,38.5,59.9757393388787,39.885803099958,"Ashkelon"
2025-08-25 10:00:00,33.8,63.4960199223445,43.5916252934803,"Ashkelon"
2025-08-25 10:00:00,42.2,63.4960199223445,43.5916252934803,"Ashkelon"
2025-08-25 11:00:00,34.5,62.9554491493415,44.9783128579808,"Ashkelon"
2025-08-25 11:00:00,43.7,62.9554491493415,44.9783128579808,"Ashkelon"
2025-08-25 12:00:00,35.2,59.3155588387164,43.5913756192733,"Ashkelon"
2025-08-25 12:00:00,44.3,59.3155588387164,43.5913756192733,"Ashkelon"
2025-08-25 13:00:00,35.3,54.007740043763,41.3578282161187,"Ashkelon"
2025-08-25 13:00:00,43.9,54.007740043763,41.3578282161187,"Ashkelon"
2025-08-25 14:00:00,35.4,47.1622206658291,41.2013449545016,"Ashkelon"
2025-08-25 14:00:00,42.3,47.1622206658291,41.2013449545016,"Ashkelon"
2025-08-25 15:00:00,35.1,39.6195599279141,38.6136272136385,"Ashkelon"
2025-08-25 15:00:00,39.6,39.6195599279141,38.6136272136385,"Ashkelon"
2025-08-25 16:00:00,34.4,32.3295090443102,34.4257437859383,"Ashkelon"
2025-08-25 16:00:00,36,32.3295090443102,34.4257437859383,"Ashkelon"
2025-08-25 17:00:00,33.3,29.0807733842797,32.7349182022902,"Ashkelon"
2025-08-25 17:00:00,32.8,29.0807733842797,32.7349182022902,"Ashkelon"
2025-08-25 18:00:00,32.4,28.1927916659754,31.9482339487531,"Ashkelon"
2025-08-25 18:00:00,31.1,28.1927916659754,31.9482339487531,"Ashkelon"
2025-08-25 19:00:00,31.7,27.7016173579839,30.0961650585673,"Ashkelon"
2025-08-25 19:00:00,30.4,27.7016173579839,30.0961650585673,"Ashkelon"
2025-08-25 20:00:00,30.4,27.1346452817364,28.9645595615467,"Ashkelon"
2025-08-25 20:00:00,29.9,27.1346452817364,28.9645595615467,"Ashkelon"
2025-08-25 21:00:00,30.5,26.7143086296483,28.9766176930182,"Ashkelon"
2025-08-25 21:00:00,29.3,26.7143086296483,28.9766176930182,"Ashkelon"
2025-08-25 22:00:00,30.3,26.296670459842,28.8851460770286,"Ashkelon"
2025-08-25 22:00:00,28.2,26.296670459842,28.8851460770286,"Ashkelon"
2025-08-25 23:00:00,30.2,25.7841575268309,28.1581403392095,"Ashkelon"
2025-08-25 23:00:00,27.4,25.7841575268309,28.1581403392095,"Ashkelon"
2025-08-26,30,25.4896611233264,27.2291540054478,"Ashkelon"
2025-08-26,27.1,25.4896611233264,27.2291540054478,"Ashkelon"
2025-08-26 01:00:00,29.4,25.2305743294934,26.6163310057232,"Ashkelon"
2025-08-26 01:00:00,26.8,25.2305743294934,26.6163310057232,"Ashkelon"
2025-08-26 02:00:00,29.2,25.0379710273719,26.7551253809556,"Ashkelon"
2025-08-26 02:00:00,26.6,25.0379710273719,26.7551253809556,"Ashkelon"
2025-08-26 03:00:00,29,24.8805029144205,26.5599627263969,"Ashkelon"
2025-08-26 03:00:00,26.1,24.8805029144205,26.5599627263969,"Ashkelon"
2025-08-26 04:00:00,28.9,25.2775567455737,27.070552349129,"Ashkelon"
2025-08-26 04:00:00,25.5,25.2775567455737,27.070552349129,"Ashkelon"
2025-08-26 05:00:00,28.6,31.1002934489225,28.6907730998923,"Ashkelon"
2025-08-26 05:00:00,26.3,31.1002934489225,28.6907730998923,"Ashkelon"
2025-08-26 06:00:00,28.5,37.9336114054345,29.6965610146181,"Ashkelon"
2025-08-26 06:00:00,26.6,37.9336114054345,29.6965610146181,"Ashkelon"
2025-08-26 07:00:00,28.4,45.9203162605428,33.5849668872903,"Ashkelon"
2025-08-26 07:00:00,28.2,45.9203162605428,33.5849668872903,"Ashkelon"
2025-08-26 08:00:00,30.2,51.9171616659009,38.7458938506768,"Ashkelon"
2025-08-26 08:00:00,31.9,51.9171616659009,38.7458938506768,"Ashkelon"
2025-08-26 09:00:00,33.2,57.6040790179851,39.1128390189901,"Ashkelon"
2025-08-26 10:00:00,33.2,61.8160414633288,42.7239545586225,"Ashkelon"
2025-08-26 11:00:00,34.4,61.5503634980126,47.4699398919742,"Ashkelon"
2025-08-26 12:00:00,34.8,57.6319951871708,44.9115382584249,"Ashkelon"
2025-08-26 13:00:00,35.1,52.1220467979712,42.8272101272522,"Ashkelon"
2025-08-26 14:00:00,34.6,45.6508740370877,41.0820736819278,"Ashkelon"
2025-08-26 15:00:00,32.6,38.3811867080088,37.5037227923102,"Ashkelon"
2025-08-26 16:00:00,31.1,31.4107091567248,34.7647178239937,"Ashkelon"
2025-08-26 17:00:00,29.9,28.4977686696474,32.3114231506809,"Ashkelon"
2025-08-26 18:00:00,29.3,27.7070356083946,31.8989058599523,"Ashkelon"
2025-08-26 19:00:00,28.9,27.1707554642576,29.6666423501418,"Ashkelon"
2025-08-26 20:00:00,29.1,26.6946083195949,28.2508770970281,"Ashkelon"
2025-08-26 21:00:00,28.7,26.3520764697263,26.0516799524233,"Ashkelon"
2025-08-26 22:00:00,28.6,26.0687707980691,28.2058343851936,"Ashkelon"
2025-08-26 23:00:00,28.7,25.8042608180619,28.0208803340829,"Ashkelon"
2025-08-27,27.4,25.6538848318353,27.0478819639101,"Ashkelon"
2025-08-27 01:00:00,26.3,25.2337769545281,27.0329791074719,"Ashkelon"
2025-08-27 02:00:00,25.9,25.0150373180345,26.7116211950359,"Ashkelon"
2025-08-27 03:00:00,25.6,24.8229217060955,26.7157538411847,"Ashkelon"
2025-08-27 04:00:00,25.4,25.3291376552882,26.5960856533207,"Ashkelon"
2025-08-27 05:00:00,25.8,32.3180282642868,28.6968012983023,"Ashkelon"
2025-08-27 06:00:00,27.6,37.5874648668077,29.6091258014126,"Ashkelon"
2025-08-27 07:00:00,28,45.180613546485,33.7579057568758,"Ashkelon"
2025-08-27 08:00:00,30.1,50.8095238132308,37.0431561420536,"Ashkelon"
2025-08-27 09:00:00,33.6,55.0353642104574,36.6521135825302,"Ashkelon"
2025-08-27 10:00:00,35.6,57.2168220288014,39.5289517045188,"Ashkelon"
2025-08-27 11:00:00,36.8,57.8408193461941,43.5087609185766,"Ashkelon"
2025-08-27 12:00:00,37.2,55.8525107522615,41.7773101488868,"Ashkelon"
2025-08-27 13:00:00,36.6,51.3650188471672,43.0062784238321,"Ashkelon"
2025-08-27 14:00:00,35.8,45.1997775988383,40.7799545269856,"Ashkelon"
2025-08-27 15:00:00,34.4,37.8901788726851,37.6685108051169,"Ashkelon"
2025-08-27 16:00:00,32.9,30.963750335039,34.6986474959643,"Ashkelon"
2025-08-27 17:00:00,31.4,28.1640417343231,32.3803109855387,"Ashkelon"
2025-08-27 18:00:00,30.6,27.2527355945176,31.7800731476316,"Ashkelon"
2025-08-27 19:00:00,29.9,26.6945615796205,29.3398315553033,"Ashkelon"
2025-08-27 20:00:00,29.4,26.1915739483673,28.5500886765777,"Ashkelon"
2025-08-27 21:00:00,29.1,25.8056776706405,29.0025306395285,"Ashkelon"
2025-08-27 22:00:00,28.8,24.7488923200082,28.1009986494513,"Ashkelon"
2025-08-27 23:00:00,28.5,24.2435591276547,28.2275258527529,"Ashkelon"
2025-08-28,28.2,24.0662068205379,28.1440595485742,"Ashkelon"
2025-08-28 01:00:00,27.4,23.9605545316941,28.0530780201373,"Ashkelon"
2025-08-28 02:00:00,26.9,23.7939316659949,28.0755842935899,"Ashkelon"
2025-08-28 03:00:00,26,23.6310289907855,27.5053251797818,"Ashkelon"
2025-08-28 04:00:00,25.6,23.8225738994549,26.8174873641906,"Ashkelon"
2025-08-28 05:00:00,26.1,28.0931512064313,27.8562147110534,"Ashkelon"
2025-08-28 06:00:00,27.6,30.7065157038927,27.6798737810281,"Ashkelon"
2025-08-28 07:00:00,28.7,33.1056751714525,31.7204760552379,"Ashkelon"
2025-08-28 08:00:00,31.0000000000001,35.2264994919836,35.336090386747,"Ashkelon"
2025-08-28 09:00:00,33.4,36.5216979376091,40.229580748311,"Ashkelon"
2025-08-28 10:00:00,34.5,42.6335511381415,40.5492971507505,"Ashkelon"
2025-08-28 11:00:00,34,57.0043917368695,37.833807921907,"Ashkelon"
2025-08-28 12:00:00,33.9,54.1131715824841,38.5262629825746,"Ashkelon"
2025-08-28 13:00:00,33.3,49.8910629569192,42.0164478859081,"Ashkelon"
2025-08-28 14:00:00,32.6,42.7482339040111,40.0829023164745,"Ashkelon"
2025-08-28 15:00:00,32.2,35.4379462128433,38.11936331044,"Ashkelon"
2025-08-28 16:00:00,31.1,29.040461533112,34.7314044761075,"Ashkelon"
2025-08-28 17:00:00,29.8,26.4162281180309,32.1324431831176,"Ashkelon"
2025-08-28 18:00:00,29,25.7271390325936,30.3772243065594,"Ashkelon"
2025-08-28 19:00:00,28.5,25.1612395301265,30.2717879801359,"Ashkelon"
2025-08-28 20:00:00,28.2,24.6919874266824,28.9691068513234,"Ashkelon"
2025-08-28 21:00:00,27.9,24.1350339036612,26.5916885680992,"Ashkelon"
2025-08-28 22:00:00,27.6,23.8792030480401,26.0158323324251,"Ashkelon"
2025-08-28 23:00:00,27.1,23.2835054685852,25.4507523503551,"Ashkelon"
2025-08-29,26.2,22.9742279187926,25.109600207036,"Ashkelon"
2025-08-29 01:00:00,25.5,22.4054547775255,25.1541922288872,"Ashkelon"
2025-08-29 02:00:00,25.1,22.1047968407504,24.53253852752,"Ashkelon"
2025-08-29 03:00:00,24.6,21.704416957409,22.9597240639789,"Ashkelon"
2025-08-29 04:00:00,24.3,21.9267013757251,26.2614301885492,"Ashkelon"
2025-08-29 05:00:00,24.7,27.7677351493281,25.6095912922108,"Ashkelon"
2025-08-29 06:00:00,27.3,34.8915883415758,30.7819203426615,"Ashkelon"
2025-08-29 07:00:00,30.3,40.2592240911821,35.1861302431277,"Ashkelon"
2025-08-29 08:00:00,32.9,43.0851663223958,38.9352388019976,"Ashkelon"
2025-08-29 09:00:00,34.6,41.8126426235333,40.9504299984531,"Ashkelon"
2025-08-29 10:00:00,35.6,40.6765392947952,40.8681581743749,"Ashkelon"
2025-08-29 11:00:00,36.1,52.2651891787083,40.5888651755242,"Ashkelon"
2025-08-29 12:00:00,35.7,56.5270480170562,44.1290819221623,"Ashkelon"
2025-08-29 13:00:00,34.9,51.0227151261999,41.5543395728245,"Ashkelon"
2025-08-29 14:00:00,34.2,43.6467335271539,40.3311078199064,"Ashkelon"
2025-08-29 15:00:00,33.6,36.0778968229164,37.9303253535381,"Ashkelon"
2025-08-29 16:00:00,32.4,29.4436113859338,33.6021693047176,"Ashkelon"
2025-08-29 17:00:00,30.9,26.7527955299767,31.6352705684428,"Ashkelon"
2025-08-29 18:00:00,30,25.8046978738299,29.6421847688983,"Ashkelon"
2025-08-29 19:00:00,29.1,24.9605696903236,29.8141763809653,"Ashkelon"
2025-08-29 20:00:00,28.5,24.1250314993514,29.4593498858346,"Ashkelon"
2025-08-29 21:00:00,28,23.3954681819588,26.8908716175093,"Ashkelon"
2025-08-29 22:00:00,27.3,22.699607584992,24.736746981823,"Ashkelon"
2025-08-29 23:00:00,26.7,22.2005116448798,24.2919593174714,"Ashkelon"
2025-08-30,26.2,21.9291047306414,23.0140070791114,"Ashkelon"
2025-08-30 01:00:00,25.7,21.1464826912827,22.6502209884942,"Ashkelon"
2025-08-30 02:00:00,25.3,20.6402188072677,21.7718159569989,"Ashkelon"
2025-08-30 03:00:00,24.9,20.2275699501873,22.2426297904278,"Ashkelon"
2025-08-30 04:00:00,24.7,20.9470421898873,26.1425461929417,"Ashkelon"
2025-08-30 05:00:00,25,32.0518286572857,27.6142895206,"Ashkelon"
2025-08-30 06:00:00,27.6,43.3130694594509,33.0562664737811,"Ashkelon"
2025-08-30 07:00:00,31,55.206163899753,38.5882949580568,"Ashkelon"
2025-08-30 08:00:00,34,63.4407767701368,41.1482777569115,"Ashkelon"
2025-08-30 09:00:00,35.9,65.7470459693513,45.4677244748327,"Ashkelon"
2025-08-30 10:00:00,36.7000000000001,67.3495665871663,49.4167607716836,"Ashkelon"
2025-08-30 11:00:00,36.9,63.7568432023807,45.6340974328888,"Ashkelon"
2025-08-30 12:00:00,36.5,58.5105208481812,43.4695233913754,"Ashkelon"
2025-08-30 13:00:00,35.6,52.5188158485111,42.4698950767188,"Ashkelon"
2025-08-30 14:00:00,34.8,45.6807525798193,41.1419802615515,"Ashkelon"
2025-08-30 15:00:00,34.2,38.0040661986744,37.7378912042276,"Ashkelon"
2025-08-30 16:00:00,33.1,30.829611026583,34.504090071166,"Ashkelon"
2025-08-30 17:00:00,31.7,27.8593387289448,31.683878225319,"Ashkelon"
2025-08-30 18:00:00,30.9,27.0611331185797,30.3377908893502,"Ashkelon"
2025-08-30 19:00:00,30.2,26.3354402602042,28.5817443937102,"Ashkelon"
2025-08-30 20:00:00,29.6,25.6265203028971,28.2330471838122,"Ashkelon"
2025-08-30 21:00:00,29,24.986277852208,26.8728420783451,"Ashkelon"
2025-08-30 22:00:00,28.6,24.3977962832319,26.5421241120067,"Ashkelon"
2025-08-30 23:00:00,28.2,23.9029939021058,25.8133006329883,"Ashkelon"
2025-09-07,28.6,23.970430876847,27.6989483807501,"Ashkelon"
2025-09-07 01:00:00,28.4,23.7228977027188,27.5137837778378,"Ashkelon"
2025-09-07 02:00:00,27.8,23.4371496111733,26.014636778478,"Ashkelon"
2025-09-07 03:00:00,27.3,23.181954897023,25.5037999272445,"Ashkelon"
2025-09-07 04:00:00,26.8,23.2028572562074,26.6479976634047,"Ashkelon"
2025-09-07 05:00:00,27.4,26.636342113089,26.5268584831871,"Ashkelon"
2025-09-07 06:00:00,28.3,29.6152871951,28.7794814159235,"Ashkelon"
2025-09-07 07:00:00,31.1,31.3267410939322,31.8826225251225,"Ashkelon"
2025-09-07 08:00:00,34.1,32.9132214056027,33.9051798514181,"Ashkelon"
2025-09-07 09:00:00,36.5,34.5957774893057,37.0669910650182,"Ashkelon"
2025-09-07 10:00:00,37.8,35.5126243179472,39.5634766017125,"Ashkelon"
2025-09-07 11:00:00,38.6,38.9885223738054,41.560606062723,"Ashkelon"
2025-09-07 12:00:00,38.8,49.332628051087,43.0724229274733,"Ashkelon"
2025-09-07 13:00:00,38.5,47.5929969251257,39.9358857437532,"Ashkelon"
2025-09-07 14:00:00,37.6,41.5008560178748,38.0122210406787,"Ashkelon"
2025-09-07 15:00:00,36.2,34.1491787854414,36.7488673437004,"Ashkelon"
2025-09-07 16:00:00,34.4,27.9469990479526,32.4830521310697,"Ashkelon"
2025-09-07 17:00:00,32.8,26.0706667515255,31.8454849909666,"Ashkelon"
2025-09-07 18:00:00,31.7,25.2701400123354,29.2936237395341,"Ashkelon"
2025-09-07 19:00:00,30.8,24.6810051944942,28.5935263519001,"Ashkelon"
2025-09-07 20:00:00,30.1,24.0603717518577,27.7572638399586,"Ashkelon"
2025-09-07 21:00:00,29.5,23.5353039154148,26.1159032329688,"Ashkelon"
2025-09-07 22:00:00,28.9,23.5794049639963,25.9997253616329,"Ashkelon"
2025-09-07 23:00:00,28.3,23.0977772230825,25.4897460167658,"Ashkelon"
2025-09-08,27.6,22.8653600531914,25.6335299780709,"Ashkelon"
2025-09-08 01:00:00,27.1,22.4288674265824,25.7615907362371,"Ashkelon"
2025-09-08 02:00:00,26.8,22.0922433827188,25.4502225587044,"Ashkelon"
2025-09-08 03:00:00,26.4,21.8173555739058,25.0539715914536,"Ashkelon"
2025-09-08 04:00:00,26.2,22.0052773450165,26.3243303484128,"Ashkelon"
2025-09-08 05:00:00,26.4,26.5181383056393,25.8451665479139,"Ashkelon"
2025-09-08 06:00:00,27.8,30.0717182141153,28.3544910666158,"Ashkelon"
2025-09-08 07:00:00,30.3,31.2840563893246,29.7145966935923,"Ashkelon"
2025-09-08 08:00:00,33.2,33.7160772095999,33.6857739048346,"Ashkelon"
2025-09-08 09:00:00,35.3,34.9261445092057,38.1270379227786,"Ashkelon"
2025-09-08 10:00:00,36.6,37.386801267056,38.7936216923713,"Ashkelon"
2025-09-08 11:00:00,37.6,36.3943783575105,41.1005885540272,"Ashkelon"
2025-09-08 12:00:00,38.1,37.8376063148896,41.9150489709558,"Ashkelon"
2025-09-08 13:00:00,38,40.5270545397763,42.5011866434824,"Ashkelon"
2025-09-08 14:00:00,37.1,37.1487820862247,37.0840747629718,"Ashkelon"
2025-09-08 15:00:00,35.6999999999999,31.4172925358764,35.2634809992967,"Ashkelon"
2025-09-08 16:00:00,34,26.3330239703025,32.6793985905805,"Ashkelon"
2025-09-08 17:00:00,32.3,24.45514797629,31.2352563385464,"Ashkelon"
2025-09-08 18:00:00,31.3,23.7021315190974,29.2456434604012,"Ashkelon"
2025-09-08 19:00:00,30.7,23.1130936697997,29.1227409551755,"Ashkelon"
2025-09-08 20:00:00,30.1,22.6755053019081,27.9410830929814,"Ashkelon"
2025-09-08 21:00:00,29.6,22.4780141284913,25.984822232689,"Ashkelon"
2025-09-08 22:00:00,27.8,22.3401579375108,26.323425834517,"Ashkelon"
2025-09-08 23:00:00,27.1,22.109868640689,26.279135829472,"Ashkelon"
2025-09-09,26.5,21.9883294787822,25.6727975166862,"Ashkelon"
2025-09-09 01:00:00,25.9,21.5839889953005,24.7917958468218,"Ashkelon"
2025-09-09 02:00:00,25,21.1350465754602,24.5308705810705,"Ashkelon"
2025-09-09 03:00:00,24.3,20.954500931904,25.0451870227643,"Ashkelon"
2025-09-09 04:00:00,23.7,21.2911774656058,26.5051560592171,"Ashkelon"
2025-09-09 05:00:00,23.8,28.0484796915301,25.5453363313119,"Ashkelon"
2025-09-09 06:00:00,25.6,35.2064144202904,29.3818870999076,"Ashkelon"
2025-09-09 07:00:00,28.5,39.7309475120086,34.9187500765508,"Ashkelon"
2025-09-09 08:00:00,31.5,51.0377517595236,37.0389354090837,"Ashkelon"
2025-09-09 09:00:00,34.1,61.6944945841739,41.3192576488737,"Ashkelon"
2025-09-09 10:00:00,36.4,62.874706153717,44.3379874120133,"Ashkelon"
2025-09-09 11:00:00,38,60.5860361287946,41.1558331992206,"Ashkelon"
2025-09-09 12:00:00,37.9,55.5544007511739,40.2750025067588,"Ashkelon"
2025-09-09 13:00:00,37.6,49.0877864144344,39.9704700724166,"Ashkelon"
2025-09-09 14:00:00,36.4,40.8911007758033,38.5370867449027,"Ashkelon"
2025-09-09 15:00:00,34.4,33.5031652281711,36.7470608296479,"Ashkelon"
2025-09-09 16:00:00,32.1,27.6488617081352,33.8609820254231,"Ashkelon"
2025-09-09 17:00:00,30.3,25.8077389582673,33.0837417691048,"Ashkelon"
2025-09-09 18:00:00,29.2,25.0862628694322,31.1376698973817,"Ashkelon"
2025-09-09 19:00:00,28.6,24.5569140402565,29.857474900181,"Ashkelon"
2025-09-09 20:00:00,28.1,23.9710647777965,28.9473275705594,"Ashkelon"
2025-09-09 21:00:00,27.6,23.3858275102602,26.6932760723042,"Ashkelon"
2025-09-09 22:00:00,26.9,23.2531872562293,26.0678249669662,"Ashkelon"
2025-09-09 23:00:00,26.3,22.5788613683701,26.5697423217372,"Ashkelon"
2025-09-10,25.6,22.3147899141552,26.1680951316688,"Ashkelon"
2025-09-10 01:00:00,24.9,21.6635846939391,25.2226222732716,"Ashkelon"
2025-09-10 02:00:00,24.3,21.3084510524952,24.6911880987642,"Ashkelon"
2025-09-10 03:00:00,23.6,21.6114519622881,25.234977706723,"Ashkelon"
2025-09-10 04:00:00,23.3,22.0437594701032,27.1666983178881,"Ashkelon"
2025-09-10 05:00:00,23.5,30.0448943717697,26.7567072061386,"Ashkelon"
2025-09-10 06:00:00,25.5,40.3341983460273,30.0872844820593,"Ashkelon"
2025-09-10 07:00:00,28.5,47.565981641196,34.332767134469,"Ashkelon"
2025-09-10 08:00:00,32.2,57.250676154087,40.9008039517349,"Ashkelon"
2025-09-10 09:00:00,35.1,64.964104587656,45.5357949849239,"Ashkelon"
2025-09-10 10:00:00,37.2999999999999,68.9293717754504,49.4451660953138,"Ashkelon"
2025-09-10 11:00:00,38.4,63.9609129671584,46.4945616907619,"Ashkelon"
2025-09-10 12:00:00,38.6,57.7206166802339,41.1103070607114,"Ashkelon"
2025-09-10 13:00:00,37.9,48.9168223422,39.3939994719881,"Ashkelon"
2025-09-10 14:00:00,36.5,41.1921502843705,38.2390977756633,"Ashkelon"
2025-09-10 15:00:00,34.4,33.6021459410188,36.4294016726072,"Ashkelon"
2025-09-10 16:00:00,32.1,27.7900528857179,33.8669652856849,"Ashkelon"
2025-09-10 17:00:00,30.3,25.6929477459255,31.51877715512,"Ashkelon"
2025-09-10 18:00:00,29.2,24.9616836421086,31.4583193978218,"Ashkelon"
2025-09-10 19:00:00,28.5,24.3550041090633,30.0386585302999,"Ashkelon"
2025-09-10 20:00:00,27.9,23.8555362251246,28.6348722477685,"Ashkelon"
2025-09-10 21:00:00,27.5,23.4111577471399,27.3475329658795,"Ashkelon"
2025-09-10 22:00:00,26.5,23.1378972770618,25.8424722606868,"Ashkelon"
2025-09-10 23:00:00,25.8,22.9368218669766,26.0830583273608,"Ashkelon"
2025-09-11,25.2,22.1887935618558,26.2995720321536,"Ashkelon"
2025-09-11 01:00:00,24.8,22.2064920258239,26.1171385683826,"Ashkelon"
2025-09-11 02:00:00,24.1,22.088075512557,26.1356095681606,"Ashkelon"
2025-09-11 03:00:00,23.8,21.8702790332832,26.1536147441385,"Ashkelon"
2025-09-11 04:00:00,23.4,22.0388973823449,27.2288735813404,"Ashkelon"
2025-09-11 05:00:00,23.6,31.2243576286143,27.2290034184603,"Ashkelon"
2025-09-11 06:00:00,25.9,39.2614779835506,30.1682590510176,"Ashkelon"
2025-09-11 07:00:00,29.3,49.8709840077907,34.7289236150712,"Ashkelon"
2025-09-11 08:00:00,32.6,59.7525732108112,38.0370616187998,"Ashkelon"
2025-09-11 09:00:00,35.4,63.8415054734502,43.5054091733762,"Ashkelon"
2025-09-11 10:00:00,37.5,62.9469869196501,43.515442303057,"Ashkelon"
2025-09-11 11:00:00,38.6,60.7003173050287,39.4979494963145,"Ashkelon"
2025-09-11 12:00:00,38.9,56.0071443087824,39.9717436549407,"Ashkelon"
2025-09-11 13:00:00,38.4,49.3412986331653,40.8164428966717,"Ashkelon"
2025-09-11 14:00:00,37.2,41.9237077904767,38.6568222275284,"Ashkelon"
2025-09-11 15:00:00,35.1,34.5248708126337,37.305022688243,"Ashkelon"
2025-09-11 16:00:00,32.9,28.9475308196589,33.8405728446679,"Ashkelon"
2025-09-11 17:00:00,31.4,27.1416350872654,32.4148441358162,"Ashkelon"
2025-09-11 18:00:00,30.4,26.5361580048923,29.8377438364117,"Ashkelon"
2025-09-11 19:00:00,29.5,25.8252033011889,30.2300376484168,"Ashkelon"
2025-09-11 20:00:00,28.6,25.0173965205173,28.7910991406495,"Ashkelon"
2025-09-11 21:00:00,28.1,24.5030515776473,27.2265452610016,"Ashkelon"
2025-09-11 22:00:00,27.5,24.0742457736117,26.0832628458086,"Ashkelon"
2025-09-11 23:00:00,26.6,23.6221058283421,26.0948292231464,"Ashkelon"
2025-09-12,26,23.4227370252354,25.7463040494702,"Ashkelon"
2025-09-12 01:00:00,25.4,22.9438715578155,25.4331857927616,"Ashkelon"
2025-09-12 02:00:00,25,22.5751076688234,24.6699346359647,"Ashkelon"
2025-09-12 03:00:00,24.6,22.5411564194994,25.0672355911443,"Ashkelon"
2025-09-12 04:00:00,24.5,23.2367849621673,26.5652437559481,"Ashkelon"
2025-09-12 05:00:00,24.6,32.0154820604197,28.1066298057281,"Ashkelon"
2025-09-12 06:00:00,26.4,42.2846457278637,32.8074580576143,"Ashkelon"
2025-09-12 07:00:00,29.9,47.6148166553147,32.873571226678,"Ashkelon"
2025-09-12 08:00:00,32.9,59.952794123943,39.4321102916167,"Ashkelon"
2025-09-12 09:00:00,35.7,65.742947371113,46.7730616614798,"Ashkelon"
2025-09-12 10:00:00,37.8,65.1168226342396,46.8769590751748,"Ashkelon"
2025-09-12 11:00:00,39,62.1526184077797,43.211631121495,"Ashkelon"
2025-09-12 12:00:00,39.2,57.174208398049,41.4084273230864,"Ashkelon"
2025-09-12 13:00:00,38.6,50.4711486403669,41.6936341893463,"Ashkelon"
2025-09-12 14:00:00,37.3,42.9095570810584,39.3377527746968,"Ashkelon"
2025-09-12 15:00:00,35.5,35.2770365728894,37.9025333790038,"Ashkelon"
2025-09-12 16:00:00,33.3,29.4654536892509,33.6864671187456,"Ashkelon"
2025-09-12 17:00:00,31.7,27.4267965942957,32.2309067868699,"Ashkelon"
2025-09-12 18:00:00,30.7,26.7425524582607,30.3282484795133,"Ashkelon"
2025-09-12 19:00:00,29.9,26.1497469718205,29.9905335692309,"Ashkelon"
2025-09-12 20:00:00,29.2,25.4374944351976,28.8886310105017,"Ashkelon"
2025-09-12 21:00:00,28.2,24.9447152219216,27.1224084171695,"Ashkelon"
2025-09-12 22:00:00,27.3,24.7518584092142,27.1316087912353,"Ashkelon"
2025-09-12 23:00:00,26.7,24.5496693374905,26.9007271261792,"Ashkelon"
2025-09-13,26.2,24.3483791192923,26.5997604807859,"Ashkelon"
2025-09-13 01:00:00,25.6,23.6766242125405,26.0351362862231,"Ashkelon"
2025-09-13 02:00:00,25.1,23.1484838124435,25.5018895965846,"Ashkelon"
2025-09-13 03:00:00,24.6,22.8238207100872,25.8027758890686,"Ashkelon"
2025-09-13 04:00:00,24.4,23.0563860622263,26.0926150797861,"Ashkelon"
2025-09-13 05:00:00,24.6,30.6765841679421,27.2738093476494,"Ashkelon"
2025-09-13 06:00:00,26.6,38.5984112339307,28.8742909248759,"Ashkelon"
2025-09-13 07:00:00,29.9,46.6391808607717,32.7456127065752,"Ashkelon"
2025-09-13 08:00:00,32.4,60.6746644997382,39.7278121792266,"Ashkelon"
2025-09-13 09:00:00,34.6,65.4667676159325,46.6218993414383,"Ashkelon"
2025-09-13 10:00:00,36.5,64.7830119587058,46.5827727859974,"Ashkelon"
2025-09-13 11:00:00,37.9,61.7811847914712,42.657754846095,"Ashkelon"
2025-09-13 12:00:00,38.4,57.0053938406949,41.3175858779254,"Ashkelon"
2025-09-13 13:00:00,38.2,50.8268389129303,41.8028115219035,"Ashkelon"
2025-09-13 14:00:00,37.3,43.5887269652268,39.9037343831138,"Ashkelon"
2025-09-13 15:00:00,35.6,36.0129447492179,37.9508571460685,"Ashkelon"
2025-09-13 16:00:00,33.6,30.0032724213547,33.9102100762978,"Ashkelon"
2025-09-13 17:00:00,31.8,27.8770129107249,31.6004991583766,"Ashkelon"
2025-09-13 18:00:00,30.4,27.0169857127964,30.1001600509948,"Ashkelon"
2025-09-13 19:00:00,29.3,26.3204232272762,29.4686077414722,"Ashkelon"
2025-09-13 20:00:00,28.3,25.5200246618337,27.700384424612,"Ashkelon"
2025-09-13 21:00:00,27.4,24.7145346759248,26.5813596099294,"Ashkelon"
2025-09-13 22:00:00,26.7,23.9839376454166,26.2001277810431,"Ashkelon"
2025-09-13 23:00:00,26.3,23.4373069076404,26.0378008390166,"Ashkelon"
2025-09-21,25.3,20.7934248123122,21.9849477884601,"Ashkelon"
2025-09-21 01:00:00,24.9,20.3293709500031,21.7645176456479,"Ashkelon"
2025-09-21 02:00:00,24.6,20.2454189159057,21.8685407773461,"Ashkelon"
2025-09-21 03:00:00,24.2,20.306798147363,22.2660199372589,"Ashkelon"
2025-09-21 04:00:00,24,20.5085740051336,25.910472391452,"Ashkelon"
2025-09-21 05:00:00,24.1,27.1739936778061,25.4691246090754,"Ashkelon"
2025-09-21 06:00:00,24.8,35.3618423105855,29.4914128959296,"Ashkelon"
2025-09-21 07:00:00,27.2,46.0750793098826,34.2870668752195,"Ashkelon"
2025-09-21 08:00:00,29.9,56.811897562095,38.2137698213556,"Ashkelon"
2025-09-21 09:00:00,32.6,60.7516235046919,39.7906262511298,"Ashkelon"
2025-09-21 10:00:00,34.8,59.4134712183692,37.949286476366,"Ashkelon"
2025-09-21 11:00:00,36.3,56.5451801797661,37.6408150494219,"Ashkelon"
2025-09-21 12:00:00,37,51.5236398516494,39.701477009377,"Ashkelon"
2025-09-21 13:00:00,36.8,45.2840481399417,41.4097968618101,"Ashkelon"
2025-09-21 14:00:00,35.9,38.8900645539149,37.51700147238,"Ashkelon"
2025-09-21 15:00:00,34.5,32.0484262728842,35.201227915145,"Ashkelon"
2025-09-21 16:00:00,32.7,27.9450768616672,32.8196481527691,"Ashkelon"
2025-09-21 17:00:00,31.3,26.411037941904,31.9914772643519,"Ashkelon"
2025-09-21 18:00:00,30.4,25.7992579738997,29.596969683758,"Ashkelon"
2025-09-21 19:00:00,29.6,25.3015855561164,29.3925402298023,"Ashkelon"
2025-09-21 20:00:00,29.1,24.8337566110997,28.7555552350345,"Ashkelon"
2025-09-21 21:00:00,28.6,24.4151735741003,27.8450615862826,"Ashkelon"
2025-09-21 22:00:00,28.2,24.3189186536183,28.1647750270028,"Ashkelon"
2025-09-21 23:00:00,27.8,24.2878617561732,28.09670698916,"Ashkelon"
2025-09-22,27.5,24.1169251776322,26.8985903281296,"Ashkelon"
2025-09-22 01:00:00,27.4,23.879652724483,26.2712101830732,"Ashkelon"
2025-09-22 02:00:00,26.9,23.4946446090769,25.6653042762801,"Ashkelon"
2025-09-22 03:00:00,26.5,23.0713688607554,25.7214056330557,"Ashkelon"
2025-09-22 04:00:00,26.1,23.1168724870638,26.3569581898297,"Ashkelon"
2025-09-22 05:00:00,26,31.1854194434499,27.6903025556266,"Ashkelon"
2025-09-22 06:00:00,26.6,40.4961694818817,30.717337078365,"Ashkelon"
2025-09-22 07:00:00,28.1,45.2615980445408,33.3290839917253,"Ashkelon"
2025-09-22 08:00:00,30.7,58.1098649950061,39.6407921024353,"Ashkelon"
2025-09-22 09:00:00,33.6,64.3415730459845,44.1615264778352,"Ashkelon"
2025-09-22 10:00:00,35.7,64.8838873260931,46.5922976781005,"Ashkelon"
2025-09-22 11:00:00,37.2,60.6370349427555,41.453279319067,"Ashkelon"
2025-09-22 12:00:00,37.8,54.3336380888189,39.3105745734379,"Ashkelon"
2025-09-22 13:00:00,37.7,46.9030808661319,42.6225564299153,"Ashkelon"
2025-09-22 14:00:00,36.9,39.7527475177695,39.7730803285895,"Ashkelon"
2025-09-22 15:00:00,35.6,32.5651187802199,35.8887952958463,"Ashkelon"
2025-09-22 16:00:00,33.8,28.3911616173352,33.828305656396,"Ashkelon"
2025-09-22 17:00:00,32.4,26.8795934379002,31.6533517549511,"Ashkelon"
2025-09-22 18:00:00,31.5,26.2346911359058,29.5752447903333,"Ashkelon"
2025-09-22 19:00:00,30.5,25.6220836750352,29.0863925765785,"Ashkelon"
2025-09-22 20:00:00,29.5,24.9896933216662,27.6839485814878,"Ashkelon"
2025-09-22 21:00:00,28.9,24.4172847785491,26.6861849612601,"Ashkelon"
2025-09-22 22:00:00,28.5,23.9681001659036,26.2291975693164,"Ashkelon"
2025-09-22 23:00:00,28.1,23.489527128739,25.7385803823243,"Ashkelon"
2025-09-23,27.8,23.221727753245,25.4176515460297,"Ashkelon"
2025-09-23 01:00:00,27.5,22.7442863943626,25.2925957306325,"Ashkelon"
2025-09-23 02:00:00,26.9,22.5790603671002,25.0373582455523,"Ashkelon"
2025-09-23 03:00:00,26.4,22.7195164269467,25.5653088773044,"Ashkelon"
2025-09-23 04:00:00,26,23.2854253090257,26.7371662992298,"Ashkelon"
2025-09-23 05:00:00,25.9,30.7508068768364,26.9470904839162,"Ashkelon"
2025-09-23 06:00:00,26.4,36.8334780419591,29.0033059749571,"Ashkelon"
2025-09-23 07:00:00,28.3,44.586335673565,32.97679195993,"Ashkelon"
2025-09-23 08:00:00,31.1,54.4861845482133,37.3354552667242,"Ashkelon"
2025-09-23 09:00:00,33.7,60.6127767837266,43.6423980123827,"Ashkelon"
2025-09-23 10:00:00,36.1000000000001,62.5314746307208,44.8567433441351,"Ashkelon"
2025-09-23 11:00:00,37.5,60.3881090683367,42.216947229905,"Ashkelon"
2025-09-23 12:00:00,37.9,55.2576124404578,39.5748848036682,"Ashkelon"
2025-09-23 13:00:00,37.5,48.1803277118543,41.8667765244573,"Ashkelon"
2025-09-23 14:00:00,36.3,41.0491426449246,39.6900939248574,"Ashkelon"
2025-09-23 15:00:00,34.6,33.3147767500028,35.9735070669697,"Ashkelon"
2025-09-23 16:00:00,32.6,28.6473080854462,34.4512322738112,"Ashkelon"
2025-09-23 17:00:00,31.3,27.211778575424,32.6260891391884,"Ashkelon"
2025-09-23 18:00:00,30.4,26.6490799854727,31.6860865786769,"Ashkelon"
2025-09-23 19:00:00,29.5,26.1982755143786,29.923478830598,"Ashkelon"
2025-09-23 20:00:00,28.8,25.3458551780554,29.2132106103306,"Ashkelon"
2025-09-23 21:00:00,28.4,24.5752044410613,27.4828951036057,"Ashkelon"
2025-09-23 22:00:00,27.7,24.1296749580753,26.5572929488799,"Ashkelon"
2025-09-23 23:00:00,27,23.8256945734386,26.019738579091,"Ashkelon"
2025-09-24,26.6,23.6433453197705,25.544043510564,"Ashkelon"
2025-09-24 01:00:00,26.2,23.6643082905181,25.5264662942628,"Ashkelon"
2025-09-24 02:00:00,25.6,23.6068686195341,25.649479555564,"Ashkelon"
2025-09-24 03:00:00,25.3,23.5383449824402,25.6699927854038,"Ashkelon"
2025-09-24 04:00:00,25,23.8558833402583,26.9610737858847,"Ashkelon"
2025-09-24 05:00:00,25.1,29.8998246156468,27.4748335962513,"Ashkelon"
2025-09-24 06:00:00,26.2,35.6511058460168,27.8108899362138,"Ashkelon"
2025-09-24 07:00:00,28.8,44.2039075612683,33.1338918282949,"Ashkelon"
2025-09-24 08:00:00,31.7,55.246676921777,35.7508258658678,"Ashkelon"
2025-09-24 09:00:00,33.8,58.6329080221481,38.6792675087106,"Ashkelon"
2025-09-24 10:00:00,35.1,60.2166327218901,40.359329883247,"Ashkelon"
2025-09-24 11:00:00,35.6,57.5074074060979,37.7783511818091,"Ashkelon"
2025-09-24 12:00:00,35.8,50.7242016606289,41.8862366898653,"Ashkelon"
2025-09-24 13:00:00,35.4,42.1089657625015,40.0566220942307,"Ashkelon"
2025-09-24 14:00:00,34.5,37.1394362650087,36.3771706009851,"Ashkelon"
2025-09-24 15:00:00,33.2,30.4279332174961,35.0824592099893,"Ashkelon"
2025-09-24 16:00:00,31.9,27.1672438375876,33.5645105219255,"Ashkelon"
2025-09-24 17:00:00,30.8,26.0220134455393,33.389496467426,"Ashkelon"
2025-09-24 18:00:00,29.9,25.0747499407761,31.7026389537036,"Ashkelon"
2025-09-24 19:00:00,29.3,24.5684644000222,30.2512137064789,"Ashkelon"
2025-09-24 20:00:00,28.8,23.9952485196657,29.6944635371644,"Ashkelon"
2025-09-24 21:00:00,28.4,23.114221955478,26.6392503137366,"Ashkelon"
2025-09-24 22:00:00,28.1,21.8351623395855,25.6800135914842,"Ashkelon"
2025-09-24 23:00:00,28,21.7325436165433,25.4167897854797,"Ashkelon"
2025-09-25,27.6,21.6567611129802,24.5784420180864,"Ashkelon"
2025-09-25 01:00:00,27.2999999999999,21.9348301710433,26.1708030873443,"Ashkelon"
2025-09-25 02:00:00,27,21.7641403238775,25.4335824561194,"Ashkelon"
2025-09-25 03:00:00,26.7,21.4909181821852,25.7427255848099,"Ashkelon"
2025-09-25 04:00:00,26.8,21.4002814877493,26.5230923565161,"Ashkelon"
2025-09-25 05:00:00,26.9,24.7610520974897,24.3537438651786,"Ashkelon"
2025-09-25 06:00:00,27.4,28.3399004284139,26.1385473595085,"Ashkelon"
2025-09-25 07:00:00,28.8,30.083366338681,29.9047120950337,"Ashkelon"
2025-09-25 08:00:00,30.3,30.9696704720631,34.02519780661,"Ashkelon"
2025-09-25 09:00:00,31.9,30.1126317320701,34.9733745900133,"Ashkelon"
2025-09-25 10:00:00,33.2,30.1084610360449,36.1339516987618,"Ashkelon"
2025-09-25 11:00:00,34,30.3045174829457,38.2610853326269,"Ashkelon"
2025-09-25 12:00:00,34.3,34.0471241196557,41.5242821547118,"Ashkelon"
2025-09-25 13:00:00,34.2,36.6032847917477,37.9516941423573,"Ashkelon"
2025-09-25 14:00:00,33.7,34.1109124313368,37.8195230372988,"Ashkelon"
2025-09-25 15:00:00,32.5,28.9361517965033,33.495362030415,"Ashkelon"
2025-09-25 16:00:00,31.2,25.3599599109674,32.8031493439918,"Ashkelon"
2025-09-25 17:00:00,30.2,23.9940219292509,31.5472553874097,"Ashkelon"
2025-09-25 18:00:00,29.5,23.1615964588272,28.5528432263716,"Ashkelon"
2025-09-25 19:00:00,28.8,22.2980672366199,26.6986249288048,"Ashkelon"
2025-09-25 20:00:00,28.6,21.6030446946602,25.8619604161087,"Ashkelon"
2025-09-25 21:00:00,28.1,21.2013474597937,24.2838277074436,"Ashkelon"
2025-09-25 22:00:00,27.7,21.6031954070758,26.3292774412037,"Ashkelon"
2025-09-25 23:00:00,27.5,21.3686172707151,25.615101510087,"Ashkelon"
2025-09-26,27.2,21.2115660250193,24.407880944153,"Ashkelon"
2025-09-26 01:00:00,26.6,20.8123902824694,23.4307733560184,"Ashkelon"
2025-09-26 02:00:00,25.8,20.563218945663,22.3207643149764,"Ashkelon"
2025-09-26 03:00:00,25.4,20.3647623666256,22.5438504889484,"Ashkelon"
2025-09-26 04:00:00,25,20.1996940385435,25.5752172227617,"Ashkelon"
2025-09-26 05:00:00,24.9,23.9319950649842,22.8217302132023,"Ashkelon"
2025-09-26 06:00:00,25.6,28.5690211160579,26.6312977108638,"Ashkelon"
2025-09-26 07:00:00,27.7,32.730886932877,30.3785970339039,"Ashkelon"
2025-09-26 08:00:00,29.9,35.710313710912,34.5307411538315,"Ashkelon"
2025-09-26 09:00:00,31.8,36.4739025283566,39.1374188603976,"Ashkelon"
2025-09-26 10:00:00,33.2,35.3703449949377,38.3515669976652,"Ashkelon"
2025-09-26 11:00:00,34,34.3295192379126,39.8389950108099,"Ashkelon"
2025-09-26 12:00:00,34.1,35.4443258442962,40.237755926469,"Ashkelon"
2025-09-26 13:00:00,34.3,38.6624372054912,40.5685555480454,"Ashkelon"
2025-09-26 14:00:00,33.7,34.8801597881098,37.6195736516208,"Ashkelon"
2025-09-26 15:00:00,32.6,28.3150540207229,33.6225947662197,"Ashkelon"
2025-09-26 16:00:00,31.2,24.4431715522637,31.1081426772125,"Ashkelon"
2025-09-26 17:00:00,30.1,23.2656608280135,30.1410420806876,"Ashkelon"
2025-09-26 18:00:00,29.3,22.7250419276478,28.0917261771958,"Ashkelon"
2025-09-26 19:00:00,28.7,22.3075505369059,26.4010914505869,"Ashkelon"
2025-09-26 20:00:00,28.1,21.9230126238842,24.9473084885624,"Ashkelon"
2025-09-26 21:00:00,27.2,21.6386499889906,25.6168712415093,"Ashkelon"
2025-09-26 22:00:00,26.5,21.859833192399,25.8584955013506,"Ashkelon"
2025-09-26 23:00:00,25.9,21.6767247339783,24.90469387884,"Ashkelon"
2025-09-27,25.5,21.5820598881558,23.9232873764706,"Ashkelon"
2025-09-27 01:00:00,25,21.0076649353326,23.4833925066428,"Ashkelon"
2025-09-27 02:00:00,24.6,20.7585237230345,22.9834317888643,"Ashkelon"
2025-09-27 03:00:00,24.2,20.3931667773976,22.6736934892106,"Ashkelon"
2025-09-27 04:00:00,23.8,20.3041570182735,25.5646876684148,"Ashkelon"
2025-09-27 05:00:00,23.8,25.4388715178245,24.3322260616319,"Ashkelon"
2025-09-27 06:00:00,24.6,30.9740282404194,27.5244529846669,"Ashkelon"
2025-09-27 07:00:00,27.1,36.4626410507488,31.1258127346801,"Ashkelon"
2025-09-27 08:00:00,29.6,42.4344862317806,38.7661760117383,"Ashkelon"
2025-09-27 09:00:00,31.7,57.303942415648,39.1701685104595,"Ashkelon"
2025-09-27 10:00:00,33.2,61.4729212817726,41.2617255938652,"Ashkelon"
2025-09-27 11:00:00,34.2,59.8191201232448,40.5178440154923,"Ashkelon"
2025-09-27 12:00:00,34.7,55.0148723649515,39.4512313166016,"Ashkelon"
2025-09-27 13:00:00,34.5,47.5246309289012,42.0277200847184,"Ashkelon"
2025-09-27 14:00:00,33.6,39.0037888334882,37.6364428706899,"Ashkelon"
2025-09-27 15:00:00,32.3,30.9300440114132,34.8266484803924,"Ashkelon"
2025-09-27 16:00:00,30.9,26.8582975529672,32.9281395312003,"Ashkelon"
2025-09-27 17:00:00,29.9,25.476028911859,31.899826718859,"Ashkelon"
2025-09-27 18:00:00,29.2,24.9744395566517,31.6400201361763,"Ashkelon"
2025-09-27 19:00:00,28.6,24.4825235401181,30.6026545198718,"Ashkelon"
2025-09-27 20:00:00,28,23.9902369953629,29.7558962818299,"Ashkelon"
2025-09-27 21:00:00,27.1,23.6002858734351,26.6613775148737,"Ashkelon"
2025-09-27 22:00:00,26.4,23.2215855967134,26.1439677960838,"Ashkelon"
2025-09-27 23:00:00,25.7,22.7694112119591,25.4183118038862,"Ashkelon"
2025-09-28,25.1,22.5067252861892,25.087353167446,"Ashkelon"
2025-09-28 01:00:00,24.7,22.5724630666236,24.8885562038015,"Ashkelon"
2025-09-28 02:00:00,24.3,22.394957475704,24.8541850674046,"Ashkelon"
2025-09-28 03:00:00,24,22.2200637429591,25.0769644679372,"Ashkelon"
2025-09-28 04:00:00,23.7,22.0955515072777,25.961453177862,"Ashkelon"
2025-09-28 05:00:00,23.9,27.8980797743954,26.4397838030747,"Ashkelon"
2025-09-28 06:00:00,24.6,30.3455729761519,27.6327646578307,"Ashkelon"
2025-09-28 07:00:00,27.2999999999999,36.5295169424789,29.6580687992924,"Ashkelon"
2025-09-28 08:00:00,30,49.5091005143392,36.5464751011041,"Ashkelon"
2025-09-28 09:00:00,32.3,55.9938186424958,36.9772595253467,"Ashkelon"
2025-09-28 10:00:00,33.7,58.4615995111162,39.7555463330473,"Ashkelon"
2025-09-28 11:00:00,34.4,56.6922312636035,37.0146287643119,"Ashkelon"
2025-09-28 12:00:00,34.3,52.1958904778729,38.5425629791909,"Ashkelon"
2025-09-28 13:00:00,34.1,45.7199236565617,41.0512337688888,"Ashkelon"
2025-09-28 14:00:00,33.3,38.3195667700984,38.4752789646978,"Ashkelon"
2025-09-28 15:00:00,32.1,30.8305054633243,35.1145938253271,"Ashkelon"
2025-09-28 16:00:00,30.7,26.9618342477475,33.6874091816881,"Ashkelon"
2025-09-28 17:00:00,29.8,25.645387856102,32.2151892991589,"Ashkelon"
2025-09-28 18:00:00,29.1,25.1753356221006,30.552478160579,"Ashkelon"
2025-09-28 19:00:00,28.6,24.9192362457335,30.1155347685352,"Ashkelon"
2025-09-28 20:00:00,28.2,24.7362296111922,29.7235022249995,"Ashkelon"
2025-09-28 21:00:00,27.9,24.6103586116769,29.2754312588764,"Ashkelon"
2025-09-28 22:00:00,27.6,23.7326872477558,28.6687612980721,"Ashkelon"
2025-09-28 23:00:00,27.3,23.3692471846687,28.6923825825932,"Ashkelon"
2025-09-29,26.9,23.2334406033122,27.3216834808437,"Ashkelon"
2025-09-29 01:00:00,26.2,22.8798186915338,26.4172778191683,"Ashkelon"
2025-09-29 02:00:00,25.6,22.6472645008885,25.4530920820632,"Ashkelon"
2025-09-29 03:00:00,25.3,22.4599129925302,25.524956467281,"Ashkelon"
2025-09-29 04:00:00,25.1,22.3544967052698,26.1548515439558,"Ashkelon"
2025-09-29 05:00:00,25.1,25.6797955471101,25.6950739220752,"Ashkelon"
2025-09-29 06:00:00,25.8,28.601308796378,27.6501608920015,"Ashkelon"
2025-09-29 07:00:00,28.1,29.8506684508043,30.0365708089588,"Ashkelon"
2025-09-29 08:00:00,30.5,32.0617891901631,32.3003979295828,"Ashkelon"
2025-09-29 09:00:00,32.3,33.2685855267345,36.0906372669772,"Ashkelon"
2025-09-29 10:00:00,33.5,33.3694358317694,39.1365904771286,"Ashkelon"
2025-09-29 11:00:00,34.2,33.5618519970797,39.2365507963578,"Ashkelon"
2025-09-29 12:00:00,34.4,34.6276625496962,40.2898199343566,"Ashkelon"
2025-09-29 13:00:00,34.1,37.704240622855,41.5424946207042,"Ashkelon"
2025-09-29 14:00:00,33.3,33.8658503164591,37.6550230493159,"Ashkelon"
2025-09-29 15:00:00,31.9,27.7013665663126,32.7177667524602,"Ashkelon"
2025-09-29 16:00:00,30.6,24.4104582668728,31.5347402120027,"Ashkelon"
2025-09-29 17:00:00,29.5,23.5284451248687,30.0702753419447,"Ashkelon"
2025-09-29 18:00:00,28.7,22.8859764689363,28.3079069105215,"Ashkelon"
2025-09-29 19:00:00,28.2,22.381860460993,27.1031141077154,"Ashkelon"
2025-09-29 20:00:00,27.7,21.9182094398009,26.6731008969166,"Ashkelon"
2025-09-29 21:00:00,27.1,21.6186989421341,26.2929670249256,"Ashkelon"
2025-09-29 22:00:00,26.2,21.8088917424181,25.9376899447925,"Ashkelon"
2025-09-29 23:00:00,25.5999999999999,21.7225833158996,25.9219609319624,"Ashkelon"
2025-09-30,25,21.5465077361249,25.3778597939163,"Ashkelon"
2025-09-30 01:00:00,24.6,21.3949618089085,25.2970884713593,"Ashkelon"
2025-09-30 02:00:00,24.3,21.0456240286635,25.0749222210202,"Ashkelon"
2025-09-30 03:00:00,23.9,21.0612227821873,25.0476601516654,"Ashkelon"
2025-09-30 04:00:00,23.7,21.2482533264498,26.5510090964767,"Ashkelon"
2025-09-30 05:00:00,23.8,26.5946027425004,25.7465517030938,"Ashkelon"
2025-09-30 06:00:00,24.5,32.488880008088,29.0843382480982,"Ashkelon"
2025-09-30 07:00:00,27.2,33.9664497241568,28.5252534171593,"Ashkelon"
2025-09-30 08:00:00,29.7,38.4113892291739,38.0115344066951,"Ashkelon"
2025-09-30 09:00:00,32,49.5388070710648,39.5352273318117,"Ashkelon"
2025-09-30 10:00:00,33.5,57.858651546995,39.5168227429267,"Ashkelon"
2025-09-30 11:00:00,34.6,56.0656946493399,36.7123246526134,"Ashkelon"
2025-09-30 12:00:00,34.9,51.1895277762145,39.3048393378491,"Ashkelon"
2025-09-30 13:00:00,34.6,44.568068331572,40.6910752377696,"Ashkelon"
2025-09-30 14:00:00,33.8,37.6296779684245,37.5288469943708,"Ashkelon"
2025-09-30 15:00:00,32.5,30.2265507816921,34.8009290092926,"Ashkelon"
2025-09-30 16:00:00,31.1,26.5792498273122,33.0892306124633,"Ashkelon"
2025-09-30 17:00:00,30,25.2648862129437,32.6939194259135,"Ashkelon"
2025-09-30 18:00:00,29.3,24.5007636152042,31.6296322416003,"Ashkelon"
2025-09-30 19:00:00,28.6,24.3425401129938,31.1673652325124,"Ashkelon"
2025-09-30 20:00:00,28,23.7872859258351,29.8939884375692,"Ashkelon"
2025-09-30 21:00:00,27.3,23.0605085289638,27.8256363682723,"Ashkelon"
2025-09-30 22:00:00,27.1,22.4941448536949,26.6980910544697,"Ashkelon"
2025-09-30 23:00:00,26.9000000000001,21.9158886932423,26.0781616624225,"Ashkelon"
2025-10-01,26.6,21.6574759399072,25.5626729913445,"Ashkelon"
2025-10-01 01:00:00,26.3,21.2664765294662,24.5434634996856,"Ashkelon"
2025-10-01 02:00:00,25.9,21.112900689553,25.1402271451173,"Ashkelon"
2025-10-01 03:00:00,25.2,20.8638187987306,21.975489834137,"Ashkelon"
2025-10-01 04:00:00,24.6,20.7279797141738,26.2092045417141,"Ashkelon"
2025-10-01 05:00:00,24.6,24.5515599706945,23.2689117373899,"Ashkelon"
2025-10-01 06:00:00,24.9,29.3977024221921,26.5657385437214,"Ashkelon"
2025-10-01 07:00:00,27.8,32.2541546953283,29.81239606414,"Ashkelon"
2025-10-01 08:00:00,30.5000000000001,33.3561961523445,32.1524198003532,"Ashkelon"
2025-10-01 09:00:00,32.6,32.6194027299067,35.156379136525,"Ashkelon"
2025-10-01 10:00:00,34,33.2802658811534,36.4614797103257,"Ashkelon"
2025-10-01 11:00:00,34.8,31.9596930123377,38.3134870223962,"Ashkelon"
2025-10-01 12:00:00,35,30.7820831553084,38.486071686063,"Ashkelon"
2025-10-01 13:00:00,34.8,32.7955828419628,38.9377180742222,"Ashkelon"
2025-10-01 14:00:00,33.9,32.0143424278725,35.7842207095576,"Ashkelon"
2025-10-01 15:00:00,32.5,26.5868675932285,32.0247938913205,"Ashkelon"
2025-10-01 16:00:00,30.9,23.2136432349417,30.9223980246677,"Ashkelon"
2025-10-01 17:00:00,29.7,22.0177941689998,28.3757448569932,"Ashkelon"
2025-10-01 18:00:00,28.8,21.4814142359363,28.0951665992071,"Ashkelon"
2025-10-01 19:00:00,28.3,21.4396105849889,26.0957424769424,"Ashkelon"
2025-10-01 20:00:00,27.7,21.211360527048,26.497432572924,"Ashkelon"
2025-10-01 21:00:00,27.2,20.5753211900515,25.754435417565,"Ashkelon"
2025-10-01 22:00:00,26.5,20.6810755346686,21.6991094840012,"Ashkelon"
2025-10-01 23:00:00,25.9,20.2858759307736,21.6978380119244,"Ashkelon"
2025-10-02,25.3,20.0857200940909,20.6870916304362,"Ashkelon"
2025-10-02 01:00:00,24.8,19.4398152612042,19.2611620508327,"Ashkelon"
2025-10-02 02:00:00,24.5,19.1398823059756,19.2048430490239,"Ashkelon"
2025-10-02 03:00:00,24.2,18.8501143866499,19.093853991673,"Ashkelon"
2025-10-02 04:00:00,23.8,18.6201585795728,24.2031517058196,"Ashkelon"
2025-10-02 05:00:00,23.8,22.194772925539,21.6996210206212,"Ashkelon"
2025-10-02 06:00:00,24.3,27.2939925190743,25.9594692065025,"Ashkelon"
2025-10-02 07:00:00,26.9,32.2521491569637,29.59188965779,"Ashkelon"
2025-10-02 08:00:00,29.5,36.9363103968777,35.3474736707647,"Ashkelon"
2025-10-02 09:00:00,31.7,40.6072990350713,37.583145928327,"Ashkelon"
2025-10-02 10:00:00,33.3,40.3870177663436,38.6815391309032,"Ashkelon"
2025-10-02 11:00:00,34.1,35.8407265689577,39.6640801223264,"Ashkelon"
2025-10-02 12:00:00,34.3,32.4898211363172,38.7734582844427,"Ashkelon"
2025-10-02 13:00:00,33.9,29.6057135608809,38.4875290522103,"Ashkelon"
2025-10-02 14:00:00,33,26.6169622263804,33.1616108715458,"Ashkelon"
2025-10-02 15:00:00,31.7,23.2224024256557,29.2962092238427,"Ashkelon"
2025-10-02 16:00:00,30.3,21.7727333679294,28.5445951011268,"Ashkelon"
2025-10-02 17:00:00,29.2,21.2164803182931,28.6335572032739,"Ashkelon"
2025-10-02 18:00:00,28.5,21.0063865266339,27.2781158750166,"Ashkelon"
2025-10-02 19:00:00,28,20.7307719871094,25.9496738372763,"Ashkelon"
2025-10-02 20:00:00,27.2,20.1757558000647,23.7286552358633,"Ashkelon"
2025-10-02 21:00:00,26.3,19.9071416292144,22.4457732703681,"Ashkelon"
2025-10-02 22:00:00,25.5999999999999,19.8819886921705,22.1932744624001,"Ashkelon"
2025-10-02 23:00:00,25,19.7040866634969,21.9912593769786,"Ashkelon"
2025-10-03,24.5,19.6481817299158,21.1300690209506,"Ashkelon"
2025-10-03 01:00:00,23.9,18.7107727893949,19.9261628595581,"Ashkelon"
2025-10-03 02:00:00,23.4,18.4781223144919,19.6650478364429,"Ashkelon"
2025-10-03 03:00:00,23,18.3299336266086,20.107224214801,"Ashkelon"
2025-10-03 04:00:00,22.4,18.3459039796303,24.0442428823421,"Ashkelon"
2025-10-03 05:00:00,22.6,22.8008776662132,22.3238759875094,"Ashkelon"
2025-10-03 06:00:00,23.3,28.6632539357419,26.1449530862483,"Ashkelon"
2025-10-03 07:00:00,26.3,33.7420474472655,30.7400146041262,"Ashkelon"
2025-10-03 08:00:00,29.1,37.9755873354463,36.4405323118273,"Ashkelon"
2025-10-03 09:00:00,31.6,49.6848800889511,38.8155952636545,"Ashkelon"
2025-10-03 10:00:00,33.3,64.0968480900059,45.8377686624556,"Ashkelon"
2025-10-03 11:00:00,34.2,63.8915917708656,46.5421230099199,"Ashkelon"
2025-10-03 12:00:00,34.6,57.2740578160433,41.0544526267562,"Ashkelon"
2025-10-03 13:00:00,34.3,48.9097407199573,42.1606960566012,"Ashkelon"
2025-10-03 14:00:00,33.6,39.9426942395626,38.4491712794728,"Ashkelon"
2025-10-03 15:00:00,32.3,31.6107227726248,33.0922667968155,"Ashkelon"
2025-10-03 16:00:00,30.6,27.383901961038,31.775660343483,"Ashkelon"
2025-10-03 17:00:00,29.1,25.4472600022904,31.7238218007053,"Ashkelon"
2025-10-03 18:00:00,28.1,24.2139278222599,28.7820942240733,"Ashkelon"
2025-10-03 19:00:00,27.4,23.5965202779698,27.9670258031905,"Ashkelon"
2025-10-03 20:00:00,26.9,22.8247353983564,27.5453081503136,"Ashkelon"
2025-10-03 21:00:00,26.6,22.5090836335748,25.9581828351594,"Ashkelon"
2025-10-03 22:00:00,26.3,22.4292547010456,26.7126091296746,"Ashkelon"
2025-10-03 23:00:00,26,22.3855117601244,26.3568981426218,"Ashkelon"
2025-10-04,25.8,22.3248632883476,26.1002536852111,"Ashkelon"
2025-10-04 01:00:00,25.7,22.5066137141274,25.9415947602116,"Ashkelon"
2025-10-04 02:00:00,26.1,22.497130750485,25.6392354699095,"Ashkelon"
2025-10-04 03:00:00,26.1,22.4316454985491,25.4663702949263,"Ashkelon"
2025-10-04 04:00:00,25.5,22.3789639508185,26.3914146065284,"Ashkelon"
2025-10-04 05:00:00,25.5,28.6720615223522,26.0664179795454,"Ashkelon"
2025-10-04 06:00:00,26.0999999999999,33.118137491978,29.949851720358,"Ashkelon"
2025-10-04 07:00:00,27.9,37.7376998066002,32.2369909279142,"Ashkelon"
2025-10-04 08:00:00,30.4,48.7446459885915,36.3379642878085,"Ashkelon"
2025-10-04 09:00:00,32.3,56.7898111179999,37.6762916263964,"Ashkelon"
2025-10-04 10:00:00,33.8,55.9818163303575,39.5987521039484,"Ashkelon"
2025-10-04 11:00:00,34.6,52.5465603869275,37.7911320272258,"Ashkelon"
2025-10-04 12:00:00,34.8,47.6670750197797,38.8723447188012,"Ashkelon"
2025-10-04 13:00:00,34.3,40.7460530827436,38.7678009309973,"Ashkelon"
2025-10-04 14:00:00,33.3,33.8337020389165,37.3991719604581,"Ashkelon"
2025-10-04 15:00:00,32,27.920152728078,31.2945867268365,"Ashkelon"
2025-10-04 16:00:00,30.5,25.098583797363,32.5854267035363,"Ashkelon"
2025-10-04 17:00:00,29.5,24.4403301239672,31.196835343964,"Ashkelon"
2025-10-04 18:00:00,28.9,23.9758445888295,29.2380066087976,"Ashkelon"
2025-10-04 19:00:00,28.4,23.5159104412149,28.4098065821417,"Ashkelon"
2025-10-04 20:00:00,28,23.0822483358016,27.6386491993836,"Ashkelon"
2025-10-04 21:00:00,27.7000000000001,22.6874045496772,27.3751998805411,"Ashkelon"
2025-10-04 22:00:00,27.4,22.6892440739412,28.1134556214316,"Ashkelon"
2025-10-04 23:00:00,27.1,22.5222511079045,27.6174220137585,"Ashkelon"
2025-05-25 06:00:00,29.2,28.6859202611997,32.7541058544288,"Range_24"
2025-05-25 06:00:00,27.2,28.6859202611997,32.7064668648962,"Range_24"
2025-05-25 07:00:00,31.2,31.015782329782,36.1831929933935,"Range_24"
2025-05-25 07:00:00,27,31.015782329782,36.0261908236285,"Range_24"
2025-05-25 08:00:00,32.9,32.7991872999779,38.427926000411,"Range_24"
2025-05-25 08:00:00,33,32.7991872999779,38.4861473544683,"Range_24"
2025-05-25 09:00:00,35.5,34.6713018875251,38.7682784633669,"Range_24"
2025-05-25 09:00:00,38.4,34.6713018875251,38.6281047533226,"Range_24"
2025-05-25 10:00:00,39,45.7236412761711,39.9276135595749,"Range_24"
2025-05-25 10:00:00,42.1,45.7236412761711,39.849063110167,"Range_24"
2025-05-25 11:00:00,41.8,52.4993625127442,40.4998370327723,"Range_24"
2025-05-25 11:00:00,45.2,52.4993625127442,40.4864226156874,"Range_24"
2025-05-25 12:00:00,41.4,51.3712937794395,42.3868393864327,"Range_24"
2025-05-25 12:00:00,45.2,51.3712937794395,42.4938424171945,"Range_24"
2025-05-25 13:00:00,40.5,47.5860888085091,41.0969696090916,"Range_24"
2025-05-25 13:00:00,42.1,47.5860888085091,40.7466442319264,"Range_24"
2025-05-25 14:00:00,37.8,40.6271588727815,39.5519996071088,"Range_24"
2025-05-25 14:00:00,38.6,40.6271588727815,39.9457186263309,"Range_24"
2025-05-25 15:00:00,34.6,33.2448949711792,36.5450939863925,"Range_24"
2025-05-25 15:00:00,34.5,33.2448949711792,36.7482135807726,"Range_24"
2025-05-25 16:00:00,30.7,25.5031966354411,32.2995851873296,"Range_24"
2025-05-25 16:00:00,30.7,25.5031966354411,32.305872963896,"Range_24"
2025-05-25 17:00:00,27.4,22.1074545088407,28.1202312927952,"Range_24"
2025-05-25 17:00:00,27.3,22.1074545088407,28.128773156607,"Range_24"
2025-05-25 18:00:00,25.9,21.3121295444128,29.3252325712928,"Range_24"
2025-05-25 18:00:00,25.5,21.3121295444128,29.3241524587594,"Range_24"
2025-05-25 19:00:00,24.7,20.9376092976851,26.8655418469759,"Range_24"
2025-05-25 19:00:00,24.2,20.9376092976851,26.8859669895386,"Range_24"
2025-05-25 20:00:00,23.8,20.387661484423,24.1609369528366,"Range_24"
2025-05-25 20:00:00,23.1,20.387661484423,24.1656347732624,"Range_24"
2025-05-25 21:00:00,22.8,20.1823527668386,23.7393117049272,"Range_24"
2025-05-25 21:00:00,21.8,20.1823527668386,23.7495549624345,"Range_24"
2025-05-25 22:00:00,21.8,19.7664827865875,22.3690131081719,"Range_24"
2025-05-25 22:00:00,20.5,19.7664827865875,22.3930157291704,"Range_24"
2025-05-25 23:00:00,20.7,19.2172316036349,22.0456917391446,"Range_24"
2025-05-25 23:00:00,19.3,19.2172316036349,22.0980596140632,"Range_24"
2025-05-26,19.9,18.9676785861033,20.1376820577007,"Range_24"
2025-05-26,18.4,18.9676785861033,20.1290420743534,"Range_24"
2025-05-26 01:00:00,19.3,18.6784067522341,19.6764618273818,"Range_24"
2025-05-26 01:00:00,17.8,18.6784067522341,19.753349034781,"Range_24"
2025-05-26 02:00:00,18.8,18.5802856350843,20.1146895332472,"Range_24"
2025-05-26 02:00:00,17.4,18.5802856350843,20.1703391711341,"Range_24"
2025-05-26 03:00:00,18.7,19.0781372583622,21.1346229982985,"Range_24"
2025-05-26 03:00:00,17.2,19.0781372583622,21.185340082606,"Range_24"
2025-05-26 04:00:00,20.2000000000001,23.8767615163053,22.1112899383374,"Range_24"
2025-05-26 04:00:00,19.1,23.8767615163053,22.14022903801,"Range_24"
2025-05-26 05:00:00,24.3,29.1680978643244,24.8984865803037,"Range_24"
2025-05-26 05:00:00,24,29.1680978643244,24.901454234369,"Range_24"
2025-05-26 06:00:00,29,34.650955713904,27.2606794080891,"Range_24"
2025-05-26 06:00:00,28.6,34.650955713904,27.4223043680644,"Range_24"
2025-05-26 07:00:00,33.9,39.6842728329813,31.6111638946589,"Range_24"
2025-05-26 07:00:00,29.1,39.6842728329813,31.6305917310256,"Range_24"
2025-05-26 08:00:00,37,41.3136029841218,36.6612909642878,"Range_24"
2025-05-26 08:00:00,35.9,41.3136029841218,36.6633425077918,"Range_24"
2025-05-26 09:00:00,38,38.37790894921,38.2851788925498,"Range_24"
2025-05-26 09:00:00,39.8,38.37790894921,38.3690322013864,"Range_24"
2025-05-26 10:00:00,39.3,41.2790974107158,39.4523262626886,"Range_24"
2025-05-26 10:00:00,41.5,41.2790974107158,39.5398981805503,"Range_24"
2025-05-26 11:00:00,37.8,52.2166826391343,40.2089571336114,"Range_24"
2025-05-26 11:00:00,38.7,52.2166826391343,39.9554884478137,"Range_24"
2025-05-26 12:00:00,40.9,52.8082001062148,40.8358949263354,"Range_24"
2025-05-26 12:00:00,41.1,52.8082001062148,40.8853034496242,"Range_24"
2025-05-26 13:00:00,39.7,48.3831610275492,40.3658035536676,"Range_24"
2025-05-26 13:00:00,38.7,48.3831610275492,40.0675903970484,"Range_24"
2025-05-26 14:00:00,36.4,41.5095465842258,38.7845248524658,"Range_24"
2025-05-26 14:00:00,35.8,41.5095465842258,39.3873865363217,"Range_24"
2025-05-26 15:00:00,32.9,34.2706298002345,36.3321884619189,"Range_24"
2025-05-26 15:00:00,32.4,34.2706298002345,36.433270909915,"Range_24"
2025-05-26 16:00:00,30,27.0077613420544,33.8728945290505,"Range_24"
2025-05-26 16:00:00,29.6,27.0077613420544,33.9318263741444,"Range_24"
2025-05-26 17:00:00,27.3,22.945733612372,30.4756219082429,"Range_24"
2025-05-26 17:00:00,27.1,22.945733612372,30.4547161025377,"Range_24"
2025-05-26 18:00:00,26.1,21.6337424528569,29.2801128240356,"Range_24"
2025-05-26 18:00:00,25.7,21.6337424528569,29.3056890494097,"Range_24"
2025-05-26 19:00:00,24.7,21.3153467981957,27.1063602243453,"Range_24"
2025-05-26 19:00:00,24.2,21.3153467981957,27.1392574651845,"Range_24"
2025-05-26 20:00:00,25.3,20.0013976261504,24.9286958358915,"Range_24"
2025-05-26 20:00:00,24.5,20.0013976261504,24.953580297206,"Range_24"
2025-05-26 21:00:00,25.2,20.3346413089186,22.711771264286,"Range_24"
2025-05-26 21:00:00,24.3,20.3346413089186,22.7242506679485,"Range_24"
2025-05-26 22:00:00,25.6,20.6719204254528,22.3603427575084,"Range_24"
2025-05-26 22:00:00,24.6,20.6719204254528,22.358925326256,"Range_24"
2025-05-26 23:00:00,25.2,20.8339944173187,22.0606440706916,"Range_24"
2025-05-26 23:00:00,24.4,20.8339944173187,22.061040171114,"Range_24"
2025-05-27,25,21.0297140376372,25.6887830249911,"Range_24"
2025-05-27,24.3,21.0297140376372,25.417313289188,"Range_24"
2025-05-27 01:00:00,24.8,21.1362486238978,25.6756801816718,"Range_24"
2025-05-27 01:00:00,24.1,21.1362486238978,25.374537091954,"Range_24"
2025-05-27 02:00:00,24.6,20.7487822350652,24.6897996731591,"Range_24"
2025-05-27 02:00:00,23.9,20.7487822350652,24.3934375566042,"Range_24"
2025-05-27 03:00:00,24.4,20.5097589642582,23.9080605386285,"Range_24"
2025-05-27 03:00:00,23.8,20.5097589642582,23.7740739219459,"Range_24"
2025-05-27 04:00:00,24.5,22.5973146769062,23.1849738227987,"Range_24"
2025-05-27 04:00:00,23.9,22.5973146769062,23.1827409930182,"Range_24"
2025-05-27 05:00:00,26.6,24.4825844788666,25.4218349609108,"Range_24"
2025-05-27 05:00:00,26.4,24.4825844788666,25.4480368803491,"Range_24"
2025-05-27 06:00:00,29.3,27.1719186688143,29.3798310967045,"Range_24"
2025-05-27 06:00:00,28.5,27.1719186688143,29.3893925639471,"Range_24"
2025-05-27 07:00:00,32,29.3915615445332,34.2764366339467,"Range_24"
2025-05-27 07:00:00,28.6,29.3915615445332,34.0501451844903,"Range_24"
2025-05-27 08:00:00,33.9,31.1829946538288,36.9601891075651,"Range_24"
2025-05-27 08:00:00,34.8,31.1829946538288,36.8957613596857,"Range_24"
2025-05-27 09:00:00,36.3,38.1353313940732,42.9686020860141,"Range_24"
2025-05-27 09:00:00,39,38.1353313940732,42.9182035698755,"Range_24"
2025-05-27 10:00:00,38.9,47.2120456606537,41.5352009572192,"Range_24"
2025-05-27 10:00:00,42.2,47.2120456606537,41.4255920668569,"Range_24"
2025-05-27 11:00:00,40,47.8601201946106,41.2816630527975,"Range_24"
2025-05-27 11:00:00,43.3,47.8601201946106,41.2565180690658,"Range_24"
2025-05-27 12:00:00,39.1,45.7266508573439,43.5517647220431,"Range_24"
2025-05-27 12:00:00,42.1,45.7266508573439,43.0130237394596,"Range_24"
2025-05-27 13:00:00,37.9,41.9625717623015,40.5969844240127,"Range_24"
2025-05-27 13:00:00,40.7,41.9625717623015,40.7339315886229,"Range_24"
2025-05-27 14:00:00,35.4,36.4019941713141,41.1368319537368,"Range_24"
2025-05-27 14:00:00,37.4,36.4019941713141,41.1873445135474,"Range_24"
2025-05-27 15:00:00,32.2,29.9489504408785,37.179639160996,"Range_24"
2025-05-27 15:00:00,33.5,29.9489504408785,37.1913434939173,"Range_24"
2025-05-27 16:00:00,28.8,22.395202688765,32.6591174387947,"Range_24"
2025-05-27 16:00:00,29.6,22.395202688765,32.6591174387947,"Range_24"
2025-05-27 17:00:00,26,19.2777687876362,28.8436798742098,"Range_24"
2025-05-27 17:00:00,26.1,19.2777687876362,28.8436798742098,"Range_24"
2025-05-27 18:00:00,25,18.6175273439309,27.9947154820722,"Range_24"
2025-05-27 18:00:00,24.7,18.6175273439309,27.9947154820722,"Range_24"
2025-05-27 19:00:00,24.4,18.4562734009129,26.4966558435757,"Range_24"
2025-05-27 19:00:00,23.9,18.4562734009129,26.4966558435757,"Range_24"
2025-05-27 20:00:00,24.2,18.3488022832843,25.5148881771211,"Range_24"
2025-05-27 20:00:00,23.5,18.3488022832843,25.5218377499808,"Range_24"
2025-05-27 21:00:00,24,18.1218735559372,24.1184204910982,"Range_24"
2025-05-27 21:00:00,23.4,18.1218735559372,24.1311674636989,"Range_24"
2025-05-27 22:00:00,23.6,17.9900883993982,23.0206260239701,"Range_24"
2025-05-27 22:00:00,22.8,17.9900883993982,23.0230669835541,"Range_24"
2025-05-27 23:00:00,23,17.6662816105802,23.6009712551185,"Range_24"
2025-05-27 23:00:00,22.3,17.6662816105802,23.6098549131345,"Range_24"
2025-05-28,23,17.5418644683211,23.1720758261611,"Range_24"
2025-05-28,22.3,17.5418644683211,23.1825137602257,"Range_24"
2025-05-28 01:00:00,22.7,17.3421129374715,22.7689438729459,"Range_24"
2025-05-28 01:00:00,21.9,17.3421129374715,22.7708680113938,"Range_24"
2025-05-28 02:00:00,22.8,17.2389844946051,22.7990719865578,"Range_24"
2025-05-28 02:00:00,22,17.2389844946051,22.8004753073855,"Range_24"
2025-05-28 03:00:00,22.5,17.4297998158544,22.852979384683,"Range_24"
2025-05-28 03:00:00,21.8,17.4297998158544,22.8748689607044,"Range_24"
2025-05-28 04:00:00,23,20.0940535902842,21.2696703459251,"Range_24"
2025-05-28 04:00:00,22.6,20.0940535902842,21.2904866975765,"Range_24"
2025-05-28 05:00:00,24.9,22.5524039651163,24.0635191879683,"Range_24"
2025-05-28 05:00:00,24.8,22.5524039651163,24.1016906260584,"Range_24"
2025-05-28 06:00:00,27.7,25.1837150053579,27.2226520388452,"Range_24"
2025-05-28 06:00:00,27.4,25.1837150053579,27.2148915041288,"Range_24"
2025-05-28 07:00:00,30.9,27.3474503631073,32.6525202933615,"Range_24"
2025-05-28 07:00:00,27,27.3474503631073,32.6499589296975,"Range_24"
2025-05-28 08:00:00,32.3,28.7174972376174,34.7448289368962,"Range_24"
2025-05-28 08:00:00,33.4,28.7174972376174,34.748295004081,"Range_24"
2025-05-28 09:00:00,34.9,29.9558614306483,37.9425891993766,"Range_24"
2025-05-28 09:00:00,38.3,29.9558614306483,37.8046727612035,"Range_24"
2025-05-28 10:00:00,36.3000000000001,30.8404883562605,39.9935088945817,"Range_24"
2025-05-28 10:00:00,39.4,30.8404883562605,39.7266699741815,"Range_24"
2025-05-28 11:00:00,38.8,30.3239983203336,40.6038982259129,"Range_24"
2025-05-28 11:00:00,42,30.3239983203336,40.5550333271018,"Range_24"
2025-05-28 12:00:00,37.4,28.4647956509885,40.8478060527002,"Range_24"
2025-05-28 12:00:00,40.8,28.4647956509885,40.8279756756531,"Range_24"
2025-05-28 13:00:00,36.4,27.0036945498507,39.5030717124312,"Range_24"
2025-05-28 13:00:00,39.2,27.0036945498507,39.491982016193,"Range_24"
2025-05-28 14:00:00,34.2,24.7944956375163,37.1987226462709,"Range_24"
2025-05-28 14:00:00,36.6,24.7944956375163,37.1953226462709,"Range_24"
2025-05-28 15:00:00,30.8,22.5229140919472,33.4142499155698,"Range_24"
2025-05-28 15:00:00,32.4,22.5229140919472,33.4024609132531,"Range_24"
2025-05-28 16:00:00,28,19.4689350276112,31.2516457172813,"Range_24"
2025-05-28 16:00:00,28.7,19.4689350276112,31.2516457172813,"Range_24"
2025-05-28 17:00:00,25.9,18.4068319952049,30.2009941781564,"Range_24"
2025-05-28 17:00:00,26.1,18.4068319952049,30.2009941781564,"Range_24"
2025-05-28 18:00:00,24.8,18.2177503484222,26.3625487343818,"Range_24"
2025-05-28 18:00:00,24.6,18.2177503484222,26.3625487343818,"Range_24"
2025-05-28 19:00:00,24.2,18.0711965142972,24.6176220264961,"Range_24"
2025-05-28 19:00:00,23.9,18.0711965142972,24.6176220264961,"Range_24"
2025-05-28 20:00:00,23.7,18.0057731094018,23.7998498079289,"Range_24"
2025-05-28 20:00:00,23.2,18.0057731094018,23.8180879740998,"Range_24"
2025-05-28 21:00:00,23.5,17.9706389275565,23.5472593550169,"Range_24"
2025-05-28 21:00:00,22.8,17.9706389275565,23.5657406391726,"Range_24"
2025-05-28 22:00:00,23.1,18.0406801693869,23.7425572302287,"Range_24"
2025-05-28 22:00:00,22.4,18.0406801693869,23.7457758040058,"Range_24"
2025-05-28 23:00:00,23,17.9018833940924,23.6672223179566,"Range_24"
2025-05-28 23:00:00,22.1,17.9018833940924,23.6706412590599,"Range_24"
2025-05-29,22.8,17.8351110548392,23.6220515655046,"Range_24"
2025-05-29,22,17.8351110548392,23.6206308022544,"Range_24"
2025-05-29 01:00:00,22.4,17.5877848435686,22.4733689494212,"Range_24"
2025-05-29 01:00:00,21.7,17.5877848435686,22.4701760947714,"Range_24"
2025-05-29 02:00:00,21.2,17.3950649859622,20.9796118322772,"Range_24"
2025-05-29 02:00:00,20.5,17.3950649859622,20.9808453896098,"Range_24"
2025-05-29 03:00:00,20.7,17.4257329679669,20.2575924366218,"Range_24"
2025-05-29 03:00:00,19.9,17.4257329679669,20.2726600458781,"Range_24"
2025-05-29 04:00:00,21.4,20.5269825663986,20.9486986368259,"Range_24"
2025-05-29 04:00:00,21.1,20.5269825663986,20.9683594836936,"Range_24"
2025-05-29 05:00:00,23.9,24.0884645789412,26.1024328823738,"Range_24"
2025-05-29 05:00:00,24,24.0884645789412,26.1304858070007,"Range_24"
2025-05-29 06:00:00,27.9,26.9771296614033,30.2829923785096,"Range_24"
2025-05-29 06:00:00,27.3,26.9771296614033,30.2789224807498,"Range_24"
2025-05-29 07:00:00,31.8,28.763657263904,30.9960123774197,"Range_24"
2025-05-29 07:00:00,26.9,28.763657263904,30.9933127480868,"Range_24"
2025-05-29 08:00:00,33.9,30.8970275894537,37.7212144151355,"Range_24"
2025-05-29 08:00:00,34.9,30.8970275894537,37.6462586964847,"Range_24"
2025-05-29 09:00:00,35.6,31.3781152001609,38.3784610637584,"Range_24"
2025-05-29 09:00:00,39.2,31.3781152001609,38.2886953530892,"Range_24"
2025-05-29 10:00:00,38.8,33.1534501488869,37.4266476645753,"Range_24"
2025-05-29 10:00:00,42.2,33.1534501488869,37.358093296901,"Range_24"
2025-05-29 11:00:00,40.8,32.8645117289515,40.5159641494578,"Range_24"
2025-05-29 11:00:00,44.1,32.8645117289515,40.4690246678518,"Range_24"
2025-05-29 12:00:00,39.9,30.7529635693007,41.3621873372595,"Range_24"
2025-05-29 12:00:00,43.1,30.7529635693007,41.3100908800862,"Range_24"
2025-05-29 13:00:00,38,28.6282241991574,40.4096643860847,"Range_24"
2025-05-29 13:00:00,41.2,28.6282241991574,40.398946161936,"Range_24"
2025-05-29 14:00:00,35.6,25.8736042030114,36.7175462509583,"Range_24"
2025-05-29 14:00:00,38.1,25.8736042030114,36.7085613536844,"Range_24"
2025-05-29 15:00:00,32.6,23.0196937633647,31.3964725687487,"Range_24"
2025-05-29 15:00:00,34.4,23.0196937633647,31.3751020346948,"Range_24"
2025-05-29 16:00:00,28.9,20.1452203048458,29.8916596621492,"Range_24"
2025-05-29 16:00:00,29.8,20.1452203048458,29.8916596621492,"Range_24"
2025-05-29 17:00:00,26.3,18.8229186683385,29.2047017751985,"Range_24"
2025-05-29 17:00:00,26.5,18.8229186683385,29.2047017751985,"Range_24"
2025-05-29 18:00:00,24.6,18.6511756817168,23.9579043952045,"Range_24"
2025-05-29 18:00:00,24.5,18.6511756817168,23.9698711476802,"Range_24"
2025-05-29 19:00:00,23.6,18.4399905604861,22.7834786406081,"Range_24"
2025-05-29 19:00:00,23.2,18.4399905604861,22.7910799067794,"Range_24"
2025-05-29 20:00:00,22.7,18.2465447530085,21.8924842232239,"Range_24"
2025-05-29 20:00:00,22.3,18.2465447530085,21.8913981280895,"Range_24"
2025-05-29 21:00:00,22.2,17.9150765912552,19.3523650451743,"Range_24"
2025-05-29 21:00:00,21.5,17.9150765912552,19.3684027351722,"Range_24"
2025-05-29 22:00:00,21.6,17.5365659751555,19.1570363342346,"Range_24"
2025-05-29 22:00:00,20.8,17.5365659751555,19.1641115346109,"Range_24"
2025-05-29 23:00:00,20.9,17.1372848273016,20.3474896365155,"Range_24"
2025-05-29 23:00:00,19.9,17.1372848273016,20.3497767157593,"Range_24"
2025-05-30,20.0999999999999,16.9228499042449,20.3023156975836,"Range_24"
2025-05-30,19.2,16.9228499042449,20.3196039507563,"Range_24"
2025-05-30 01:00:00,20.1,16.2867372382831,19.7668147247702,"Range_24"
2025-05-30 01:00:00,19.1,16.2867372382831,19.7743153133126,"Range_24"
2025-05-30 02:00:00,19.4,15.8366027156742,18.9699086006946,"Range_24"
2025-05-30 02:00:00,18.4,15.8366027156742,18.9766114144864,"Range_24"
2025-05-30 03:00:00,19.5,15.6461297092505,18.2643136949207,"Range_24"
2025-05-30 03:00:00,18.5,15.6461297092505,18.2687781417024,"Range_24"
2025-05-30 04:00:00,20.7,19.5632974696247,19.3484090647538,"Range_24"
2025-05-30 04:00:00,20.1,19.5632974696247,19.3547636972534,"Range_24"
2025-05-30 05:00:00,24.4,24.2376033956805,23.2649972582944,"Range_24"
2025-05-30 05:00:00,24.3,24.2376033956805,23.2662424687621,"Range_24"
2025-05-30 06:00:00,29,28.6354330023502,26.0628424672287,"Range_24"
2025-05-30 06:00:00,28.6,28.6354330023502,26.0628424672287,"Range_24"
2025-05-30 07:00:00,32.8,32.3467681615996,28.5118224206961,"Range_24"
2025-05-30 07:00:00,27.6,32.3467681615996,28.5022262692771,"Range_24"
2025-05-30 08:00:00,35.5,34.3029697360978,32.6976424669098,"Range_24"
2025-05-30 08:00:00,35.3,34.3029697360978,32.7854196416677,"Range_24"
2025-05-30 09:00:00,36.5,34.3943353579659,35.5289782134191,"Range_24"
2025-05-30 09:00:00,40.1,34.3943353579659,35.6027488048422,"Range_24"
2025-05-30 10:00:00,39.9,35.2314603438868,37.5874434993898,"Range_24"
2025-05-30 10:00:00,41.9,35.2314603438868,37.6054560143149,"Range_24"
2025-05-30 11:00:00,40.8,34.0004028165565,40.9581882629259,"Range_24"
2025-05-30 11:00:00,40.1,34.0004028165565,40.9183488463633,"Range_24"
2025-05-30 12:00:00,40.8,33.5422242731886,41.6064620812977,"Range_24"
2025-05-30 12:00:00,39.7,33.5422242731886,41.6172797193612,"Range_24"
2025-05-30 13:00:00,39.2,35.524377774624,42.1753309232337,"Range_24"
2025-05-30 13:00:00,38.1,35.524377774624,42.2346501002634,"Range_24"
2025-05-30 14:00:00,37.1,33.6085977884026,39.7351821603154,"Range_24"
2025-05-30 14:00:00,35.6,33.6085977884026,39.8106404299542,"Range_24"
2025-05-30 15:00:00,34,28.1015945179148,37.1810927400298,"Range_24"
2025-05-30 15:00:00,32.7,28.1015945179148,37.1714089989883,"Range_24"
2025-05-30 16:00:00,29.8,21.572598944973,33.1236660418509,"Range_24"
2025-05-30 16:00:00,29.1,21.572598944973,33.1236660418509,"Range_24"
2025-05-30 17:00:00,26.5,18.6830165622824,30.3350494080031,"Range_24"
2025-05-30 17:00:00,26,18.6830165622824,30.3350494080031,"Range_24"
2025-05-30 18:00:00,24.5,17.9040672746984,27.2056578895893,"Range_24"
2025-05-30 18:00:00,24.1,17.9040672746984,27.2056578895893,"Range_24"
2025-05-30 19:00:00,23.2,17.4942819059675,25.4373094276352,"Range_24"
2025-05-30 19:00:00,22.9,17.4942819059675,25.4373094276352,"Range_24"
2025-05-30 20:00:00,22.7,17.2313042098855,24.0019006566908,"Range_24"
2025-05-30 20:00:00,22.2,17.2313042098855,24.0012259839539,"Range_24"
2025-05-30 21:00:00,23,17.0839518829228,22.6845274115002,"Range_24"
2025-05-30 21:00:00,22.4,17.0839518829228,22.6763782246451,"Range_24"
2025-05-30 22:00:00,22.5,16.9242904736336,22.3674851435471,"Range_24"
2025-05-30 22:00:00,21.8,16.9242904736336,22.3786775265528,"Range_24"
2025-05-30 23:00:00,21.7,16.801000845466,21.7798280261056,"Range_24"
2025-05-30 23:00:00,20.8,16.801000845466,21.7947624452798,"Range_24"
2025-05-31,20.8,16.7911490064424,21.2096305450552,"Range_24"
2025-05-31,19.8,16.7911490064424,21.2081462692286,"Range_24"
2025-05-31 01:00:00,19.9,15.8366597882133,19.53146453983,"Range_24"
2025-05-31 01:00:00,18.9,15.8366597882133,19.5215753845781,"Range_24"
2025-05-31 02:00:00,19.2,15.4566742415168,18.6983197103627,"Range_24"
2025-05-31 02:00:00,18.2,15.4566742415168,18.6715273298138,"Range_24"
2025-05-31 03:00:00,18.7,15.4210368304094,18.2087430409605,"Range_24"
2025-05-31 03:00:00,17.6,15.4210368304094,18.184953527298,"Range_24"
2025-05-31 04:00:00,20.4,20.3358758161487,19.3747379341201,"Range_24"
2025-05-31 04:00:00,19.6,20.3358758161487,19.3851429910243,"Range_24"
2025-05-31 05:00:00,24.4,28.4803739389846,23.3570307003056,"Range_24"
2025-05-31 05:00:00,24,28.4803739389846,23.3707040950303,"Range_24"
2025-05-31 06:00:00,29.3,35.9472427705833,25.3992217821913,"Range_24"
2025-05-31 06:00:00,29.4,35.9472427705833,25.4094790932815,"Range_24"
2025-05-31 07:00:00,32.8,35.4642265916641,31.3340687760639,"Range_24"
2025-05-31 07:00:00,33.2,35.4642265916641,31.3324037117704,"Range_24"
2025-05-31 08:00:00,35.9,34.8798684383721,32.9176952136569,"Range_24"
2025-05-31 08:00:00,35.2,34.8798684383721,33.0158299696143,"Range_24"
2025-05-31 09:00:00,37.3,34.3102822423829,37.5278907969043,"Range_24"
2025-05-31 09:00:00,37.1,34.3102822423829,37.4489912627583,"Range_24"
2025-05-31 10:00:00,34.5,41.712698698871,39.3527845814463,"Range_24"
2025-05-31 10:00:00,37.9,41.712698698871,39.5357444794756,"Range_24"
2025-05-31 11:00:00,38.4,48.618206343862,43.3698592209882,"Range_24"
2025-05-31 11:00:00,39.4,48.618206343862,43.2758252495256,"Range_24"
2025-05-31 12:00:00,39.6,46.685901828559,41.8042757538172,"Range_24"
2025-05-31 12:00:00,38.2,46.685901828559,41.3822972983273,"Range_24"
2025-05-31 13:00:00,37.9,43.2454335456275,40.3603677145207,"Range_24"
2025-05-31 13:00:00,36.7,43.2454335456275,40.5904761909269,"Range_24"
2025-05-31 14:00:00,35.9,38.0054283445608,38.8761968547069,"Range_24"
2025-05-31 14:00:00,34.5,38.0054283445608,38.9717964298649,"Range_24"
2025-05-31 15:00:00,33.3,32.1927551845373,36.1220734745551,"Range_24"
2025-05-31 15:00:00,32.2,32.1927551845373,36.2039916033228,"Range_24"
2025-05-31 16:00:00,29.9,24.4792828265362,30.1621033810576,"Range_24"
2025-05-31 16:00:00,29.5,24.4792828265362,30.1707214026102,"Range_24"
2025-05-31 17:00:00,27,21.2199580273,26.2751086732481,"Range_24"
2025-05-31 17:00:00,26.7,21.2199580273,26.2751086732481,"Range_24"
2025-05-31 18:00:00,25.9,20.2475235537256,24.0158845174421,"Range_24"
2025-05-31 18:00:00,25.3,20.2475235537256,24.0187426063323,"Range_24"
2025-05-31 19:00:00,25.2,19.8565722178058,23.0253642840022,"Range_24"
2025-05-31 19:00:00,24.5,19.8565722178058,23.0287344916413,"Range_24"
2025-05-31 20:00:00,24.7,19.6986206460795,22.2393696074437,"Range_24"
2025-05-31 20:00:00,24,19.6986206460795,22.2362317122028,"Range_24"
2025-05-31 21:00:00,24.2,19.5762808439404,21.2767637066916,"Range_24"
2025-05-31 21:00:00,23.4,19.5762808439404,21.2783637066916,"Range_24"
2025-05-31 22:00:00,23.9,19.3002521110999,20.7203440363779,"Range_24"
2025-05-31 22:00:00,22.9,19.3002521110999,20.7203440363779,"Range_24"
2025-05-31 23:00:00,23.3,19.0725039431117,21.0624066789535,"Range_24"
2025-05-31 23:00:00,22.3,19.0725039431117,21.064845851444,"Range_24"
2025-06-08,21.4,20.3125755507787,19.900438220676,"Range_24"
2025-06-08,20.1,20.3125755507787,19.9061819184014,"Range_24"
2025-06-08 01:00:00,21,19.7029822490709,19.6858511153709,"Range_24"
2025-06-08 01:00:00,19.7,19.7029822490709,19.6858511153709,"Range_24"
2025-06-08 02:00:00,20.3,19.1438811598037,19.4033315752137,"Range_24"
2025-06-08 02:00:00,19,19.1438811598037,19.4034855756267,"Range_24"
2025-06-08 03:00:00,20.4,19.2836300722049,20.4057893005025,"Range_24"
2025-06-08 03:00:00,19.1,19.2836300722049,20.4035259704878,"Range_24"
2025-06-08 04:00:00,21.3,23.2693670732201,22.6686055645346,"Range_24"
2025-06-08 04:00:00,20.3,23.2693670732201,22.6862047936278,"Range_24"
2025-06-08 05:00:00,24.7,26.6903380912905,26.1522494886386,"Range_24"
2025-06-08 05:00:00,24.2,26.6903380912905,26.1576652235514,"Range_24"
2025-06-08 06:00:00,28.1,30.1680068525071,28.1602451265251,"Range_24"
2025-06-08 06:00:00,27.6,30.1680068525071,28.1948792080714,"Range_24"
2025-06-08 07:00:00,32.3,35.4185599514032,35.0450158045918,"Range_24"
2025-06-08 07:00:00,28.4,35.4185599514032,35.0764051927689,"Range_24"
2025-06-08 08:00:00,34.9,49.716989575733,39.8793947805706,"Range_24"
2025-06-08 08:00:00,35,49.716989575733,39.8276601026763,"Range_24"
2025-06-08 09:00:00,36.4,56.1337058009903,41.5557044951609,"Range_24"
2025-06-08 09:00:00,39.4,56.1337058009903,42.2091466239898,"Range_24"
2025-06-08 10:00:00,39,58.382580927819,47.9557299688821,"Range_24"
2025-06-08 10:00:00,41.8,58.382580927819,47.9274197958859,"Range_24"
2025-06-08 11:00:00,41.1,56.6917145356423,47.5099684095281,"Range_24"
2025-06-08 11:00:00,44.4,56.6917145356423,47.5065681162131,"Range_24"
2025-06-08 12:00:00,41.9,53.0827986402517,44.67730332484,"Range_24"
2025-06-08 12:00:00,45,53.0827986402517,44.622488362174,"Range_24"
2025-06-08 13:00:00,40.4,49.5088569999557,42.145480583788,"Range_24"
2025-06-08 13:00:00,42.9,49.5088569999557,42.0924487564199,"Range_24"
2025-06-08 14:00:00,38.1,43.9899216408848,39.8563019616022,"Range_24"
2025-06-08 14:00:00,39.7,43.9899216408848,40.6664652054017,"Range_24"
2025-06-08 15:00:00,34.2,37.1553448352004,36.4382037088622,"Range_24"
2025-06-08 15:00:00,35.1,37.1553448352004,36.721655910936,"Range_24"
2025-06-08 16:00:00,31,28.6259157833426,33.2862559089788,"Range_24"
2025-06-08 16:00:00,31.4,28.6259157833426,33.550435780304,"Range_24"
2025-06-08 17:00:00,28.0999999999999,24.0054467341317,28.9701078829038,"Range_24"
2025-06-08 17:00:00,28.3,24.0054467341317,28.9658710753801,"Range_24"
2025-06-08 18:00:00,26.5,22.9459336098924,26.7650056136484,"Range_24"
2025-06-08 18:00:00,26.3,22.9459336098924,26.7965266901494,"Range_24"
2025-06-08 19:00:00,25.1,22.4820871759619,25.7337485561427,"Range_24"
2025-06-08 19:00:00,24.7,22.4820871759619,25.7996609257423,"Range_24"
2025-06-08 20:00:00,24.1,21.6325857028204,24.6481964988858,"Range_24"
2025-06-08 20:00:00,23.5,21.6325857028204,24.6514355541897,"Range_24"
2025-06-08 21:00:00,23.7,21.342026092216,22.6372955619833,"Range_24"
2025-06-08 21:00:00,22.9,21.342026092216,22.6372955619833,"Range_24"
2025-06-08 22:00:00,24,21.0790472011607,22.3226411743742,"Range_24"
2025-06-08 22:00:00,23.1,21.0790472011607,22.3233567616668,"Range_24"
2025-06-08 23:00:00,24.5,20.7621315463082,22.1403848163387,"Range_24"
2025-06-08 23:00:00,23.7,20.7621315463082,22.1411004036312,"Range_24"
2025-06-09,24.4,20.6437051354366,22.1473708689508,"Range_24"
2025-06-09,23.7,20.6437051354366,22.1473708689508,"Range_24"
2025-06-09 01:00:00,24.5,20.5998434321587,22.2192570856054,"Range_24"
2025-06-09 01:00:00,23.8,20.5998434321587,22.2142655461545,"Range_24"
2025-06-09 02:00:00,24.3,20.3564180941631,21.9458513214317,"Range_24"
2025-06-09 02:00:00,23.6,20.3564180941631,21.9474135699602,"Range_24"
2025-06-09 03:00:00,24.1,20.5468214286953,22.43266180459,"Range_24"
2025-06-09 03:00:00,23.5,20.5468214286953,22.43266180459,"Range_24"
2025-06-09 04:00:00,24.6,23.9337523097527,23.45304895639,"Range_24"
2025-06-09 04:00:00,24.1,23.9337523097527,23.4694988988815,"Range_24"
2025-06-09 05:00:00,26.4,27.2957438905145,27.6897107284856,"Range_24"
2025-06-09 05:00:00,26.2,27.2957438905145,27.6965519062422,"Range_24"
2025-06-09 06:00:00,28.9,32.1981458434008,30.3185187694009,"Range_24"
2025-06-09 06:00:00,28.7,32.1981458434008,30.3135386047755,"Range_24"
2025-06-09 07:00:00,32.8,41.0110423349005,34.8958169556447,"Range_24"
2025-06-09 07:00:00,29.4,41.0110423349005,34.7521860137505,"Range_24"
2025-06-09 08:00:00,35.7,52.7637289505157,41.0393886540705,"Range_24"
2025-06-09 08:00:00,35.6,52.7637289505157,40.9976671380913,"Range_24"
2025-06-09 09:00:00,37.1,57.8998393796178,46.0660414679505,"Range_24"
2025-06-09 09:00:00,40.8,57.8998393796178,46.0508201351522,"Range_24"
2025-06-09 10:00:00,41,60.3362161800499,49.0412977054567,"Range_24"
2025-06-09 10:00:00,44.2,60.3362161800499,49.0486976271868,"Range_24"
2025-06-09 11:00:00,42.9,58.7214421058413,49.3660762058618,"Range_24"
2025-06-09 11:00:00,45.9,58.7214421058413,49.3607636491498,"Range_24"
2025-06-09 12:00:00,41.8,54.3423075458283,46.5440026389591,"Range_24"
2025-06-09 12:00:00,44.4,54.3423075458283,46.5386136819649,"Range_24"
2025-06-09 13:00:00,40.6,49.9145626960738,42.916411265848,"Range_24"
2025-06-09 13:00:00,40.5,49.9145626960738,42.8818794773937,"Range_24"
2025-06-09 14:00:00,37.9,43.9013950220367,39.915981543228,"Range_24"
2025-06-09 14:00:00,37.6,43.9013950220367,40.7159944713319,"Range_24"
2025-06-09 15:00:00,34.7,36.9690993671124,36.1251698801433,"Range_24"
2025-06-09 15:00:00,34.5,36.9690993671124,36.37669056792,"Range_24"
2025-06-09 16:00:00,31.2,28.3865570708557,32.7005961787433,"Range_24"
2025-06-09 16:00:00,31.1,28.3865570708557,32.91669301787,"Range_24"
2025-06-09 17:00:00,28.1,24.0857165253419,28.9881181739611,"Range_24"
2025-06-09 17:00:00,27.9,24.0857165253419,28.9833937209571,"Range_24"
2025-06-09 18:00:00,26.7,22.9423944470268,27.0636680009501,"Range_24"
2025-06-09 18:00:00,26.3,22.9423944470268,27.0678410323098,"Range_24"
2025-06-09 19:00:00,25.5,22.4977858134818,24.9721624490843,"Range_24"
2025-06-09 19:00:00,24.9,22.4977858134818,25.0275650287497,"Range_24"
2025-06-09 20:00:00,24.7,21.7732055102792,24.9919821330454,"Range_24"
2025-06-09 20:00:00,24,21.7732055102792,25.020719912134,"Range_24"
2025-06-09 21:00:00,24.5,21.5195886545897,24.583608865613,"Range_24"
2025-06-09 21:00:00,23.5,21.5195886545897,24.5989728549732,"Range_24"
2025-06-09 22:00:00,24.7,21.2554092248809,22.50332283153,"Range_24"
2025-06-09 22:00:00,23.9,21.2554092248809,22.5001640815474,"Range_24"
2025-06-09 23:00:00,25,20.8987266768518,22.3369279236366,"Range_24"
2025-06-09 23:00:00,24.1,20.8987266768518,22.333769173654,"Range_24"
2025-06-10,24.7,20.7626385852936,21.8466839148868,"Range_24"
2025-06-10,23.9,20.7626385852936,21.8513318185929,"Range_24"
2025-06-10 01:00:00,24.7,20.3050545712755,21.4846695514102,"Range_24"
2025-06-10 01:00:00,23.9,20.3050545712755,21.4823952194681,"Range_24"
2025-06-10 02:00:00,24.4,20.1321634959003,21.528792473763,"Range_24"
2025-06-10 02:00:00,23.6,20.1321634959003,21.5409432634795,"Range_24"
2025-06-10 03:00:00,23.9,20.3027496187792,22.4042389099514,"Range_24"
2025-06-10 03:00:00,23.2,20.3027496187792,22.4848178164959,"Range_24"
2025-06-10 04:00:00,24.7,25.9184445511779,23.9886282972776,"Range_24"
2025-06-10 04:00:00,23.9,25.9184445511779,24.019694940376,"Range_24"
2025-06-10 05:00:00,27,30.4967772206462,26.3935973870607,"Range_24"
2025-06-10 05:00:00,27,30.4967772206462,26.4200612065688,"Range_24"
2025-06-10 06:00:00,30.1,33.9975852391169,28.8871243835888,"Range_24"
2025-06-10 06:00:00,29.9,33.9975852391169,29.1059976046561,"Range_24"
2025-06-10 07:00:00,33.8,39.6921583047408,34.1847486530312,"Range_24"
2025-06-10 07:00:00,30.1,39.6921583047408,34.0451920604809,"Range_24"
2025-06-10 08:00:00,36.4,52.5446262777439,40.0086238789635,"Range_24"
2025-06-10 08:00:00,36.1,52.5446262777439,39.9604014134721,"Range_24"
2025-06-10 09:00:00,37.5,57.4468649483465,44.4362602317751,"Range_24"
2025-06-10 09:00:00,41.2,57.4468649483465,44.4490038317351,"Range_24"
2025-06-10 10:00:00,41.1,59.3918297801145,46.6114945918218,"Range_24"
2025-06-10 10:00:00,44.2,59.3918297801145,46.6437371689265,"Range_24"
2025-06-10 11:00:00,43,58.9429646321225,46.3463970963641,"Range_24"
2025-06-10 11:00:00,45.9,58.9429646321225,46.2621970332994,"Range_24"
2025-06-10 12:00:00,42.2,55.1855499214306,43.7903936977027,"Range_24"
2025-06-10 12:00:00,44.5,55.1855499214306,43.8764668365805,"Range_24"
2025-06-10 13:00:00,39.6,50.5085166057242,42.9780504422597,"Range_24"
2025-06-10 13:00:00,40.1,50.5085166057242,42.9493287808679,"Range_24"
2025-06-10 14:00:00,37.3,43.3368892787438,40.0452162170646,"Range_24"
2025-06-10 14:00:00,37.7,43.3368892787438,40.6748618669392,"Range_24"
2025-06-10 15:00:00,33.7,36.0604125323431,37.9659510275607,"Range_24"
2025-06-10 15:00:00,34.1,36.0604125323431,38.1291229882312,"Range_24"
2025-06-10 16:00:00,31,28.4894358611606,32.9452537751706,"Range_24"
2025-06-10 16:00:00,31.2,28.4894358611606,33.2457130334608,"Range_24"
2025-06-10 17:00:00,29,24.5662050248784,29.3450462815578,"Range_24"
2025-06-10 17:00:00,29.1,24.5662050248784,29.3710242298037,"Range_24"
2025-06-10 18:00:00,27.2,23.6310087230739,28.4070166101906,"Range_24"
2025-06-10 18:00:00,27,23.6310087230739,28.4055308857987,"Range_24"
2025-06-10 19:00:00,25.7,23.1138944463166,27.3508698167832,"Range_24"
2025-06-10 19:00:00,25.4,23.1138944463166,27.4079554822143,"Range_24"
2025-06-10 20:00:00,24.8,22.4952074493686,26.0994151207523,"Range_24"
2025-06-10 20:00:00,24.1,22.4952074493686,26.0991251415546,"Range_24"
2025-06-10 21:00:00,24.2,22.1712814215899,24.7710663272377,"Range_24"
2025-06-10 21:00:00,23.5,22.1712814215899,24.7832817214522,"Range_24"
2025-06-10 22:00:00,23.8,21.5220437821853,24.501619249748,"Range_24"
2025-06-10 22:00:00,22.8,21.5220437821853,24.4970053510045,"Range_24"
2025-06-10 23:00:00,23.7,21.1764469026966,23.5563134314455,"Range_24"
2025-06-10 23:00:00,22.7,21.1764469026966,23.5614551365833,"Range_24"
2025-06-11,23.8,21.0430402748864,22.5235951664916,"Range_24"
2025-06-11,22.8,21.0430402748864,22.5277865905884,"Range_24"
2025-06-11 01:00:00,23.4,20.9625369377575,21.4876930521022,"Range_24"
2025-06-11 01:00:00,22.4,20.9625369377575,21.491884476199,"Range_24"
2025-06-11 02:00:00,23.5,20.8773513936562,21.4566512828136,"Range_24"
2025-06-11 02:00:00,22.6,20.8773513936562,21.4608427069103,"Range_24"
2025-06-11 03:00:00,23.3,21.0720564559662,21.8766601423639,"Range_24"
2025-06-11 03:00:00,22.3,21.0720564559662,21.8757156327505,"Range_24"
2025-06-11 04:00:00,24.1,25.1838958143396,24.03830107821,"Range_24"
2025-06-11 04:00:00,23.3,25.1838958143396,24.0725969096625,"Range_24"
2025-06-11 05:00:00,26.3,28.9721687369148,26.1973924688649,"Range_24"
2025-06-11 05:00:00,26.1,28.9721687369148,26.2313716739088,"Range_24"
2025-06-11 06:00:00,30.1,32.5656764468268,29.178769992601,"Range_24"
2025-06-11 06:00:00,29.9,32.5656764468268,29.2314464021412,"Range_24"
2025-06-11 07:00:00,33.1,40.4585108423479,33.9683208118239,"Range_24"
2025-06-11 07:00:00,29.7,40.4585108423479,33.8478137095386,"Range_24"
2025-06-11 08:00:00,35.8,53.1180887451094,40.4360296757823,"Range_24"
2025-06-11 08:00:00,35.9,53.1180887451094,40.4368375544868,"Range_24"
2025-06-11 09:00:00,37.2,58.3543997247124,44.5511125997661,"Range_24"
2025-06-11 09:00:00,40.6,58.3543997247124,44.5824469094932,"Range_24"
2025-06-11 10:00:00,40.8,59.8168744088781,45.1435203500087,"Range_24"
2025-06-11 10:00:00,43.9,59.8168744088781,45.3289623717294,"Range_24"
2025-06-11 11:00:00,43.5,57.9102925939197,45.088352210589,"Range_24"
2025-06-11 11:00:00,46.7,57.9102925939197,44.9160381739455,"Range_24"
2025-06-11 12:00:00,43.9,54.5944896509325,42.4779873578175,"Range_24"
2025-06-11 12:00:00,46.8,54.5944896509325,42.4677561896767,"Range_24"
2025-06-11 13:00:00,42,49.74666203295,41.1235847315545,"Range_24"
2025-06-11 13:00:00,44.5,49.74666203295,41.2461197582163,"Range_24"
2025-06-11 14:00:00,38.8,43.7745630091933,39.794754046987,"Range_24"
2025-06-11 14:00:00,39.7,43.7745630091933,40.5884032933242,"Range_24"
2025-06-11 15:00:00,35.4,38.1419526458977,37.4317110579013,"Range_24"
2025-06-11 15:00:00,35.6,38.1419526458977,37.7759337438142,"Range_24"
2025-06-11 16:00:00,31.9,29.7747795567756,34.6640314912512,"Range_24"
2025-06-11 16:00:00,32,29.7747795567756,35.1310306988221,"Range_24"
2025-06-11 17:00:00,28.6,25.0710367287667,30.3579897921822,"Range_24"
2025-06-11 17:00:00,28.5,25.0710367287667,30.3816565522904,"Range_24"
2025-06-11 18:00:00,26.7,24.1779535476191,29.3410502080056,"Range_24"
2025-06-11 18:00:00,26.4,24.1779535476191,29.4389542813127,"Range_24"
2025-06-11 19:00:00,25.7,23.1029110107101,26.59214000027,"Range_24"
2025-06-11 19:00:00,25.0999999999999,23.1029110107101,26.6514084183172,"Range_24"
2025-06-11 20:00:00,24.9,22.4737748342093,25.4772134461885,"Range_24"
2025-06-11 20:00:00,24.1,22.4737748342093,25.4928391934161,"Range_24"
2025-06-11 21:00:00,24.2,22.0562113091461,25.2923825662001,"Range_24"
2025-06-11 21:00:00,23.2,22.0562113091461,25.2646634301097,"Range_24"
2025-06-11 22:00:00,23.2,21.6030312172728,25.0447341633119,"Range_24"
2025-06-11 22:00:00,22.2,21.6030312172728,25.0876030154028,"Range_24"
2025-06-11 23:00:00,22.7,21.4282898644299,25.699348510871,"Range_24"
2025-06-11 23:00:00,21.8,21.4282898644299,25.4374857808,"Range_24"
2025-06-12,24.1,21.2388359917052,25.1253784850578,"Range_24"
2025-06-12,23.1,21.2388359917052,25.1022089154982,"Range_24"
2025-06-12 01:00:00,23.6,20.8756600435265,22.416520150588,"Range_24"
2025-06-12 01:00:00,22.6,20.8756600435265,22.4184695306913,"Range_24"
2025-06-12 02:00:00,23.6,20.6880949881026,22.2946651258795,"Range_24"
2025-06-12 02:00:00,22.6,20.6880949881026,22.2946651258795,"Range_24"
2025-06-12 03:00:00,22.6,21.0216607963112,22.7516639997009,"Range_24"
2025-06-12 03:00:00,21.5,21.0216607963112,22.7516639997009,"Range_24"
2025-06-12 04:00:00,23.3,27.4169939531728,23.3417071629513,"Range_24"
2025-06-12 04:00:00,22.3,27.4169939531728,23.3583392262375,"Range_24"
2025-06-12 05:00:00,26.1,31.2111478715243,26.8329618564531,"Range_24"
2025-06-12 05:00:00,25.7,31.2111478715243,26.855884076932,"Range_24"
2025-06-12 06:00:00,29.5,34.3688355395579,28.4817564585715,"Range_24"
2025-06-12 06:00:00,28.9,34.3688355395579,28.7838355536677,"Range_24"
2025-06-12 07:00:00,34,43.6771680577908,33.9079678850021,"Range_24"
2025-06-12 07:00:00,29.7,43.6771680577908,33.9355676971959,"Range_24"
2025-06-12 08:00:00,37.1,57.3444681275653,38.1148985997947,"Range_24"
2025-06-12 08:00:00,36.4,57.3444681275653,38.3350952500459,"Range_24"
2025-06-12 09:00:00,38.1,60.7586410711147,42.9663961549674,"Range_24"
2025-06-12 09:00:00,42.3,60.7586410711147,43.1961794595724,"Range_24"
2025-06-12 10:00:00,42.6,62.3483949702268,44.7575933506293,"Range_24"
2025-06-12 10:00:00,46,62.3483949702268,44.506780908977,"Range_24"
2025-06-12 11:00:00,44.6,59.9936227308777,44.6518429102908,"Range_24"
2025-06-12 11:00:00,47.3,59.9936227308777,44.4099794363771,"Range_24"
2025-06-12 12:00:00,43.9,56.4128028636837,43.8885136129835,"Range_24"
2025-06-12 12:00:00,46.9,56.4128028636837,43.8127696062235,"Range_24"
2025-06-12 13:00:00,41.7,51.4470008397585,42.5345977796397,"Range_24"
2025-06-12 13:00:00,41.6,51.4470008397585,42.8141421259524,"Range_24"
2025-06-12 14:00:00,39.1,44.7752324832539,40.4122756768206,"Range_24"
2025-06-12 14:00:00,38.5,44.7752324832539,41.1981217991335,"Range_24"
2025-06-12 15:00:00,36.4,38.0595686599514,37.8682592734821,"Range_24"
2025-06-12 15:00:00,35.4,38.0595686599514,38.0380518310867,"Range_24"
2025-06-12 16:00:00,32.5,29.6280219940981,34.564310908184,"Range_24"
2025-06-12 16:00:00,31.8,29.6280219940981,35.0469911081,"Range_24"
2025-06-12 17:00:00,28.8,24.9918345069658,30.6108474129575,"Range_24"
2025-06-12 17:00:00,28.4,24.9918345069658,30.6401299000676,"Range_24"
2025-06-12 18:00:00,26.9,23.9132805613077,29.9456291563371,"Range_24"
2025-06-12 18:00:00,26.5,23.9132805613077,29.9486258483457,"Range_24"
2025-06-12 19:00:00,25.8,22.5286150221522,25.3605564534537,"Range_24"
2025-06-12 19:00:00,25.3,22.5286150221522,25.4153920384636,"Range_24"
2025-06-12 20:00:00,24.9,21.9322553526013,24.2802506751926,"Range_24"
2025-06-12 20:00:00,24.3,21.9322553526013,24.3024899499927,"Range_24"
2025-06-12 21:00:00,24.7,21.2434264521381,24.5401616586674,"Range_24"
2025-06-12 21:00:00,23.9,21.2434264521381,24.5553190571796,"Range_24"
2025-06-12 22:00:00,24.4,20.7007140431864,23.4508365285842,"Range_24"
2025-06-12 22:00:00,23.6,20.7007140431864,23.4950383923739,"Range_24"
2025-06-12 23:00:00,24.2,20.2609478422538,21.1753167301908,"Range_24"
2025-06-12 23:00:00,23.2,20.2609478422538,21.2843563504172,"Range_24"
2025-06-13,24.2,19.9725911320743,21.7142079527448,"Range_24"
2025-06-13,23.1,19.9725911320743,22.0142687687562,"Range_24"
2025-06-13 01:00:00,24.1,19.9455525071746,21.8397931126247,"Range_24"
2025-06-13 01:00:00,23,19.9455525071746,22.0591378758367,"Range_24"
2025-06-13 02:00:00,22.5,19.6015573046891,20.809747640065,"Range_24"
2025-06-13 02:00:00,21.3,19.6015573046891,20.9321910941036,"Range_24"
2025-06-13 03:00:00,22.1,19.7422360796357,20.7701020765435,"Range_24"
2025-06-13 03:00:00,20.9,19.7422360796357,20.8057194197664,"Range_24"
2025-06-13 04:00:00,23.9,24.8984948800918,23.6087579181401,"Range_24"
2025-06-13 04:00:00,23.1,24.8984948800918,23.6427812372096,"Range_24"
2025-06-13 05:00:00,26.6,29.1432782226287,26.2674609575424,"Range_24"
2025-06-13 05:00:00,26.4,29.1432782226287,26.2669547237038,"Range_24"
2025-06-13 06:00:00,30.6,35.3783641615993,29.1081987372712,"Range_24"
2025-06-13 06:00:00,30.2,35.3783641615993,29.3347420647443,"Range_24"
2025-06-13 07:00:00,34.1,48.0659408758065,35.3945433262454,"Range_24"
2025-06-13 07:00:00,29.9,48.0659408758065,35.4529197080675,"Range_24"
2025-06-13 08:00:00,37.1,56.9841268605066,41.1265931235293,"Range_24"
2025-06-13 08:00:00,36.4,56.9841268605066,41.2785370681346,"Range_24"
2025-06-13 09:00:00,37.8,60.8520883951789,43.7697522061594,"Range_24"
2025-06-13 09:00:00,41.6,60.8520883951789,44.0757873427014,"Range_24"
2025-06-13 10:00:00,42.1,62.9042724836574,45.2658795310053,"Range_24"
2025-06-13 10:00:00,45.2,62.9042724836574,44.8589588449946,"Range_24"
2025-06-13 11:00:00,43.7,59.7678992613328,45.3652559943633,"Range_24"
2025-06-13 11:00:00,43.2,59.7678992613328,45.0665999539192,"Range_24"
2025-06-13 12:00:00,43.1,56.589365730938,45.0201106145406,"Range_24"
2025-06-13 12:00:00,42.1,56.589365730938,44.8285702446933,"Range_24"
2025-06-13 13:00:00,41.6,51.5883723609187,42.0768187987851,"Range_24"
2025-06-13 13:00:00,40.4,51.5883723609187,42.4537968633099,"Range_24"
2025-06-13 14:00:00,39.2,45.7230260644367,40.1645672312823,"Range_24"
2025-06-13 14:00:00,38.2,45.7230260644367,41.6121505280106,"Range_24"
2025-06-13 15:00:00,36.5,39.0552987985042,38.2114504089907,"Range_24"
2025-06-13 15:00:00,35.6,39.0552987985042,38.733356750973,"Range_24"
2025-06-13 16:00:00,32.8,30.5629954821257,35.4160906521776,"Range_24"
2025-06-13 16:00:00,32.2,30.5629954821257,36.274358626008,"Range_24"
2025-06-13 17:00:00,29.4,25.8512455646074,33.3429644209409,"Range_24"
2025-06-13 17:00:00,29.1,25.8512455646074,33.3950855539017,"Range_24"
2025-06-13 18:00:00,27.6,24.609961529703,29.7380224103089,"Range_24"
2025-06-13 18:00:00,27.1,24.609961529703,29.7259653208127,"Range_24"
2025-06-13 19:00:00,26.6,24.1384494954442,28.1134193804375,"Range_24"
2025-06-13 19:00:00,25.9,24.1384494954442,28.2044863540208,"Range_24"
2025-06-13 20:00:00,25.5,23.1529570503857,26.6772553390274,"Range_24"
2025-06-13 20:00:00,24.6,23.1529570503857,26.6925181727153,"Range_24"
2025-06-13 21:00:00,24.3,22.804481087189,24.7793060643192,"Range_24"
2025-06-13 21:00:00,23.3,22.804481087189,24.7505781109764,"Range_24"
2025-06-13 22:00:00,23.5999999999999,22.2006307053904,24.0385573552896,"Range_24"
2025-06-13 22:00:00,22.6,22.2006307053904,24.0509673169764,"Range_24"
2025-06-13 23:00:00,24.1,21.8060775557829,22.9692232983878,"Range_24"
2025-06-13 23:00:00,23.1,21.8060775557829,23.0343283053844,"Range_24"
2025-06-14,24.2,21.6273053309575,23.9910276060025,"Range_24"
2025-06-14,23.1,21.6273053309575,23.9917026494462,"Range_24"
2025-06-14 01:00:00,23.3,21.2556702573557,23.6608163182074,"Range_24"
2025-06-14 01:00:00,22.1,21.2556702573557,23.6708249442235,"Range_24"
2025-06-14 02:00:00,23.2,20.9814745958688,21.5426287571736,"Range_24"
2025-06-14 02:00:00,22.2,20.9814745958688,21.5468201812703,"Range_24"
2025-06-14 03:00:00,23.6,21.1508259463713,22.8793783206697,"Range_24"
2025-06-14 03:00:00,22.6,21.1508259463713,22.8796291116197,"Range_24"
2025-06-14 04:00:00,24.5,25.2347721209237,23.8754897914288,"Range_24"
2025-06-14 04:00:00,23.5,25.2347721209237,23.9091338913885,"Range_24"
2025-06-14 05:00:00,26.4,27.7876329147462,26.7311900639208,"Range_24"
2025-06-14 05:00:00,26,27.7876329147462,26.7693537555145,"Range_24"
2025-06-14 06:00:00,30.5,32.9490450773593,29.7917830518696,"Range_24"
2025-06-14 06:00:00,30.1,32.9490450773593,29.8199460107493,"Range_24"
2025-06-14 07:00:00,33.9,46.1460542691981,33.6895371679422,"Range_24"
2025-06-14 07:00:00,30.1,46.1460542691981,33.7890189755762,"Range_24"
2025-06-14 08:00:00,36.6,56.6461663526477,39.1206356322705,"Range_24"
2025-06-14 08:00:00,36.3,56.6461663526477,40.124998359308,"Range_24"
2025-06-14 09:00:00,37.9,60.103316186105,41.4602924240432,"Range_24"
2025-06-14 09:00:00,41.3,60.103316186105,41.9262516803327,"Range_24"
2025-06-14 10:00:00,42.2,62.4361229295539,44.8688902277611,"Range_24"
2025-06-14 10:00:00,45.1,62.4361229295539,44.5785642294729,"Range_24"
2025-06-14 11:00:00,44.9,59.3564924690828,43.9854017422405,"Range_24"
2025-06-14 11:00:00,47.5,59.3564924690828,43.8093697019422,"Range_24"
2025-06-14 12:00:00,43.4,56.1096148813174,44.0143951399248,"Range_24"
2025-06-14 12:00:00,44,56.1096148813174,43.9615752734934,"Range_24"
2025-06-14 13:00:00,42.2,51.2188343828002,42.1091264288472,"Range_24"
2025-06-14 13:00:00,41.5,51.2188343828002,42.4968429202944,"Range_24"
2025-06-14 14:00:00,39.8,45.5220987385715,41.0344979924474,"Range_24"
2025-06-14 14:00:00,38.7,45.5220987385715,41.9687849729362,"Range_24"
2025-06-14 15:00:00,36.3,39.1680664276269,38.619691938781,"Range_24"
2025-06-14 15:00:00,35.5,39.1680664276269,39.0176097518347,"Range_24"
2025-06-14 16:00:00,32.4,30.6368536092829,34.2147457100033,"Range_24"
2025-06-14 16:00:00,32,30.6368536092829,35.1700822570421,"Range_24"
2025-06-14 17:00:00,29.3,25.5215365288808,30.3319127844992,"Range_24"
2025-06-14 17:00:00,29,25.5215365288808,30.3885540056735,"Range_24"
2025-06-14 18:00:00,27.4,24.1917947121802,28.6149824533258,"Range_24"
2025-06-14 18:00:00,27.1,24.1917947121802,28.6438255784739,"Range_24"
2025-06-14 19:00:00,26.3,23.8347029632622,26.562731074463,"Range_24"
2025-06-14 19:00:00,25.8,23.8347029632622,26.687657625767,"Range_24"
2025-06-14 20:00:00,26.6,23.1757329881394,26.6391814470081,"Range_24"
2025-06-14 20:00:00,25.9,23.1757329881394,26.6401132687223,"Range_24"
2025-06-14 21:00:00,26.1,22.939972124069,25.1535336120552,"Range_24"
2025-06-14 21:00:00,25.4,22.939972124069,25.1044592866497,"Range_24"
2025-06-14 22:00:00,25.3,22.919260811557,24.1921620059779,"Range_24"
2025-06-14 22:00:00,24.5,22.919260811557,24.4262905602737,"Range_24"
2025-06-14 23:00:00,24.7,22.2437300301581,22.9608908860857,"Range_24"
2025-06-14 23:00:00,23.9,22.2437300301581,23.1048513457739,"Range_24"
2025-07-27,25.4,24.4974080180657,28.0282298605287,"Range_24"
2025-07-27,24,24.4974080180657,27.4237353627255,"Range_24"
2025-07-27 01:00:00,24.7,23.5802916429835,27.4827668182804,"Range_24"
2025-07-27 01:00:00,23.6,23.5802916429835,27.6032614264386,"Range_24"
2025-07-27 02:00:00,24.2,23.3154764678405,27.1991637564918,"Range_24"
2025-07-27 02:00:00,23,23.3154764678405,27.3634583620137,"Range_24"
2025-07-27 03:00:00,23.6,22.8834173971163,26.1240915910814,"Range_24"
2025-07-27 03:00:00,22.5,22.8834173971163,26.6848840283061,"Range_24"
2025-07-27 04:00:00,24.2,27.3426741841534,25.460940958811,"Range_24"
2025-07-27 04:00:00,23.1,27.3426741841534,25.565794088955,"Range_24"
2025-07-27 05:00:00,27.5,35.5286243642459,28.7245143223648,"Range_24"
2025-07-27 05:00:00,26.5,35.5286243642459,29.0715394206658,"Range_24"
2025-07-27 06:00:00,31.9,46.1852312198989,33.2459597835612,"Range_24"
2025-07-27 06:00:00,31.6,46.1852312198989,32.7728162221016,"Range_24"
2025-07-27 07:00:00,37,55.4146749840743,36.4527164554052,"Range_24"
2025-07-27 07:00:00,32.5,55.4146749840743,37.0932907534372,"Range_24"
2025-07-27 08:00:00,40.8,61.594341975032,38.531119137084,"Range_24"
2025-07-27 08:00:00,38.5,61.594341975032,41.2803041242896,"Range_24"
2025-07-27 09:00:00,42.2,64.7028349757046,41.4838296318241,"Range_24"
2025-07-27 09:00:00,42.7,64.7028349757046,42.3211230663932,"Range_24"
2025-07-27 10:00:00,46.7,66.2910063024771,44.2940193915865,"Range_24"
2025-07-27 10:00:00,47.2,66.2910063024771,45.0940664874445,"Range_24"
2025-07-27 11:00:00,49.1,64.9550282942689,45.5157275345786,"Range_24"
2025-07-27 11:00:00,49.1,64.9550282942689,45.7165840631687,"Range_24"
2025-07-27 12:00:00,49.1,61.9646120497389,45.9620031442639,"Range_24"
2025-07-27 12:00:00,48.4,61.9646120497389,45.9064594690888,"Range_24"
2025-07-27 13:00:00,47.9,57.5089179535833,46.3715677198361,"Range_24"
2025-07-27 13:00:00,47.6,57.5089179535833,45.9994785142318,"Range_24"
2025-07-27 14:00:00,45.8,51.8512612684908,43.0388029698184,"Range_24"
2025-07-27 14:00:00,45.6,51.8512612684908,42.9176189376165,"Range_24"
2025-07-27 15:00:00,41.8,45.4671232032331,39.9826118062227,"Range_24"
2025-07-27 15:00:00,42.4,45.4671232032331,40.3753412385614,"Range_24"
2025-07-27 16:00:00,36.6,37.3401989672206,37.1386442167604,"Range_24"
2025-07-27 16:00:00,38,37.3401989672206,37.0655306069492,"Range_24"
2025-07-27 17:00:00,32.2,31.3659951070605,34.1996469329737,"Range_24"
2025-07-27 17:00:00,33.9,31.3659951070605,33.5347870814884,"Range_24"
2025-07-27 18:00:00,30.4,29.4919776253709,32.0659676713141,"Range_24"
2025-07-27 18:00:00,31.6,29.4919776253709,31.7409613198902,"Range_24"
2025-07-27 19:00:00,29,28.356208170836,31.7045764635547,"Range_24"
2025-07-27 19:00:00,30,28.356208170836,31.5119701745699,"Range_24"
2025-07-27 20:00:00,27.4,27.4550944954439,30.2624878035457,"Range_24"
2025-07-27 20:00:00,28.6,27.4550944954439,30.0980352918077,"Range_24"
2025-07-27 21:00:00,27.3,26.8061125832777,28.9067728895057,"Range_24"
2025-07-27 21:00:00,28,26.8061125832777,28.6383196452478,"Range_24"
2025-07-27 22:00:00,27.2,26.1104903552851,29.141781609834,"Range_24"
2025-07-27 22:00:00,27.4,26.1104903552851,28.6897325478622,"Range_24"
2025-07-27 23:00:00,27.8,25.0817726630605,29.3106222760363,"Range_24"
2025-07-27 23:00:00,27.6,25.0817726630605,27.8707882336522,"Range_24"
2025-07-28,27.1,24.6059881558288,27.7526540359905,"Range_24"
2025-07-28,27.2,24.6059881558288,26.4135376118259,"Range_24"
2025-07-28 01:00:00,26.6,24.2599163758961,27.4960574108726,"Range_24"
2025-07-28 01:00:00,26.6,24.2599163758961,25.7913308126596,"Range_24"
2025-07-28 02:00:00,25.9,24.141376179386,27.5226426383712,"Range_24"
2025-07-28 02:00:00,26,24.141376179386,25.9708945200171,"Range_24"
2025-07-28 03:00:00,25.1,24.0859958088716,26.8853076518901,"Range_24"
2025-07-28 03:00:00,25.4,24.0859958088716,25.7411913105857,"Range_24"
2025-07-28 04:00:00,25.9,28.1347159130998,26.2847547511443,"Range_24"
2025-07-28 04:00:00,25.7,28.1347159130998,26.4816830281821,"Range_24"
2025-07-28 05:00:00,28.7,34.1431508463251,28.2749724420895,"Range_24"
2025-07-28 05:00:00,28.3,34.1431508463251,28.7747499131387,"Range_24"
2025-07-28 06:00:00,31.9,43.7802849716128,30.8020674311971,"Range_24"
2025-07-28 06:00:00,31.4,43.7802849716128,31.0377949808012,"Range_24"
2025-07-28 07:00:00,36.3,53.8179167475453,35.0816325504507,"Range_24"
2025-07-28 07:00:00,32.3,53.8179167475453,35.5562741142994,"Range_24"
2025-07-28 08:00:00,39.6,59.9344073496699,37.9980523719999,"Range_24"
2025-07-28 08:00:00,38.3,59.9344073496699,39.0390483395551,"Range_24"
2025-07-28 09:00:00,41.4,63.8627633142438,40.9719435974796,"Range_24"
2025-07-28 09:00:00,43.1,63.8627633142438,42.121486333706,"Range_24"
2025-07-28 10:00:00,45.3,65.8892504010859,42.8028455297117,"Range_24"
2025-07-28 10:00:00,47.1,65.8892504010859,42.8619546261225,"Range_24"
2025-07-28 11:00:00,46.7,62.6126283866372,44.1116679044978,"Range_24"
2025-07-28 11:00:00,48.9,62.6126283866372,44.1022735476065,"Range_24"
2025-07-28 12:00:00,46.7,58.7893699089032,44.715320393811,"Range_24"
2025-07-28 12:00:00,48.5,58.7893699089032,44.5145427473789,"Range_24"
2025-07-28 13:00:00,45.5,53.4546205608013,44.2021252171653,"Range_24"
2025-07-28 13:00:00,46.8,53.4546205608013,43.917205670031,"Range_24"
2025-07-28 14:00:00,42.6,47.3374527394678,42.1030843887281,"Range_24"
2025-07-28 14:00:00,43.6,47.3374527394678,42.3527433843549,"Range_24"
2025-07-28 15:00:00,39,41.0101895031136,38.3844364782801,"Range_24"
2025-07-28 15:00:00,40,41.0101895031136,38.7316430751829,"Range_24"
2025-07-28 16:00:00,34.8,34.4682254570138,36.9328777843251,"Range_24"
2025-07-28 16:00:00,36.2,34.4682254570138,36.7013288177866,"Range_24"
2025-07-28 17:00:00,31.4,29.8942135298715,34.0509255619448,"Range_24"
2025-07-28 17:00:00,32.9,29.8942135298715,33.6847657221452,"Range_24"
2025-07-28 18:00:00,29.9,28.5051454681179,32.499271482398,"Range_24"
2025-07-28 18:00:00,31,28.5051454681179,32.2655260953426,"Range_24"
2025-07-28 19:00:00,29.1,27.6155011502512,31.1783278356755,"Range_24"
2025-07-28 19:00:00,30,27.6155011502512,31.0242976154706,"Range_24"
2025-07-28 20:00:00,28.3,27.0326973306812,30.1000934747753,"Range_24"
2025-07-28 20:00:00,29.1,27.0326973306812,29.9121081148851,"Range_24"
2025-07-28 21:00:00,27.6,26.4810190276214,29.3846204339019,"Range_24"
2025-07-28 21:00:00,28.2,26.4810190276214,28.8176401452185,"Range_24"
2025-07-28 22:00:00,28,25.699514534308,29.8293999132553,"Range_24"
2025-07-28 22:00:00,28.2,25.699514534308,29.1542746649408,"Range_24"
2025-07-28 23:00:00,27.6,25.1689125876314,29.997668251748,"Range_24"
2025-07-28 23:00:00,27.7,25.1689125876314,29.6178002021042,"Range_24"
2025-07-29,27.2000000000001,24.8261529366031,29.7501979798987,"Range_24"
2025-07-29,27.4000000000001,24.8261529366031,29.2378656107782,"Range_24"
2025-07-29 01:00:00,27,24.859794565617,29.1941263451617,"Range_24"
2025-07-29 01:00:00,27.2,24.859794565617,28.9199974482931,"Range_24"
2025-07-29 02:00:00,26.3,24.9298819673022,28.7724232735358,"Range_24"
2025-07-29 02:00:00,26.4,24.9298819673022,28.5529834376738,"Range_24"
2025-07-29 03:00:00,25.4,24.78224767172,28.3797112095525,"Range_24"
2025-07-29 03:00:00,25.5,24.78224767172,28.2974663537122,"Range_24"
2025-07-29 04:00:00,26,28.4079717970561,27.3496398589405,"Range_24"
2025-07-29 04:00:00,26,28.4079717970561,27.4898568927184,"Range_24"
2025-07-29 05:00:00,28.8,33.5574875800797,28.8942452639713,"Range_24"
2025-07-29 05:00:00,28.6,33.5574875800797,29.1406276368876,"Range_24"
2025-07-29 06:00:00,32.4,41.7696620681398,31.8724244390053,"Range_24"
2025-07-29 06:00:00,31.7,41.7696620681398,31.8405271086643,"Range_24"
2025-07-29 07:00:00,35.8999999999999,48.6592769057835,33.2871952716364,"Range_24"
2025-07-29 07:00:00,32.2,48.6592769057835,33.4765867752926,"Range_24"
2025-07-29 08:00:00,39.3,55.671421162363,34.8738491990175,"Range_24"
2025-07-29 08:00:00,37.7,55.671421162363,36.6429635126981,"Range_24"
2025-07-29 09:00:00,41,61.5124990705828,39.2084262096559,"Range_24"
2025-07-29 09:00:00,41.9,61.5124990705828,41.3999147495661,"Range_24"
2025-07-29 10:00:00,44.7,63.2153939798086,42.6122961603646,"Range_24"
2025-07-29 10:00:00,45.5,63.2153939798086,43.4215116896283,"Range_24"
2025-07-29 11:00:00,46.3,61.5548989655852,44.2989349539514,"Range_24"
2025-07-29 11:00:00,47.8,61.5548989655852,44.0857050333218,"Range_24"
2025-07-29 12:00:00,46.4,57.6759834339267,44.2772037427546,"Range_24"
2025-07-29 12:00:00,47.3,57.6759834339267,44.1940051455225,"Range_24"
2025-07-29 13:00:00,44.2,52.6855941622491,43.3076712155997,"Range_24"
2025-07-29 13:00:00,45.2,52.6855941622491,43.0918697504318,"Range_24"
2025-07-29 14:00:00,41.4,46.7601545611914,41.7411707564836,"Range_24"
2025-07-29 14:00:00,42.4,46.7601545611914,42.4081295308889,"Range_24"
2025-07-29 15:00:00,37.9,40.1779390093128,39.9533956564452,"Range_24"
2025-07-29 15:00:00,39.1,40.1779390093128,40.0820047605246,"Range_24"
2025-07-29 16:00:00,34.1,33.4388596453966,36.6825533357708,"Range_24"
2025-07-29 16:00:00,35.5,33.4388596453966,36.5085265782516,"Range_24"
2025-07-29 17:00:00,31.4,28.9496456003584,33.6567235487054,"Range_24"
2025-07-29 17:00:00,32.8,28.9496456003584,33.2769568190469,"Range_24"
2025-07-29 18:00:00,30.1,27.8392050368984,31.9989500898455,"Range_24"
2025-07-29 18:00:00,31.2,27.8392050368984,31.7739897743949,"Range_24"
2025-07-29 19:00:00,29.4,27.4954843058007,31.3933758179992,"Range_24"
2025-07-29 19:00:00,30.2,27.4954843058007,31.0162156912863,"Range_24"
2025-07-29 20:00:00,29,27.0597068251688,30.5217232948691,"Range_24"
2025-07-29 20:00:00,29.4,27.0597068251688,30.2341110377144,"Range_24"
2025-07-29 21:00:00,28.5,26.743674294276,29.9078121004159,"Range_24"
2025-07-29 21:00:00,28.7,26.743674294276,29.3288993282068,"Range_24"
2025-07-29 22:00:00,28.6,25.5896246459055,28.4740653556562,"Range_24"
2025-07-29 22:00:00,28.7,25.5896246459055,28.1412326135231,"Range_24"
2025-07-29 23:00:00,28,25.1001436277,29.2248798025366,"Range_24"
2025-07-29 23:00:00,28.1,25.1001436277,28.8681283792161,"Range_24"
2025-07-30,27.7,24.9362183249508,28.8810037934415,"Range_24"
2025-07-30,27.7,24.9362183249508,28.4844514212785,"Range_24"
2025-07-30 01:00:00,27.7,24.708005964784,28.1485029024015,"Range_24"
2025-07-30 01:00:00,27.6,24.708005964784,27.8886950934664,"Range_24"
2025-07-30 02:00:00,27.2999999999999,24.6247373288372,27.7796243837478,"Range_24"
2025-07-30 02:00:00,27.2999999999999,24.6247373288372,27.49976361668,"Range_24"
2025-07-30 03:00:00,26.6,24.4994406766998,27.5023836343012,"Range_24"
2025-07-30 03:00:00,26.7,24.4994406766998,27.105126048682,"Range_24"
2025-07-30 04:00:00,27,25.8769665105716,26.8698624675062,"Range_24"
2025-07-30 04:00:00,26.9,25.8769665105716,26.9326526922603,"Range_24"
2025-07-30 05:00:00,30.5,28.064755486572,28.2650442761666,"Range_24"
2025-07-30 05:00:00,30,28.064755486572,28.2897081477361,"Range_24"
2025-07-30 06:00:00,32.5,30.994473467195,30.2578013591217,"Range_24"
2025-07-30 06:00:00,31.9,30.994473467195,30.2892296336074,"Range_24"
2025-07-30 07:00:00,36,32.4920082735392,31.4048801988369,"Range_24"
2025-07-30 07:00:00,32.6,32.4920082735392,31.5458740535137,"Range_24"
2025-07-30 08:00:00,40.1,33.5964580524492,34.5621619792247,"Range_24"
2025-07-30 08:00:00,38.6,33.5964580524492,35.0247508751939,"Range_24"
2025-07-30 09:00:00,42.4,35.4801409251991,38.9801357270541,"Range_24"
2025-07-30 09:00:00,43.7,35.4801409251991,39.1249237706821,"Range_24"
2025-07-30 10:00:00,45.7,38.0084433669596,41.0902404649805,"Range_24"
2025-07-30 10:00:00,47.2,38.0084433669596,40.8307452335723,"Range_24"
2025-07-30 11:00:00,46.8,44.295746791002,40.1616226488792,"Range_24"
2025-07-30 11:00:00,48.5,44.295746791002,39.6789542156108,"Range_24"
2025-07-30 12:00:00,47.3,50.8827983840215,44.0599972314916,"Range_24"
2025-07-30 12:00:00,48.1,50.8827983840215,43.6363083923453,"Range_24"
2025-07-30 13:00:00,45.9,49.7857050832007,41.3184337959051,"Range_24"
2025-07-30 13:00:00,46.6,49.7857050832007,41.1792308929191,"Range_24"
2025-07-30 14:00:00,43.1,44.9959765192005,40.5988141014689,"Range_24"
2025-07-30 14:00:00,43.6,44.9959765192005,41.4489783842725,"Range_24"
2025-07-30 15:00:00,39.2,38.9509091808556,38.9420515722993,"Range_24"
2025-07-30 15:00:00,39.9,38.9509091808556,39.3481076115999,"Range_24"
2025-07-30 16:00:00,34.7,31.5016554487729,36.5851728853713,"Range_24"
2025-07-30 16:00:00,35.9,31.5016554487729,37.470078684387,"Range_24"
2025-07-30 17:00:00,30.5,26.6839504867979,34.2602507171374,"Range_24"
2025-07-30 17:00:00,32,26.6839504867979,34.3496310965229,"Range_24"
2025-07-30 18:00:00,28.9,25.4278757499544,32.6644873322331,"Range_24"
2025-07-30 18:00:00,30.1,25.4278757499544,32.6488765247204,"Range_24"
2025-07-30 19:00:00,28.1,24.9444386802879,31.6272474688476,"Range_24"
2025-07-30 19:00:00,29,24.9444386802879,31.5884616335874,"Range_24"
2025-07-30 20:00:00,27.8,24.5968363174143,30.9071598854908,"Range_24"
2025-07-30 20:00:00,28.5,24.5968363174143,30.5847082116867,"Range_24"
2025-07-30 21:00:00,27.7,24.232267925146,29.7624769350073,"Range_24"
2025-07-30 21:00:00,28.2,24.232267925146,28.27241908484,"Range_24"
2025-07-30 22:00:00,27.6,23.6714865808382,29.7938864393609,"Range_24"
2025-07-30 22:00:00,28.1,23.6714865808382,29.6128927465768,"Range_24"
2025-07-30 23:00:00,27.7,23.2721714293567,29.4883041481128,"Range_24"
2025-07-30 23:00:00,28.2,23.2721714293567,29.6223040382204,"Range_24"
2025-07-31,27.5,23.1347022251275,28.9388780406437,"Range_24"
2025-07-31,27.9,23.1347022251275,29.1594772348307,"Range_24"
2025-07-31 01:00:00,27.5,22.6180381548799,28.287781406347,"Range_24"
2025-07-31 01:00:00,27.9,22.6180381548799,28.343413799767,"Range_24"
2025-07-31 02:00:00,27.6,22.4321780978815,28.0452790753265,"Range_24"
2025-07-31 02:00:00,27.9,22.4321780978815,28.1002836228918,"Range_24"
2025-07-31 03:00:00,26.9,22.4602690775853,27.3574531505102,"Range_24"
2025-07-31 03:00:00,27.4,22.4602690775853,27.5506809507612,"Range_24"
2025-07-31 04:00:00,27,24.2089503382215,27.3492119012521,"Range_24"
2025-07-31 04:00:00,27.2,24.2089503382215,27.4772300756784,"Range_24"
2025-07-31 05:00:00,29.5,26.623373307499,29.8682956233668,"Range_24"
2025-07-31 05:00:00,29.2,26.623373307499,29.8839105165053,"Range_24"
2025-07-31 06:00:00,31.8,29.3282650251571,31.0651009939101,"Range_24"
2025-07-31 06:00:00,31.1,29.3282650251571,31.0800962439837,"Range_24"
2025-07-31 07:00:00,36.9,30.6116783436122,31.6745688667088,"Range_24"
2025-07-31 07:00:00,32.1,30.6116783436122,31.6794442468283,"Range_24"
2025-07-31 08:00:00,39.3,33.8118229983238,33.388400675855,"Range_24"
2025-07-31 08:00:00,37.6,33.8118229983238,33.5494534898533,"Range_24"
2025-07-31 09:00:00,41.3,34.8136285306163,37.143825296891,"Range_24"
2025-07-31 09:00:00,42.4,34.8136285306163,37.79769991282,"Range_24"
2025-07-31 10:00:00,44.9,34.1681927247899,39.0503911292128,"Range_24"
2025-07-31 10:00:00,46.5,34.1681927247899,39.5773422927846,"Range_24"
2025-07-31 11:00:00,45.6,34.5449663030849,42.0440042726026,"Range_24"
2025-07-31 11:00:00,47.9,34.5449663030849,42.304298498078,"Range_24"
2025-07-31 12:00:00,46.1,42.1130190120217,37.7454706049624,"Range_24"
2025-07-31 12:00:00,47.9,42.1130190120217,38.0955115324354,"Range_24"
2025-07-31 13:00:00,45.3,44.6555638497949,41.5128155164241,"Range_24"
2025-07-31 13:00:00,46.6,44.6555638497949,41.8045755231878,"Range_24"
2025-07-31 14:00:00,42.5,41.8060399054063,39.1318041981175,"Range_24"
2025-07-31 14:00:00,43.8,41.8060399054063,39.8134202522209,"Range_24"
2025-07-31 15:00:00,37.4,36.2429092908299,39.0948690102639,"Range_24"
2025-07-31 15:00:00,39.2,36.2429092908299,39.1712862862663,"Range_24"
2025-07-31 16:00:00,33.7,30.0934918063802,36.2887809657321,"Range_24"
2025-07-31 16:00:00,35.3,30.0934918063802,36.6990461414769,"Range_24"
2025-07-31 17:00:00,30.5,26.0540587360769,33.8844778652735,"Range_24"
2025-07-31 17:00:00,32.1,26.0540587360769,33.9089092836233,"Range_24"
2025-07-31 18:00:00,29.3,24.8908836793044,32.3428459949573,"Range_24"
2025-07-31 18:00:00,30.6,24.8908836793044,32.4015725519327,"Range_24"
2025-07-31 19:00:00,28.6,24.2714853631141,30.7723528863821,"Range_24"
2025-07-31 19:00:00,29.5,24.2714853631141,30.7770384263344,"Range_24"
2025-07-31 20:00:00,28,23.8502882983283,29.8858848435296,"Range_24"
2025-07-31 20:00:00,28.8,23.8502882983283,29.7653610752346,"Range_24"
2025-07-31 21:00:00,27.5,23.4422715940523,29.0852167320795,"Range_24"
2025-07-31 21:00:00,28.1,23.4422715940523,29.0210501934291,"Range_24"
2025-07-31 22:00:00,27.6,23.2464602457417,29.3486722723736,"Range_24"
2025-07-31 22:00:00,28,23.2464602457417,29.5503299209571,"Range_24"
2025-07-31 23:00:00,27.1,22.926330089089,28.8307385349447,"Range_24"
2025-07-31 23:00:00,27.5,22.926330089089,28.971259319846,"Range_24"
2025-08-01,27.1,22.8446931625255,28.4094429824945,"Range_24"
2025-08-01,27.3,22.8446931625255,28.5336162072664,"Range_24"
2025-08-01 01:00:00,26.6,22.4536166077078,27.6919123247863,"Range_24"
2025-08-01 01:00:00,26.9,22.4536166077078,27.8661886408501,"Range_24"
2025-08-01 02:00:00,26.6,22.2782738033245,27.601735708619,"Range_24"
2025-08-01 02:00:00,26.8,22.2782738033245,27.7433910716288,"Range_24"
2025-08-01 03:00:00,26.2,22.2500722492853,27.6161576430126,"Range_24"
2025-08-01 03:00:00,26.4,22.2500722492853,27.8860046557722,"Range_24"
2025-08-01 04:00:00,26.8,23.7631483730926,27.7948348005538,"Range_24"
2025-08-01 04:00:00,26.8,23.7631483730926,28.0349305355477,"Range_24"
2025-08-01 05:00:00,29,26.0166478887227,29.6580607093166,"Range_24"
2025-08-01 05:00:00,28.8,26.0166478887227,29.6785979094662,"Range_24"
2025-08-01 06:00:00,32.2,28.7660414375425,31.2910253506744,"Range_24"
2025-08-01 06:00:00,31.6,28.7660414375425,31.1809483809513,"Range_24"
2025-08-01 07:00:00,36.6,29.8936667517073,32.2447089248798,"Range_24"
2025-08-01 07:00:00,31.6,29.8936667517073,32.2386876919684,"Range_24"
2025-08-01 08:00:00,39.6,31.1408387912799,34.8202495977527,"Range_24"
2025-08-01 08:00:00,38.1,31.1408387912799,35.0021792675961,"Range_24"
2025-08-01 09:00:00,41.6,32.4174772781007,38.0358481821402,"Range_24"
2025-08-01 09:00:00,42.4,32.4174772781007,38.27219056004,"Range_24"
2025-08-01 10:00:00,44.8,34.0981963927708,39.5979101367091,"Range_24"
2025-08-01 10:00:00,46.1,34.0981963927708,40.097158391952,"Range_24"
2025-08-01 11:00:00,45.8,33.9742071312372,42.1981262630116,"Range_24"
2025-08-01 11:00:00,47.9,33.9742071312372,42.4295216910666,"Range_24"
2025-08-01 12:00:00,45.6,34.7563551103879,43.4957570968846,"Range_24"
2025-08-01 12:00:00,47.7,34.7563551103879,43.7648394944078,"Range_24"
2025-08-01 13:00:00,44.4,40.0920831904145,42.331163143477,"Range_24"
2025-08-01 13:00:00,46.5,40.0920831904145,42.4955442982301,"Range_24"
2025-08-01 14:00:00,41.5,40.4529584097306,40.8848057503875,"Range_24"
2025-08-01 14:00:00,43.6,40.4529584097306,41.2582621228568,"Range_24"
2025-08-01 15:00:00,38.3,35.8911950199015,38.1615053125556,"Range_24"
2025-08-01 15:00:00,40,35.8911950199015,38.3061881938538,"Range_24"
2025-08-01 16:00:00,34.3,29.2569683543851,35.2570951580041,"Range_24"
2025-08-01 16:00:00,36.1,29.2569683543851,35.7420736168307,"Range_24"
2025-08-01 17:00:00,30.5,25.1142030279366,33.3667335578557,"Range_24"
2025-08-01 17:00:00,32.3,25.1142030279366,33.4230996815213,"Range_24"
2025-08-01 18:00:00,28.9,24.0052727687078,31.4695102690524,"Range_24"
2025-08-01 18:00:00,30.5,24.0052727687078,31.5304216092677,"Range_24"
2025-08-01 19:00:00,28.2,23.7560588662278,30.224329135948,"Range_24"
2025-08-01 19:00:00,29.4,23.7560588662278,30.2574327286882,"Range_24"
2025-08-01 20:00:00,27.3,23.3978185039574,29.3944430714424,"Range_24"
2025-08-01 20:00:00,28.5,23.3978185039574,29.3439562490943,"Range_24"
2025-08-01 21:00:00,26.8,23.079468785482,27.5636682790452,"Range_24"
2025-08-01 21:00:00,27.9,23.079468785482,27.5405838087793,"Range_24"
2025-08-01 22:00:00,26.6,23.0760350171,29.0336897031518,"Range_24"
2025-08-01 22:00:00,27.6,23.0760350171,28.9907453550635,"Range_24"
2025-08-01 23:00:00,26,22.7868296865148,28.8416944608483,"Range_24"
2025-08-01 23:00:00,26.8,22.7868296865148,28.9474185348269,"Range_24"
2025-08-02,25.5,22.6717185087175,28.5526266902792,"Range_24"
2025-08-02,26.3,22.6717185087175,28.669528947165,"Range_24"
2025-08-02 01:00:00,25.1,22.5294758983756,28.3427509524736,"Range_24"
2025-08-02 01:00:00,25.7,22.5294758983756,28.2919762718623,"Range_24"
2025-08-02 02:00:00,24.9,22.5227206375641,28.226746290869,"Range_24"
2025-08-02 02:00:00,25.3,22.5227206375641,28.2542424881226,"Range_24"
2025-08-02 03:00:00,25,22.5439752979574,27.7526544648217,"Range_24"
2025-08-02 03:00:00,25.3,22.5439752979574,27.8702062486072,"Range_24"
2025-08-02 04:00:00,25.5,24.0019355139521,26.7995052612283,"Range_24"
2025-08-02 04:00:00,25.4,24.0019355139521,26.8825133794746,"Range_24"
2025-08-02 05:00:00,28.3,26.6643045428496,28.3097860176412,"Range_24"
2025-08-02 05:00:00,28.1,26.6643045428496,28.3543507979868,"Range_24"
2025-08-02 06:00:00,32.2,29.3688826005563,30.2761633063078,"Range_24"
2025-08-02 06:00:00,31.2,29.3688826005563,30.3255032145965,"Range_24"
2025-08-02 07:00:00,35.6,33.3027132565781,32.8255617367941,"Range_24"
2025-08-02 07:00:00,30.9,33.3027132565781,32.8608866056396,"Range_24"
2025-08-02 08:00:00,39.3,35.3506454060858,35.9369627894724,"Range_24"
2025-08-02 08:00:00,37.8,35.3506454060858,35.9575237866224,"Range_24"
2025-08-02 09:00:00,41.4,35.7379686434684,40.614795762066,"Range_24"
2025-08-02 09:00:00,42,35.7379686434684,40.3330238967766,"Range_24"
2025-08-02 10:00:00,43.8,36.7047575304243,42.1877228962338,"Range_24"
2025-08-02 10:00:00,45.2,36.7047575304243,41.8375626403464,"Range_24"
2025-08-02 11:00:00,44.7,34.8380938425471,43.3675680218175,"Range_24"
2025-08-02 11:00:00,46.6,34.8380938425471,43.6137272754561,"Range_24"
2025-08-02 12:00:00,45.1,33.7866315011916,43.4902904913891,"Range_24"
2025-08-02 12:00:00,46.6,33.7866315011916,43.7103380279528,"Range_24"
2025-08-02 13:00:00,44.5,37.7577216879599,43.9147769988563,"Range_24"
2025-08-02 13:00:00,45.5,37.7577216879599,43.5665395992938,"Range_24"
2025-08-02 14:00:00,42,38.8109645997873,40.9865267720916,"Range_24"
2025-08-02 14:00:00,42.3,38.8109645997873,41.106303400097,"Range_24"
2025-08-02 15:00:00,38.6,34.6632662203099,37.9788763051653,"Range_24"
2025-08-02 15:00:00,39.1,34.6632662203099,38.1368674809383,"Range_24"
2025-08-02 16:00:00,34.3,29.0103943841727,35.1668544697195,"Range_24"
2025-08-02 16:00:00,35.5,29.0103943841727,35.552448571718,"Range_24"
2025-08-02 17:00:00,30.8,25.3428805598015,33.2588463585231,"Range_24"
2025-08-02 17:00:00,32.1,25.3428805598015,33.327804603981,"Range_24"
2025-08-02 18:00:00,29.3,24.3968343657659,31.6263186875624,"Range_24"
2025-08-02 18:00:00,30.4,24.3968343657659,31.7047378380626,"Range_24"
2025-08-02 19:00:00,29.1,24.1264514843671,30.2620431051319,"Range_24"
2025-08-02 19:00:00,29.7,24.1264514843671,30.2615206580956,"Range_24"
2025-08-02 20:00:00,28.3,23.9485538446915,29.7799563885864,"Range_24"
2025-08-02 20:00:00,28.9,23.9485538446915,29.5906333593128,"Range_24"
2025-08-02 21:00:00,28.1,23.6797122472933,29.6459980750805,"Range_24"
2025-08-02 21:00:00,28.4,23.6797122472933,29.3590323801712,"Range_24"
2025-08-02 22:00:00,27.4,23.6741966932011,29.932196308984,"Range_24"
2025-08-02 22:00:00,27.8,23.6741966932011,29.0851780140108,"Range_24"
2025-08-02 23:00:00,27.3,23.3640860993076,28.7471905892177,"Range_24"
2025-08-02 23:00:00,27.6,23.3640860993076,28.8407694439121,"Range_24"
2025-08-17,27,25.1589614522446,29.2129322842822,"Range_24"
2025-08-17,27.2,25.1589614522446,27.8680165701909,"Range_24"
2025-08-17 01:00:00,27.2,24.8109527592806,28.1145654797941,"Range_24"
2025-08-17 01:00:00,27.1,24.8109527592806,26.3236029128314,"Range_24"
2025-08-17 02:00:00,26.9,24.4725525026444,27.5642485964211,"Range_24"
2025-08-17 02:00:00,26.8,24.4725525026444,25.9839090148541,"Range_24"
2025-08-17 03:00:00,26.1,24.4596144473117,27.6549490752266,"Range_24"
2025-08-17 03:00:00,26.2,24.4596144473117,26.0921677759454,"Range_24"
2025-08-17 04:00:00,26.6,24.5465169640218,27.7639267894641,"Range_24"
2025-08-17 04:00:00,26.4000000000001,24.5465169640218,27.2337644424655,"Range_24"
2025-08-17 05:00:00,28.7,32.6930939966073,30.1416186593807,"Range_24"
2025-08-17 05:00:00,28.5000000000001,32.6930939966073,30.4867776743306,"Range_24"
2025-08-17 06:00:00,33.3,40.837492414561,30.7126499317132,"Range_24"
2025-08-17 06:00:00,31.6,40.837492414561,30.9959979084727,"Range_24"
2025-08-17 07:00:00,38.3,51.2623776294674,33.7015614301362,"Range_24"
2025-08-17 07:00:00,34.1,51.2623776294674,34.0220954273819,"Range_24"
2025-08-17 08:00:00,41.7,58.0763771906786,36.9947755073141,"Range_24"
2025-08-17 08:00:00,40.9,58.0763771906786,38.1549211359532,"Range_24"
2025-08-17 09:00:00,44.7,61.3929936087206,39.5079300580886,"Range_24"
2025-08-17 09:00:00,44.5,61.3929936087206,42.3081731753775,"Range_24"
2025-08-17 10:00:00,47.4,61.4613988420826,42.1346963291457,"Range_24"
2025-08-17 10:00:00,47.3,61.4613988420826,43.4590329389169,"Range_24"
2025-08-17 11:00:00,48.4,61.4516205180126,45.2186118961397,"Range_24"
2025-08-17 11:00:00,47.5,61.4516205180126,45.1205625894816,"Range_24"
2025-08-17 12:00:00,47.8,57.6570497414255,44.7838606951604,"Range_24"
2025-08-17 12:00:00,46.5,57.6570497414255,44.7118496691148,"Range_24"
2025-08-17 13:00:00,45.8,52.880857087971,44.2256373857493,"Range_24"
2025-08-17 13:00:00,44.7,52.880857087971,44.1370330290125,"Range_24"
2025-08-17 14:00:00,41.6,46.3726896141699,41.7619568869728,"Range_24"
2025-08-17 14:00:00,41.2,46.3726896141699,42.1855395747718,"Range_24"
2025-08-17 15:00:00,37.4,38.9936883232001,39.2102411271195,"Range_24"
2025-08-17 15:00:00,37.8,38.9936883232001,39.199805865943,"Range_24"
2025-08-17 16:00:00,33.4,31.9777468531314,35.836553037643,"Range_24"
2025-08-17 16:00:00,34.2,31.9777468531314,35.3427561484007,"Range_24"
2025-08-17 17:00:00,30.7,28.7817037577851,33.05980827856,"Range_24"
2025-08-17 17:00:00,31.5,28.7817037577851,32.7532236330703,"Range_24"
2025-08-17 18:00:00,29.6,27.9260966851832,31.4308928141467,"Range_24"
2025-08-17 18:00:00,30.4,27.9260966851832,31.1708535511583,"Range_24"
2025-08-17 19:00:00,28.8,27.49863804727,30.6142507488597,"Range_24"
2025-08-17 19:00:00,29.3,27.49863804727,30.3227525455189,"Range_24"
2025-08-17 20:00:00,28.2,27.3763333527422,30.1824562039108,"Range_24"
2025-08-17 20:00:00,28.7,27.3763333527422,29.9572317854184,"Range_24"
2025-08-17 21:00:00,27.6,27.0452205693952,28.8667293702328,"Range_24"
2025-08-17 21:00:00,27.8,27.0452205693952,28.5085843985824,"Range_24"
2025-08-17 22:00:00,27.3,26.1169166984398,28.6911581661959,"Range_24"
2025-08-17 22:00:00,27.6,26.1169166984398,28.1980025603333,"Range_24"
2025-08-17 23:00:00,27.7,25.958434900754,29.1676788480192,"Range_24"
2025-08-17 23:00:00,27.7,25.958434900754,28.8056641130876,"Range_24"
2025-08-18,27.6,25.6600010337084,28.8235023733041,"Range_24"
2025-08-18,27.7,25.6600010337084,28.4468217706906,"Range_24"
2025-08-18 01:00:00,26.7,25.6042668625314,28.4740018491284,"Range_24"
2025-08-18 01:00:00,26.9,25.6042668625314,28.0123763958387,"Range_24"
2025-08-18 02:00:00,26.4,25.359416815457,27.7837145222303,"Range_24"
2025-08-18 02:00:00,26.4,25.359416815457,27.2551726069629,"Range_24"
2025-08-18 03:00:00,26.8,25.3669200352775,27.6397085534737,"Range_24"
2025-08-18 03:00:00,26.7,25.3669200352775,27.1435045801165,"Range_24"
2025-08-18 04:00:00,27.1,25.5326274210534,27.3633056397255,"Range_24"
2025-08-18 04:00:00,26.9,25.5326274210534,27.2152902771466,"Range_24"
2025-08-18 05:00:00,28.6,30.9421703478375,28.3461091738086,"Range_24"
2025-08-18 05:00:00,28.2,30.9421703478375,28.7024683702395,"Range_24"
2025-08-18 06:00:00,32.6,39.4800269772435,29.4290319435585,"Range_24"
2025-08-18 06:00:00,31.8,39.4800269772435,29.5567176492205,"Range_24"
2025-08-18 07:00:00,37.4,51.0362222381642,33.5985354019413,"Range_24"
2025-08-18 07:00:00,34.4,51.0362222381642,33.8848072664961,"Range_24"
2025-08-18 08:00:00,41.3,57.1342001145786,37.0885002268569,"Range_24"
2025-08-18 08:00:00,39.9,57.1342001145786,38.6398996545503,"Range_24"
2025-08-18 09:00:00,44.2,61.3724114691632,40.387042795444,"Range_24"
2025-08-18 09:00:00,42.6,61.3724114691632,42.7653561191187,"Range_24"
2025-08-18 10:00:00,47.7,63.8531304962607,43.3812998182186,"Range_24"
2025-08-18 10:00:00,45.5,63.8531304962607,44.2921000291192,"Range_24"
2025-08-18 11:00:00,49.1,62.6106464225674,46.3323358025272,"Range_24"
2025-08-18 11:00:00,47.1,62.6106464225674,46.1256164806901,"Range_24"
2025-08-18 12:00:00,48.4,58.669090681501,46.7616192025403,"Range_24"
2025-08-18 12:00:00,46.6,58.669090681501,46.7308602886753,"Range_24"
2025-08-18 13:00:00,45.6,52.6836877152617,44.5078658522,"Range_24"
2025-08-18 13:00:00,44.6,52.6836877152617,44.5156330624565,"Range_24"
2025-08-18 14:00:00,41.3,45.9414927008055,41.5909010707987,"Range_24"
2025-08-18 14:00:00,41.3,45.9414927008055,41.9844803304229,"Range_24"
2025-08-18 15:00:00,37.8,38.4150269887,38.882200645956,"Range_24"
2025-08-18 15:00:00,37.7,38.4150269887,38.8777818881515,"Range_24"
2025-08-18 16:00:00,33.8,31.4371019699426,35.3900454799056,"Range_24"
2025-08-18 16:00:00,34.4,31.4371019699426,35.2234425472533,"Range_24"
2025-08-18 17:00:00,30.4,28.2069613197475,32.8731139379252,"Range_24"
2025-08-18 17:00:00,31.2,28.2069613197475,32.5479846176646,"Range_24"
2025-08-18 18:00:00,29.1,27.0538172609241,32.1535723389236,"Range_24"
2025-08-18 18:00:00,29.7,27.0538172609241,31.8268314873218,"Range_24"
2025-08-18 19:00:00,28.1,26.7201324304966,30.7633281709349,"Range_24"
2025-08-18 19:00:00,28.7,26.7201324304966,30.5959342585363,"Range_24"
2025-08-18 20:00:00,27.4,25.7999104330718,30.6123081294294,"Range_24"
2025-08-18 20:00:00,27.9,25.7999104330718,30.377147500327,"Range_24"
2025-08-18 21:00:00,27,25.2596708229003,28.2605225585647,"Range_24"
2025-08-18 21:00:00,27.2,25.2596708229003,27.8627862218359,"Range_24"
2025-08-18 22:00:00,26.5,24.6721917684676,29.3213375146492,"Range_24"
2025-08-18 22:00:00,26.7,24.6721917684676,27.833146643395,"Range_24"
2025-08-18 23:00:00,25.4,24.1811900946706,28.4490685836301,"Range_24"
2025-08-18 23:00:00,25.8,24.1811900946706,27.1178940546584,"Range_24"
2025-08-19,24.5,23.9456449460178,27.8706782315892,"Range_24"
2025-08-19,24.9,23.9456449460178,26.9767601477226,"Range_24"
2025-08-19 01:00:00,24.2,23.4524310708781,27.5925856332111,"Range_24"
2025-08-19 01:00:00,24.4,23.4524310708781,26.8734612940954,"Range_24"
2025-08-19 02:00:00,23.9,23.297488469648,27.5871752828374,"Range_24"
2025-08-19 02:00:00,24,23.297488469648,27.1024531140855,"Range_24"
2025-08-19 03:00:00,23.5,23.0628358335396,27.2660513839195,"Range_24"
2025-08-19 03:00:00,23.6,23.0628358335396,26.7016630954907,"Range_24"
2025-08-19 04:00:00,24.1,22.9541492228277,27.2689233556662,"Range_24"
2025-08-19 04:00:00,23.9,22.9541492228277,27.1593536381064,"Range_24"
2025-08-19 05:00:00,26.9,32.5964898982353,28.5370025363529,"Range_24"
2025-08-19 05:00:00,26.6,32.5964898982353,28.6114741809644,"Range_24"
2025-08-19 06:00:00,31.1,40.2963423080397,29.4273021106233,"Range_24"
2025-08-19 06:00:00,29.9,40.2963423080397,29.8125023998864,"Range_24"
2025-08-19 07:00:00,35.3999999999999,52.2680938909891,33.3844770763235,"Range_24"
2025-08-19 07:00:00,32.1,52.2680938909891,33.6489542684402,"Range_24"
2025-08-19 08:00:00,38.9,60.4394985468903,37.6133804722731,"Range_24"
2025-08-19 08:00:00,38.1,60.4394985468903,38.1264458403972,"Range_24"
2025-08-19 09:00:00,42.8,63.7693477048277,40.1697613629138,"Range_24"
2025-08-19 09:00:00,43.3,63.7693477048277,40.5344350616473,"Range_24"
2025-08-19 10:00:00,47,66.1822329477266,43.5412027119003,"Range_24"
2025-08-19 10:00:00,47.2,66.1822329477266,43.5095987091798,"Range_24"
2025-08-19 11:00:00,48.7,64.4781768529396,46.0339891136272,"Range_24"
2025-08-19 11:00:00,47.8,64.4781768529396,45.3861227120061,"Range_24"
2025-08-19 12:00:00,47.7,60.5135023129572,47.0946135615957,"Range_24"
2025-08-19 12:00:00,46.5,60.5135023129572,47.1375108094422,"Range_24"
2025-08-19 13:00:00,45.7,54.7158406711054,45.7626067815828,"Range_24"
2025-08-19 13:00:00,44.7,54.7158406711054,45.591238766549,"Range_24"
2025-08-19 14:00:00,42.5,47.7696466281509,42.4106293685173,"Range_24"
2025-08-19 14:00:00,42,47.7696466281509,42.6677395557074,"Range_24"
2025-08-19 15:00:00,38.4,40.5204658405142,39.8518090382994,"Range_24"
2025-08-19 15:00:00,38.6,40.5204658405142,40.09128429604,"Range_24"
2025-08-19 16:00:00,33.9,32.9833049837932,36.63311489431,"Range_24"
2025-08-19 16:00:00,34.6,32.9833049837932,36.3914976763715,"Range_24"
2025-08-19 17:00:00,30.8,29.0231475923609,33.3059404788861,"Range_24"
2025-08-19 17:00:00,31.6,29.0231475923609,32.943690280397,"Range_24"
2025-08-19 18:00:00,29.1,28.1375628983605,30.386075555041,"Range_24"
2025-08-19 18:00:00,30,28.1375628983605,30.3041137395174,"Range_24"
2025-08-19 19:00:00,28.1,27.25431686086,31.0023317017152,"Range_24"
2025-08-19 19:00:00,28.8,27.25431686086,30.8435801996312,"Range_24"
2025-08-19 20:00:00,27,26.5774692294547,30.3829355347822,"Range_24"
2025-08-19 20:00:00,27.7,26.5774692294547,30.213326515761,"Range_24"
2025-08-19 21:00:00,26.2,25.8784660322295,28.571342538941,"Range_24"
2025-08-19 21:00:00,26.9,25.8784660322295,27.8405082206159,"Range_24"
2025-08-19 22:00:00,25.5,25.2058546120967,28.6405930543216,"Range_24"
2025-08-19 22:00:00,26.1,25.2058546120967,28.4157806697351,"Range_24"
2025-08-19 23:00:00,25.1,24.6564206359672,27.8700919992153,"Range_24"
2025-08-19 23:00:00,25.5,24.6564206359672,26.9718051245537,"Range_24"
2025-08-20,25.2,24.4224955501976,27.3902164662254,"Range_24"
2025-08-20,25.3,24.4224955501976,26.2822382326557,"Range_24"
2025-08-20 01:00:00,24.6,23.8548826183715,27.1082153140223,"Range_24"
2025-08-20 01:00:00,24.7,23.8548826183715,26.0340031325216,"Range_24"
2025-08-20 02:00:00,24,23.4868994004731,27.4825587328428,"Range_24"
2025-08-20 02:00:00,24.2,23.4868994004731,26.9896169313702,"Range_24"
2025-08-20 03:00:00,23.8,23.1985249248823,27.3785703095175,"Range_24"
2025-08-20 03:00:00,23.9,23.1985249248823,26.6710719489681,"Range_24"
2025-08-20 04:00:00,24.2,23.4422927512806,27.5917808195222,"Range_24"
2025-08-20 04:00:00,24.1,23.4422927512806,27.4975574823086,"Range_24"
2025-08-20 05:00:00,27.6,32.8203605545264,28.231617050044,"Range_24"
2025-08-20 05:00:00,27.1,32.8203605545264,28.3285144207863,"Range_24"
2025-08-20 06:00:00,32.3,41.8072635315022,29.9658604591541,"Range_24"
2025-08-20 06:00:00,31,41.8072635315022,30.3874488611378,"Range_24"
2025-08-20 07:00:00,36.7,54.8047293116056,34.6083072669159,"Range_24"
2025-08-20 07:00:00,33,54.8047293116056,34.99193421733,"Range_24"
2025-08-20 08:00:00,40.3,62.2457148761067,41.3553856383429,"Range_24"
2025-08-20 08:00:00,39.7,62.2457148761067,40.7898487930584,"Range_24"
2025-08-20 09:00:00,44.8,64.416213742389,40.9857180476765,"Range_24"
2025-08-20 09:00:00,45.2,64.416213742389,41.7488536923905,"Range_24"
2025-08-20 10:00:00,48,65.0297465322513,43.1220979323253,"Range_24"
2025-08-20 10:00:00,48.3,65.0297465322513,44.1753586937686,"Range_24"
2025-08-20 11:00:00,49.1,62.4533115743592,44.6112596053457,"Range_24"
2025-08-20 11:00:00,49.3,62.4533115743592,44.4514307234791,"Range_24"
2025-08-20 12:00:00,48.8,58.4353358909681,44.5755297677095,"Range_24"
2025-08-20 12:00:00,48.7,58.4353358909681,44.4746711167178,"Range_24"
2025-08-20 13:00:00,46.6,53.1063821669302,44.2152006753882,"Range_24"
2025-08-20 13:00:00,46.6,53.1063821669302,43.9093005031739,"Range_24"
2025-08-20 14:00:00,43.4,46.7755422865507,41.6148256790403,"Range_24"
2025-08-20 14:00:00,43.6,46.7755422865507,42.0685808443174,"Range_24"
2025-08-20 15:00:00,39,40.0416107995834,39.7740821927644,"Range_24"
2025-08-20 15:00:00,39.6,40.0416107995834,39.9239556002505,"Range_24"
2025-08-20 16:00:00,34.2,32.5206906174885,36.2102593999643,"Range_24"
2025-08-20 16:00:00,35.3,32.5206906174885,36.0361480699911,"Range_24"
2025-08-20 17:00:00,30.7,28.7068445389746,33.4797211648986,"Range_24"
2025-08-20 17:00:00,31.8,28.7068445389746,33.1017088097698,"Range_24"
2025-08-20 18:00:00,29.3,27.5909687194539,31.7805102666641,"Range_24"
2025-08-20 18:00:00,30.2,27.5909687194539,31.5444055268718,"Range_24"
2025-08-20 19:00:00,28.6,26.9298164781693,31.2999980769524,"Range_24"
2025-08-20 19:00:00,29.2,26.9298164781693,31.0398710732396,"Range_24"
2025-08-20 20:00:00,28.1,26.5420002960201,30.6150232549134,"Range_24"
2025-08-20 20:00:00,28.5,26.5420002960201,30.2589714758426,"Range_24"
2025-08-20 21:00:00,28,26.0696278189684,28.5479641410272,"Range_24"
2025-08-20 21:00:00,28.2,26.0696278189684,28.0249711034446,"Range_24"
2025-08-20 22:00:00,27.6,25.6989192411179,28.6068089153124,"Range_24"
2025-08-20 22:00:00,27.8,25.6989192411179,27.9872419103544,"Range_24"
2025-08-20 23:00:00,27.4,25.5212027711279,28.372905141267,"Range_24"
2025-08-20 23:00:00,27.6,25.5212027711279,27.9007621788364,"Range_24"
2025-08-21,26.9,25.2005239489079,29.480578188014,"Range_24"
2025-08-21,27.1,25.2005239489079,28.3463617228723,"Range_24"
2025-08-21 01:00:00,26.2000000000001,25.0721831571125,28.7122098180658,"Range_24"
2025-08-21 01:00:00,26.6,25.0721831571125,27.5020068836538,"Range_24"
2025-08-21 02:00:00,25.5,24.9615438930139,28.0898564775535,"Range_24"
2025-08-21 02:00:00,25.8,24.9615438930139,26.9733300354916,"Range_24"
2025-08-21 03:00:00,25.4,24.9311720582772,28.1848683098008,"Range_24"
2025-08-21 03:00:00,25.5,24.9311720582772,27.1637408114862,"Range_24"
2025-08-21 04:00:00,25.9,25.0761041467903,28.0832865009247,"Range_24"
2025-08-21 04:00:00,25.8,25.0761041467903,27.6887085734664,"Range_24"
2025-08-21 05:00:00,27.8,32.2213054716501,28.5607491574495,"Range_24"
2025-08-21 05:00:00,27.4,32.2213054716501,28.7880821693154,"Range_24"
2025-08-21 06:00:00,31.4,38.8152283440807,28.4407539962481,"Range_24"
2025-08-21 06:00:00,30.6,38.8152283440807,28.7886115772384,"Range_24"
2025-08-21 07:00:00,36.1,44.7474948413612,30.9015003440335,"Range_24"
2025-08-21 07:00:00,33.4,44.7474948413612,30.950803485867,"Range_24"
2025-08-21 08:00:00,38.3,53.7708689698998,33.5678256287511,"Range_24"
2025-08-21 08:00:00,38.6,53.7708689698998,35.2156010423165,"Range_24"
2025-08-21 09:00:00,42.4,58.5738022098925,38.0960740212005,"Range_24"
2025-08-21 09:00:00,43.4,58.5738022098925,40.399988158561,"Range_24"
2025-08-21 10:00:00,45.9,61.8813380997579,41.350394450634,"Range_24"
2025-08-21 10:00:00,46.6,61.8813380997579,42.9821324380003,"Range_24"
2025-08-21 11:00:00,47.6,60.776354187483,44.4112336848059,"Range_24"
2025-08-21 11:00:00,47.8,60.776354187483,44.7349193387475,"Range_24"
2025-08-21 12:00:00,46.9,57.5334730333558,45.019239304488,"Range_24"
2025-08-21 12:00:00,46.9,57.5334730333558,45.1352458910881,"Range_24"
2025-08-21 13:00:00,45.7,52.3361871596029,43.9461658456693,"Range_24"
2025-08-21 13:00:00,45.7,52.3361871596029,44.1862603499851,"Range_24"
2025-08-21 14:00:00,42.4,46.6548806098301,41.1181309966325,"Range_24"
2025-08-21 14:00:00,42.7,46.6548806098301,42.2562612417062,"Range_24"
2025-08-21 15:00:00,38,39.6098346415152,39.5787644792858,"Range_24"
2025-08-21 15:00:00,38.7,39.6098346415152,39.7621889908007,"Range_24"
2025-08-21 16:00:00,33.4,32.2420056069192,36.5701596534491,"Range_24"
2025-08-21 16:00:00,34.6,32.2420056069192,36.3460693839718,"Range_24"
2025-08-21 17:00:00,30.7,28.4540811339382,33.0369796826758,"Range_24"
2025-08-21 17:00:00,31.7,28.4540811339382,32.6915337644899,"Range_24"
2025-08-21 18:00:00,29.4,27.6074288350844,31.7158840666801,"Range_24"
2025-08-21 18:00:00,30.3,27.6074288350844,31.4407699238607,"Range_24"
2025-08-21 19:00:00,28,26.8949865339957,31.3594579701975,"Range_24"
2025-08-21 19:00:00,29,26.8949865339957,31.1087025901601,"Range_24"
2025-08-21 20:00:00,27.2,26.2755378526495,30.2010265424634,"Range_24"
2025-08-21 20:00:00,28,26.2755378526495,30.0639263744165,"Range_24"
2025-08-21 21:00:00,27.1,25.7219009351815,28.7629908345663,"Range_24"
2025-08-21 21:00:00,27.4,25.7219009351815,28.4973664178086,"Range_24"
2025-08-21 22:00:00,26.3,25.508624889861,28.4620159005153,"Range_24"
2025-08-21 22:00:00,26.8,25.508624889861,28.2271481804443,"Range_24"
2025-08-21 23:00:00,26,24.8946322203519,28.8690742539531,"Range_24"
2025-08-21 23:00:00,26.5,24.8946322203519,27.4267597804019,"Range_24"
2025-08-22,25.4,24.6610687693505,28.0004998065434,"Range_24"
2025-08-22,25.8,24.6610687693505,26.8823507195196,"Range_24"
2025-08-22 01:00:00,25.1,24.2035086738612,27.3754660486894,"Range_24"
2025-08-22 01:00:00,25.3,24.2035086738612,26.1725848953304,"Range_24"
2025-08-22 02:00:00,24.7,23.9300812500992,26.948289548671,"Range_24"
2025-08-22 02:00:00,24.7,23.9300812500992,25.9243122303334,"Range_24"
2025-08-22 03:00:00,24.3,23.6618693056703,27.3501216303668,"Range_24"
2025-08-22 03:00:00,24.5,23.6618693056703,27.0643731259988,"Range_24"
2025-08-22 04:00:00,24.9,23.5897859580513,27.4424497005824,"Range_24"
2025-08-22 04:00:00,24.8,23.5897859580513,27.4948724398393,"Range_24"
2025-08-22 05:00:00,27.3,28.2677186483847,26.7707792559018,"Range_24"
2025-08-22 05:00:00,26.9,28.2677186483847,26.8153826561118,"Range_24"
2025-08-22 06:00:00,31.4,32.9467491729567,29.7281231274861,"Range_24"
2025-08-22 06:00:00,30.3,32.9467491729567,29.8496248986187,"Range_24"
2025-08-22 07:00:00,35.9,35.8483269693723,28.9462621231037,"Range_24"
2025-08-22 07:00:00,33.1,35.8483269693723,29.1146517695951,"Range_24"
2025-08-22 08:00:00,38.9,38.1777386491891,36.6475588147021,"Range_24"
2025-08-22 08:00:00,39,38.1777386491891,36.6911311873577,"Range_24"
2025-08-22 09:00:00,43.6,37.9274015416977,38.6874179649646,"Range_24"
2025-08-22 09:00:00,44.2,37.9274015416977,38.7460421805235,"Range_24"
2025-08-22 10:00:00,46.9,42.476434494733,39.7120313521769,"Range_24"
2025-08-22 10:00:00,47.1,42.476434494733,39.7558161160656,"Range_24"
2025-08-22 11:00:00,48.1,57.2101853389836,40.9853383525481,"Range_24"
2025-08-22 11:00:00,47.7,57.2101853389836,40.782734136901,"Range_24"
2025-08-22 12:00:00,47.5,56.3165544051821,43.7796829007262,"Range_24"
2025-08-22 12:00:00,47.1,56.3165544051821,43.8440836687884,"Range_24"
2025-08-22 13:00:00,45.7,52.4275474070117,43.0035335386588,"Range_24"
2025-08-22 13:00:00,45.2,52.4275474070117,43.2163572162066,"Range_24"
2025-08-22 14:00:00,42.6,46.5025705080308,40.7995420079332,"Range_24"
2025-08-22 14:00:00,42.5,46.5025705080308,41.8531900469359,"Range_24"
2025-08-22 15:00:00,39.1,39.338423669171,39.0234699452802,"Range_24"
2025-08-22 15:00:00,39.3,39.338423669171,39.2803288370161,"Range_24"
2025-08-22 16:00:00,34.3,32.0135552794981,36.2733481127041,"Range_24"
2025-08-22 16:00:00,35.1,32.0135552794981,36.132021839592,"Range_24"
2025-08-22 17:00:00,31.1,28.570345106972,33.053856508244,"Range_24"
2025-08-22 17:00:00,32,28.570345106972,32.8059445021729,"Range_24"
2025-08-22 18:00:00,30.1,27.6626861517092,31.7269954834038,"Range_24"
2025-08-22 18:00:00,30.8,27.6626861517092,31.5064554984752,"Range_24"
2025-08-22 19:00:00,29,27.1321866194959,30.7012656231813,"Range_24"
2025-08-22 19:00:00,29.7,27.1321866194959,30.396831083192,"Range_24"
2025-08-22 20:00:00,28,26.7793863622112,30.2604503408969,"Range_24"
2025-08-22 20:00:00,28.5,26.7793863622112,29.9928916388237,"Range_24"
2025-08-22 21:00:00,27.1,26.1355535116626,28.884717296259,"Range_24"
2025-08-22 21:00:00,27.6,26.1355535116626,28.5378218384328,"Range_24"
2025-08-22 22:00:00,26.5,25.49261527039,28.3447871652204,"Range_24"
2025-08-22 22:00:00,26.9,25.49261527039,27.9324201890233,"Range_24"
2025-08-22 23:00:00,25.9,24.9273257899213,27.5443112169038,"Range_24"
2025-08-22 23:00:00,26.2,24.9273257899213,27.1338886399365,"Range_24"
2025-08-23,25.8,24.6740986397352,27.2019469817382,"Range_24"
2025-08-23,25.9,24.6740986397352,26.6874568350766,"Range_24"
2025-08-23 01:00:00,25.4,24.2266529594883,27.2601751992062,"Range_24"
2025-08-23 01:00:00,25.4,24.2266529594883,26.5657691125872,"Range_24"
2025-08-23 02:00:00,25.6,24.0551597837055,26.953783284117,"Range_24"
2025-08-23 02:00:00,25.4,24.0551597837055,26.2707910806802,"Range_24"
2025-08-23 03:00:00,25.2,23.9233282115639,26.8730009334197,"Range_24"
2025-08-23 03:00:00,25.1,23.9233282115639,26.1749057494076,"Range_24"
2025-08-23 04:00:00,25.7,24.1092175921667,27.3176665342626,"Range_24"
2025-08-23 04:00:00,25.2,24.1092175921667,27.0351152624556,"Range_24"
2025-08-23 05:00:00,27.4,32.2418660882237,27.7854959033892,"Range_24"
2025-08-23 05:00:00,26.8,32.2418660882237,27.8955719355451,"Range_24"
2025-08-23 06:00:00,31,37.8426302955391,27.5221486391706,"Range_24"
2025-08-23 06:00:00,30.4,37.8426302955391,28.0009291431416,"Range_24"
2025-08-23 07:00:00,35.6000000000001,50.9974007541512,32.4287013044955,"Range_24"
2025-08-23 07:00:00,33.2000000000001,50.9974007541512,32.7621174331961,"Range_24"
2025-08-23 08:00:00,38.3,60.1374856003457,37.4662995798168,"Range_24"
2025-08-23 08:00:00,39,60.1374856003457,38.3209209001464,"Range_24"
2025-08-23 09:00:00,43.1,63.1660228998381,39.8042478519436,"Range_24"
2025-08-23 09:00:00,44.1,63.1660228998381,41.232485151701,"Range_24"
2025-08-23 10:00:00,46,63.6930060727946,42.7182424540917,"Range_24"
2025-08-23 10:00:00,47.2,63.6930060727946,43.7761388202211,"Range_24"
2025-08-23 11:00:00,47.3,61.587765676139,44.2225965031856,"Range_24"
2025-08-23 11:00:00,48.4,61.587765676139,44.3751027587916,"Range_24"
2025-08-23 12:00:00,47.8,57.8044097772833,43.0371997630081,"Range_24"
2025-08-23 12:00:00,48.1,57.8044097772833,43.0216883723248,"Range_24"
2025-08-23 13:00:00,46,53.6993957772777,43.2782351006013,"Range_24"
2025-08-23 13:00:00,46,53.6993957772777,43.2201662771373,"Range_24"
2025-08-23 14:00:00,43.2,47.7843233584047,39.7895595876509,"Range_24"
2025-08-23 14:00:00,43.4,47.7843233584047,39.599133885358,"Range_24"
2025-08-23 15:00:00,39.5,40.8470255167793,37.7693710707783,"Range_24"
2025-08-23 15:00:00,40.1,40.8470255167793,37.7380274881384,"Range_24"
2025-08-23 16:00:00,34.7,33.627217621093,34.632146990156,"Range_24"
2025-08-23 16:00:00,35.9,33.627217621093,34.1036698643018,"Range_24"
2025-08-23 17:00:00,31.3,30.0020626774807,33.551636520143,"Range_24"
2025-08-23 17:00:00,32.4,30.0020626774807,32.476436861144,"Range_24"
2025-08-23 18:00:00,29.8,29.0192764108071,31.7462315452146,"Range_24"
2025-08-23 18:00:00,30.6,29.0192764108071,31.1766352188435,"Range_24"
2025-08-23 19:00:00,28.6,28.1205220581003,30.8982414914437,"Range_24"
2025-08-23 19:00:00,29.2,28.1205220581003,30.6773376533592,"Range_24"
2025-08-23 20:00:00,28.1,27.421197827889,30.0819235783671,"Range_24"
2025-08-23 20:00:00,28.4,27.421197827889,29.8822710202504,"Range_24"
2025-08-23 21:00:00,27.2,26.8762553341107,29.1905579068274,"Range_24"
2025-08-23 21:00:00,27.6,26.8762553341107,29.0028745267085,"Range_24"
2025-08-23 22:00:00,26.7,26.3478972558868,29.1965165249406,"Range_24"
2025-08-23 22:00:00,27,26.3478972558868,29.0098973942135,"Range_24"
2025-08-23 23:00:00,26.2,25.8660578606037,28.4986959194392,"Range_24"
2025-08-23 23:00:00,26.3,25.8660578606037,28.25913273222,"Range_24"
2025-08-24,25.7,25.6539815544514,28.1130461697927,"Range_24"
2025-08-24,25.8,25.6539815544514,28.0281247213425,"Range_24"
2025-08-24 01:00:00,25.1,25.1035854100855,27.6993892335762,"Range_24"
2025-08-24 01:00:00,25.2,25.1035854100855,27.6806206089294,"Range_24"
2025-08-24 02:00:00,24.7,24.9941788220377,27.317838715951,"Range_24"
2025-08-24 02:00:00,24.7,24.9941788220377,27.4476734266141,"Range_24"
2025-08-24 03:00:00,24.3,24.9012872765371,27.5837802310423,"Range_24"
2025-08-24 03:00:00,24.3,24.9012872765371,27.6526826949302,"Range_24"
2025-08-24 04:00:00,24.5,24.7557405258807,27.3885521328957,"Range_24"
2025-08-24 04:00:00,24.3,24.7557405258807,27.4120202714094,"Range_24"
2025-08-24 05:00:00,26.6,32.2221448310855,28.1281746682179,"Range_24"
2025-08-24 05:00:00,26.1,32.2221448310855,28.3165990462435,"Range_24"
2025-08-24 06:00:00,30.9,39.0544571738608,28.8484139010643,"Range_24"
2025-08-24 06:00:00,29.5,39.0544571738608,29.2000582525557,"Range_24"
2025-08-24 07:00:00,34.9,50.9103367315963,35.166428607943,"Range_24"
2025-08-24 07:00:00,32.7,50.9103367315963,35.0666740551724,"Range_24"
2025-08-24 08:00:00,37.4,57.4224502646818,36.420841548944,"Range_24"
2025-08-24 08:00:00,38.5,57.4224502646818,37.3877281213995,"Range_24"
2025-08-24 09:00:00,41.6,62.9209647014456,40.2246093643505,"Range_24"
2025-08-24 09:00:00,42.4,62.9209647014456,41.5558388880084,"Range_24"
2025-08-24 10:00:00,44.2,65.0028683458034,42.8530052040884,"Range_24"
2025-08-24 10:00:00,45.7,65.0028683458034,43.6600730887722,"Range_24"
2025-08-24 11:00:00,45.9,63.8627761747713,45.9533518034546,"Range_24"
2025-08-24 11:00:00,47.1,63.8627761747713,45.7808140501844,"Range_24"
2025-08-24 12:00:00,46.2,59.9017200000162,46.168209515464,"Range_24"
2025-08-24 12:00:00,47.2,59.9017200000162,46.1661355012238,"Range_24"
2025-08-24 13:00:00,45,53.5124107134116,44.0003250101815,"Range_24"
2025-08-24 13:00:00,45.8,53.5124107134116,43.9284040025815,"Range_24"
2025-08-24 14:00:00,42.2,46.0978679727124,41.5259988222613,"Range_24"
2025-08-24 14:00:00,43.1,46.0978679727124,41.9367454682469,"Range_24"
2025-08-24 15:00:00,38.1,38.87555282133,39.2098479600828,"Range_24"
2025-08-24 15:00:00,39.1,38.87555282133,39.3061916822896,"Range_24"
2025-08-24 16:00:00,33.5,32.0134622880883,36.6209455733989,"Range_24"
2025-08-24 16:00:00,34.6999999999999,32.0134622880883,36.5880419188907,"Range_24"
2025-08-24 17:00:00,30.7,28.8152771176955,33.4561879976268,"Range_24"
2025-08-24 17:00:00,31.7,28.8152771176955,33.3818535951115,"Range_24"
2025-08-24 18:00:00,29.7,28.0197874569357,32.3733760489663,"Range_24"
2025-08-24 18:00:00,30.4,28.0197874569357,32.2595435546221,"Range_24"
2025-08-24 19:00:00,29.1,27.4977273398378,31.2678518802071,"Range_24"
2025-08-24 19:00:00,29.6,27.4977273398378,31.0275546915958,"Range_24"
2025-08-24 20:00:00,28.4,26.6040312286374,30.3921449604596,"Range_24"
2025-08-24 20:00:00,28.7,26.6040312286374,30.1097715826882,"Range_24"
2025-08-24 21:00:00,28.2,26.3288530309224,27.816587191178,"Range_24"
2025-08-24 21:00:00,28.4,26.3288530309224,27.3814051561958,"Range_24"
2025-08-24 22:00:00,27.8,25.6678494149692,28.4598981091776,"Range_24"
2025-08-24 22:00:00,27.9,25.6678494149692,27.7427809130799,"Range_24"
2025-08-24 23:00:00,27.7,25.4549379534627,28.1586488025889,"Range_24"
2025-08-24 23:00:00,27.7,25.4549379534627,27.5924217501172,"Range_24"
2025-08-25,26.2,25.2588597899491,27.7182051379621,"Range_24"
2025-08-25,26.4,25.2588597899491,27.2264988370436,"Range_24"
2025-08-25 01:00:00,25.9,24.9536929490822,29.0691518312128,"Range_24"
2025-08-25 01:00:00,26,24.9536929490822,28.5747049659857,"Range_24"
2025-08-25 02:00:00,25.5,25.0126629449846,28.8491895779139,"Range_24"
2025-08-25 02:00:00,25.6,25.0126629449846,28.5086412284117,"Range_24"
2025-08-25 03:00:00,25.2,25.0653428038058,28.6310938004433,"Range_24"
2025-08-25 03:00:00,25.2,25.0653428038058,28.4834339999521,"Range_24"
2025-08-25 04:00:00,25.6,25.1157229142999,27.7369637011273,"Range_24"
2025-08-25 04:00:00,25.4,25.1157229142999,27.8024934218089,"Range_24"
2025-08-25 05:00:00,27.8,32.3649144696541,29.7155845168771,"Range_24"
2025-08-25 05:00:00,27.5,32.3649144696541,29.8255287767152,"Range_24"
2025-08-25 06:00:00,31.9,38.7560572116279,28.6727010357275,"Range_24"
2025-08-25 06:00:00,30.6,38.7560572116279,28.9498387069868,"Range_24"
2025-08-25 07:00:00,35.6,46.2390168101898,30.8880301271901,"Range_24"
2025-08-25 07:00:00,34.2,46.2390168101898,31.125930675164,"Range_24"
2025-08-25 08:00:00,37.7,51.589842270954,34.195152142018,"Range_24"
2025-08-25 08:00:00,38.4,51.589842270954,34.9513235203945,"Range_24"
2025-08-25 09:00:00,41.4,56.4051564556182,36.2014991318757,"Range_24"
2025-08-25 09:00:00,41.9,56.4051564556182,38.1847940789289,"Range_24"
2025-08-25 10:00:00,43.8,61.1418293912905,41.6135998318123,"Range_24"
2025-08-25 10:00:00,45,61.1418293912905,43.1943800592423,"Range_24"
2025-08-25 11:00:00,44.4,60.8170623621163,43.4416590678456,"Range_24"
2025-08-25 11:00:00,45.8,60.8170623621163,43.8680476334326,"Range_24"
2025-08-25 12:00:00,44.4,57.9867566095162,44.7308623056773,"Range_24"
2025-08-25 12:00:00,45.6,57.9867566095162,44.8118478900983,"Range_24"
2025-08-25 13:00:00,43.5,52.9901296750415,43.4942779186219,"Range_24"
2025-08-25 13:00:00,44.9,52.9901296750415,43.680939431853,"Range_24"
2025-08-25 14:00:00,41.1,46.3526769021637,41.2590361991971,"Range_24"
2025-08-25 14:00:00,42.5,46.3526769021637,42.0667073914904,"Range_24"
2025-08-25 15:00:00,37.1,38.9563363471479,39.2776464562313,"Range_24"
2025-08-25 15:00:00,38.6,38.9563363471479,39.4770623558675,"Range_24"
2025-08-25 16:00:00,32.7,31.7166528079456,36.7352908543838,"Range_24"
2025-08-25 16:00:00,34.3,31.7166528079456,37.051620645767,"Range_24"
2025-08-25 17:00:00,30.2,28.415023500476,33.7864353961371,"Range_24"
2025-08-25 17:00:00,31.4,28.415023500476,33.7144796339542,"Range_24"
2025-08-25 18:00:00,29.2,27.3996904649203,32.2342251975331,"Range_24"
2025-08-25 18:00:00,29.9,27.3996904649203,32.1216235776399,"Range_24"
2025-08-25 19:00:00,28.7,26.9090719289748,31.1395331979652,"Range_24"
2025-08-25 19:00:00,29.1,26.9090719289748,30.9696268754596,"Range_24"
2025-08-25 20:00:00,28.6,26.537313020958,30.9174733108055,"Range_24"
2025-08-25 20:00:00,28.9,26.537313020958,30.6298508639171,"Range_24"
2025-08-25 21:00:00,28.4,26.2482837676379,28.7639779200857,"Range_24"
2025-08-25 21:00:00,28.4,26.2482837676379,28.3827548343596,"Range_24"
2025-08-25 22:00:00,28,24.5949207382751,29.6690510137261,"Range_24"
2025-08-25 22:00:00,27.9,24.5949207382751,29.257233153226,"Range_24"
2025-08-25 23:00:00,27.8,24.0913156388122,29.6231349811696,"Range_24"
2025-08-25 23:00:00,27.7,24.0913156388122,29.2631721362194,"Range_24"
2025-08-26,27.5,23.9677134589435,29.1384341548167,"Range_24"
2025-08-26,27.4,23.9677134589435,28.7358997804178,"Range_24"
2025-08-26 01:00:00,26.6,23.6654002058816,28.818613141114,"Range_24"
2025-08-26 01:00:00,26.9,23.6654002058816,28.8281608028493,"Range_24"
2025-08-26 02:00:00,25.5,23.4144261517069,28.352357740379,"Range_24"
2025-08-26 02:00:00,25.8,23.4144261517069,28.4828628335651,"Range_24"
2025-08-26 03:00:00,25.1,23.3219645058235,28.1493605068019,"Range_24"
2025-08-26 03:00:00,25.4,23.3219645058235,28.3035312815378,"Range_24"
2025-08-26 04:00:00,25.8,23.2044169984744,27.3321982258283,"Range_24"
2025-08-26 04:00:00,25.7,23.2044169984744,27.4539874637765,"Range_24"
2025-08-26 05:00:00,28.5,25.793393281319,26.8977368914481,"Range_24"
2025-08-26 05:00:00,28.3,25.793393281319,26.9236242142159,"Range_24"
2025-05-25 10:00:00,41,46.5112278224567,38.9391775794351,"Rosh_HaNikra"
2025-05-25 10:00:00,43.4,46.5112278224567,39.0279520373222,"Rosh_HaNikra"
2025-05-25 11:00:00,41.8,54.2284763837058,35.1688839701977,"Rosh_HaNikra"
2025-05-25 11:00:00,43.7,54.2284763837058,42.7008557062443,"Rosh_HaNikra"
2025-05-25 12:00:00,41.5,51.6581082200716,41.5864906001176,"Rosh_HaNikra"
2025-05-25 12:00:00,43.6,51.6581082200716,41.6494548665019,"Rosh_HaNikra"
2025-05-25 13:00:00,40.1,48.4151025599498,41.5643198639415,"Rosh_HaNikra"
2025-05-25 13:00:00,42.1,48.4151025599498,40.2239104410534,"Rosh_HaNikra"
2025-05-25 14:00:00,38.2,42.2625410208718,39.9932510887466,"Rosh_HaNikra"
2025-05-25 14:00:00,38.9,42.2625410208718,38.7399629715843,"Rosh_HaNikra"
2025-05-25 15:00:00,35.6,34.273799665246,34.421343007862,"Rosh_HaNikra"
2025-05-25 15:00:00,36.2,34.273799665246,34.2889700923734,"Rosh_HaNikra"
2025-05-25 16:00:00,32.5,25.1364760643267,31.3006869897882,"Rosh_HaNikra"
2025-05-25 16:00:00,32.6,25.1364760643267,29.9351581663301,"Rosh_HaNikra"
2025-05-25 17:00:00,29.6,21.4475374584313,27.5884168631753,"Rosh_HaNikra"
2025-05-25 17:00:00,29.4,21.4475374584313,25.839937814889,"Rosh_HaNikra"
2025-05-25 18:00:00,27.8,20.5826506583689,26.5827028372212,"Rosh_HaNikra"
2025-05-25 18:00:00,27.4,20.5826506583689,24.9806482635255,"Rosh_HaNikra"
2025-05-25 19:00:00,25.7,20.3043866037208,25.5169901676738,"Rosh_HaNikra"
2025-05-25 19:00:00,25.3,20.3043866037208,24.1114332899468,"Rosh_HaNikra"
2025-05-25 20:00:00,24.1,20.0186921590368,24.8287273667204,"Rosh_HaNikra"
2025-05-25 20:00:00,23.6,20.0186921590368,23.734905920092,"Rosh_HaNikra"
2025-05-25 21:00:00,22.8,19.5457066222143,23.1812099259591,"Rosh_HaNikra"
2025-05-25 21:00:00,22.4,19.5457066222143,22.2153819421822,"Rosh_HaNikra"
2025-05-25 22:00:00,21.7,19.0682577477986,22.5525018951997,"Rosh_HaNikra"
2025-05-25 22:00:00,21.3,19.0682577477986,21.709877996424,"Rosh_HaNikra"
2025-05-25 23:00:00,20.7,18.8591352030755,22.3878823092211,"Rosh_HaNikra"
2025-05-25 23:00:00,20.4,18.8591352030755,21.4845745545231,"Rosh_HaNikra"
2025-05-26,20,18.795888827599,21.9917892761254,"Rosh_HaNikra"
2025-05-26,19.7,18.795888827599,20.9949033533253,"Rosh_HaNikra"
2025-05-26 01:00:00,19.5,18.995303508722,21.4574409014934,"Rosh_HaNikra"
2025-05-26 01:00:00,19.3,18.995303508722,21.082355474213,"Rosh_HaNikra"
2025-05-26 02:00:00,18.9,19.0513363976838,21.3667984098947,"Rosh_HaNikra"
2025-05-26 02:00:00,18.7,19.0513363976838,20.5280151722441,"Rosh_HaNikra"
2025-05-26 03:00:00,18.6,18.6975424126078,21.010122871351,"Rosh_HaNikra"
2025-05-26 03:00:00,18.4,18.6975424126078,20.3400662008316,"Rosh_HaNikra"
2025-05-26 04:00:00,19.3,22.1528719169476,21.9859696424332,"Rosh_HaNikra"
2025-05-26 04:00:00,19.2,22.1528719169476,22.0079844209084,"Rosh_HaNikra"
2025-05-26 05:00:00,22.3,26.19523269589,23.6066235924406,"Rosh_HaNikra"
2025-05-26 05:00:00,22.6,26.19523269589,23.8684677826396,"Rosh_HaNikra"
2025-05-26 06:00:00,26,31.064149996183,25.7164593737739,"Rosh_HaNikra"
2025-05-26 06:00:00,26.3,31.064149996183,27.231193006057,"Rosh_HaNikra"
2025-05-26 07:00:00,29.4,34.8604412780209,30.9112437198114,"Rosh_HaNikra"
2025-05-26 07:00:00,29.9,34.8604412780209,31.6596092032131,"Rosh_HaNikra"
2025-05-26 08:00:00,33,35.9599911777293,35.1889652010853,"Rosh_HaNikra"
2025-05-26 08:00:00,33.7,35.9599911777293,35.582511499903,"Rosh_HaNikra"
2025-05-26 09:00:00,33.9,37.4950932673858,37.8887031153137,"Rosh_HaNikra"
2025-05-26 09:00:00,38.2,37.4950932673858,37.9678861541211,"Rosh_HaNikra"
2025-05-26 10:00:00,36.3,46.5485696253633,41.0760077201346,"Rosh_HaNikra"
2025-05-26 10:00:00,41.1,46.5485696253633,41.4179115380679,"Rosh_HaNikra"
2025-05-26 11:00:00,38,54.7964530184946,35.1857169090448,"Rosh_HaNikra"
2025-05-26 11:00:00,43.1,54.7964530184946,43.3752200061094,"Rosh_HaNikra"
2025-05-26 12:00:00,37.8,52.9222247671343,43.3268859834389,"Rosh_HaNikra"
2025-05-26 12:00:00,42.8,52.9222247671343,43.3285802180178,"Rosh_HaNikra"
2025-05-26 13:00:00,37.6,46.9760062735649,42.4977668384279,"Rosh_HaNikra"
2025-05-26 13:00:00,41,46.9760062735649,41.4645028305702,"Rosh_HaNikra"
2025-05-26 14:00:00,36.7,40.9268536095261,37.4264713365046,"Rosh_HaNikra"
2025-05-26 14:00:00,38.6,40.9268536095261,37.6552264027192,"Rosh_HaNikra"
2025-05-26 15:00:00,35.1,34.3946388974813,34.2642365415912,"Rosh_HaNikra"
2025-05-26 15:00:00,36.3,34.3946388974813,34.2471142879502,"Rosh_HaNikra"
2025-05-26 16:00:00,32.8,25.8770365527467,32.6172547567791,"Rosh_HaNikra"
2025-05-26 16:00:00,33.4,25.8770365527467,30.2578722023511,"Rosh_HaNikra"
2025-05-26 17:00:00,30,22.0143302936686,28.6641057966827,"Rosh_HaNikra"
2025-05-26 17:00:00,30,22.0143302936686,26.6747466522098,"Rosh_HaNikra"
2025-05-26 18:00:00,28.1,20.8869864283689,26.9633876100738,"Rosh_HaNikra"
2025-05-26 18:00:00,28,20.8869864283689,25.5453684408176,"Rosh_HaNikra"
2025-05-26 19:00:00,26.5,20.3192232644165,25.4909515595432,"Rosh_HaNikra"
2025-05-26 19:00:00,26.4,20.3192232644165,24.7790008362474,"Rosh_HaNikra"
2025-05-26 20:00:00,25.3,19.5067450901553,24.6720506698279,"Rosh_HaNikra"
2025-05-26 20:00:00,25.2,19.5067450901553,24.2395747567293,"Rosh_HaNikra"
2025-05-26 21:00:00,24.5,18.8955735925292,22.2440948131972,"Rosh_HaNikra"
2025-05-26 21:00:00,24.4,18.8955735925292,21.8959305471044,"Rosh_HaNikra"
2025-05-26 22:00:00,24,18.7352435452818,21.9961393275332,"Rosh_HaNikra"
2025-05-26 22:00:00,24,18.7352435452818,22.1480231014172,"Rosh_HaNikra"
2025-05-26 23:00:00,23.4,18.9677451534596,22.3266317662923,"Rosh_HaNikra"
2025-05-26 23:00:00,23.4,18.9677451534596,22.4350002191701,"Rosh_HaNikra"
2025-05-27,24.2,19.1159217507615,22.0355176772414,"Rosh_HaNikra"
2025-05-27,24.2,19.1159217507615,21.477266535679,"Rosh_HaNikra"
2025-05-27 01:00:00,24.1,20.3206253185551,24.0484934428623,"Rosh_HaNikra"
2025-05-27 01:00:00,24.2,20.3206253185551,23.5239381592966,"Rosh_HaNikra"
2025-05-27 02:00:00,24.2,20.4115539459606,24.1522637351293,"Rosh_HaNikra"
2025-05-27 02:00:00,24.3,20.4115539459606,23.6699345368596,"Rosh_HaNikra"
2025-05-27 03:00:00,24.2,20.5673658544355,24.044142123777,"Rosh_HaNikra"
2025-05-27 03:00:00,24.3,20.5673658544355,23.9047050823616,"Rosh_HaNikra"
2025-05-27 04:00:00,24.4,23.0447232961967,23.9314965972114,"Rosh_HaNikra"
2025-05-27 04:00:00,24.5,23.0447232961967,23.9989990034494,"Rosh_HaNikra"
2025-05-27 05:00:00,25.3,24.9212803938575,25.2213170189863,"Rosh_HaNikra"
2025-05-27 05:00:00,25.4,24.9212803938575,25.8770075370049,"Rosh_HaNikra"
2025-05-27 06:00:00,27.7,25.5027488940216,25.4609687090966,"Rosh_HaNikra"
2025-05-27 06:00:00,27.8,25.5027488940216,26.2245218840399,"Rosh_HaNikra"
2025-05-27 07:00:00,30.7,26.7709186449236,26.4081219210087,"Rosh_HaNikra"
2025-05-27 07:00:00,30.6,26.7709186449236,27.4844823071774,"Rosh_HaNikra"
2025-05-27 08:00:00,33.8,30.1428175014976,32.2423044877945,"Rosh_HaNikra"
2025-05-27 08:00:00,33.8,30.1428175014976,33.1773121294046,"Rosh_HaNikra"
2025-05-27 09:00:00,36.6,35.0796256335048,38.9955924923994,"Rosh_HaNikra"
2025-05-27 09:00:00,36.5,35.0796256335048,39.6866928809878,"Rosh_HaNikra"
2025-05-27 10:00:00,39.2,45.0340169699252,37.1831713980856,"Rosh_HaNikra"
2025-05-27 10:00:00,38.9,45.0340169699252,37.3967087860837,"Rosh_HaNikra"
2025-05-27 11:00:00,40.3,47.4111384721175,39.2506238432255,"Rosh_HaNikra"
2025-05-27 11:00:00,40.1,47.4111384721175,39.5857999154058,"Rosh_HaNikra"
2025-05-27 12:00:00,40.6,45.0906680776963,37.9683109417979,"Rosh_HaNikra"
2025-05-27 12:00:00,40.6,45.0906680776963,38.2653047942477,"Rosh_HaNikra"
2025-05-27 13:00:00,39.5,41.0561658384312,34.9190034894988,"Rosh_HaNikra"
2025-05-27 13:00:00,39.6,41.0561658384312,37.0584653505675,"Rosh_HaNikra"
2025-05-27 14:00:00,37.7,34.9328293075715,33.8008155493096,"Rosh_HaNikra"
2025-05-27 14:00:00,36.9,34.9328293075715,34.7033348834863,"Rosh_HaNikra"
2025-05-27 15:00:00,35.4,28.8443793759082,31.0115301056214,"Rosh_HaNikra"
2025-05-27 15:00:00,34.6,28.8443793759082,31.4131467240669,"Rosh_HaNikra"
2025-05-27 16:00:00,33,21.7855962960541,29.3149094377768,"Rosh_HaNikra"
2025-05-27 16:00:00,32,21.7855962960541,28.9484858030152,"Rosh_HaNikra"
2025-05-27 17:00:00,29.9,18.7982255575787,25.8449396839073,"Rosh_HaNikra"
2025-05-27 17:00:00,29,18.7982255575787,25.3405344655378,"Rosh_HaNikra"
2025-05-27 18:00:00,27.8,18.18192848033,24.161273118525,"Rosh_HaNikra"
2025-05-27 18:00:00,27.1,18.18192848033,23.6679364993706,"Rosh_HaNikra"
2025-05-27 19:00:00,26.6,17.7289853338076,22.8747989689824,"Rosh_HaNikra"
2025-05-27 19:00:00,26,17.7289853338076,22.7926350003085,"Rosh_HaNikra"
2025-05-27 20:00:00,25.5,17.3021374640703,21.8146577778553,"Rosh_HaNikra"
2025-05-27 20:00:00,25,17.3021374640703,21.851629136631,"Rosh_HaNikra"
2025-05-27 21:00:00,24.7,17.1257025984034,21.6497168680245,"Rosh_HaNikra"
2025-05-27 21:00:00,24.2,17.1257025984034,21.8891866368357,"Rosh_HaNikra"
2025-05-27 22:00:00,24.1,17.6142014715625,21.4579283445821,"Rosh_HaNikra"
2025-05-27 22:00:00,23.8,17.6142014715625,21.6616660972968,"Rosh_HaNikra"
2025-05-27 23:00:00,23.6,17.3808239288402,21.2141067605314,"Rosh_HaNikra"
2025-05-27 23:00:00,23.3,17.3808239288402,21.4123177604209,"Rosh_HaNikra"
2025-05-28,23.3,17.2659818013502,21.0420884697128,"Rosh_HaNikra"
2025-05-28,23,17.2659818013502,21.2599133456869,"Rosh_HaNikra"
2025-05-28 01:00:00,23.1,17.1641450226117,21.0390110602353,"Rosh_HaNikra"
2025-05-28 01:00:00,22.9,17.1641450226117,21.2372955752138,"Rosh_HaNikra"
2025-05-28 02:00:00,22.9,16.9562551835992,20.8428284079556,"Rosh_HaNikra"
2025-05-28 02:00:00,22.8,16.9562551835992,20.9704947842306,"Rosh_HaNikra"
2025-05-28 03:00:00,22.6,17.090983957077,20.8119266995107,"Rosh_HaNikra"
2025-05-28 03:00:00,22.4,17.090983957077,20.9668967128735,"Rosh_HaNikra"
2025-05-28 04:00:00,23,19.5965117487194,19.7945141534315,"Rosh_HaNikra"
2025-05-28 04:00:00,23,19.5965117487194,19.9835066925345,"Rosh_HaNikra"
2025-05-28 05:00:00,24.3,22.2861436484987,22.3633355348478,"Rosh_HaNikra"
2025-05-28 05:00:00,24.3,22.2861436484987,23.4675785535402,"Rosh_HaNikra"
2025-05-28 06:00:00,26.7,24.7430310847065,25.1524057165769,"Rosh_HaNikra"
2025-05-28 06:00:00,26.7,24.7430310847065,26.7789536462204,"Rosh_HaNikra"
2025-05-28 07:00:00,29.6,25.6063272787338,25.7168924756995,"Rosh_HaNikra"
2025-05-28 07:00:00,29.5,25.6063272787338,27.4195328369228,"Rosh_HaNikra"
2025-05-28 08:00:00,32.4,26.8447993107539,28.3852664605917,"Rosh_HaNikra"
2025-05-28 08:00:00,32.5,26.8447993107539,29.8055057909971,"Rosh_HaNikra"
2025-05-28 09:00:00,35.6,28.3558202303953,32.8118316656778,"Rosh_HaNikra"
2025-05-28 09:00:00,35.8,28.3558202303953,33.6397110506882,"Rosh_HaNikra"
2025-05-28 10:00:00,38.1,29.7747179546899,35.0506376257131,"Rosh_HaNikra"
2025-05-28 10:00:00,38,29.7747179546899,35.7494217762876,"Rosh_HaNikra"
2025-05-28 11:00:00,38.7,29.059412327379,38.6092729666386,"Rosh_HaNikra"
2025-05-28 11:00:00,38.9,29.059412327379,38.4193354863215,"Rosh_HaNikra"
2025-05-28 12:00:00,38.7,27.8606131883877,37.4367969395367,"Rosh_HaNikra"
2025-05-28 12:00:00,38.9,27.8606131883877,37.2483597021382,"Rosh_HaNikra"
2025-05-28 13:00:00,37.5,26.0930077965584,26.4198209319795,"Rosh_HaNikra"
2025-05-28 13:00:00,38.2,26.0930077965584,26.5543933956659,"Rosh_HaNikra"
2025-05-28 14:00:00,36,24.4780336186301,30.474119451811,"Rosh_HaNikra"
2025-05-28 14:00:00,35.8,24.4780336186301,31.2835175637257,"Rosh_HaNikra"
2025-05-28 15:00:00,33.7,21.6469025139504,26.6447589989296,"Rosh_HaNikra"
2025-05-28 15:00:00,33.4,21.6469025139504,27.6453052819578,"Rosh_HaNikra"
2025-05-28 16:00:00,31.3000000000001,18.8437609013775,26.4399740143307,"Rosh_HaNikra"
2025-05-28 16:00:00,30.9,18.8437609013775,25.8834560927463,"Rosh_HaNikra"
2025-05-28 17:00:00,28.7,18.0988842575937,24.8424561043064,"Rosh_HaNikra"
2025-05-28 17:00:00,28.3,18.0988842575937,24.2445918786669,"Rosh_HaNikra"
2025-05-28 18:00:00,27,18.0258413666249,24.1300242891179,"Rosh_HaNikra"
2025-05-28 18:00:00,26.6,18.0258413666249,23.7122207600787,"Rosh_HaNikra"
2025-05-28 19:00:00,25.8,17.934337936144,23.5175775843788,"Rosh_HaNikra"
2025-05-28 19:00:00,25.4,17.934337936144,23.444741322509,"Rosh_HaNikra"
2025-05-28 20:00:00,24.9,17.8818751342043,23.4389321554669,"Rosh_HaNikra"
2025-05-28 20:00:00,24.5,17.8818751342043,23.402238528061,"Rosh_HaNikra"
2025-05-28 21:00:00,24.3,17.5755023016652,22.6977724555374,"Rosh_HaNikra"
2025-05-28 21:00:00,24,17.5755023016652,22.8902986846638,"Rosh_HaNikra"
2025-05-28 22:00:00,24,17.5434415487133,22.3974510829733,"Rosh_HaNikra"
2025-05-28 22:00:00,23.7,17.5434415487133,22.6704589877964,"Rosh_HaNikra"
2025-05-28 23:00:00,23.7,17.4088664969088,21.4968553522309,"Rosh_HaNikra"
2025-05-28 23:00:00,23.4,17.4088664969088,21.7119004042005,"Rosh_HaNikra"
2025-05-29,23.3,17.3568963283349,21.183430520872,"Rosh_HaNikra"
2025-05-29,23.1,17.3568963283349,21.5245278796632,"Rosh_HaNikra"
2025-05-29 01:00:00,23,17.301797710651,21.2049511266265,"Rosh_HaNikra"
2025-05-29 01:00:00,22.8,17.301797710651,21.5446183128356,"Rosh_HaNikra"
2025-05-29 02:00:00,22.3,17.1702928985287,20.8607744062659,"Rosh_HaNikra"
2025-05-29 02:00:00,22.1,17.1702928985287,21.2070013984054,"Rosh_HaNikra"
2025-05-29 03:00:00,21.7,17.1494176394726,20.1627532169637,"Rosh_HaNikra"
2025-05-29 03:00:00,21.5,17.1494176394726,20.4088977150862,"Rosh_HaNikra"
2025-05-29 04:00:00,22,20.0508271010944,20.4488791635369,"Rosh_HaNikra"
2025-05-29 04:00:00,21.9,20.0508271010944,20.6612043826218,"Rosh_HaNikra"
2025-05-29 05:00:00,23.4,22.6051803797902,23.2087925642027,"Rosh_HaNikra"
2025-05-29 05:00:00,23.3,22.6051803797902,24.1751798642088,"Rosh_HaNikra"
2025-05-29 06:00:00,26.4,24.9742339760067,25.6106863273133,"Rosh_HaNikra"
2025-05-29 06:00:00,26.4,24.9742339760067,27.156590617429,"Rosh_HaNikra"
2025-05-29 07:00:00,29.1,27.6302295015553,28.2271172852034,"Rosh_HaNikra"
2025-05-29 07:00:00,29.6,27.6302295015553,30.0412301731481,"Rosh_HaNikra"
2025-05-29 08:00:00,32.8,29.6158497993728,30.9989115139458,"Rosh_HaNikra"
2025-05-29 08:00:00,33.2,29.6158497993728,31.842545155116,"Rosh_HaNikra"
2025-05-29 09:00:00,36.2,30.4710217413711,33.9751623679916,"Rosh_HaNikra"
2025-05-29 09:00:00,36.7,30.4710217413711,34.7484053792151,"Rosh_HaNikra"
2025-05-29 10:00:00,38.7,31.1419694635155,36.2145855278738,"Rosh_HaNikra"
2025-05-29 10:00:00,39.1,31.1419694635155,36.870016577986,"Rosh_HaNikra"
2025-05-29 11:00:00,39.8,30.9832662965292,40.4530997739772,"Rosh_HaNikra"
2025-05-29 11:00:00,40.4,30.9832662965292,40.3042400113265,"Rosh_HaNikra"
2025-05-29 12:00:00,40,29.2561739496243,39.1226035789027,"Rosh_HaNikra"
2025-05-29 12:00:00,40.7,29.2561739496243,38.9191661480216,"Rosh_HaNikra"
2025-05-29 13:00:00,38.5,26.9807703650372,28.0844696830553,"Rosh_HaNikra"
2025-05-29 13:00:00,39.8,26.9807703650372,28.1954758016797,"Rosh_HaNikra"
2025-05-29 14:00:00,37.5,24.4382981448505,31.325215355565,"Rosh_HaNikra"
2025-05-29 14:00:00,37.5,24.4382981448505,32.0869326954329,"Rosh_HaNikra"
2025-05-29 15:00:00,35.5,22.0387858566984,27.7762300429794,"Rosh_HaNikra"
2025-05-29 15:00:00,35.2,22.0387858566984,28.539899094885,"Rosh_HaNikra"
2025-05-29 16:00:00,32.9,19.2088962462602,27.2724071059382,"Rosh_HaNikra"
2025-05-29 16:00:00,32.4,19.2088962462602,27.085036960853,"Rosh_HaNikra"
2025-05-29 17:00:00,30,18.4681838533233,25.5288405325512,"Rosh_HaNikra"
2025-05-29 17:00:00,29.3,18.4681838533233,25.085407615129,"Rosh_HaNikra"
2025-05-29 18:00:00,28,18.2952940570812,24.5775537900692,"Rosh_HaNikra"
2025-05-29 18:00:00,27.4,18.2952940570812,24.130703085537,"Rosh_HaNikra"
2025-05-29 19:00:00,26.4,18.1377781633662,23.5260576183326,"Rosh_HaNikra"
2025-05-29 19:00:00,25.9,18.1377781633662,23.2327696586282,"Rosh_HaNikra"
2025-05-29 20:00:00,25.2,17.7487765740837,22.2627495351124,"Rosh_HaNikra"
2025-05-29 20:00:00,24.7,17.7487765740837,22.2240849993949,"Rosh_HaNikra"
2025-05-29 21:00:00,24,17.6409517280587,21.340018518313,"Rosh_HaNikra"
2025-05-29 21:00:00,23.4,17.6409517280587,21.172181583316,"Rosh_HaNikra"
2025-05-29 22:00:00,23.1,17.3444575013,20.6055397541042,"Rosh_HaNikra"
2025-05-29 22:00:00,22.6,17.3444575013,20.2779013382273,"Rosh_HaNikra"
2025-05-29 23:00:00,22.6,17.1201290370039,20.0335026181835,"Rosh_HaNikra"
2025-05-29 23:00:00,22.1,17.1201290370039,19.7215626543233,"Rosh_HaNikra"
2025-05-30,21.9,17.0296809528404,19.8335936401727,"Rosh_HaNikra"
2025-05-30,21.5,17.0296809528404,19.5314271952356,"Rosh_HaNikra"
2025-05-30 01:00:00,21.7,16.9677089220347,19.8358205825615,"Rosh_HaNikra"
2025-05-30 01:00:00,21.5,16.9677089220347,19.5237791576034,"Rosh_HaNikra"
2025-05-30 02:00:00,21.1,16.7926740040058,19.4461034509724,"Rosh_HaNikra"
2025-05-30 02:00:00,20.9,16.7926740040058,19.3482606844762,"Rosh_HaNikra"
2025-05-30 03:00:00,20.7,16.840222508311,19.0134380254241,"Rosh_HaNikra"
2025-05-30 03:00:00,20.4,16.840222508311,18.8769169100244,"Rosh_HaNikra"
2025-05-30 04:00:00,21.1,20.0864437199623,20.4901807659356,"Rosh_HaNikra"
2025-05-30 04:00:00,20.8,20.0864437199623,20.5449050881794,"Rosh_HaNikra"
2025-05-30 05:00:00,23.6,23.444828366881,22.5519051637183,"Rosh_HaNikra"
2025-05-30 05:00:00,23.5,23.444828366881,23.1998687466562,"Rosh_HaNikra"
2025-05-30 06:00:00,24.8,27.0563608472792,26.1499405139002,"Rosh_HaNikra"
2025-05-30 06:00:00,24.8,27.0563608472792,27.3374310184846,"Rosh_HaNikra"
2025-05-30 07:00:00,28.5,30.1412415968568,29.1477059579745,"Rosh_HaNikra"
2025-05-30 07:00:00,29.1,30.1412415968568,30.7396745603632,"Rosh_HaNikra"
2025-05-30 08:00:00,33.5,31.6977380046415,32.7518473324118,"Rosh_HaNikra"
2025-05-30 08:00:00,33.9,31.6977380046415,33.4929555241691,"Rosh_HaNikra"
2025-05-30 09:00:00,37.9,32.5282305863029,35.7031162933678,"Rosh_HaNikra"
2025-05-30 09:00:00,38,32.5282305863029,36.8103079850311,"Rosh_HaNikra"
2025-05-30 10:00:00,37.2,33.0734596477233,37.7233884208003,"Rosh_HaNikra"
2025-05-30 10:00:00,41.4,33.0734596477233,38.7889351877061,"Rosh_HaNikra"
2025-05-30 11:00:00,37.9,32.6122630614357,40.0138199443312,"Rosh_HaNikra"
2025-05-30 11:00:00,42.9,32.6122630614357,40.5060599316652,"Rosh_HaNikra"
2025-05-30 12:00:00,37.6,31.5589592183758,38.4357675157924,"Rosh_HaNikra"
2025-05-30 12:00:00,43,31.5589592183758,39.0361017330051,"Rosh_HaNikra"
2025-05-30 13:00:00,38.7,30.1891739799592,30.1445589614922,"Rosh_HaNikra"
2025-05-30 13:00:00,42.1,30.1891739799592,30.4943909245502,"Rosh_HaNikra"
2025-05-30 14:00:00,38.8,28.0712724654424,30.8868913283239,"Rosh_HaNikra"
2025-05-30 14:00:00,39.6,28.0712724654424,31.4882765514883,"Rosh_HaNikra"
2025-05-30 15:00:00,37.1,25.3305623379989,26.9042891355832,"Rosh_HaNikra"
2025-05-30 15:00:00,37.2,25.3305623379989,27.6031392501,"Rosh_HaNikra"
2025-05-30 16:00:00,34,20.9975284219063,27.7940937886881,"Rosh_HaNikra"
2025-05-30 16:00:00,33.9,20.9975284219063,28.0430915267073,"Rosh_HaNikra"
2025-05-30 17:00:00,30.5,18.6554138909412,24.9608795703144,"Rosh_HaNikra"
2025-05-30 17:00:00,30,18.6554138909412,25.5450410084706,"Rosh_HaNikra"
2025-05-30 18:00:00,27.9,17.8419261154084,23.414039871416,"Rosh_HaNikra"
2025-05-30 18:00:00,27.2,17.8419261154084,23.7892174610932,"Rosh_HaNikra"
2025-05-30 19:00:00,26.1,17.3175225855455,22.6024235477106,"Rosh_HaNikra"
2025-05-30 19:00:00,25.4,17.3175225855455,22.5287185309908,"Rosh_HaNikra"
2025-05-30 20:00:00,24.9,16.8632011316474,20.9681418191198,"Rosh_HaNikra"
2025-05-30 20:00:00,24.1,16.8632011316474,20.9845212844019,"Rosh_HaNikra"
2025-05-30 21:00:00,23.9,16.6599453201441,20.4450455606788,"Rosh_HaNikra"
2025-05-30 21:00:00,23.2,16.6599453201441,20.508678923692,"Rosh_HaNikra"
2025-05-30 22:00:00,23.1,16.5319248564465,20.669079008291,"Rosh_HaNikra"
2025-05-30 22:00:00,22.4,16.5319248564465,20.6506682555047,"Rosh_HaNikra"
2025-05-30 23:00:00,22.6,16.3161488603475,20.156811823314,"Rosh_HaNikra"
2025-05-30 23:00:00,21.9,16.3161488603475,20.1476781522455,"Rosh_HaNikra"
2025-05-31,21.7,16.204093990358,19.1480309362502,"Rosh_HaNikra"
2025-05-31,21.1,16.204093990358,19.2951708500748,"Rosh_HaNikra"
2025-05-31 01:00:00,20.6,15.7783774486914,18.63654001176,"Rosh_HaNikra"
2025-05-31 01:00:00,19.9,15.7783774486914,18.7523705315404,"Rosh_HaNikra"
2025-05-31 02:00:00,19.4,15.6925965593968,19.3361584738985,"Rosh_HaNikra"
2025-05-31 02:00:00,18.8,15.6925965593968,19.3405052408628,"Rosh_HaNikra"
2025-05-31 03:00:00,18.5,15.969946170198,19.5391718585951,"Rosh_HaNikra"
2025-05-31 03:00:00,18,15.969946170198,19.5100497050891,"Rosh_HaNikra"
2025-05-31 04:00:00,19.1,19.9545860108302,19.950094116473,"Rosh_HaNikra"
2025-05-31 04:00:00,18.7,19.9545860108302,20.0102426840911,"Rosh_HaNikra"
2025-05-31 05:00:00,22.3,25.0627167070344,22.7388500941908,"Rosh_HaNikra"
2025-05-31 05:00:00,22.1,25.0627167070344,22.9447186992999,"Rosh_HaNikra"
2025-05-31 06:00:00,26.1,33.3616897830464,24.8939691801073,"Rosh_HaNikra"
2025-05-31 06:00:00,26.4,33.3616897830464,26.7925903663582,"Rosh_HaNikra"
2025-05-31 07:00:00,29.1,34.7742919293617,30.36562579512,"Rosh_HaNikra"
2025-05-31 07:00:00,29.8000000000001,34.7742919293617,31.3671640857535,"Rosh_HaNikra"
2025-05-31 08:00:00,29.6,33.7193212203718,33.7383759212792,"Rosh_HaNikra"
2025-05-31 08:00:00,32.7,33.7193212203718,34.5650040176302,"Rosh_HaNikra"
2025-05-31 09:00:00,33.1,32.6678563290895,35.9035125077163,"Rosh_HaNikra"
2025-05-31 09:00:00,35.3,32.6678563290895,36.6891417642658,"Rosh_HaNikra"
2025-05-31 10:00:00,35.9,32.4909224378169,37.2017442167868,"Rosh_HaNikra"
2025-05-31 10:00:00,36.9,32.4909224378169,37.8407052960101,"Rosh_HaNikra"
2025-05-31 11:00:00,37.9,31.5941036791198,41.4835875643585,"Rosh_HaNikra"
2025-05-31 11:00:00,37.9,31.5941036791198,41.2847368581618,"Rosh_HaNikra"
2025-05-31 12:00:00,36.6,30.2635222944494,39.8791080530616,"Rosh_HaNikra"
2025-05-31 12:00:00,41.7,30.2635222944494,39.684367801212,"Rosh_HaNikra"
2025-05-31 13:00:00,40.6,29.0328060989777,31.6594716630541,"Rosh_HaNikra"
2025-05-31 13:00:00,41.5,29.0328060989777,31.8918974542629,"Rosh_HaNikra"
2025-05-31 14:00:00,37.7,26.8933707355053,30.8033458548421,"Rosh_HaNikra"
2025-05-31 14:00:00,37.4,26.8933707355053,31.2110792287147,"Rosh_HaNikra"
2025-05-31 15:00:00,33,24.2438342402901,28.4798905924279,"Rosh_HaNikra"
2025-05-31 15:00:00,33.6,24.2438342402901,28.8631341052566,"Rosh_HaNikra"
2025-05-31 16:00:00,27.8,21.0173788124641,28.0323252629715,"Rosh_HaNikra"
2025-05-31 16:00:00,28.3,21.0173788124641,26.9236279075452,"Rosh_HaNikra"
2025-05-31 17:00:00,24.6,19.8864655381083,27.0464905813323,"Rosh_HaNikra"
2025-05-31 17:00:00,24.5,19.8864655381083,25.3237609256261,"Rosh_HaNikra"
2025-05-31 18:00:00,23.4,19.3935194810748,25.9895981080037,"Rosh_HaNikra"
2025-05-31 18:00:00,23.1,19.3935194810748,25.1930848715337,"Rosh_HaNikra"
2025-05-31 19:00:00,23,19.1679735571178,24.8429076407242,"Rosh_HaNikra"
2025-05-31 19:00:00,22.6,19.1679735571178,24.5512236040645,"Rosh_HaNikra"
2025-05-31 20:00:00,22.5,19.0689548813643,24.2444078470271,"Rosh_HaNikra"
2025-05-31 20:00:00,22.1,19.0689548813643,24.0744351656817,"Rosh_HaNikra"
2025-05-31 21:00:00,23.1,19.0599342079023,22.3874323540538,"Rosh_HaNikra"
2025-05-31 21:00:00,22.8,19.0599342079023,22.3437098482194,"Rosh_HaNikra"
2025-05-31 22:00:00,22.5,18.9837761988361,22.2293401159604,"Rosh_HaNikra"
2025-05-31 22:00:00,22.2,18.9837761988361,22.1860245898163,"Rosh_HaNikra"
2025-05-31 23:00:00,22.6,18.6958420415673,21.8443770413063,"Rosh_HaNikra"
2025-05-31 23:00:00,22.4,18.6958420415673,21.8344302007823,"Rosh_HaNikra"
2025-06-08,18.4,19.6112397630922,22.649698804075,"Rosh_HaNikra"
2025-06-08,18.1,19.6112397630922,21.927629175312,"Rosh_HaNikra"
2025-06-08 01:00:00,18.1,18.9731729209386,21.7036359455514,"Rosh_HaNikra"
2025-06-08 01:00:00,17.7,18.9731729209386,21.2652101258902,"Rosh_HaNikra"
2025-06-08 02:00:00,18.5,18.9034956923135,21.3965350297457,"Rosh_HaNikra"
2025-06-08 02:00:00,18.2,18.9034956923135,20.9150994864113,"Rosh_HaNikra"
2025-06-08 03:00:00,18.5,19.3607552639833,22.0286419747835,"Rosh_HaNikra"
2025-06-08 03:00:00,18.2,19.3607552639833,21.4107747820969,"Rosh_HaNikra"
2025-06-08 04:00:00,20.9,24.0321555712395,22.0572100284618,"Rosh_HaNikra"
2025-06-08 04:00:00,20.9,24.0321555712395,22.0107678179012,"Rosh_HaNikra"
2025-06-08 05:00:00,28.3,28.0190576178804,25.7714505228833,"Rosh_HaNikra"
2025-06-08 05:00:00,29.2,28.0190576178804,26.1900815577297,"Rosh_HaNikra"
2025-06-08 06:00:00,32.5,31.9804949356938,28.7874195815862,"Rosh_HaNikra"
2025-06-08 06:00:00,34,31.9804949356938,29.0773468106092,"Rosh_HaNikra"
2025-06-08 07:00:00,35.4,36.5519848975889,31.9247928584991,"Rosh_HaNikra"
2025-06-08 07:00:00,37.4,36.5519848975889,32.1085755088226,"Rosh_HaNikra"
2025-06-08 08:00:00,42.1999999999999,50.5349631153913,34.7210053158152,"Rosh_HaNikra"
2025-06-08 08:00:00,45,50.5349631153913,35.5075579462634,"Rosh_HaNikra"
2025-06-08 09:00:00,45.9,57.016583823465,37.3702919517285,"Rosh_HaNikra"
2025-06-08 09:00:00,50.2,57.016583823465,36.9265047654403,"Rosh_HaNikra"
2025-06-08 10:00:00,48.7,58.8385614890436,39.0691229467634,"Rosh_HaNikra"
2025-06-08 10:00:00,51.9,58.8385614890436,40.7808194179259,"Rosh_HaNikra"
2025-06-08 11:00:00,43,57.4261816866174,39.7241723187814,"Rosh_HaNikra"
2025-06-08 11:00:00,45.5,57.4261816866174,45.1734484090294,"Rosh_HaNikra"
2025-06-08 12:00:00,40.6,53.1262828238461,42.1938532566301,"Rosh_HaNikra"
2025-06-08 12:00:00,43,53.1262828238461,42.2358778807479,"Rosh_HaNikra"
2025-06-08 13:00:00,39.5,49.5462785699651,40.6771616186682,"Rosh_HaNikra"
2025-06-08 13:00:00,41.9,49.5462785699651,40.2359872606593,"Rosh_HaNikra"
2025-06-08 14:00:00,40.7,44.9553416084898,41.9093709635763,"Rosh_HaNikra"
2025-06-08 14:00:00,40.8,44.9553416084898,39.2582780047625,"Rosh_HaNikra"
2025-06-08 15:00:00,35.9,38.2661098631548,35.603079728661,"Rosh_HaNikra"
2025-06-08 15:00:00,36.3,38.2661098631548,35.4550641899519,"Rosh_HaNikra"
2025-06-08 16:00:00,30,28.7861552875742,34.2853227667994,"Rosh_HaNikra"
2025-06-08 16:00:00,31.6,28.7861552875742,31.6310459254529,"Rosh_HaNikra"
2025-06-08 17:00:00,26.2,23.3838502910669,29.8230678092835,"Rosh_HaNikra"
2025-06-08 17:00:00,27.6,23.3838502910669,26.9060531292356,"Rosh_HaNikra"
2025-06-08 18:00:00,24,21.9633302583429,28.4249615175072,"Rosh_HaNikra"
2025-06-08 18:00:00,25.5,21.9633302583429,26.6714501989635,"Rosh_HaNikra"
2025-06-08 19:00:00,22.7,21.2376351077802,26.3655454920365,"Rosh_HaNikra"
2025-06-08 19:00:00,24.1,21.2376351077802,24.6883652827944,"Rosh_HaNikra"
2025-06-08 20:00:00,23.7,20.8976338753115,25.4106259863611,"Rosh_HaNikra"
2025-06-08 20:00:00,24.4,20.8976338753115,23.9245650628474,"Rosh_HaNikra"
2025-06-08 21:00:00,22.8,20.8278440855963,24.1689416150039,"Rosh_HaNikra"
2025-06-08 21:00:00,23.5,20.8278440855963,23.6416479653262,"Rosh_HaNikra"
2025-06-08 22:00:00,22.8,20.554033554958,23.9585312426175,"Rosh_HaNikra"
2025-06-08 22:00:00,23.4,20.554033554958,23.3413964813108,"Rosh_HaNikra"
2025-06-08 23:00:00,22.6,20.4720241517739,23.8277059946465,"Rosh_HaNikra"
2025-06-08 23:00:00,23.2,20.4720241517739,23.5920143111637,"Rosh_HaNikra"
2025-06-09,22.2,20.3727540103384,23.6503242416176,"Rosh_HaNikra"
2025-06-09,22.8,20.3727540103384,23.4314361487344,"Rosh_HaNikra"
2025-06-09 01:00:00,22.1,20.0067198897687,22.9549635344639,"Rosh_HaNikra"
2025-06-09 01:00:00,22.8,20.0067198897687,22.7218204303478,"Rosh_HaNikra"
2025-06-09 02:00:00,22.1,19.9961469537792,23.029835447542,"Rosh_HaNikra"
2025-06-09 02:00:00,22.6,19.9961469537792,22.6847507884962,"Rosh_HaNikra"
2025-06-09 03:00:00,21.9,20.2740643249507,23.0707701416952,"Rosh_HaNikra"
2025-06-09 03:00:00,22.3,20.2740643249507,22.6997320314992,"Rosh_HaNikra"
2025-06-09 04:00:00,23.5,23.9292013404648,22.9150456591055,"Rosh_HaNikra"
2025-06-09 04:00:00,23.6,23.9292013404648,22.8250702245676,"Rosh_HaNikra"
2025-06-09 05:00:00,27.2,27.4719654942608,24.782589679392,"Rosh_HaNikra"
2025-06-09 05:00:00,26.8,27.4719654942608,25.1391948009965,"Rosh_HaNikra"
2025-06-09 06:00:00,31.8,31.6417445191501,27.3074567286968,"Rosh_HaNikra"
2025-06-09 06:00:00,30.8,31.6417445191501,28.0965657623757,"Rosh_HaNikra"
2025-06-09 07:00:00,39.1,36.6065872410647,31.8813191646913,"Rosh_HaNikra"
2025-06-09 07:00:00,35.2,36.6065872410647,32.0415274982819,"Rosh_HaNikra"
2025-06-09 08:00:00,40.8,48.7641286355734,35.7828674507172,"Rosh_HaNikra"
2025-06-09 08:00:00,40.5,48.7641286355734,35.9104949249405,"Rosh_HaNikra"
2025-06-09 09:00:00,44.7,56.4258117545847,36.1054501054866,"Rosh_HaNikra"
2025-06-09 09:00:00,43.5,56.4258117545847,37.6769860809108,"Rosh_HaNikra"
2025-06-09 10:00:00,45.6,59.3308379857545,38.1712682419323,"Rosh_HaNikra"
2025-06-09 10:00:00,44.4,59.3308379857545,41.4261418432833,"Rosh_HaNikra"
2025-06-09 11:00:00,47.6,57.3796569385527,38.887658496418,"Rosh_HaNikra"
2025-06-09 11:00:00,45.6,57.3796569385527,45.2405704480478,"Rosh_HaNikra"
2025-06-09 12:00:00,45.5,54.6150203870373,43.2216164454201,"Rosh_HaNikra"
2025-06-09 12:00:00,45.4,54.6150203870373,43.3720230690011,"Rosh_HaNikra"
2025-06-09 13:00:00,42.5,50.5012488356406,41.8318747180652,"Rosh_HaNikra"
2025-06-09 13:00:00,42.9,50.5012488356406,40.9035931544679,"Rosh_HaNikra"
2025-06-09 14:00:00,37.9,44.2978319199192,41.3289028904648,"Rosh_HaNikra"
2025-06-09 14:00:00,38.8,44.2978319199192,38.6180978670018,"Rosh_HaNikra"
2025-06-09 15:00:00,34.3,37.0125320008443,36.0118660952806,"Rosh_HaNikra"
2025-06-09 15:00:00,35.8,37.0125320008443,34.6314119295236,"Rosh_HaNikra"
2025-06-09 16:00:00,29.4,28.1171340501772,34.7123599477527,"Rosh_HaNikra"
2025-06-09 16:00:00,31.8,28.1171340501772,31.2035360380574,"Rosh_HaNikra"
2025-06-09 17:00:00,26.6,23.4940777093827,30.4873075827069,"Rosh_HaNikra"
2025-06-09 17:00:00,28.6,23.4940777093827,27.4959102065,"Rosh_HaNikra"
2025-06-09 18:00:00,25.3,22.3759968909926,28.4933451549228,"Rosh_HaNikra"
2025-06-09 18:00:00,26.8,22.3759968909926,26.1423753238587,"Rosh_HaNikra"
2025-06-09 19:00:00,24.2,21.7396714415667,27.1648132728625,"Rosh_HaNikra"
2025-06-09 19:00:00,25.5,21.7396714415667,24.7991926399691,"Rosh_HaNikra"
2025-06-09 20:00:00,24.1,21.3890380535048,26.3192930509831,"Rosh_HaNikra"
2025-06-09 20:00:00,25.1,21.3890380535048,24.4483744785279,"Rosh_HaNikra"
2025-06-09 21:00:00,24.3,21.1031750059783,24.6487032611997,"Rosh_HaNikra"
2025-06-09 21:00:00,24.9,21.1031750059783,23.6370921055064,"Rosh_HaNikra"
2025-06-09 22:00:00,23.9,20.93886999775,24.6637457083202,"Rosh_HaNikra"
2025-06-09 22:00:00,24.5,20.93886999775,23.8652563535911,"Rosh_HaNikra"
2025-06-09 23:00:00,23.2,20.4848374019699,23.916496421782,"Rosh_HaNikra"
2025-06-09 23:00:00,24,20.4848374019699,23.5697945264618,"Rosh_HaNikra"
2025-06-10,23.1,20.3626412940261,23.5711114324058,"Rosh_HaNikra"
2025-06-10,23.8,20.3626412940261,23.1489129831784,"Rosh_HaNikra"
2025-06-10 01:00:00,22.5,19.879668176872,22.631042609974,"Rosh_HaNikra"
2025-06-10 01:00:00,23.2,19.879668176872,22.1070867374817,"Rosh_HaNikra"
2025-06-10 02:00:00,20.7,19.6533027887893,22.2898867191897,"Rosh_HaNikra"
2025-06-10 02:00:00,21.7,19.6533027887893,21.8198963800261,"Rosh_HaNikra"
2025-06-10 03:00:00,20.9,19.906900983255,22.6280687275026,"Rosh_HaNikra"
2025-06-10 03:00:00,21.5,19.906900983255,22.053833454399,"Rosh_HaNikra"
2025-06-10 04:00:00,22.9,25.0791240136596,23.4667172602364,"Rosh_HaNikra"
2025-06-10 04:00:00,23.3,25.0791240136596,23.437492439232,"Rosh_HaNikra"
2025-06-10 05:00:00,28.5,29.5371838921104,24.9122627631829,"Rosh_HaNikra"
2025-06-10 05:00:00,28.6,29.5371838921104,25.2561680069746,"Rosh_HaNikra"
2025-06-10 06:00:00,33.4,33.2740075224499,28.2022951902354,"Rosh_HaNikra"
2025-06-10 06:00:00,33,33.2740075224499,29.0158398877472,"Rosh_HaNikra"
2025-06-10 07:00:00,39.4,37.6775858170891,32.2099451609269,"Rosh_HaNikra"
2025-06-10 07:00:00,35.9,37.6775858170891,32.390429487931,"Rosh_HaNikra"
2025-06-10 08:00:00,44.1,50.7654955888322,33.3193655708266,"Rosh_HaNikra"
2025-06-10 08:00:00,42.1,50.7654955888322,35.6334145584487,"Rosh_HaNikra"
2025-06-10 09:00:00,46.1,57.8806303962809,37.2027526501354,"Rosh_HaNikra"
2025-06-10 09:00:00,45.8,57.8806303962809,38.296428244519,"Rosh_HaNikra"
2025-06-10 10:00:00,47.8,61.6582200974706,39.4188974663928,"Rosh_HaNikra"
2025-06-10 10:00:00,46.7,61.6582200974706,42.81747568714,"Rosh_HaNikra"
2025-06-10 11:00:00,46.7,60.3224285614719,41.0327417862564,"Rosh_HaNikra"
2025-06-10 11:00:00,45.3,60.3224285614719,45.8267874542669,"Rosh_HaNikra"
2025-06-10 12:00:00,42,55.6826156955447,44.3360782916166,"Rosh_HaNikra"
2025-06-10 12:00:00,45.5,55.6826156955447,44.4500506478,"Rosh_HaNikra"
2025-06-10 13:00:00,37.2,49.6846705376053,41.7024552526077,"Rosh_HaNikra"
2025-06-10 13:00:00,43.4,49.6846705376053,41.351755203069,"Rosh_HaNikra"
2025-06-10 14:00:00,39.8,42.7577698421814,40.5140557207635,"Rosh_HaNikra"
2025-06-10 14:00:00,40.4,42.7577698421814,38.4062939160092,"Rosh_HaNikra"
2025-06-10 15:00:00,35.2,36.5524474913218,36.7200669033347,"Rosh_HaNikra"
2025-06-10 15:00:00,36.7,36.5524474913218,36.2553713024237,"Rosh_HaNikra"
2025-06-10 16:00:00,30.4,28.7942189357592,35.4574363554165,"Rosh_HaNikra"
2025-06-10 16:00:00,32.6,28.7942189357592,31.3567370343687,"Rosh_HaNikra"
2025-06-10 17:00:00,27.4000000000001,24.573744396365,31.8263279303742,"Rosh_HaNikra"
2025-06-10 17:00:00,29.3,24.573744396365,28.7425798776192,"Rosh_HaNikra"
2025-06-10 18:00:00,27.2,23.4771537194864,29.461676820482,"Rosh_HaNikra"
2025-06-10 18:00:00,28.6,23.4771537194864,27.1937907856126,"Rosh_HaNikra"
2025-06-10 19:00:00,26.9,22.9312775514677,27.9040783615272,"Rosh_HaNikra"
2025-06-10 19:00:00,28.1,22.9312775514677,26.2274480304277,"Rosh_HaNikra"
2025-06-10 20:00:00,26.5,22.5880293435207,27.5765337824436,"Rosh_HaNikra"
2025-06-10 20:00:00,27.5,22.5880293435207,25.6339197864185,"Rosh_HaNikra"
2025-06-10 21:00:00,25.6,22.0286085397191,25.5608293611906,"Rosh_HaNikra"
2025-06-10 21:00:00,26.6,22.0286085397191,24.5048889867178,"Rosh_HaNikra"
2025-06-10 22:00:00,25.4,21.6740260320246,25.1375072426205,"Rosh_HaNikra"
2025-06-10 22:00:00,26.2,21.6740260320246,24.1500109125478,"Rosh_HaNikra"
2025-06-10 23:00:00,24.2,21.6029513380687,25.1608097744298,"Rosh_HaNikra"
2025-06-10 23:00:00,25,21.6029513380687,24.2078017273176,"Rosh_HaNikra"
2025-06-11,23.9,21.5277529171871,24.486860641018,"Rosh_HaNikra"
2025-06-11,24.5,21.5277529171871,24.1575860448182,"Rosh_HaNikra"
2025-06-11 01:00:00,23.9,21.1019119378186,23.9770322481998,"Rosh_HaNikra"
2025-06-11 01:00:00,24.6,21.1019119378186,23.7701109156126,"Rosh_HaNikra"
2025-06-11 02:00:00,23.6,20.92134256142,23.6730034139089,"Rosh_HaNikra"
2025-06-11 02:00:00,24.2,20.92134256142,23.4081404403998,"Rosh_HaNikra"
2025-06-11 03:00:00,22.7,21.3671360937356,24.0489049000785,"Rosh_HaNikra"
2025-06-11 03:00:00,23.2,21.3671360937356,23.7364488744508,"Rosh_HaNikra"
2025-06-11 04:00:00,24.9,26.0056711935536,23.8495267076111,"Rosh_HaNikra"
2025-06-11 04:00:00,25.1,26.0056711935536,23.855066329153,"Rosh_HaNikra"
2025-06-11 05:00:00,28.1,29.9452261844511,25.6677694418576,"Rosh_HaNikra"
2025-06-11 05:00:00,28.3,29.9452261844511,26.3345364243251,"Rosh_HaNikra"
2025-06-11 06:00:00,32.8,33.9746194133099,28.8432539835085,"Rosh_HaNikra"
2025-06-11 06:00:00,33,33.9746194133099,29.5593346509079,"Rosh_HaNikra"
2025-06-11 07:00:00,38.2,39.42719088498,33.0011373317656,"Rosh_HaNikra"
2025-06-11 07:00:00,35.7,39.42719088498,33.2358518802456,"Rosh_HaNikra"
2025-06-11 08:00:00,41.5,53.1683517742894,33.7942691128649,"Rosh_HaNikra"
2025-06-11 08:00:00,41.4,53.1683517742894,36.577037003367,"Rosh_HaNikra"
2025-06-11 09:00:00,44.8,58.5618369761488,38.4564882330053,"Rosh_HaNikra"
2025-06-11 09:00:00,44,58.5618369761488,37.6317796152176,"Rosh_HaNikra"
2025-06-11 10:00:00,45.9,59.4991437468269,39.7252843673957,"Rosh_HaNikra"
2025-06-11 10:00:00,45.2,59.4991437468269,41.12605235507,"Rosh_HaNikra"
2025-06-11 11:00:00,47.7,58.3837390089805,41.9844641184721,"Rosh_HaNikra"
2025-06-11 11:00:00,47.4,58.3837390089805,43.4867984578782,"Rosh_HaNikra"
2025-06-11 12:00:00,45.3,55.6271759823735,44.18115631757,"Rosh_HaNikra"
2025-06-11 12:00:00,46.1,55.6271759823735,44.3164470400606,"Rosh_HaNikra"
2025-06-11 13:00:00,43.4,51.1295919716212,42.1904170994159,"Rosh_HaNikra"
2025-06-11 13:00:00,44.7,51.1295919716212,41.2073363646363,"Rosh_HaNikra"
2025-06-11 14:00:00,42.1,45.3723492205009,42.1045435583271,"Rosh_HaNikra"
2025-06-11 14:00:00,41,45.3723492205009,39.5830599137421,"Rosh_HaNikra"
2025-06-11 15:00:00,37.4,38.9858129636545,36.4429753442999,"Rosh_HaNikra"
2025-06-11 15:00:00,37.8,38.9858129636545,35.5409068494144,"Rosh_HaNikra"
2025-06-11 16:00:00,31.4,30.199539925368,35.3670395382438,"Rosh_HaNikra"
2025-06-11 16:00:00,33.5,30.199539925368,32.7997813514972,"Rosh_HaNikra"
2025-06-11 17:00:00,27.5,24.6415631503025,30.3095655773176,"Rosh_HaNikra"
2025-06-11 17:00:00,29.4,24.6415631503025,27.6613925019988,"Rosh_HaNikra"
2025-06-11 18:00:00,24.9,23.2713515829293,29.6142677322426,"Rosh_HaNikra"
2025-06-11 18:00:00,26.7,23.2713515829293,26.3092051128844,"Rosh_HaNikra"
2025-06-11 19:00:00,23.3,22.5190108006867,28.1171485948232,"Rosh_HaNikra"
2025-06-11 19:00:00,24.8,22.5190108006867,25.2206593835424,"Rosh_HaNikra"
2025-06-11 20:00:00,21.9,21.8870931304262,27.3448755352373,"Rosh_HaNikra"
2025-06-11 20:00:00,23.3,21.8870931304262,24.8517292130814,"Rosh_HaNikra"
2025-06-11 21:00:00,21.6,21.4253280931955,25.0154705401348,"Rosh_HaNikra"
2025-06-11 21:00:00,22.8,21.4253280931955,23.8783250677269,"Rosh_HaNikra"
2025-06-11 22:00:00,20.8,21.1785884971134,24.7647535934848,"Rosh_HaNikra"
2025-06-11 22:00:00,21.9,21.1785884971134,23.7895913538021,"Rosh_HaNikra"
2025-06-11 23:00:00,19.9,20.9215564802746,24.0478951186942,"Rosh_HaNikra"
2025-06-11 23:00:00,21,20.9215564802746,23.3142827675011,"Rosh_HaNikra"
2025-06-12,20.4,20.8092970145698,23.5732372307121,"Rosh_HaNikra"
2025-06-12,21.2,20.8092970145698,23.0517416409768,"Rosh_HaNikra"
2025-06-12 01:00:00,20,20.7754860426651,23.2155123226018,"Rosh_HaNikra"
2025-06-12 01:00:00,21,20.7754860426651,22.9016518036701,"Rosh_HaNikra"
2025-06-12 02:00:00,18.7,20.3380611182977,22.7611913065368,"Rosh_HaNikra"
2025-06-12 02:00:00,19.7,20.3380611182977,22.3626392049479,"Rosh_HaNikra"
2025-06-12 03:00:00,19.4,20.6228885544269,23.2105550806212,"Rosh_HaNikra"
2025-06-12 03:00:00,19.9,20.6228885544269,22.7499356633004,"Rosh_HaNikra"
2025-06-12 04:00:00,22.3,25.5751015178773,23.0837832785513,"Rosh_HaNikra"
2025-06-12 04:00:00,22.1,25.5751015178773,23.081885665943,"Rosh_HaNikra"
2025-06-12 05:00:00,27.4,28.9737562262706,25.6519068016148,"Rosh_HaNikra"
2025-06-12 05:00:00,27.1,28.9737562262706,26.1654884747407,"Rosh_HaNikra"
2025-06-12 06:00:00,34.6,33.4488774063614,29.7566555263519,"Rosh_HaNikra"
2025-06-12 06:00:00,33.8,33.4488774063614,30.2546530268929,"Rosh_HaNikra"
2025-06-12 07:00:00,39.9,44.0100889155386,33.3972311535762,"Rosh_HaNikra"
2025-06-12 07:00:00,34.8,44.0100889155386,33.7648264975908,"Rosh_HaNikra"
2025-06-12 08:00:00,44.9,56.8657304211261,35.3943065835701,"Rosh_HaNikra"
2025-06-12 08:00:00,42.2,56.8657304211261,37.4154423840866,"Rosh_HaNikra"
2025-06-12 09:00:00,48.8,60.7695066672969,38.8417729014783,"Rosh_HaNikra"
2025-06-12 09:00:00,47.1,60.7695066672969,38.9029419402054,"Rosh_HaNikra"
2025-06-12 10:00:00,51.5,61.8699169404257,40.9769395848386,"Rosh_HaNikra"
2025-06-12 10:00:00,49.7,61.8699169404257,41.6272733738578,"Rosh_HaNikra"
2025-06-12 11:00:00,51.8,61.0857252751638,43.050958842378,"Rosh_HaNikra"
2025-06-12 11:00:00,50.5,61.0857252751638,44.8419905166811,"Rosh_HaNikra"
2025-06-12 12:00:00,49.9,58.2903659234085,46.7858528763475,"Rosh_HaNikra"
2025-06-12 12:00:00,49.2,58.2903659234085,47.0231671066352,"Rosh_HaNikra"
2025-06-12 13:00:00,43.9,53.9554871178797,45.2864714511189,"Rosh_HaNikra"
2025-06-12 13:00:00,46.2,53.9554871178797,44.4094914187741,"Rosh_HaNikra"
2025-06-12 14:00:00,40.7,48.0096803341098,43.5576983223637,"Rosh_HaNikra"
2025-06-12 14:00:00,41.4,48.0096803341098,41.4049951526019,"Rosh_HaNikra"
2025-06-12 15:00:00,37.2,41.2439314284716,38.4258009070583,"Rosh_HaNikra"
2025-06-12 15:00:00,37.8,41.2439314284716,37.2186099628894,"Rosh_HaNikra"
2025-06-12 16:00:00,30.9,31.5300508776433,36.7762650065715,"Rosh_HaNikra"
2025-06-12 16:00:00,33.4,31.5300508776433,33.8705610600331,"Rosh_HaNikra"
2025-06-12 17:00:00,27.2,25.4078337739611,30.956391306932,"Rosh_HaNikra"
2025-06-12 17:00:00,29.3,25.4078337739611,28.0192671625707,"Rosh_HaNikra"
2025-06-12 18:00:00,25.3,23.5308418516144,29.0050519118081,"Rosh_HaNikra"
2025-06-12 18:00:00,27,23.5308418516144,26.3263085019534,"Rosh_HaNikra"
2025-06-12 19:00:00,23.2,22.4751451759701,27.3760825650144,"Rosh_HaNikra"
2025-06-12 19:00:00,24.8,22.4751451759701,25.3918537156942,"Rosh_HaNikra"
2025-06-12 20:00:00,21.8,21.6504741069026,26.4421000810919,"Rosh_HaNikra"
2025-06-12 20:00:00,23.2,21.6504741069026,24.4870246184098,"Rosh_HaNikra"
2025-06-12 21:00:00,20.5,20.9964653978129,24.7368557690086,"Rosh_HaNikra"
2025-06-12 21:00:00,22,20.9964653978129,24.0375711657102,"Rosh_HaNikra"
2025-06-12 22:00:00,19.4,20.3105920394837,23.9520203928609,"Rosh_HaNikra"
2025-06-12 22:00:00,20.8,20.3105920394837,23.3170092552946,"Rosh_HaNikra"
2025-06-12 23:00:00,19.5,19.7595047830485,23.2543360882384,"Rosh_HaNikra"
2025-06-12 23:00:00,20.6,19.7595047830485,22.6479333815785,"Rosh_HaNikra"
2025-06-13,18.6,19.4940874979579,22.6372421180555,"Rosh_HaNikra"
2025-06-13,19.6,19.4940874979579,22.1012854999916,"Rosh_HaNikra"
2025-06-13 01:00:00,18,18.9727760896729,21.9770099726174,"Rosh_HaNikra"
2025-06-13 01:00:00,19.1,18.9727760896729,21.3179923950274,"Rosh_HaNikra"
2025-06-13 02:00:00,18,18.3961115149954,21.5096694352652,"Rosh_HaNikra"
2025-06-13 02:00:00,18.9,18.3961115149954,21.1422060519537,"Rosh_HaNikra"
2025-06-13 03:00:00,18.8,18.588180699315,21.3390363756288,"Rosh_HaNikra"
2025-06-13 03:00:00,19.4,18.588180699315,20.9757686738268,"Rosh_HaNikra"
2025-06-13 04:00:00,21.4,23.9311176050408,21.899526596973,"Rosh_HaNikra"
2025-06-13 04:00:00,21.5,23.9311176050408,21.880391068773,"Rosh_HaNikra"
2025-06-13 05:00:00,27.2,28.8966626177847,25.2188731563482,"Rosh_HaNikra"
2025-06-13 05:00:00,26.6,28.8966626177847,26.0485061536038,"Rosh_HaNikra"
2025-06-13 06:00:00,31.9,35.4419966834736,29.9724425917001,"Rosh_HaNikra"
2025-06-13 06:00:00,31.1,35.4419966834736,30.8689991162817,"Rosh_HaNikra"
2025-06-13 07:00:00,38.7,48.861246864078,33.8802352458793,"Rosh_HaNikra"
2025-06-13 07:00:00,36.8,48.861246864078,35.0416060939191,"Rosh_HaNikra"
2025-06-13 08:00:00,45,58.1842693341305,36.4915540778482,"Rosh_HaNikra"
2025-06-13 08:00:00,43.6,58.1842693341305,38.6876572599044,"Rosh_HaNikra"
2025-06-13 09:00:00,49,61.5443863464987,39.2752101903206,"Rosh_HaNikra"
2025-06-13 09:00:00,46.9,61.5443863464987,39.9328778545919,"Rosh_HaNikra"
2025-06-13 10:00:00,51.4,63.2465305470846,41.5693917923829,"Rosh_HaNikra"
2025-06-13 10:00:00,48.6,63.2465305470846,42.995286645715,"Rosh_HaNikra"
2025-06-13 11:00:00,52,61.8528431864036,44.1455273874063,"Rosh_HaNikra"
2025-06-13 11:00:00,49,61.8528431864036,46.4232413456072,"Rosh_HaNikra"
2025-06-13 12:00:00,49.1,58.9213726550398,47.2850334121758,"Rosh_HaNikra"
2025-06-13 12:00:00,48.1,58.9213726550398,47.4796774870279,"Rosh_HaNikra"
2025-06-13 13:00:00,43.3,54.5984760411001,45.798259688304,"Rosh_HaNikra"
2025-06-13 13:00:00,45.2,54.5984760411001,45.4085362909911,"Rosh_HaNikra"
2025-06-13 14:00:00,42.1,48.201749385869,44.0821944221746,"Rosh_HaNikra"
2025-06-13 14:00:00,41.5,48.201749385869,42.2598293147744,"Rosh_HaNikra"
2025-06-13 15:00:00,37.4,40.986331054322,39.4753622370113,"Rosh_HaNikra"
2025-06-13 15:00:00,38.3,40.986331054322,38.1075844172642,"Rosh_HaNikra"
2025-06-13 16:00:00,31.3,31.516445474067,36.7086795631974,"Rosh_HaNikra"
2025-06-13 16:00:00,33.8,31.516445474067,34.054467933788,"Rosh_HaNikra"
2025-06-13 17:00:00,27.6,25.7727677241497,31.1348386842303,"Rosh_HaNikra"
2025-06-13 17:00:00,29.7,25.7727677241497,28.9083057902649,"Rosh_HaNikra"
2025-06-13 18:00:00,26,24.1754383797992,29.4495287559052,"Rosh_HaNikra"
2025-06-13 18:00:00,27.6,24.1754383797992,26.8708628124318,"Rosh_HaNikra"
2025-06-13 19:00:00,24.1,23.488887381882,28.6421634773738,"Rosh_HaNikra"
2025-06-13 19:00:00,25.6,23.488887381882,26.0992038217002,"Rosh_HaNikra"
2025-06-13 20:00:00,22.7,22.7634979363244,27.9965592764153,"Rosh_HaNikra"
2025-06-13 20:00:00,24.1,22.7634979363244,25.2936011837443,"Rosh_HaNikra"
2025-06-13 21:00:00,21.9,22.2745012513493,25.5822558203719,"Rosh_HaNikra"
2025-06-13 21:00:00,23.2,22.2745012513493,24.600322904925,"Rosh_HaNikra"
2025-06-13 22:00:00,22.2,21.5342262623794,24.9770292221467,"Rosh_HaNikra"
2025-06-13 22:00:00,23.0999999999999,21.5342262623794,23.9086818842357,"Rosh_HaNikra"
2025-06-13 23:00:00,21.1,20.8865366797018,24.3853214270903,"Rosh_HaNikra"
2025-06-13 23:00:00,22.2,20.8865366797018,23.5013093432553,"Rosh_HaNikra"
2025-06-14,20.4,20.6939563359051,23.7938056022613,"Rosh_HaNikra"
2025-06-14,21.5,20.6939563359051,23.2327572249968,"Rosh_HaNikra"
2025-06-14 01:00:00,21.2,20.6413363666627,23.8425448136331,"Rosh_HaNikra"
2025-06-14 01:00:00,21.8,20.6413363666627,23.4514276200224,"Rosh_HaNikra"
2025-06-14 02:00:00,20.8,20.6317333147026,23.6860066308351,"Rosh_HaNikra"
2025-06-14 02:00:00,21.4,20.6317333147026,23.4974349796505,"Rosh_HaNikra"
2025-06-14 03:00:00,21.4,20.8777760408008,23.5948051300971,"Rosh_HaNikra"
2025-06-14 03:00:00,21.9,20.8777760408008,23.3672618083327,"Rosh_HaNikra"
2025-06-14 04:00:00,23.9,25.8481582162784,23.8441206817463,"Rosh_HaNikra"
2025-06-14 04:00:00,23.7,25.8481582162784,23.850052367481,"Rosh_HaNikra"
2025-06-14 05:00:00,27.5,29.7909431486916,25.3427574151894,"Rosh_HaNikra"
2025-06-14 05:00:00,27.2,29.7909431486916,26.3264460346159,"Rosh_HaNikra"
2025-06-14 06:00:00,33.6,35.2465622067386,29.9461753248777,"Rosh_HaNikra"
2025-06-14 06:00:00,32.8,35.2465622067386,30.6567114745505,"Rosh_HaNikra"
2025-06-14 07:00:00,38.5,47.7044649305874,36.3392937786989,"Rosh_HaNikra"
2025-06-14 07:00:00,36.6,47.7044649305874,36.8188230183277,"Rosh_HaNikra"
2025-06-14 08:00:00,43.8,57.0435698739079,36.3053695518977,"Rosh_HaNikra"
2025-06-14 08:00:00,42.7,57.0435698739079,37.5228642268608,"Rosh_HaNikra"
2025-06-14 09:00:00,47.6,60.983411713322,39.0998091616875,"Rosh_HaNikra"
2025-06-14 09:00:00,45.9,60.983411713322,38.9016804023627,"Rosh_HaNikra"
2025-06-14 10:00:00,51.5,63.2636765266878,41.5806614528389,"Rosh_HaNikra"
2025-06-14 10:00:00,48.1,63.2636765266878,43.1293186865396,"Rosh_HaNikra"
2025-06-14 11:00:00,52.6,61.4843519748407,43.4569052423253,"Rosh_HaNikra"
2025-06-14 11:00:00,48.9,61.4843519748407,45.3053046001513,"Rosh_HaNikra"
2025-06-14 12:00:00,51.6,58.5243754759063,47.2691940794073,"Rosh_HaNikra"
2025-06-14 12:00:00,49,58.5243754759063,47.40826156482,"Rosh_HaNikra"
2025-06-14 13:00:00,41.2,54.8836160070871,46.0023876032619,"Rosh_HaNikra"
2025-06-14 13:00:00,46.8,54.8836160070871,45.5830778002162,"Rosh_HaNikra"
2025-06-14 14:00:00,41.8,49.2240721857265,44.263886564678,"Rosh_HaNikra"
2025-06-14 14:00:00,42.1,49.2240721857265,42.7288415511542,"Rosh_HaNikra"
2025-06-14 15:00:00,36.8,41.9475999745615,40.1055440608777,"Rosh_HaNikra"
2025-06-14 15:00:00,38.3,41.9475999745615,38.3165069365884,"Rosh_HaNikra"
2025-06-14 16:00:00,31.1,31.6945133386274,36.8640722338921,"Rosh_HaNikra"
2025-06-14 16:00:00,33.7,31.6945133386274,34.2054231089438,"Rosh_HaNikra"
2025-06-14 17:00:00,27.7,25.4228041255998,30.8975339959512,"Rosh_HaNikra"
2025-06-14 17:00:00,29.8,25.4228041255998,28.3575371239308,"Rosh_HaNikra"
2025-06-14 18:00:00,26.4,23.8002152256858,29.2080096672025,"Rosh_HaNikra"
2025-06-14 18:00:00,27.9,23.8002152256858,26.5610745846478,"Rosh_HaNikra"
2025-06-14 19:00:00,25,23.0377754245138,28.4647415772853,"Rosh_HaNikra"
2025-06-14 19:00:00,26.4,23.0377754245138,25.7227076498545,"Rosh_HaNikra"
2025-06-14 20:00:00,23.9,22.4057087870122,27.5983046337042,"Rosh_HaNikra"
2025-06-14 20:00:00,25.1,22.4057087870122,24.9423988850659,"Rosh_HaNikra"
2025-06-14 21:00:00,22.5,21.7602727740187,25.3056336088977,"Rosh_HaNikra"
2025-06-14 21:00:00,23.6,21.7602727740187,24.1816589868707,"Rosh_HaNikra"
2025-06-14 22:00:00,21.7,21.1787874265782,24.3178347763708,"Rosh_HaNikra"
2025-06-14 22:00:00,22.8,21.1787874265782,23.5216435784957,"Rosh_HaNikra"
2025-06-14 23:00:00,20.8,21.0316018314926,24.068867527701,"Rosh_HaNikra"
2025-06-14 23:00:00,21.7,21.0316018314926,23.5639506687526,"Rosh_HaNikra"
2025-07-27,26.6,25.2381394713859,27.0495807635792,"Rosh_HaNikra"
2025-07-27,26.8,25.2381394713859,26.464570437747,"Rosh_HaNikra"
2025-07-27 01:00:00,26.2,24.4140056585359,27.3274231497654,"Rosh_HaNikra"
2025-07-27 01:00:00,26.5,24.4140056585359,26.0954954823754,"Rosh_HaNikra"
2025-07-27 02:00:00,25.8,24.2185289800022,27.0674456368167,"Rosh_HaNikra"
2025-07-27 02:00:00,25.9,24.2185289800022,25.7224794919011,"Rosh_HaNikra"
2025-07-27 03:00:00,25.3,23.8393236631787,26.5497634900429,"Rosh_HaNikra"
2025-07-27 03:00:00,25.6,23.8393236631787,24.8538536700463,"Rosh_HaNikra"
2025-07-27 04:00:00,26.3,28.407553085256,25.7661635984947,"Rosh_HaNikra"
2025-07-27 04:00:00,26.8,28.407553085256,25.5761574689757,"Rosh_HaNikra"
2025-07-27 05:00:00,28.7,34.7257104881768,27.8450457728759,"Rosh_HaNikra"
2025-07-27 05:00:00,29.4,34.7257104881768,28.7480145668288,"Rosh_HaNikra"
2025-07-27 06:00:00,33.7,45.2921964286232,30.1634995677733,"Rosh_HaNikra"
2025-07-27 06:00:00,33.4,45.2921964286232,31.2458318990551,"Rosh_HaNikra"
2025-07-27 07:00:00,37.8,54.6100574002171,34.7005256867551,"Rosh_HaNikra"
2025-07-27 07:00:00,37.9,54.6100574002171,36.8822508171329,"Rosh_HaNikra"
2025-07-27 08:00:00,40.3,60.7582779708744,38.8420447670662,"Rosh_HaNikra"
2025-07-27 08:00:00,41.3,60.7582779708744,41.9901565132913,"Rosh_HaNikra"
2025-07-27 09:00:00,44,63.54466253458,39.9304799793475,"Rosh_HaNikra"
2025-07-27 09:00:00,44.3,63.54466253458,44.638016278019,"Rosh_HaNikra"
2025-07-27 10:00:00,46.9,64.1541364261111,42.5987968239121,"Rosh_HaNikra"
2025-07-27 10:00:00,47.1,64.1541364261111,46.1082657438067,"Rosh_HaNikra"
2025-07-27 11:00:00,47.6,63.6744504058391,45.3023528164471,"Rosh_HaNikra"
2025-07-27 11:00:00,48.1,63.6744504058391,46.5393615085028,"Rosh_HaNikra"
2025-07-27 12:00:00,48,61.4224972284104,47.3058765930678,"Rosh_HaNikra"
2025-07-27 12:00:00,48.4,61.4224972284104,47.0146523376238,"Rosh_HaNikra"
2025-07-27 13:00:00,47.3,57.7863842314187,47.5062950912248,"Rosh_HaNikra"
2025-07-27 13:00:00,47.6,57.7863842314187,47.4869266953399,"Rosh_HaNikra"
2025-07-27 14:00:00,44.4,52.2902283856222,45.8735418865561,"Rosh_HaNikra"
2025-07-27 14:00:00,44.8,52.2902283856222,45.5897425442451,"Rosh_HaNikra"
2025-07-27 15:00:00,41.4,45.1715757647041,42.9534262037407,"Rosh_HaNikra"
2025-07-27 15:00:00,41.4,45.1715757647041,42.1580233133031,"Rosh_HaNikra"
2025-07-27 16:00:00,37.6,36.7211956078641,38.8827217585038,"Rosh_HaNikra"
2025-07-27 16:00:00,37.2,36.7211956078641,36.9634571012885,"Rosh_HaNikra"
2025-07-27 17:00:00,34.5,31.0225920430589,33.9796539794104,"Rosh_HaNikra"
2025-07-27 17:00:00,33.9,31.0225920430589,32.9151048570112,"Rosh_HaNikra"
2025-07-27 18:00:00,32.2,28.9931839274603,32.1773813126247,"Rosh_HaNikra"
2025-07-27 18:00:00,31.9,28.9931839274603,31.0449396048157,"Rosh_HaNikra"
2025-07-27 19:00:00,30.6,27.7817978684113,30.5262294662753,"Rosh_HaNikra"
2025-07-27 19:00:00,30.4,27.7817978684113,29.6120468162615,"Rosh_HaNikra"
2025-07-27 20:00:00,29.5,26.5192955184496,29.3996373675244,"Rosh_HaNikra"
2025-07-27 20:00:00,29.3,26.5192955184496,28.6247465815858,"Rosh_HaNikra"
2025-07-27 21:00:00,28.2,25.5927320214232,28.2346847913953,"Rosh_HaNikra"
2025-07-27 21:00:00,28.1,25.5927320214232,27.4646576160331,"Rosh_HaNikra"
2025-07-27 22:00:00,27.3,24.7680307547612,27.4938309650017,"Rosh_HaNikra"
2025-07-27 22:00:00,27.4,24.7680307547612,26.6867917632917,"Rosh_HaNikra"
2025-07-27 23:00:00,26.7,24.1948914255952,26.986139420886,"Rosh_HaNikra"
2025-07-27 23:00:00,26.8,24.1948914255952,25.9991460552298,"Rosh_HaNikra"
2025-07-28,26,23.9328014580161,27.5921805919848,"Rosh_HaNikra"
2025-07-28,25.9,23.9328014580161,26.381410621647,"Rosh_HaNikra"
2025-07-28 01:00:00,24.8,24.0687726439,27.2296888107107,"Rosh_HaNikra"
2025-07-28 01:00:00,25,24.0687726439,26.1022592210882,"Rosh_HaNikra"
2025-07-28 02:00:00,24.6,23.8342487578192,26.6885815862719,"Rosh_HaNikra"
2025-07-28 02:00:00,24.9,23.8342487578192,25.7036336603681,"Rosh_HaNikra"
2025-07-28 03:00:00,24.6,23.9968748835585,26.2556911331227,"Rosh_HaNikra"
2025-07-28 03:00:00,24.9,23.9968748835585,25.322222219103,"Rosh_HaNikra"
2025-07-28 04:00:00,25.7,30.1111113583844,26.9100026784581,"Rosh_HaNikra"
2025-07-28 04:00:00,26.2,30.1111113583844,26.8216643496006,"Rosh_HaNikra"
2025-07-28 05:00:00,28.5,37.4570266758283,27.5511526601703,"Rosh_HaNikra"
2025-07-28 05:00:00,29.1,37.4570266758283,29.6314922456308,"Rosh_HaNikra"
2025-07-28 06:00:00,31.5,48.3982423680495,31.9278010981459,"Rosh_HaNikra"
2025-07-28 06:00:00,31.9,48.3982423680495,31.8818837631022,"Rosh_HaNikra"
2025-07-28 07:00:00,38,57.077667359544,36.392364183957,"Rosh_HaNikra"
2025-07-28 07:00:00,38.3,57.077667359544,37.3189918564562,"Rosh_HaNikra"
2025-07-28 08:00:00,42.2,62.176929830405,39.9695081206709,"Rosh_HaNikra"
2025-07-28 08:00:00,42.6,62.176929830405,42.4554977850611,"Rosh_HaNikra"
2025-07-28 09:00:00,46,63.9732065430788,41.3381491860112,"Rosh_HaNikra"
2025-07-28 09:00:00,46.2,63.9732065430788,45.3158089414023,"Rosh_HaNikra"
2025-07-28 10:00:00,48.8,64.6974031939255,43.4088623271808,"Rosh_HaNikra"
2025-07-28 10:00:00,48.8,64.6974031939255,47.3233674464933,"Rosh_HaNikra"
2025-07-28 11:00:00,49.7,62.683166220665,44.7603001282877,"Rosh_HaNikra"
2025-07-28 11:00:00,49.6,62.683166220665,47.3362445538596,"Rosh_HaNikra"
2025-07-28 12:00:00,49.8,59.5028260824035,45.8853446564316,"Rosh_HaNikra"
2025-07-28 12:00:00,49.7,59.5028260824035,45.7848646642461,"Rosh_HaNikra"
2025-07-28 13:00:00,47.6,55.2838213061545,46.0354746818145,"Rosh_HaNikra"
2025-07-28 13:00:00,47.1,55.2838213061545,45.1193019129191,"Rosh_HaNikra"
2025-07-28 14:00:00,45.1,50.2642025277372,45.0002488885883,"Rosh_HaNikra"
2025-07-28 14:00:00,44.6,50.2642025277372,44.5831094687797,"Rosh_HaNikra"
2025-07-28 15:00:00,41.8,43.7504249121305,41.9497080050378,"Rosh_HaNikra"
2025-07-28 15:00:00,41.5,43.7504249121305,41.1336134705959,"Rosh_HaNikra"
2025-07-28 16:00:00,38.4,35.325346397539,38.8351168483829,"Rosh_HaNikra"
2025-07-28 16:00:00,37.9,35.325346397539,36.6274908282708,"Rosh_HaNikra"
2025-07-28 17:00:00,34.9,29.5521549598995,33.6890660063821,"Rosh_HaNikra"
2025-07-28 17:00:00,34.4,29.5521549598995,32.2150305841382,"Rosh_HaNikra"
2025-07-28 18:00:00,32.9,27.7414968975561,31.2978282984494,"Rosh_HaNikra"
2025-07-28 18:00:00,32.5,27.7414968975561,30.4532738460495,"Rosh_HaNikra"
2025-07-28 19:00:00,31.6,27.0367854935485,30.0280424307033,"Rosh_HaNikra"
2025-07-28 19:00:00,31.4,27.0367854935485,29.2687861818983,"Rosh_HaNikra"
2025-07-28 20:00:00,30.5,26.4168256370085,29.2697880410907,"Rosh_HaNikra"
2025-07-28 20:00:00,30.4,26.4168256370085,28.5061651145357,"Rosh_HaNikra"
2025-07-28 21:00:00,29.6,25.7961828467257,27.7771979217319,"Rosh_HaNikra"
2025-07-28 21:00:00,29.3,25.7961828467257,27.0506398069824,"Rosh_HaNikra"
2025-07-28 22:00:00,28.7,25.5384584052358,27.1568826527836,"Rosh_HaNikra"
2025-07-28 22:00:00,28.6,25.5384584052358,26.5049414913918,"Rosh_HaNikra"
2025-07-28 23:00:00,27.9,25.174785688424,26.7661668204068,"Rosh_HaNikra"
2025-07-28 23:00:00,27.7,25.174785688424,26.4221340052908,"Rosh_HaNikra"
2025-07-29,27.7,24.985738142743,26.2649645038991,"Rosh_HaNikra"
2025-07-29,27.7,24.985738142743,25.6208182560118,"Rosh_HaNikra"
2025-07-29 01:00:00,27.2,25.2581134509696,26.4452982657176,"Rosh_HaNikra"
2025-07-29 01:00:00,27.2,25.2581134509696,25.8789882494422,"Rosh_HaNikra"
2025-07-29 02:00:00,27,25.1701259134269,26.1262807126623,"Rosh_HaNikra"
2025-07-29 02:00:00,26.8,25.1701259134269,25.7019104934297,"Rosh_HaNikra"
2025-07-29 03:00:00,26.6,25.2581349892722,25.963243182514,"Rosh_HaNikra"
2025-07-29 03:00:00,26.6,25.2581349892722,25.969508466622,"Rosh_HaNikra"
2025-07-29 04:00:00,27.5,29.0359191594867,26.8105396885602,"Rosh_HaNikra"
2025-07-29 04:00:00,27.7,29.0359191594867,26.7788619415011,"Rosh_HaNikra"
2025-07-29 05:00:00,29.5,32.8012645414092,27.0037882163714,"Rosh_HaNikra"
2025-07-29 05:00:00,29.7,32.8012645414092,27.2995350951478,"Rosh_HaNikra"
2025-07-29 06:00:00,33.5,41.3749893536233,29.5148717191551,"Rosh_HaNikra"
2025-07-29 06:00:00,32.7,41.3749893536233,32.2439982950722,"Rosh_HaNikra"
2025-07-29 07:00:00,35.7,49.1974271620874,33.6114499845742,"Rosh_HaNikra"
2025-07-29 07:00:00,36.2,49.1974271620874,32.7284984961017,"Rosh_HaNikra"
2025-07-29 08:00:00,40.1,56.6679829343591,37.0979460705992,"Rosh_HaNikra"
2025-07-29 08:00:00,39.4,56.6679829343591,39.0905170868527,"Rosh_HaNikra"
2025-07-29 09:00:00,44,59.9448415563375,39.4960100967839,"Rosh_HaNikra"
2025-07-29 09:00:00,44.4,59.9448415563375,43.7220766807556,"Rosh_HaNikra"
2025-07-29 10:00:00,48,62.0640687255644,40.9963903232418,"Rosh_HaNikra"
2025-07-29 10:00:00,48.3,62.0640687255644,46.1776865080446,"Rosh_HaNikra"
2025-07-29 11:00:00,49.7,60.8737867774429,43.1342991351971,"Rosh_HaNikra"
2025-07-29 11:00:00,48.9,60.8737867774429,47.5744974768649,"Rosh_HaNikra"
2025-07-29 12:00:00,48.8,57.8682853037934,45.0277560412384,"Rosh_HaNikra"
2025-07-29 12:00:00,48.5,57.8682853037934,45.8446451008257,"Rosh_HaNikra"
2025-07-29 13:00:00,47.1,53.5639928478448,45.3892227098461,"Rosh_HaNikra"
2025-07-29 13:00:00,47.1,53.5639928478448,45.2720304744079,"Rosh_HaNikra"
2025-07-29 14:00:00,43.5,47.3432539131432,43.8596731496523,"Rosh_HaNikra"
2025-07-29 14:00:00,43.3,47.3432539131432,43.0720539062831,"Rosh_HaNikra"
2025-07-29 15:00:00,40.2,40.6893411040244,40.6765822057024,"Rosh_HaNikra"
2025-07-29 15:00:00,40.1,40.6893411040244,39.1626774957866,"Rosh_HaNikra"
2025-07-29 16:00:00,37.5,33.2712541136772,37.293016690825,"Rosh_HaNikra"
2025-07-29 16:00:00,37.2,33.2712541136772,35.6383641988367,"Rosh_HaNikra"
2025-07-29 17:00:00,34.1,28.8160595752522,33.3078332989155,"Rosh_HaNikra"
2025-07-29 17:00:00,35.1,28.8160595752522,31.7176559417875,"Rosh_HaNikra"
2025-07-29 18:00:00,32.3,27.4274643364384,31.2432866166671,"Rosh_HaNikra"
2025-07-29 18:00:00,33.5,27.4274643364384,30.2725794395973,"Rosh_HaNikra"
2025-07-29 19:00:00,31.5,26.7239585395647,29.8520179940283,"Rosh_HaNikra"
2025-07-29 19:00:00,32.4,26.7239585395647,28.9720201180869,"Rosh_HaNikra"
2025-07-29 20:00:00,30.8,26.1821051329951,29.0473343726842,"Rosh_HaNikra"
2025-07-29 20:00:00,31.7,26.1821051329951,28.359564796369,"Rosh_HaNikra"
2025-07-29 21:00:00,29.6,25.8575892897222,27.7889712804189,"Rosh_HaNikra"
2025-07-29 21:00:00,30.5,25.8575892897222,26.9381872457986,"Rosh_HaNikra"
2025-07-29 22:00:00,28.5,24.7785493280913,26.6794793928236,"Rosh_HaNikra"
2025-07-29 22:00:00,29.5,24.7785493280913,26.3885939160273,"Rosh_HaNikra"
2025-07-29 23:00:00,28.1,24.3425330742855,26.4094756706472,"Rosh_HaNikra"
2025-07-29 23:00:00,28.9,24.3425330742855,26.3231221310868,"Rosh_HaNikra"
2025-07-30,27.6,24.2052755060156,26.7663929063963,"Rosh_HaNikra"
2025-07-30,28.5,24.2052755060156,26.2439652614634,"Rosh_HaNikra"
2025-07-30 01:00:00,27.3,24.2128798687485,26.4292233090171,"Rosh_HaNikra"
2025-07-30 01:00:00,28.1,24.2128798687485,26.1880536939075,"Rosh_HaNikra"
2025-07-30 02:00:00,27.5,24.0513556017637,26.128196637394,"Rosh_HaNikra"
2025-07-30 02:00:00,28.1,24.0513556017637,26.0639610229708,"Rosh_HaNikra"
2025-07-30 03:00:00,27,24.0586466249322,25.8426007338291,"Rosh_HaNikra"
2025-07-30 03:00:00,27.6,24.0586466249322,25.7901096548703,"Rosh_HaNikra"
2025-07-30 04:00:00,27.5,26.0338630777068,26.3043190826244,"Rosh_HaNikra"
2025-07-30 04:00:00,28,26.0338630777068,26.1767843286137,"Rosh_HaNikra"
2025-07-30 05:00:00,30,28.3158682498881,28.4163391490351,"Rosh_HaNikra"
2025-07-30 05:00:00,29.7,28.3158682498881,29.5610724899128,"Rosh_HaNikra"
2025-07-30 06:00:00,32.8,30.3027161598747,30.0240699667275,"Rosh_HaNikra"
2025-07-30 06:00:00,31.8,30.3027161598747,30.8497339098936,"Rosh_HaNikra"
2025-07-30 07:00:00,37.1,32.2672180801648,31.5856914662241,"Rosh_HaNikra"
2025-07-30 07:00:00,35.2,32.2672180801648,31.441777732764,"Rosh_HaNikra"
2025-07-30 08:00:00,40.8,34.2477847587453,36.8707235928419,"Rosh_HaNikra"
2025-07-30 08:00:00,38.7,34.2477847587453,37.4760817326676,"Rosh_HaNikra"
2025-07-30 09:00:00,45.4,35.9214141639526,41.7409694661263,"Rosh_HaNikra"
2025-07-30 09:00:00,42.1,35.9214141639526,43.1580113273256,"Rosh_HaNikra"
2025-07-30 10:00:00,48.3,51.2333448861995,36.2427315493528,"Rosh_HaNikra"
2025-07-30 10:00:00,45.1,51.2333448861995,38.3673987435969,"Rosh_HaNikra"
2025-07-30 11:00:00,46.8,57.9511058993408,40.7459658754406,"Rosh_HaNikra"
2025-07-30 11:00:00,44.8,57.9511058993408,47.8660640227967,"Rosh_HaNikra"
2025-07-30 12:00:00,47.1,56.1062387611896,45.6108805993697,"Rosh_HaNikra"
2025-07-30 12:00:00,45.6,56.1062387611896,46.3322192578303,"Rosh_HaNikra"
2025-07-30 13:00:00,46.1,52.1937554626829,44.4513665340609,"Rosh_HaNikra"
2025-07-30 13:00:00,45.5,52.1937554626829,44.1514783068242,"Rosh_HaNikra"
2025-07-30 14:00:00,43.5,46.5138983372446,44.0444768403103,"Rosh_HaNikra"
2025-07-30 14:00:00,43.6,46.5138983372446,42.2701077845535,"Rosh_HaNikra"
2025-07-30 15:00:00,40.5,39.4649804020011,40.5477046596091,"Rosh_HaNikra"
2025-07-30 15:00:00,41.2,39.4649804020011,39.0426119210155,"Rosh_HaNikra"
2025-07-30 16:00:00,37.4,31.7846807614698,37.4184349397246,"Rosh_HaNikra"
2025-07-30 16:00:00,38.3,31.7846807614698,34.8011813196593,"Rosh_HaNikra"
2025-07-30 17:00:00,34.7,27.1588275344613,33.7639783617274,"Rosh_HaNikra"
2025-07-30 17:00:00,35.5,27.1588275344613,30.8199934189354,"Rosh_HaNikra"
2025-07-30 18:00:00,32.7,25.8726692217984,31.1716301885417,"Rosh_HaNikra"
2025-07-30 18:00:00,33.6,25.8726692217984,28.9755345374039,"Rosh_HaNikra"
2025-07-30 19:00:00,31.6,25.5959563001732,30.3577318830213,"Rosh_HaNikra"
2025-07-30 19:00:00,32.3,25.5959563001732,28.1639698719941,"Rosh_HaNikra"
2025-07-30 20:00:00,30.5,25.2797337607772,29.6918001584615,"Rosh_HaNikra"
2025-07-30 20:00:00,31.2,25.2797337607772,27.8827426952562,"Rosh_HaNikra"
2025-07-30 21:00:00,30.1,24.9293749102754,28.3339894017826,"Rosh_HaNikra"
2025-07-30 21:00:00,30.7,24.9293749102754,27.0243328592685,"Rosh_HaNikra"
2025-07-30 22:00:00,30.2,23.5688037390244,27.5209901343747,"Rosh_HaNikra"
2025-07-30 22:00:00,30.6,23.5688037390244,27.0498465766528,"Rosh_HaNikra"
2025-07-30 23:00:00,29.7,23.2941663236509,27.1613178552219,"Rosh_HaNikra"
2025-07-30 23:00:00,30.2,23.2941663236509,26.6430951920571,"Rosh_HaNikra"
2025-07-31,29.4,23.1647345986625,27.0461232030606,"Rosh_HaNikra"
2025-07-31,29.8,23.1647345986625,26.6251696380426,"Rosh_HaNikra"
2025-07-31 01:00:00,28.9,22.9478543563044,26.7769998097905,"Rosh_HaNikra"
2025-07-31 01:00:00,29.5,22.9478543563044,26.1972088504629,"Rosh_HaNikra"
2025-07-31 02:00:00,28.9,22.7009256389795,26.4064107819654,"Rosh_HaNikra"
2025-07-31 02:00:00,29.4,22.7009256389795,26.440646863757,"Rosh_HaNikra"
2025-07-31 03:00:00,28.3,22.5326156508764,25.9133422354807,"Rosh_HaNikra"
2025-07-31 03:00:00,28.7,22.5326156508764,26.3188717448402,"Rosh_HaNikra"
2025-07-31 04:00:00,28.5,24.0202804855498,26.1669701307089,"Rosh_HaNikra"
2025-07-31 04:00:00,29,24.0202804855498,26.0895644209398,"Rosh_HaNikra"
2025-07-31 05:00:00,29.3,25.3044557730176,25.8459660213541,"Rosh_HaNikra"
2025-07-31 05:00:00,29.7,25.3044557730176,26.0712860001545,"Rosh_HaNikra"
2025-07-31 06:00:00,33.2,27.8023469885673,28.5849614629958,"Rosh_HaNikra"
2025-07-31 06:00:00,32,27.8023469885673,29.9703669108706,"Rosh_HaNikra"
2025-07-31 07:00:00,37.1,30.458856661825,31.5060442014045,"Rosh_HaNikra"
2025-07-31 07:00:00,35.3,30.458856661825,31.6951097039342,"Rosh_HaNikra"
2025-07-31 08:00:00,40.1,32.1492595131261,34.4892751983307,"Rosh_HaNikra"
2025-07-31 08:00:00,38.6,32.1492595131261,35.6344022217143,"Rosh_HaNikra"
2025-07-31 09:00:00,42.4,33.3403020149762,38.9274185087684,"Rosh_HaNikra"
2025-07-31 09:00:00,40.7,33.3403020149762,41.6917930257888,"Rosh_HaNikra"
2025-07-31 10:00:00,45.9,36.4006919958147,43.8948784803134,"Rosh_HaNikra"
2025-07-31 10:00:00,43.2,36.4006919958147,45.1022009399189,"Rosh_HaNikra"
2025-07-31 11:00:00,47.1,48.6310496722182,35.2365911606634,"Rosh_HaNikra"
2025-07-31 11:00:00,44.9,48.6310496722182,35.56688884529,"Rosh_HaNikra"
2025-07-31 12:00:00,47.1,50.9080553678547,43.6679522144011,"Rosh_HaNikra"
2025-07-31 12:00:00,45.2,50.9080553678547,44.3193668689276,"Rosh_HaNikra"
2025-07-31 13:00:00,45.7,46.0858647932494,42.3153786232047,"Rosh_HaNikra"
2025-07-31 13:00:00,44.4,46.0858647932494,41.334447701621,"Rosh_HaNikra"
2025-07-31 14:00:00,42.9,41.840467687768,41.4097958964574,"Rosh_HaNikra"
2025-07-31 14:00:00,42.3,41.840467687768,40.5340702374298,"Rosh_HaNikra"
2025-07-31 15:00:00,40,35.6834235923689,36.7393351513549,"Rosh_HaNikra"
2025-07-31 15:00:00,40.2,35.6834235923689,36.8824593936193,"Rosh_HaNikra"
2025-07-31 16:00:00,36.9,29.9913870604049,36.0687678083585,"Rosh_HaNikra"
2025-07-31 16:00:00,37.3,29.9913870604049,33.4169369815148,"Rosh_HaNikra"
2025-07-31 17:00:00,34.3,26.9428007033534,33.7171625393223,"Rosh_HaNikra"
2025-07-31 17:00:00,34.9,26.9428007033534,31.136018290226,"Rosh_HaNikra"
2025-07-31 18:00:00,32.4,26.1000033956209,31.5818328380529,"Rosh_HaNikra"
2025-07-31 18:00:00,33,26.1000033956209,29.930668590336,"Rosh_HaNikra"
2025-07-31 19:00:00,31.5,25.5643902409096,30.4239713794975,"Rosh_HaNikra"
2025-07-31 19:00:00,31.9,25.5643902409096,28.7175110188997,"Rosh_HaNikra"
2025-07-31 20:00:00,30.6,25.0771980523351,29.7808636721468,"Rosh_HaNikra"
2025-07-31 20:00:00,31.2,25.0771980523351,28.5933045456162,"Rosh_HaNikra"
2025-07-31 21:00:00,30.3,24.9963515425398,28.3661606336536,"Rosh_HaNikra"
2025-07-31 21:00:00,30.6,24.9963515425398,27.0666357686647,"Rosh_HaNikra"
2025-07-31 22:00:00,29.5,23.3977315481463,27.559348335474,"Rosh_HaNikra"
2025-07-31 22:00:00,30,23.3977315481463,27.6800082934992,"Rosh_HaNikra"
2025-07-31 23:00:00,29.1,23.1918556162965,27.3355550347701,"Rosh_HaNikra"
2025-07-31 23:00:00,29.5,23.1918556162965,27.4518208170593,"Rosh_HaNikra"
2025-08-01,28.4,23.0989199724741,27.0239425454958,"Rosh_HaNikra"
2025-08-01,28.9,23.0989199724741,26.8835681220158,"Rosh_HaNikra"
2025-08-01 01:00:00,28,22.8787576136857,26.7636802092272,"Rosh_HaNikra"
2025-08-01 01:00:00,28.5,22.8787576136857,26.3729158979259,"Rosh_HaNikra"
2025-08-01 02:00:00,27.9,22.6877914044823,26.3921697044958,"Rosh_HaNikra"
2025-08-01 02:00:00,28.4,22.6877914044823,25.5990012548103,"Rosh_HaNikra"
2025-08-01 03:00:00,27.7,22.6261754341451,25.9975606224792,"Rosh_HaNikra"
2025-08-01 03:00:00,28.2,22.6261754341451,25.738412277306,"Rosh_HaNikra"
2025-08-01 04:00:00,28,24.0673557201588,25.7445384559184,"Rosh_HaNikra"
2025-08-01 04:00:00,28.5,24.0673557201588,25.6197376802885,"Rosh_HaNikra"
2025-08-01 05:00:00,29,26.0820752856782,26.8682920353545,"Rosh_HaNikra"
2025-08-01 05:00:00,29.1,26.0820752856782,27.3633178723956,"Rosh_HaNikra"
2025-08-01 06:00:00,32.6,28.4570717975799,29.2780475485976,"Rosh_HaNikra"
2025-08-01 06:00:00,31.6,28.4570717975799,30.5371479456095,"Rosh_HaNikra"
2025-08-01 07:00:00,36.5,30.3721540684475,31.6890481939453,"Rosh_HaNikra"
2025-08-01 07:00:00,34.8,30.3721540684475,31.8568327174827,"Rosh_HaNikra"
2025-08-01 08:00:00,39.8,31.5474481580122,33.9685163866991,"Rosh_HaNikra"
2025-08-01 08:00:00,38.1,31.5474481580122,35.1336220475249,"Rosh_HaNikra"
2025-08-01 09:00:00,42.9,32.9918695344246,39.1737115766677,"Rosh_HaNikra"
2025-08-01 09:00:00,39.8,32.9918695344246,41.8304141436856,"Rosh_HaNikra"
2025-08-01 10:00:00,42.8,36.3746381471539,44.0753465112205,"Rosh_HaNikra"
2025-08-01 10:00:00,40.7,36.3746381471539,45.4012242707518,"Rosh_HaNikra"
2025-08-01 11:00:00,46.3,51.6065825778866,37.1872651676406,"Rosh_HaNikra"
2025-08-01 11:00:00,43.4,51.6065825778866,41.6445111611291,"Rosh_HaNikra"
2025-08-01 12:00:00,47.8,53.4803775601819,42.7803666754581,"Rosh_HaNikra"
2025-08-01 12:00:00,44.9,53.4803775601819,43.1304916099685,"Rosh_HaNikra"
2025-08-01 13:00:00,46.6,48.9067461388997,42.9898592334976,"Rosh_HaNikra"
2025-08-01 13:00:00,44.5,48.9067461388997,42.3114259094098,"Rosh_HaNikra"
2025-08-01 14:00:00,44,43.3989626296718,40.9689320904341,"Rosh_HaNikra"
2025-08-01 14:00:00,42.8,43.3989626296718,38.9812968907323,"Rosh_HaNikra"
2025-08-01 15:00:00,40.4,36.4929203693042,37.116691683619,"Rosh_HaNikra"
2025-08-01 15:00:00,40.2,36.4929203693042,36.9547114319554,"Rosh_HaNikra"
2025-08-01 16:00:00,37,29.9792272416737,36.3445221751803,"Rosh_HaNikra"
2025-08-01 16:00:00,37.3000000000001,29.9792272416737,33.107551917623,"Rosh_HaNikra"
2025-08-01 17:00:00,34.3,26.0536874615989,32.6169700763235,"Rosh_HaNikra"
2025-08-01 17:00:00,34.6,26.0536874615989,29.8336599766903,"Rosh_HaNikra"
2025-08-01 18:00:00,32.4,24.715459028789,30.3537224130631,"Rosh_HaNikra"
2025-08-01 18:00:00,32.7,24.715459028789,28.6366313660202,"Rosh_HaNikra"
2025-08-01 19:00:00,31.2,24.312801934068,29.4200222309942,"Rosh_HaNikra"
2025-08-01 19:00:00,31.5,24.312801934068,28.5945059375579,"Rosh_HaNikra"
2025-08-01 20:00:00,30.4,23.9793426675956,29.1170911380106,"Rosh_HaNikra"
2025-08-01 20:00:00,30.8,23.9793426675956,28.5347552649198,"Rosh_HaNikra"
2025-08-01 21:00:00,29.6,23.814492680707,27.9588800097539,"Rosh_HaNikra"
2025-08-01 21:00:00,30.1,23.814492680707,27.0332936458302,"Rosh_HaNikra"
2025-08-01 22:00:00,29.8,22.8984988068588,27.1011609114946,"Rosh_HaNikra"
2025-08-01 22:00:00,30,22.8984988068588,27.1616432867597,"Rosh_HaNikra"
2025-08-01 23:00:00,29.5,22.8648377250833,27.0840087331934,"Rosh_HaNikra"
2025-08-01 23:00:00,29.7,22.8648377250833,27.084509841889,"Rosh_HaNikra"
2025-08-02,28.8,22.799485259388,26.8038225194589,"Rosh_HaNikra"
2025-08-02,29,22.799485259388,26.595673417642,"Rosh_HaNikra"
2025-08-02 01:00:00,27.6,22.7648995387633,26.6649238025677,"Rosh_HaNikra"
2025-08-02 01:00:00,27.9,22.7648995387633,26.5066834548313,"Rosh_HaNikra"
2025-08-02 02:00:00,27,22.6451347781409,26.417522991952,"Rosh_HaNikra"
2025-08-02 02:00:00,27.5,22.6451347781409,26.2823805220707,"Rosh_HaNikra"
2025-08-02 03:00:00,27,22.5600012016668,25.9142940891241,"Rosh_HaNikra"
2025-08-02 03:00:00,27.4,22.5600012016668,25.8636087513434,"Rosh_HaNikra"
2025-08-02 04:00:00,27.2,24.4562849735699,26.1337652741735,"Rosh_HaNikra"
2025-08-02 04:00:00,27.6,24.4562849735699,25.9569403286424,"Rosh_HaNikra"
2025-08-02 05:00:00,29.1,27.2158569962715,27.3645557821387,"Rosh_HaNikra"
2025-08-02 05:00:00,28.9,27.2158569962715,28.1434394481813,"Rosh_HaNikra"
2025-08-02 06:00:00,32.8,29.3551993488081,30.048169691978,"Rosh_HaNikra"
2025-08-02 06:00:00,31.7,29.3551993488081,30.9493597771241,"Rosh_HaNikra"
2025-08-02 07:00:00,34.9,30.7771922337213,32.2943652103433,"Rosh_HaNikra"
2025-08-02 07:00:00,34.3,30.7771922337213,32.288144641433,"Rosh_HaNikra"
2025-08-02 08:00:00,39.4,32.2669008298698,37.0934982071363,"Rosh_HaNikra"
2025-08-02 08:00:00,38.1,32.2669008298698,37.7285857201912,"Rosh_HaNikra"
2025-08-02 09:00:00,43.6,33.1578874005779,39.8194343504308,"Rosh_HaNikra"
2025-08-02 09:00:00,41.1,33.1578874005779,42.0879108529252,"Rosh_HaNikra"
2025-08-02 10:00:00,46,34.2330163590109,43.3870913312749,"Rosh_HaNikra"
2025-08-02 10:00:00,43.5,34.2330163590109,45.2623358809573,"Rosh_HaNikra"
2025-08-02 11:00:00,47,37.6256184841641,44.3617035820781,"Rosh_HaNikra"
2025-08-02 11:00:00,44.9,37.6256184841641,45.2789406139823,"Rosh_HaNikra"
2025-08-02 12:00:00,46.6,45.1863585062168,43.0426620992461,"Rosh_HaNikra"
2025-08-02 12:00:00,45.4,45.1863585062168,43.5736789280779,"Rosh_HaNikra"
2025-08-02 13:00:00,45.7,45.105736634438,42.4947259198908,"Rosh_HaNikra"
2025-08-02 13:00:00,44.5,45.105736634438,42.7584253998216,"Rosh_HaNikra"
2025-08-02 14:00:00,43.5,40.5877989643682,40.713219471609,"Rosh_HaNikra"
2025-08-02 14:00:00,43,40.5877989643682,40.3604572886978,"Rosh_HaNikra"
2025-08-02 15:00:00,40.5,36.2051353990671,37.687698338707,"Rosh_HaNikra"
2025-08-02 15:00:00,40.7,36.2051353990671,37.6560179722573,"Rosh_HaNikra"
2025-08-02 16:00:00,37.1,30.3582950674702,36.0782689068568,"Rosh_HaNikra"
2025-08-02 16:00:00,37.8,30.3582950674702,33.6408109539619,"Rosh_HaNikra"
2025-08-02 17:00:00,33.7,26.184335243236,32.5921461227851,"Rosh_HaNikra"
2025-08-02 17:00:00,35.1,26.184335243236,30.2578385643185,"Rosh_HaNikra"
2025-08-02 18:00:00,32.1,24.9384159327012,30.0318559811182,"Rosh_HaNikra"
2025-08-02 18:00:00,33.3,24.9384159327012,28.9122862655311,"Rosh_HaNikra"
2025-08-02 19:00:00,31,24.3904725431902,28.7204529012271,"Rosh_HaNikra"
2025-08-02 19:00:00,32.2,24.3904725431902,27.846121733367,"Rosh_HaNikra"
2025-08-02 20:00:00,30.1,24.0032807856987,28.8307372192207,"Rosh_HaNikra"
2025-08-02 20:00:00,31.2,24.0032807856987,28.0113341690967,"Rosh_HaNikra"
2025-08-02 21:00:00,29.1,23.7323677452218,27.8063337036364,"Rosh_HaNikra"
2025-08-02 21:00:00,30.2,23.7323677452218,26.8628538914615,"Rosh_HaNikra"
2025-08-02 22:00:00,28.9,23.6464447772405,27.5767833831043,"Rosh_HaNikra"
2025-08-02 22:00:00,29.7,23.6464447772405,27.0526836486323,"Rosh_HaNikra"
2025-08-02 23:00:00,28,23.4867726505614,27.3485995758889,"Rosh_HaNikra"
2025-08-02 23:00:00,29,23.4867726505614,26.6647635509139,"Rosh_HaNikra"
2025-08-17,25.1,24.4308366830228,27.5283074072553,"Rosh_HaNikra"
2025-08-17,26,24.4308366830228,26.2338916771771,"Rosh_HaNikra"
2025-08-17 01:00:00,24.5,24.271263445821,27.3995217620689,"Rosh_HaNikra"
2025-08-17 01:00:00,25.5,24.271263445821,26.7093339147383,"Rosh_HaNikra"
2025-08-17 02:00:00,24.1,23.9104562985932,26.7992702961096,"Rosh_HaNikra"
2025-08-17 02:00:00,24.9,23.9104562985932,25.7736910179238,"Rosh_HaNikra"
2025-08-17 03:00:00,23.7,24.023906740441,26.7277716483508,"Rosh_HaNikra"
2025-08-17 03:00:00,24.5,24.023906740441,25.8078938993617,"Rosh_HaNikra"
2025-08-17 04:00:00,25.6,27.0927994352106,26.1129502728103,"Rosh_HaNikra"
2025-08-17 04:00:00,27.1,27.0927994352106,26.0034897889672,"Rosh_HaNikra"
2025-08-17 05:00:00,32.9,33.1042846533575,27.3649267313601,"Rosh_HaNikra"
2025-08-17 05:00:00,34.5,33.1042846533575,28.0969078351364,"Rosh_HaNikra"
2025-08-17 06:00:00,42,42.5058365261057,29.2976249760024,"Rosh_HaNikra"
2025-08-17 06:00:00,35.2,42.5058365261057,31.3202097030607,"Rosh_HaNikra"
2025-08-17 07:00:00,43.6,50.8058486413599,33.2047995023047,"Rosh_HaNikra"
2025-08-17 07:00:00,35.4,50.8058486413599,33.0177304361989,"Rosh_HaNikra"
2025-08-17 08:00:00,48.5,57.0973510412641,36.7141399222077,"Rosh_HaNikra"
2025-08-17 08:00:00,47.5,57.0973510412641,39.1610497527979,"Rosh_HaNikra"
2025-08-17 09:00:00,51.9,60.4605775582408,39.6793991119283,"Rosh_HaNikra"
2025-08-17 09:00:00,51.5,60.4605775582408,42.5391408126706,"Rosh_HaNikra"
2025-08-17 10:00:00,52.2,62.3811661774611,42.0073607080108,"Rosh_HaNikra"
2025-08-17 10:00:00,52.6,62.3811661774611,46.1092099818292,"Rosh_HaNikra"
2025-08-17 11:00:00,51,61.0424613610205,43.3318850517324,"Rosh_HaNikra"
2025-08-17 11:00:00,50.8,61.0424613610205,47.9799434883717,"Rosh_HaNikra"
2025-08-17 12:00:00,46.4,57.2984918170898,46.5939013011527,"Rosh_HaNikra"
2025-08-17 12:00:00,48.7,57.2984918170898,46.8974488155546,"Rosh_HaNikra"
2025-08-17 13:00:00,44,52.2855831807011,44.9178385545968,"Rosh_HaNikra"
2025-08-17 13:00:00,44.2,52.2855831807011,44.7712278690472,"Rosh_HaNikra"
2025-08-17 14:00:00,40.1,45.4267355972273,42.958592614037,"Rosh_HaNikra"
2025-08-17 14:00:00,40.8,45.4267355972273,41.8384780847191,"Rosh_HaNikra"
2025-08-17 15:00:00,35.5,38.2234290076245,39.7235540588987,"Rosh_HaNikra"
2025-08-17 15:00:00,36.6,38.2234290076245,38.0141738475935,"Rosh_HaNikra"
2025-08-17 16:00:00,32,31.2635178864166,35.3110194605093,"Rosh_HaNikra"
2025-08-17 16:00:00,33,31.2635178864166,33.8971891567615,"Rosh_HaNikra"
2025-08-17 17:00:00,31,27.9705667754964,32.4026774353629,"Rosh_HaNikra"
2025-08-17 17:00:00,31,27.9705667754964,30.790751957813,"Rosh_HaNikra"
2025-08-17 18:00:00,30.1,27.2355829830403,31.442628756532,"Rosh_HaNikra"
2025-08-17 18:00:00,29.8,27.2355829830403,29.9388643423673,"Rosh_HaNikra"
2025-08-17 19:00:00,29.3,26.7720437778431,30.8484639158338,"Rosh_HaNikra"
2025-08-17 19:00:00,29,26.7720437778431,29.0380543534397,"Rosh_HaNikra"
2025-08-17 20:00:00,28.3,26.266890608169,30.5899548109771,"Rosh_HaNikra"
2025-08-17 20:00:00,28.3,26.266890608169,28.2432553693498,"Rosh_HaNikra"
2025-08-17 21:00:00,27.9,25.8679817647973,28.5320236371186,"Rosh_HaNikra"
2025-08-17 21:00:00,27.9,25.8679817647973,27.6048064861171,"Rosh_HaNikra"
2025-08-17 22:00:00,26.6,25.3200796262947,27.5468762638721,"Rosh_HaNikra"
2025-08-17 22:00:00,26.7,25.3200796262947,27.1191489211617,"Rosh_HaNikra"
2025-08-17 23:00:00,26.5,24.9279412050071,27.4323136072628,"Rosh_HaNikra"
2025-08-17 23:00:00,26.2,24.9279412050071,26.8624879520837,"Rosh_HaNikra"
2025-08-18,25.2,24.8331399102272,27.3794328058176,"Rosh_HaNikra"
2025-08-18,25.4,24.8331399102272,26.7558549686771,"Rosh_HaNikra"
2025-08-18 01:00:00,25.3,24.6745008946068,27.5680601159765,"Rosh_HaNikra"
2025-08-18 01:00:00,25.2,24.6745008946068,26.8739099472461,"Rosh_HaNikra"
2025-08-18 02:00:00,24.5,24.6993149144498,27.2860843944707,"Rosh_HaNikra"
2025-08-18 02:00:00,24.7,24.6993149144498,26.5615112568398,"Rosh_HaNikra"
2025-08-18 03:00:00,24.2,24.5004101093705,27.1186851884011,"Rosh_HaNikra"
2025-08-18 03:00:00,24.2,24.5004101093705,26.4995410107895,"Rosh_HaNikra"
2025-08-18 04:00:00,24.5,27.4085856086866,26.657083077989,"Rosh_HaNikra"
2025-08-18 04:00:00,26.6,27.4085856086866,26.5464210944579,"Rosh_HaNikra"
2025-08-18 05:00:00,29.7,33.2544966866929,27.148580940344,"Rosh_HaNikra"
2025-08-18 05:00:00,33.5,33.2544966866929,27.8272698676926,"Rosh_HaNikra"
2025-08-18 06:00:00,35.5,42.614166092289,29.2295614474951,"Rosh_HaNikra"
2025-08-18 06:00:00,33.1,42.614166092289,30.7449794773506,"Rosh_HaNikra"
2025-08-18 07:00:00,41.8,52.4285385753587,32.866992661629,"Rosh_HaNikra"
2025-08-18 07:00:00,35.4,52.4285385753587,33.4416932194039,"Rosh_HaNikra"
2025-08-18 08:00:00,44.7,57.3331837946336,36.6215958479361,"Rosh_HaNikra"
2025-08-18 08:00:00,45.7,57.3331837946336,39.1056417145598,"Rosh_HaNikra"
2025-08-18 09:00:00,49,60.9752322071608,40.1330801178975,"Rosh_HaNikra"
2025-08-18 09:00:00,50.4,60.9752322071608,43.4896426048727,"Rosh_HaNikra"
2025-08-18 10:00:00,51.6,61.8029333338782,41.319457571918,"Rosh_HaNikra"
2025-08-18 10:00:00,52,61.8029333338782,46.6050737230672,"Rosh_HaNikra"
2025-08-18 11:00:00,52.3,60.4174796828987,43.1487876411236,"Rosh_HaNikra"
2025-08-18 11:00:00,51.6,60.4174796828987,47.5792747958089,"Rosh_HaNikra"
2025-08-18 12:00:00,47.3,56.7907199511402,46.0677803513321,"Rosh_HaNikra"
2025-08-18 12:00:00,48.6,56.7907199511402,46.6671500577983,"Rosh_HaNikra"
2025-08-18 13:00:00,45.6,51.3782777210679,43.8354974864987,"Rosh_HaNikra"
2025-08-18 13:00:00,43.2,51.3782777210679,43.6600537040419,"Rosh_HaNikra"
2025-08-18 14:00:00,40.5,44.8017573255875,42.4680283034207,"Rosh_HaNikra"
2025-08-18 14:00:00,39.8,44.8017573255875,41.5910815991414,"Rosh_HaNikra"
2025-08-18 15:00:00,37.9,37.6135830917443,38.8275868614207,"Rosh_HaNikra"
2025-08-18 15:00:00,36.7,37.6135830917443,37.249997266233,"Rosh_HaNikra"
2025-08-18 16:00:00,34.7,30.8647913832956,33.275737198805,"Rosh_HaNikra"
2025-08-18 17:00:00,34,27.4210309459796,29.946245752282,"Rosh_HaNikra"
2025-08-18 18:00:00,32.9,26.4906456899373,30.0922209893916,"Rosh_HaNikra"
2025-08-18 19:00:00,31.9,26.0108119431475,28.2221562820249,"Rosh_HaNikra"
2025-08-18 20:00:00,31.1,25.3442717489989,27.7242890411338,"Rosh_HaNikra"
2025-08-18 21:00:00,30.4,24.9252756783776,26.8214340436312,"Rosh_HaNikra"
2025-08-18 22:00:00,29.5,24.1571686779101,25.9189754149556,"Rosh_HaNikra"
2025-08-18 23:00:00,28.7,23.7515269986236,25.6941396562967,"Rosh_HaNikra"
2025-08-19,27.8,23.5558706663278,25.139351544541,"Rosh_HaNikra"
2025-08-19 01:00:00,27.3,23.0859233413501,24.6003186604693,"Rosh_HaNikra"
2025-08-19 02:00:00,26.8,23.0190534222155,24.1704745260127,"Rosh_HaNikra"
2025-08-19 03:00:00,26.3,22.7734260226654,24.2669366551848,"Rosh_HaNikra"
2025-08-19 04:00:00,26.1,26.4421588070102,25.2692377083005,"Rosh_HaNikra"
2025-08-19 05:00:00,27,32.3693847879895,26.902204916276,"Rosh_HaNikra"
2025-08-19 06:00:00,29.2,42.1410607056742,31.6130966579661,"Rosh_HaNikra"
2025-08-19 07:00:00,32.6,53.2674995766305,36.9193847518317,"Rosh_HaNikra"
2025-08-19 08:00:00,36.2,59.9760857789643,41.0279724380453,"Rosh_HaNikra"
2025-08-19 09:00:00,39.6,63.0968984980899,43.3833853278322,"Rosh_HaNikra"
2025-08-19 10:00:00,42.1,64.2533182470706,45.8700908509603,"Rosh_HaNikra"
2025-08-19 11:00:00,43.5,62.6107011024798,48.3623663924528,"Rosh_HaNikra"
2025-08-19 12:00:00,44.3,59.2953612468458,47.3354189381886,"Rosh_HaNikra"
2025-08-19 13:00:00,43.4,53.818715140173,45.7957825457987,"Rosh_HaNikra"
2025-08-19 14:00:00,41.2,47.1327578656464,43.0293414726529,"Rosh_HaNikra"
2025-08-19 15:00:00,39.8,39.7307555727042,38.5528009771701,"Rosh_HaNikra"
2025-08-19 16:00:00,37.6,32.0464934281928,34.3740426124067,"Rosh_HaNikra"
2025-08-19 17:00:00,35.3,28.0244869725092,30.3724744079826,"Rosh_HaNikra"
2025-08-19 18:00:00,33.6,26.797185770794,28.7134689568708,"Rosh_HaNikra"
2025-08-19 19:00:00,32.3,26.2716260037427,28.0133366874794,"Rosh_HaNikra"
2025-08-19 20:00:00,31.1,25.7526699422879,27.5811804059264,"Rosh_HaNikra"
2025-08-19 21:00:00,30.1,25.2048188897766,26.9006710003821,"Rosh_HaNikra"
2025-08-19 22:00:00,29.1,24.5585814211288,26.2200975644668,"Rosh_HaNikra"
2025-08-19 23:00:00,28.4,24.2874140838247,25.8858717702523,"Rosh_HaNikra"
2025-08-20,27.8,24.1049289482375,25.662114462537,"Rosh_HaNikra"
2025-08-20 01:00:00,27.2,23.8978892150148,25.4918445514637,"Rosh_HaNikra"
2025-08-20 02:00:00,26.8,23.9488234264072,25.3132477279547,"Rosh_HaNikra"
2025-08-20 03:00:00,26.4,23.9799259641859,25.2409962097188,"Rosh_HaNikra"
2025-08-20 04:00:00,26.2,26.8210603805706,25.8463240419929,"Rosh_HaNikra"
2025-08-20 05:00:00,27.1,34.9437276007093,28.8264084180739,"Rosh_HaNikra"
2025-08-20 06:00:00,29.5,44.5827979373048,30.1963369914273,"Rosh_HaNikra"
2025-08-20 07:00:00,33,55.5629128248409,36.7045118662182,"Rosh_HaNikra"
2025-08-20 08:00:00,36.6,61.6629190796586,42.1971965034605,"Rosh_HaNikra"
2025-08-20 09:00:00,39.7,63.7086829776568,44.1261585801783,"Rosh_HaNikra"
2025-08-20 10:00:00,42.3,64.098373955634,46.4582887573633,"Rosh_HaNikra"
2025-08-20 11:00:00,44.1,61.7298471438588,47.5452911893445,"Rosh_HaNikra"
2025-08-20 12:00:00,45,58.0403471646852,46.9174402546228,"Rosh_HaNikra"
2025-08-20 13:00:00,43.6,53.1619506672922,45.1119407725044,"Rosh_HaNikra"
2025-08-20 14:00:00,40.9,46.9337257248586,42.7477478889995,"Rosh_HaNikra"
2025-08-20 15:00:00,39.8,39.5635279030789,38.42379851183,"Rosh_HaNikra"
2025-08-20 16:00:00,37.6,31.9235622315567,34.2996918858564,"Rosh_HaNikra"
2025-08-20 17:00:00,35.6,27.7074678510914,30.3779352479523,"Rosh_HaNikra"
2025-08-20 18:00:00,33.9,26.4555851469583,29.9320548320666,"Rosh_HaNikra"
2025-08-20 19:00:00,32.6,25.8391116672979,28.0065328587045,"Rosh_HaNikra"
2025-08-20 20:00:00,31.5,25.3389083268896,27.4718087452698,"Rosh_HaNikra"
2025-08-20 21:00:00,30.5,24.874720335064,26.7510221422358,"Rosh_HaNikra"
2025-08-20 22:00:00,29.7,24.8699598336868,26.9474046951347,"Rosh_HaNikra"
2025-08-20 23:00:00,28.9,24.5603802871705,26.7045230250968,"Rosh_HaNikra"
2025-08-21,28.3,24.3784047513445,26.0887763346375,"Rosh_HaNikra"
2025-08-21 01:00:00,27.8,24.0495014823521,25.8307590843347,"Rosh_HaNikra"
2025-08-21 02:00:00,27.3,23.8338097979923,25.4400316300473,"Rosh_HaNikra"
2025-08-21 03:00:00,26.9,23.8488063194564,25.4450703324226,"Rosh_HaNikra"
2025-08-21 04:00:00,26.5,25.5804705440319,26.0090251368332,"Rosh_HaNikra"
2025-08-21 05:00:00,27.1,32.1959286332216,27.1064455438706,"Rosh_HaNikra"
2025-08-21 06:00:00,29.3,40.5068644723513,31.6805481675626,"Rosh_HaNikra"
2025-08-21 07:00:00,31.7,49.0419238786776,35.1341687768348,"Rosh_HaNikra"
2025-08-21 08:00:00,35.1,56.8608354290144,39.4766007014551,"Rosh_HaNikra"
2025-08-21 09:00:00,37.9,60.3712384783464,42.5165617013306,"Rosh_HaNikra"
2025-08-21 10:00:00,40,62.4858230422121,44.9714935079174,"Rosh_HaNikra"
2025-08-21 11:00:00,41.5,60.8078774621362,46.3961496331988,"Rosh_HaNikra"
2025-08-21 12:00:00,42.6000000000001,58.0204881837221,45.522609741165,"Rosh_HaNikra"
2025-08-21 13:00:00,42.1,52.4868040764033,44.0342002728497,"Rosh_HaNikra"
2025-08-21 14:00:00,39.9,45.7114126752303,41.878057816774,"Rosh_HaNikra"
2025-08-21 15:00:00,38.6,38.698816439992,38.381900063749,"Rosh_HaNikra"
2025-08-21 16:00:00,36.9,31.5485521214481,33.6329219355349,"Rosh_HaNikra"
2025-08-21 17:00:00,35.1,28.0106748416072,30.499699958133,"Rosh_HaNikra"
2025-08-21 18:00:00,33.6,26.765430943345,28.7377167751852,"Rosh_HaNikra"
2025-08-21 19:00:00,32.4,26.411350592744,27.9476729224389,"Rosh_HaNikra"
2025-08-21 20:00:00,31.2,26.2811359085512,27.7698332815466,"Rosh_HaNikra"
2025-08-21 21:00:00,30.3,26.0013801024856,27.2508620547437,"Rosh_HaNikra"
2025-08-21 22:00:00,29.5,25.6638661571788,27.1535913214294,"Rosh_HaNikra"
2025-08-21 23:00:00,28.9,25.3829546990175,26.8322228599634,"Rosh_HaNikra"
2025-08-22,28.3,25.1384462181253,26.326635879545,"Rosh_HaNikra"
2025-08-22 01:00:00,27.8,25.0066557404131,25.8897213493383,"Rosh_HaNikra"
2025-08-22 02:00:00,27.3,24.7480084675739,25.6628535047192,"Rosh_HaNikra"
2025-08-22 03:00:00,26.8,24.6124634157872,25.7075737481713,"Rosh_HaNikra"
2025-08-22 04:00:00,26.6,24.9907203654915,25.8669358782577,"Rosh_HaNikra"
2025-08-22 05:00:00,27.3,35.5438853129823,29.1878864675054,"Rosh_HaNikra"
2025-08-22 06:00:00,29.2,42.9995452363344,29.7200430389274,"Rosh_HaNikra"
2025-08-22 07:00:00,31.9,50.3644028602237,35.0255497119137,"Rosh_HaNikra"
2025-08-22 08:00:00,35.4,57.7020661390128,39.1172546097733,"Rosh_HaNikra"
2025-08-22 09:00:00,38.4,63.1660746449856,43.9200656001613,"Rosh_HaNikra"
2025-08-22 10:00:00,40.7,65.7791797094256,47.2527438351772,"Rosh_HaNikra"
2025-08-22 11:00:00,42.3,62.5498682979663,47.7349347706107,"Rosh_HaNikra"
2025-08-22 12:00:00,43.2,57.8509225226671,45.6102694341063,"Rosh_HaNikra"
2025-08-22 13:00:00,42.1,54.1788314850662,44.8249312049406,"Rosh_HaNikra"
2025-08-22 14:00:00,40,48.0774936201462,42.7989595612803,"Rosh_HaNikra"
2025-08-22 15:00:00,38.7,40.2906605244961,38.6403873916175,"Rosh_HaNikra"
2025-08-22 16:00:00,36.9,32.2753477385618,34.2470773592362,"Rosh_HaNikra"
2025-08-22 17:00:00,35.1,28.6167300206113,30.9024685934548,"Rosh_HaNikra"
2025-08-22 18:00:00,33.7,27.4783401794348,29.729403168052,"Rosh_HaNikra"
2025-08-22 19:00:00,32.4,27.0827176934667,28.9240009905367,"Rosh_HaNikra"
2025-08-22 20:00:00,31.2,26.8367648403074,28.4986015508303,"Rosh_HaNikra"
2025-08-22 21:00:00,30.3,26.5551500709923,27.5425943115325,"Rosh_HaNikra"
2025-08-22 22:00:00,29.5,26.0589343113441,27.067532442101,"Rosh_HaNikra"
2025-08-22 23:00:00,28.9,25.3646944769674,26.4327767237918,"Rosh_HaNikra"
2025-08-23,28.2,25.1200644361358,26.2155977611083,"Rosh_HaNikra"
2025-08-23 01:00:00,27.7,24.3050709672866,25.640364379061,"Rosh_HaNikra"
2025-08-23 02:00:00,27.2,24.0579354826337,25.5139955326025,"Rosh_HaNikra"
2025-08-23 03:00:00,26.9,23.9982381660527,25.4020725434597,"Rosh_HaNikra"
2025-08-23 04:00:00,26.7,24.5707228086903,25.3192361707984,"Rosh_HaNikra"
2025-08-23 05:00:00,27.3,35.578672053588,29.0306787479679,"Rosh_HaNikra"
2025-08-23 06:00:00,29.3,42.5269661428153,32.258556737693,"Rosh_HaNikra"
2025-08-23 07:00:00,32.5,53.8763838828961,37.2119822075487,"Rosh_HaNikra"
2025-08-23 08:00:00,35.8,61.6646709817532,42.1601885291244,"Rosh_HaNikra"
2025-08-23 09:00:00,38.8,64.2908699752884,45.1118935379566,"Rosh_HaNikra"
2025-08-23 10:00:00,40.9,65.0291515791714,46.7593143815808,"Rosh_HaNikra"
2025-08-23 11:00:00,42.1,62.6746856166578,47.4495099746205,"Rosh_HaNikra"
2025-08-23 12:00:00,42.6,59.336383043769,46.8657637560589,"Rosh_HaNikra"
2025-08-23 13:00:00,42,54.6505681701152,45.3721372728909,"Rosh_HaNikra"
2025-08-23 14:00:00,40.2,49.013033687071,43.8408548733046,"Rosh_HaNikra"
2025-08-23 15:00:00,39.1,41.7099204537725,39.8177575558217,"Rosh_HaNikra"
2025-08-23 16:00:00,37.5,33.9029388071794,34.8122080056326,"Rosh_HaNikra"
2025-08-23 17:00:00,35.5,29.6838902497613,31.2316770583773,"Rosh_HaNikra"
2025-08-23 18:00:00,33.7,28.1254272155376,29.7501980244805,"Rosh_HaNikra"
2025-08-23 19:00:00,32.1,27.4591972734766,28.9165672936625,"Rosh_HaNikra"
2025-08-23 20:00:00,30.9,26.6034829530984,28.3790541429211,"Rosh_HaNikra"
2025-08-23 21:00:00,29.7,25.7768846832265,27.0161386967735,"Rosh_HaNikra"
2025-08-23 22:00:00,28.8,25.0699499014075,26.3225414260581,"Rosh_HaNikra"
2025-08-23 23:00:00,28,25.1512017031081,26.1783190191144,"Rosh_HaNikra"
2025-08-24,27.3,25.1617885003839,25.9176798990683,"Rosh_HaNikra"
2025-08-24 01:00:00,27,25.0039688294215,25.5343508809108,"Rosh_HaNikra"
2025-08-24 02:00:00,26.8,24.5726878534874,26.3829608806478,"Rosh_HaNikra"
2025-08-24 03:00:00,26.8,24.6811804929451,26.1572871935572,"Rosh_HaNikra"
2025-08-24 04:00:00,26.7,24.9034287092206,25.4980949998099,"Rosh_HaNikra"
2025-08-24 05:00:00,27.6,32.2722439173072,26.8455712331087,"Rosh_HaNikra"
2025-08-24 06:00:00,28.5,38.5613520284446,31.0827644074778,"Rosh_HaNikra"
2025-08-24 07:00:00,29.4,47.2818169177578,32.7146497687418,"Rosh_HaNikra"
2025-08-24 08:00:00,31.1,55.7558621950183,38.1809314603105,"Rosh_HaNikra"
2025-08-24 09:00:00,33.2,61.4069661363403,43.8486360435857,"Rosh_HaNikra"
2025-08-24 10:00:00,35.1,62.9021295376049,45.2084460524253,"Rosh_HaNikra"
2025-08-24 11:00:00,36.6,62.1721988521079,47.7231481289087,"Rosh_HaNikra"
2025-08-24 12:00:00,37.6,58.8198780173611,46.594700597673,"Rosh_HaNikra"
2025-08-24 13:00:00,38.1,53.3293922589286,44.6195851724701,"Rosh_HaNikra"
2025-08-24 14:00:00,38.1,46.2344148159005,41.7976070158761,"Rosh_HaNikra"
2025-08-24 15:00:00,37.6,38.4367027888801,37.8931143340645,"Rosh_HaNikra"
2025-08-24 16:00:00,36.6,31.1474191716671,33.2934735263852,"Rosh_HaNikra"
2025-08-24 17:00:00,35.4,27.9208864645524,30.3218408365118,"Rosh_HaNikra"
2025-08-24 18:00:00,34.2,26.8622656664015,29.6080242961731,"Rosh_HaNikra"
2025-08-24 19:00:00,33.2,26.3350049666558,28.6581366829172,"Rosh_HaNikra"
2025-08-24 20:00:00,32.5,26.0670162294056,28.3488282029721,"Rosh_HaNikra"
2025-08-24 21:00:00,31.6,25.6709545102137,27.6702588888388,"Rosh_HaNikra"
2025-08-24 22:00:00,30.9,24.4590279776595,27.3358528018328,"Rosh_HaNikra"
2025-08-24 23:00:00,30.2,24.2112820111605,27.1710798038074,"Rosh_HaNikra"
2025-08-25,29.8,24.1132594647359,27.0167377755954,"Rosh_HaNikra"
2025-08-25 01:00:00,29.4,23.9181869672303,26.5575900114854,"Rosh_HaNikra"
2025-08-25 02:00:00,29,23.5884244671568,25.8959566283919,"Rosh_HaNikra"
2025-08-25 03:00:00,28.6,23.2564104538393,25.1683852600265,"Rosh_HaNikra"
2025-08-25 04:00:00,28.3,23.4879683103893,25.0977958518908,"Rosh_HaNikra"
2025-08-25 05:00:00,28.2,26.88190676928,28.790152725858,"Rosh_HaNikra"
2025-08-25 06:00:00,29,28.6276336951987,30.4605509763707,"Rosh_HaNikra"
2025-08-25 07:00:00,30.3,31.630562786132,33.1607150086152,"Rosh_HaNikra"
2025-08-25 08:00:00,32.2,33.1292230811513,37.5125145770595,"Rosh_HaNikra"
2025-08-25 09:00:00,34,38.102101008199,41.2394150306443,"Rosh_HaNikra"
2025-08-25 10:00:00,35.6,55.1648536005664,39.8240691728826,"Rosh_HaNikra"
2025-08-25 11:00:00,36.8,56.4258172751914,46.1494901601173,"Rosh_HaNikra"
2025-08-25 12:00:00,37.5,54.5383029132776,44.2421139820781,"Rosh_HaNikra"
2025-08-25 13:00:00,37.9,49.5838143390321,44.2429945701327,"Rosh_HaNikra"
2025-08-25 14:00:00,37.8,43.3186277411628,41.5577575295764,"Rosh_HaNikra"
2025-08-25 15:00:00,37.2,36.1911269850519,36.648058950225,"Rosh_HaNikra"
2025-08-25 16:00:00,36.3,29.7471911751689,32.8391946322223,"Rosh_HaNikra"
2025-08-25 17:00:00,35.1,27.1345129582093,30.7066469565904,"Rosh_HaNikra"
2025-08-25 18:00:00,34,26.4927040716157,29.3641459493682,"Rosh_HaNikra"
2025-08-25 19:00:00,33.1,26.1608717815611,28.4549931362061,"Rosh_HaNikra"
2025-08-25 20:00:00,32.3,25.8101170921772,28.0342539145237,"Rosh_HaNikra"
2025-08-25 21:00:00,31.6,25.7049796005172,27.4724225397141,"Rosh_HaNikra"
2025-08-25 22:00:00,31,25.3089616981194,27.1576468773522,"Rosh_HaNikra"
2025-08-25 23:00:00,30.4,24.8997760808788,26.8044362504233,"Rosh_HaNikra"
2025-08-26,29.8,24.922628032713,26.6718622106019,"Rosh_HaNikra"
2025-08-26 01:00:00,29.2,24.5303592324841,26.6255335022261,"Rosh_HaNikra"
2025-08-26 02:00:00,28.7,24.5300697650791,26.5081387254028,"Rosh_HaNikra"
2025-08-26 03:00:00,28.3,24.3989508512732,26.3430751063757,"Rosh_HaNikra"
2025-08-26 04:00:00,28.1,24.8010938591923,25.8677660706045,"Rosh_HaNikra"
2025-08-26 05:00:00,27.9000000000001,30.5201318459668,29.2524880962211,"Rosh_HaNikra"
2025-08-26 06:00:00,28.5,36.2801627366071,29.4915381117046,"Rosh_HaNikra"
2025-08-26 07:00:00,29.7,43.1697805990596,31.1889113967244,"Rosh_HaNikra"
2025-08-26 08:00:00,31.4,51.6687714540482,37.7489454484294,"Rosh_HaNikra"
2025-08-26 09:00:00,33.1,54.2140977050339,38.5828727321685,"Rosh_HaNikra"
2025-08-26 10:00:00,34.7,55.588368032646,40.4358898591808,"Rosh_HaNikra"
2025-08-26 11:00:00,36,55.2799443362326,44.9914178458119,"Rosh_HaNikra"
2025-08-26 12:00:00,36.8,52.4119205065512,42.6012480449243,"Rosh_HaNikra"
2025-08-26 13:00:00,37.1,46.9681013975814,43.5694642898422,"Rosh_HaNikra"
2025-08-26 14:00:00,37,41.3390630207789,40.4857951671809,"Rosh_HaNikra"
2025-08-26 15:00:00,36.6,35.5288485359739,37.1527471294187,"Rosh_HaNikra"
2025-08-26 16:00:00,35.7,29.8827441366654,33.0784900139744,"Rosh_HaNikra"
2025-08-26 17:00:00,34.5,27.4411970026807,30.9006810945664,"Rosh_HaNikra"
2025-08-26 18:00:00,33.6,26.7620413042351,29.6131784393716,"Rosh_HaNikra"
2025-08-26 19:00:00,32.7,26.2906771761769,28.1074747386884,"Rosh_HaNikra"
2025-08-26 20:00:00,32.1,25.9441922321886,28.0955701673122,"Rosh_HaNikra"
2025-08-26 21:00:00,31.6,25.640117310027,27.560233808379,"Rosh_HaNikra"
2025-08-26 22:00:00,31,24.4448994315632,26.9828774113737,"Rosh_HaNikra"
2025-08-26 23:00:00,30.6,24.2046011277848,26.2847136931649,"Rosh_HaNikra"
2025-08-27,30.2,24.0610719826028,26.4483203523238,"Rosh_HaNikra"
2025-08-27 01:00:00,29.7,23.8766506071221,26.0234801301582,"Rosh_HaNikra"
2025-08-27 02:00:00,29.2,23.6937061672096,25.9004252392771,"Rosh_HaNikra"
2025-08-27 03:00:00,28.9,23.4433745622586,25.4908610605949,"Rosh_HaNikra"
2025-08-27 04:00:00,28.6,23.5638649862646,25.3075936707529,"Rosh_HaNikra"
2025-08-27 05:00:00,28.5,26.9307754968665,27.8370166191052,"Rosh_HaNikra"
2025-08-27 06:00:00,28.7,29.3516621620069,30.8022636238452,"Rosh_HaNikra"
2025-08-27 07:00:00,29.7,31.8876466740373,31.9112792626283,"Rosh_HaNikra"
2025-08-27 08:00:00,31.4,32.6384881152373,38.5058566327334,"Rosh_HaNikra"
2025-08-27 09:00:00,33.3,34.3556231742937,42.3062438858096,"Rosh_HaNikra"
2025-08-27 10:00:00,34.8,41.7799464092518,43.5479403445953,"Rosh_HaNikra"
2025-08-27 11:00:00,35.8,51.6042392670772,40.2665737247959,"Rosh_HaNikra"
2025-08-27 12:00:00,36.9,51.4571899860028,42.4042452015139,"Rosh_HaNikra"
2025-08-27 13:00:00,37.4,48.0298863047958,42.3931884809458,"Rosh_HaNikra"
2025-08-27 14:00:00,37.5,42.7099540476953,40.908089034792,"Rosh_HaNikra"
2025-08-27 15:00:00,37,35.9964538404013,36.548685035698,"Rosh_HaNikra"
2025-08-27 16:00:00,35.9,29.3744113419574,32.2753588055967,"Rosh_HaNikra"
2025-08-27 17:00:00,34.6,26.5985221585249,30.431195767385,"Rosh_HaNikra"
2025-08-27 18:00:00,33.5,25.7567397230708,29.1300422304812,"Rosh_HaNikra"
2025-08-27 19:00:00,32.7,25.2300466237355,27.9889351433351,"Rosh_HaNikra"
2025-08-27 20:00:00,32,24.9489506742502,27.9225109070812,"Rosh_HaNikra"
2025-08-27 21:00:00,31.4,24.6774729135906,27.1384650683146,"Rosh_HaNikra"
2025-08-27 22:00:00,31,23.8026586242754,26.0587074795049,"Rosh_HaNikra"
2025-08-27 23:00:00,30.4,23.4610763486356,26.0393696628315,"Rosh_HaNikra"
2025-08-28,30,23.3372818748407,25.7447389714876,"Rosh_HaNikra"
2025-08-28 01:00:00,29.4,23.0669681708331,25.2399035428644,"Rosh_HaNikra"
2025-08-28 02:00:00,28.9,22.9100544128907,24.9663859124246,"Rosh_HaNikra"
2025-08-28 03:00:00,28.5,22.7184303965916,24.9169416820573,"Rosh_HaNikra"
2025-08-28 04:00:00,28.1,22.6683503756714,24.7800377795449,"Rosh_HaNikra"
2025-08-28 05:00:00,27.9,26.768869840174,26.7295498711853,"Rosh_HaNikra"
2025-08-28 06:00:00,28.6,29.7778846227435,30.3193159102252,"Rosh_HaNikra"
2025-08-28 07:00:00,29.5000000000001,32.6850714573248,32.4242109702317,"Rosh_HaNikra"
2025-08-28 08:00:00,31.1,34.6271381511437,37.7855807633006,"Rosh_HaNikra"
2025-08-28 09:00:00,33.4,35.0226988193948,40.3596373361294,"Rosh_HaNikra"
2025-08-28 10:00:00,35.4,36.2110947908357,44.1352435366405,"Rosh_HaNikra"
2025-08-28 11:00:00,37.2,48.384510107648,40.5463091267796,"Rosh_HaNikra"
2025-08-28 12:00:00,38.4,51.1565821306423,41.1342921266108,"Rosh_HaNikra"
2025-08-28 13:00:00,38.9999999999999,47.0555233469675,41.8892145706812,"Rosh_HaNikra"
2025-08-28 14:00:00,38.9,41.3182682635456,39.2771489375117,"Rosh_HaNikra"
2025-08-28 15:00:00,38.2,34.3715033332434,35.2964622396076,"Rosh_HaNikra"
2025-08-28 16:00:00,36.8,27.6715116505691,31.0001608873253,"Rosh_HaNikra"
2025-08-28 17:00:00,35.2,24.6546046986212,28.0367632478716,"Rosh_HaNikra"
2025-08-28 18:00:00,33.8,23.7128457990847,26.5260029022229,"Rosh_HaNikra"
2025-08-28 19:00:00,32.5,23.0972690752589,25.8528361206114,"Rosh_HaNikra"
2025-08-28 20:00:00,31.4,22.6940085658168,25.5914522742268,"Rosh_HaNikra"
2025-08-28 21:00:00,30.4,22.2295797896336,24.9211178795003,"Rosh_HaNikra"
2025-08-28 22:00:00,29.5,22.0914011355454,24.7816562897496,"Rosh_HaNikra"
2025-08-28 23:00:00,28.9,21.8760518385962,24.4770051374253,"Rosh_HaNikra"
2025-08-29,28.4,21.7551987313274,24.0638987332042,"Rosh_HaNikra"
2025-08-29 01:00:00,27.9,21.3841278126888,23.7670230375836,"Rosh_HaNikra"
2025-08-29 02:00:00,27.6,21.1451586359671,23.5147853915429,"Rosh_HaNikra"
2025-08-29 03:00:00,27.2,20.9804441227368,23.2926821544366,"Rosh_HaNikra"
2025-08-29 04:00:00,26.8,21.273296960672,23.7953897546328,"Rosh_HaNikra"
2025-08-29 05:00:00,26.7,29.2638103206824,26.1635958327348,"Rosh_HaNikra"
2025-08-29 06:00:00,27.6,34.9203692564139,29.6539837551997,"Rosh_HaNikra"
2025-08-29 07:00:00,29.2,46.3408141090321,32.8596023530881,"Rosh_HaNikra"
2025-08-29 08:00:00,31.5,57.6067077722699,38.0716063700298,"Rosh_HaNikra"
2025-08-29 09:00:00,33.9,62.2050526661664,42.5203013455964,"Rosh_HaNikra"
2025-08-29 10:00:00,36,62.8018443347717,44.2239718752809,"Rosh_HaNikra"
2025-08-29 11:00:00,37.7,59.9813634191437,45.1836971631689,"Rosh_HaNikra"
2025-08-29 12:00:00,38.9,55.4605427793864,43.8692938400173,"Rosh_HaNikra"
2025-08-29 13:00:00,39.3,49.8300994371951,41.6807969862989,"Rosh_HaNikra"
2025-08-29 14:00:00,39,42.9941046601888,37.2967933002997,"Rosh_HaNikra"
2025-08-29 15:00:00,38.2,35.7323625486292,35.8133615549615,"Rosh_HaNikra"
2025-08-29 16:00:00,36.9,28.7021569116132,31.3452697211686,"Rosh_HaNikra"
2025-08-29 17:00:00,35.2,25.4915310475123,28.8515778273018,"Rosh_HaNikra"
2025-08-29 18:00:00,33.8,24.3487476564204,26.8494196732426,"Rosh_HaNikra"
2025-08-29 19:00:00,32.6,23.5930504400621,26.3087914280199,"Rosh_HaNikra"
2025-08-29 20:00:00,31.5,22.982861794325,25.6808475427403,"Rosh_HaNikra"
2025-08-29 21:00:00,30.5,22.4415128664736,24.5581141023211,"Rosh_HaNikra"
2025-08-29 22:00:00,29.6,22.1026776734408,24.2737508719038,"Rosh_HaNikra"
2025-08-29 23:00:00,28.8,22.0100063335922,24.3425180600842,"Rosh_HaNikra"
2025-08-30,28.2,21.939007087456,24.3009694823762,"Rosh_HaNikra"
2025-08-30 01:00:00,27.6,21.5379797201501,24.0151241776808,"Rosh_HaNikra"
2025-08-30 02:00:00,27.2,21.0672877485995,23.5227328862717,"Rosh_HaNikra"
2025-08-30 03:00:00,26.7,21.0103774519443,23.4916163620757,"Rosh_HaNikra"
2025-08-30 04:00:00,26.3,21.3691355766173,24.4890583654616,"Rosh_HaNikra"
2025-08-30 05:00:00,26.1,30.0794844288356,26.3671640770629,"Rosh_HaNikra"
2025-08-30 06:00:00,26.9,37.6435750861922,29.5206520468631,"Rosh_HaNikra"
2025-08-30 07:00:00,28.6,50.2497390777718,35.1815509261497,"Rosh_HaNikra"
2025-08-30 08:00:00,31.1,56.6652547930916,38.2113597122978,"Rosh_HaNikra"
2025-08-30 09:00:00,33.6,57.6510231404128,39.0311808806312,"Rosh_HaNikra"
2025-08-30 10:00:00,35.6,59.6741659358389,43.2224473104469,"Rosh_HaNikra"
2025-08-30 11:00:00,37.2,59.5257564762939,44.8796306019786,"Rosh_HaNikra"
2025-08-30 12:00:00,38.3,57.328159834077,45.8943067578183,"Rosh_HaNikra"
2025-08-30 13:00:00,38.9,52.223083959335,42.6217435886953,"Rosh_HaNikra"
2025-08-30 14:00:00,38.8,44.9847007048122,39.2530737711336,"Rosh_HaNikra"
2025-08-30 15:00:00,38,36.5957493018047,35.9096393083698,"Rosh_HaNikra"
2025-08-30 16:00:00,36.7,29.0785909923684,31.7191941786782,"Rosh_HaNikra"
2025-08-30 17:00:00,35.1,25.8305016413458,28.8765217217069,"Rosh_HaNikra"
2025-08-30 18:00:00,33.6,24.7164383712556,27.7067232944775,"Rosh_HaNikra"
2025-08-30 19:00:00,32.4,24.1331884269731,26.83258210197,"Rosh_HaNikra"
2025-08-30 20:00:00,31.3,23.5593082928902,26.178667671362,"Rosh_HaNikra"
2025-08-30 21:00:00,30.3,23.0614692376602,24.8654322200335,"Rosh_HaNikra"
2025-08-30 22:00:00,29.6,22.4089678037506,24.5771830270084,"Rosh_HaNikra"
2025-08-30 23:00:00,28.9,22.0809799082889,24.3466477898736,"Rosh_HaNikra"
2025-09-07,28.9,23.2032176589567,25.1845300796665,"Rosh_HaNikra"
2025-09-07 01:00:00,28.3,23.0192655636843,24.8425973234433,"Rosh_HaNikra"
2025-09-07 02:00:00,27.9,23.006039102918,24.6124381253605,"Rosh_HaNikra"
2025-09-07 03:00:00,27.4,22.880851522969,24.4848808971415,"Rosh_HaNikra"
2025-09-07 04:00:00,27.1,22.6302536031488,25.1454264989851,"Rosh_HaNikra"
2025-09-07 05:00:00,27,29.6913234747964,27.1148508278231,"Rosh_HaNikra"
2025-09-07 06:00:00,27.7,35.2829011722086,28.4003019625735,"Rosh_HaNikra"
2025-09-07 07:00:00,29.1,45.1115827770128,30.7068456256097,"Rosh_HaNikra"
2025-09-07 08:00:00,31.2,53.0840268992272,36.8083139694786,"Rosh_HaNikra"
2025-09-07 09:00:00,33.6,58.6945627995538,39.562249044857,"Rosh_HaNikra"
2025-09-07 10:00:00,35.6,61.1662285932167,43.2513703016213,"Rosh_HaNikra"
2025-09-07 11:00:00,37.2,58.9159047597231,44.2695119474626,"Rosh_HaNikra"
2025-09-07 12:00:00,38.2,54.4590915021612,42.6128521423235,"Rosh_HaNikra"
2025-09-07 13:00:00,38.7,48.5541493942748,40.5767511375079,"Rosh_HaNikra"
2025-09-07 14:00:00,38.5,41.7459357522609,38.5742920984947,"Rosh_HaNikra"
2025-09-07 15:00:00,37.7,34.3244670195074,35.0989886014734,"Rosh_HaNikra"
2025-09-07 16:00:00,36.4,27.8977368143617,31.0203130146108,"Rosh_HaNikra"
2025-09-07 17:00:00,34.8,25.5552651247494,29.6686006857116,"Rosh_HaNikra"
2025-09-07 18:00:00,33.5,24.9023979774278,28.0862057073006,"Rosh_HaNikra"
2025-09-07 19:00:00,32.4,24.3472599238629,27.7126426647623,"Rosh_HaNikra"
2025-09-07 20:00:00,31.4,23.8977143296971,27.2875689222022,"Rosh_HaNikra"
2025-09-07 21:00:00,30.4,23.5608209892376,25.9999140109662,"Rosh_HaNikra"
2025-09-07 22:00:00,29.6,22.3213813159262,25.9160353588309,"Rosh_HaNikra"
2025-09-07 23:00:00,28.9,22.2090900286209,25.0532347036677,"Rosh_HaNikra"
2025-09-08,28.3,22.1271577936047,24.7762899357387,"Rosh_HaNikra"
2025-09-08 01:00:00,27.8,22.2528191959262,24.6638406942962,"Rosh_HaNikra"
2025-09-08 02:00:00,27.5,22.0976613950878,24.6392363651839,"Rosh_HaNikra"
2025-09-08 03:00:00,27.4,21.8637268315455,24.392152450105,"Rosh_HaNikra"
2025-09-08 04:00:00,27.2,21.8369798600763,24.3898801512071,"Rosh_HaNikra"
2025-09-08 05:00:00,27.2,25.9283713652692,24.7855733849717,"Rosh_HaNikra"
2025-09-08 06:00:00,27.9,30.0878424070292,26.9264873387054,"Rosh_HaNikra"
2025-09-08 07:00:00,29.1,32.7690760223141,30.0469744054299,"Rosh_HaNikra"
2025-09-08 08:00:00,30.9,34.9109403953909,34.1902987968346,"Rosh_HaNikra"
2025-09-08 09:00:00,33.2,34.9712886620104,38.3511222816884,"Rosh_HaNikra"
2025-09-08 10:00:00,35.1,35.1882375267473,41.1754891158048,"Rosh_HaNikra"
2025-09-08 11:00:00,36.8,45.1094805733635,34.5024618109433,"Rosh_HaNikra"
2025-09-08 12:00:00,38.1,49.2364926723392,42.9129602548304,"Rosh_HaNikra"
2025-09-08 13:00:00,38.3,45.3884230186928,40.2996765228352,"Rosh_HaNikra"
2025-09-08 14:00:00,37.7,38.661994876977,38.7840915337595,"Rosh_HaNikra"
2025-09-08 15:00:00,36.9,31.7154557354993,34.557172190173,"Rosh_HaNikra"
2025-09-08 16:00:00,35.7,26.6760358760063,30.5140695957666,"Rosh_HaNikra"
2025-09-08 17:00:00,34.4,25.0956123026763,30.2955929325729,"Rosh_HaNikra"
2025-09-08 18:00:00,33.3,24.5395168679269,28.9441866085821,"Rosh_HaNikra"
2025-09-08 19:00:00,32.4,24.086761469355,28.1296993117,"Rosh_HaNikra"
2025-09-08 20:00:00,31.6,23.7227512564247,27.7240273120673,"Rosh_HaNikra"
2025-09-08 21:00:00,30.8,23.4129653655364,26.1025300585393,"Rosh_HaNikra"
2025-09-08 22:00:00,30.2,22.9371724440335,25.3855302925824,"Rosh_HaNikra"
2025-09-08 23:00:00,29.5,22.782947149808,24.9554264622612,"Rosh_HaNikra"
2025-09-09,28.7,22.6171453348101,24.8197992215442,"Rosh_HaNikra"
2025-09-09 01:00:00,28.1,22.3659714408793,24.7017829200437,"Rosh_HaNikra"
2025-09-09 02:00:00,27.5,22.004542976014,24.2910537734575,"Rosh_HaNikra"
2025-09-09 03:00:00,26.9,21.8257620500932,24.2446217498982,"Rosh_HaNikra"
2025-09-09 04:00:00,26.4,21.7996682280002,24.441914316428,"Rosh_HaNikra"
2025-09-09 05:00:00,26.1,26.9030587207252,25.3583463660141,"Rosh_HaNikra"
2025-09-09 06:00:00,26.9,31.4163514458023,28.3575691659289,"Rosh_HaNikra"
2025-09-09 07:00:00,28.6,32.5347665613142,29.9607220597325,"Rosh_HaNikra"
2025-09-09 08:00:00,31,33.5222180821526,33.6381500393313,"Rosh_HaNikra"
2025-09-09 09:00:00,33.3,33.4750876619556,39.0505807194012,"Rosh_HaNikra"
2025-09-09 10:00:00,35.5,32.7092367556147,38.4496760897036,"Rosh_HaNikra"
2025-09-09 11:00:00,37.1,33.863610539033,42.9705238989912,"Rosh_HaNikra"
2025-09-09 12:00:00,38.2,42.4677779444657,43.8662772231325,"Rosh_HaNikra"
2025-09-09 13:00:00,38.6,43.6994032577634,38.4749077975904,"Rosh_HaNikra"
2025-09-09 14:00:00,38.4,38.1025994836928,36.6851797183926,"Rosh_HaNikra"
2025-09-09 15:00:00,37.4,31.05718399631,32.804816077236,"Rosh_HaNikra"
2025-09-09 16:00:00,36,25.2406768460075,29.7722097143594,"Rosh_HaNikra"
2025-09-09 17:00:00,34.6,23.1899719359939,28.2892090383484,"Rosh_HaNikra"
2025-09-09 18:00:00,33.2,22.4798029845497,26.4362416912934,"Rosh_HaNikra"
2025-09-09 19:00:00,32.1,22.0890384536812,25.5191777253255,"Rosh_HaNikra"
2025-09-09 20:00:00,31.3,21.689775428364,25.1685586114727,"Rosh_HaNikra"
2025-09-09 21:00:00,30.5,21.384260739984,24.0746757376517,"Rosh_HaNikra"
2025-09-09 22:00:00,29.7,21.4171262434621,24.1881316621901,"Rosh_HaNikra"
2025-09-09 23:00:00,28.8,21.1914203109321,23.985017612177,"Rosh_HaNikra"
2025-09-10,28.1,21.0474134363847,23.8692571165126,"Rosh_HaNikra"
2025-09-10 01:00:00,27.6,20.7726410656051,23.5593818930143,"Rosh_HaNikra"
2025-09-10 02:00:00,27.1,20.4376483495849,23.1889245655653,"Rosh_HaNikra"
2025-09-10 03:00:00,26.5,20.118159501026,22.8532085104056,"Rosh_HaNikra"
2025-09-10 04:00:00,26.1,20.2109846711057,23.287800260688,"Rosh_HaNikra"
2025-09-10 05:00:00,26.1,29.2649980204322,25.4284450745602,"Rosh_HaNikra"
2025-09-10 06:00:00,26.8,37.712140463928,29.6925776718444,"Rosh_HaNikra"
2025-09-10 07:00:00,28,41.7995103103082,33.4044895778603,"Rosh_HaNikra"
2025-09-10 08:00:00,30.2,54.2000731911165,38.6163883831681,"Rosh_HaNikra"
2025-09-10 09:00:00,32.6,62.0978123452564,41.0408126314418,"Rosh_HaNikra"
2025-09-10 10:00:00,34.6,62.7118926326614,43.9319715930064,"Rosh_HaNikra"
2025-09-10 11:00:00,36.2,58.5296353435681,43.8188182956885,"Rosh_HaNikra"
2025-09-10 12:00:00,37.3,53.7077168806,42.2257603155859,"Rosh_HaNikra"
2025-09-10 13:00:00,37.7,47.5651617061812,41.3818952396223,"Rosh_HaNikra"
2025-09-10 14:00:00,37.6,40.0471186031867,38.1883218368474,"Rosh_HaNikra"
2025-09-10 15:00:00,36.8,32.6324256194239,34.6567109590041,"Rosh_HaNikra"
2025-09-10 16:00:00,35.5,26.9436742589562,30.3961768488249,"Rosh_HaNikra"
2025-09-10 17:00:00,34,25.0796116040969,29.3076705482354,"Rosh_HaNikra"
2025-09-10 18:00:00,32.8,24.7078521178795,28.5651382026901,"Rosh_HaNikra"
2025-09-10 19:00:00,31.9,24.3682586783555,28.2347732499631,"Rosh_HaNikra"
2025-09-10 20:00:00,31.1,24.1575952506121,28.3547925482621,"Rosh_HaNikra"
2025-09-10 21:00:00,30.6,23.9404431108193,26.4149412980787,"Rosh_HaNikra"
2025-09-10 22:00:00,30.2,23.7179287574511,26.4584793552697,"Rosh_HaNikra"
2025-09-10 23:00:00,29.8,23.5546821548163,26.4241841392967,"Rosh_HaNikra"
2025-09-11,29.5,23.4236913207283,25.628574245905,"Rosh_HaNikra"
2025-09-11 01:00:00,29.2,22.9895121822045,25.1246212230803,"Rosh_HaNikra"
2025-09-11 02:00:00,29,22.6577505322712,24.7583014339737,"Rosh_HaNikra"
2025-09-11 03:00:00,28.6,22.3955423811712,24.6768981004071,"Rosh_HaNikra"
2025-09-11 04:00:00,28.1,22.1928933494497,24.1183085601581,"Rosh_HaNikra"
2025-09-11 05:00:00,27.8,31.695666129812,26.5496565266814,"Rosh_HaNikra"
2025-09-11 06:00:00,28.3,42.9068870054355,29.3063769144354,"Rosh_HaNikra"
2025-09-11 07:00:00,29.9,48.3709371058901,33.159142422408,"Rosh_HaNikra"
2025-09-11 08:00:00,31.9,59.8889402338877,39.0765430350909,"Rosh_HaNikra"
2025-09-11 09:00:00,34,63.4486254832225,43.3244395178366,"Rosh_HaNikra"
2025-09-11 10:00:00,35.7,62.9799478737482,45.2344333799468,"Rosh_HaNikra"
2025-09-11 11:00:00,37.2,59.6960793860063,45.1994658928542,"Rosh_HaNikra"
2025-09-11 12:00:00,38.1,54.76457092887,43.8163183085101,"Rosh_HaNikra"
2025-09-11 13:00:00,38.3,48.4377939089478,42.403252825262,"Rosh_HaNikra"
2025-09-11 14:00:00,38.3,41.8023012054473,40.4820133607889,"Rosh_HaNikra"
2025-09-11 15:00:00,37.5,34.4573629365126,36.2732527737072,"Rosh_HaNikra"
2025-09-11 16:00:00,36.1,28.2166813390816,31.3709527183783,"Rosh_HaNikra"
2025-09-11 17:00:00,34.5,26.0599241622622,29.9778734058463,"Rosh_HaNikra"
2025-09-11 18:00:00,33.1,25.3643259951109,29.0989039646928,"Rosh_HaNikra"
2025-09-11 19:00:00,32,24.6218483406503,27.4098495728269,"Rosh_HaNikra"
2025-09-11 20:00:00,31,24.0185773158374,27.5219212263128,"Rosh_HaNikra"
2025-09-11 21:00:00,30,23.5110443571159,25.8828138209626,"Rosh_HaNikra"
2025-09-11 22:00:00,29.2,23.2749621962181,25.4275632179229,"Rosh_HaNikra"
2025-09-11 23:00:00,28.6,22.9307653513736,24.8191552921926,"Rosh_HaNikra"
2025-09-12,28,22.7923877202234,24.645000261345,"Rosh_HaNikra"
2025-09-12 01:00:00,27.4,22.3060073505516,24.4994558463211,"Rosh_HaNikra"
2025-09-12 02:00:00,27.1,22.0068950164651,24.1829088423249,"Rosh_HaNikra"
2025-09-12 03:00:00,26.7,21.8264778958767,23.9652896300788,"Rosh_HaNikra"
2025-09-12 04:00:00,26.4,21.9138345462667,24.5744170682158,"Rosh_HaNikra"
2025-09-12 05:00:00,26.3,30.4116380745855,26.5007999483268,"Rosh_HaNikra"
2025-09-12 06:00:00,26.8,37.7554361898811,30.3257927798947,"Rosh_HaNikra"
2025-09-12 07:00:00,28.6,49.8623546081015,34.6520129345691,"Rosh_HaNikra"
2025-09-12 08:00:00,30.6,58.6339602769569,38.5642704073427,"Rosh_HaNikra"
2025-09-12 09:00:00,32.9,62.4481077833817,42.5022559337649,"Rosh_HaNikra"
2025-09-12 10:00:00,35,62.8152965640581,45.2691726299608,"Rosh_HaNikra"
2025-09-12 11:00:00,36.7,60.1432643930982,45.7643989211927,"Rosh_HaNikra"
2025-09-12 12:00:00,37.8,56.4161907576846,45.5688536689498,"Rosh_HaNikra"
2025-09-12 13:00:00,38.3,51.1421982804049,43.3672534422681,"Rosh_HaNikra"
2025-09-12 14:00:00,38.1,44.3676036861575,42.203436810031,"Rosh_HaNikra"
2025-09-12 15:00:00,37.3,36.0456848535074,36.2122071302222,"Rosh_HaNikra"
2025-09-12 16:00:00,36,29.2002360821063,32.0461548531844,"Rosh_HaNikra"
2025-09-12 17:00:00,34.4,26.8023623961357,30.6128382590215,"Rosh_HaNikra"
2025-09-12 18:00:00,33.1,26.101772772185,29.180330240557,"Rosh_HaNikra"
2025-09-12 19:00:00,31.9,25.3967467342697,27.8128438237615,"Rosh_HaNikra"
2025-09-12 20:00:00,30.9,24.5558551618386,27.0095538088269,"Rosh_HaNikra"
2025-09-12 21:00:00,30,23.8606805045458,25.7432835636612,"Rosh_HaNikra"
2025-09-12 22:00:00,29.1,23.348836735095,25.2475365743884,"Rosh_HaNikra"
2025-09-12 23:00:00,28.5,23.0143360722928,24.9814813121094,"Rosh_HaNikra"
2025-09-13,27.8,22.8347614232836,24.6999204194024,"Rosh_HaNikra"
2025-09-13 01:00:00,27.2,22.4205805888318,24.6383775226596,"Rosh_HaNikra"
2025-09-13 02:00:00,26.6,22.0548755673971,24.2457255327446,"Rosh_HaNikra"
2025-09-13 03:00:00,26.2,21.7367638819346,23.8792913667489,"Rosh_HaNikra"
2025-09-13 04:00:00,25.8,21.6751263104205,24.1748548372828,"Rosh_HaNikra"
2025-09-13 05:00:00,25.7,30.8632909193274,26.6379510843509,"Rosh_HaNikra"
2025-09-13 06:00:00,26.5,37.9754914254658,30.6875841946756,"Rosh_HaNikra"
2025-09-13 07:00:00,28,50.8144439471076,35.673113254599,"Rosh_HaNikra"
2025-09-13 08:00:00,30.3,61.0259047738573,40.3315601687855,"Rosh_HaNikra"
2025-09-13 09:00:00,32.7,62.7087083039633,43.6292282612947,"Rosh_HaNikra"
2025-09-13 10:00:00,34.9,62.2476961420232,44.9063734082695,"Rosh_HaNikra"
2025-09-13 11:00:00,36.6,59.2635710220996,44.8585494769309,"Rosh_HaNikra"
2025-09-13 12:00:00,37.6,54.5000018435844,44.0317997963507,"Rosh_HaNikra"
2025-09-13 13:00:00,37.9,49.0318063532047,43.3639096745526,"Rosh_HaNikra"
2025-09-13 14:00:00,37.6,42.2838693981454,40.8210526687038,"Rosh_HaNikra"
2025-09-13 15:00:00,36.8,34.8208379012264,36.2097067751694,"Rosh_HaNikra"
2025-09-13 16:00:00,35.5,28.7145847380847,31.520145686471,"Rosh_HaNikra"
2025-09-13 17:00:00,34.1,26.4300861349374,29.5677383198382,"Rosh_HaNikra"
2025-09-13 18:00:00,32.9,25.7489132990127,28.0961749341436,"Rosh_HaNikra"
2025-09-13 19:00:00,31.7,25.2185781905496,27.0125651817064,"Rosh_HaNikra"
2025-09-13 20:00:00,30.6,24.7607545341849,26.4878140203419,"Rosh_HaNikra"
2025-09-13 21:00:00,29.8,24.3049541781281,25.8868673343482,"Rosh_HaNikra"
2025-09-13 22:00:00,29,23.6978890072006,25.3998784750395,"Rosh_HaNikra"
2025-09-13 23:00:00,28.4,23.3181745733315,25.2296922870878,"Rosh_HaNikra"
2025-09-21,26.5,20.8856920665832,22.5779983452467,"Rosh_HaNikra"
2025-09-21 01:00:00,25.8,20.1421636137185,21.9031973534614,"Rosh_HaNikra"
2025-09-21 02:00:00,25.1,19.6019506639449,21.3827944246434,"Rosh_HaNikra"
2025-09-21 03:00:00,24.5,19.2670682101896,21.1078575467066,"Rosh_HaNikra"
2025-09-21 04:00:00,24.1,19.150135504011,20.4958179089056,"Rosh_HaNikra"
2025-09-21 05:00:00,24.3,27.8137983772258,24.6757468030515,"Rosh_HaNikra"
2025-09-21 06:00:00,26.8,39.9317680633082,26.1702928738619,"Rosh_HaNikra"
2025-09-21 07:00:00,30.4,55.3999362249859,33.8411184970132,"Rosh_HaNikra"
2025-09-21 08:00:00,34.1,64.9669374734523,40.2312610120541,"Rosh_HaNikra"
2025-09-21 09:00:00,37.2,65.2360770523655,40.6873614413818,"Rosh_HaNikra"
