"model","rmse_base","rmse_corr","task","improvement_pct"
"RF",6.34436120319123,2.0898365894291,"Bush_S_T_2_W",67.0599368084859
"LSTM_2h",6.34436120319123,1.61927820970985,"Bush_S_T_2_W",74.4768912448531
