"model","rmse_base","rmse_corr","task","improvement_pct"
"RF",6.53607004230632,1.65694269505908,"Rock_S_T_2_W",74.6492512421973
"LSTM_2h",6.53607004230632,2.15616384987559,"Rock_S_T_2_W",67.011310528815
